2026-08-28T11:00:59.718614Z  INFO fs3_daemon::runner: done kind=summarize subject=docs/plans/058-workunit-editor/workshops/005-inputs-outputs-configuration-ux.md::Workshop: Inputs/Outputs Configuration UX::Open Questions::Q4: Should changing an input name warn about template references? ms=42 left=28618
2026-08-28T11:00:59.729309Z  INFO fs3_daemon::runner: done kind="embed" id=674180 left=28617
2026-08-28T11:00:59.831913Z  INFO fs3_daemon::runner: done kind=summarize subject=docs/plans/058-workunit-editor/workshops/005-inputs-outputs-configuration-ux.md::Workshop: Inputs/Outputs Configuration UX::Open Questions ms=28 left=28617
2026-08-28T11:00:59.834361Z  INFO fs3_daemon::runner: batch kind="embed" subject=1 x smart jobs=1 ms=1
2026-08-28T11:00:59.853659Z  INFO fs3_daemon::runner: done kind="embed" id=674181 left=28616
2026-08-28T11:00:59.868560Z  INFO fs3_daemon::boot: fs3 daemon starting config=/var/folders/mv/9mcvlzg504b158ctlswmgwph0000gn/T/fs3-boot-contract-84703-1 log=/Users/jordanknight/.local/state/flowspace3/logs/flowspace3.log daemon=defaults database=config.toml embedder=fake summarizer=fake repos=0
2026-08-28T11:00:59.958362Z  INFO fs3_daemon::runner: batch kind="embed" subject=1 x smart jobs=1 ms=0
2026-08-28T11:00:59.977409Z  INFO fs3_daemon::runner: done kind=summarize subject=docs/plans/058-workunit-editor/workshops/005-inputs-outputs-configuration-ux.md::Workshop: Inputs/Outputs Configuration UX::Test IDs ms=46 left=28616
2026-08-28T11:00:59.986535Z  INFO fs3_daemon::runner: done kind="embed" id=674182 left=28615
2026-08-28T11:01:00.090811Z  INFO fs3_daemon::runner: done kind=summarize subject=docs/plans/058-workunit-editor/workshops/005-inputs-outputs-configuration-ux.md::Workshop: Inputs/Outputs Configuration UX::Styling Reference ms=30 left=28615
2026-08-28T11:01:00.103407Z  INFO fs3_daemon::runner: batch kind="embed" subject=1 x smart jobs=1 ms=1
2026-08-28T11:01:00.126369Z  INFO fs3_daemon::runner: done kind="embed" id=674183 left=28614
2026-08-28T11:01:00.225108Z  INFO fs3_daemon::runner: batch kind="embed" subject=1 x smart jobs=1 ms=0
2026-08-28T11:01:00.234238Z  INFO fs3_daemon::runner: done kind=summarize subject=docs/plans/058-workunit-editor/workshops/005-inputs-outputs-configuration-ux.md::Workshop: Inputs/Outputs Configuration UX::Accessibility ms=35 left=28614
2026-08-28T11:01:00.247783Z  INFO fs3_daemon::runner: done kind="embed" id=674184 left=28613
2026-08-28T11:01:00.357337Z  INFO fs3_daemon::runner: done kind=summarize subject=docs/plans/058-workunit-editor/workshops/005-inputs-outputs-configuration-ux.md::Workshop: Inputs/Outputs Configuration UX::Edge Cases & Error Handling::Server Rejection (E182) ms=28 left=28613
2026-08-28T11:01:00.360405Z  INFO fs3_daemon::runner: batch kind="embed" subject=1 x smart jobs=1 ms=1
2026-08-28T11:01:00.379611Z  INFO fs3_daemon::runner: done kind="embed" id=674185 left=28612
2026-08-28T11:01:00.490764Z  INFO fs3_daemon::runner: batch kind="embed" subject=1 x smart jobs=1 ms=0
2026-08-28T11:01:00.509099Z  INFO fs3_daemon::runner: done kind=summarize subject=docs/plans/058-workunit-editor/workshops/005-inputs-outputs-configuration-ux.md::Workshop: Inputs/Outputs Configuration UX::Edge Cases & Error Handling::Rapid-Fire Saves (Debounce Concern) ms=45 left=28612
2026-08-28T11:01:00.518826Z  INFO fs3_daemon::runner: done kind="embed" id=674186 left=28611
2026-08-28T11:01:00.625945Z  INFO fs3_daemon::runner: batch kind="embed" subject=1 x smart jobs=1 ms=0
2026-08-28T11:01:00.643610Z  INFO fs3_daemon::runner: done kind=summarize subject=docs/plans/058-workunit-editor/workshops/005-inputs-outputs-configuration-ux.md::Workshop: Inputs/Outputs Configuration UX::Edge Cases & Error Handling::Duplicate Name ms=43 left=28611
2026-08-28T11:01:00.656642Z  INFO fs3_daemon::runner: done kind="embed" id=674187 left=28610
2026-08-28T11:01:00.774122Z  INFO fs3_daemon::runner: batch kind="embed" subject=1 x smart jobs=1 ms=0
2026-08-28T11:01:00.791220Z  INFO fs3_daemon::runner: done kind=summarize subject=docs/plans/058-workunit-editor/workshops/005-inputs-outputs-configuration-ux.md::Workshop: Inputs/Outputs Configuration UX::Edge Cases & Error Handling::Empty Name on New Entry ms=55 left=28610
2026-08-28T11:01:00.808795Z  INFO fs3_daemon::runner: done kind="embed" id=674188 left=28609
2026-08-28T11:01:00.911872Z  INFO fs3_daemon::runner: batch kind="embed" subject=1 x smart jobs=1 ms=0
2026-08-28T11:01:00.933034Z  INFO fs3_daemon::runner: done kind=summarize subject=docs/plans/058-workunit-editor/workshops/005-inputs-outputs-configuration-ux.md::Workshop: Inputs/Outputs Configuration UX::Edge Cases & Error Handling ms=51 left=28609
2026-08-28T11:01:00.945077Z  INFO fs3_daemon::runner: done kind="embed" id=674189 left=28608
2026-08-28T11:01:01.040334Z  INFO fs3_daemon::runner: done kind=summarize subject=docs/plans/058-workunit-editor/workshops/005-inputs-outputs-configuration-ux.md::Workshop: Inputs/Outputs Configuration UX::Interaction Sequence: Complete Add-Edit-Reorder-Delete Cycle::Scenario: Agent unit "sample-coder" with one input (source_code) and one output (review_result) ms=17 left=28608
2026-08-28T11:01:01.041785Z  INFO fs3_daemon::runner: batch kind="embed" subject=1 x smart jobs=1 ms=0
2026-08-28T11:01:01.057592Z  INFO fs3_daemon::runner: done kind="embed" id=674190 left=28607
2026-08-28T11:01:01.149276Z  INFO fs3_daemon::runner: done kind=summarize subject=docs/plans/058-workunit-editor/workshops/005-inputs-outputs-configuration-ux.md::Workshop: Inputs/Outputs Configuration UX::Interaction Sequence: Complete Add-Edit-Reorder-Delete Cycle ms=19 left=28607
2026-08-28T11:01:01.152821Z  INFO fs3_daemon::runner: batch kind="embed" subject=1 x smart jobs=1 ms=0
2026-08-28T11:01:01.167788Z  INFO fs3_daemon::runner: done kind="embed" id=674191 left=28606
2026-08-28T11:01:01.256261Z  INFO fs3_daemon::runner: done kind=summarize subject=docs/plans/058-workunit-editor/workshops/005-inputs-outputs-configuration-ux.md::Workshop: Inputs/Outputs Configuration UX::Validation: Zod Schema as Source of Truth::Cross-Entry Validation (UI-only) ms=18 left=28606
2026-08-28T11:01:01.260121Z  INFO fs3_daemon::runner: batch kind="embed" subject=1 x smart jobs=1 ms=1
2026-08-28T11:01:01.270388Z  INFO fs3_daemon::runner: done kind="embed" id=674192 left=28605
2026-08-28T11:01:01.356532Z  INFO fs3_daemon::runner: done kind=summarize subject=docs/plans/058-workunit-editor/workshops/005-inputs-outputs-configuration-ux.md::Workshop: Inputs/Outputs Configuration UX::Validation: Zod Schema as Source of Truth::Client-Side Validation Approach ms=17 left=28605
2026-08-28T11:01:01.360239Z  INFO fs3_daemon::runner: batch kind="embed" subject=1 x smart jobs=1 ms=1
2026-08-28T11:01:01.372645Z  INFO fs3_daemon::runner: done kind="embed" id=674193 left=28604
2026-08-28T11:01:01.450014Z  INFO fs3_daemon::runner: done kind=summarize subject=docs/plans/058-workunit-editor/workshops/005-inputs-outputs-configuration-ux.md::Workshop: Inputs/Outputs Configuration UX::Validation: Zod Schema as Source of Truth ms=14 left=28604
2026-08-28T11:01:01.453556Z  INFO fs3_daemon::runner: batch kind="embed" subject=1 x smart jobs=1 ms=0
2026-08-28T11:01:01.468328Z  INFO fs3_daemon::runner: done kind="embed" id=674194 left=28603
2026-08-28T11:01:01.550650Z  INFO fs3_daemon::runner: done kind=summarize subject=docs/plans/058-workunit-editor/workshops/005-inputs-outputs-configuration-ux.md::Workshop: Inputs/Outputs Configuration UX::Component Architecture::Shared Card Component ms=12 left=28603
2026-08-28T11:01:01.558751Z  INFO fs3_daemon::runner: batch kind="embed" subject=1 x smart jobs=1 ms=0
2026-08-28T11:01:01.574416Z  INFO fs3_daemon::runner: done kind="embed" id=674195 left=28602
2026-08-28T11:01:01.655170Z  INFO fs3_daemon::runner: done kind=summarize subject=docs/plans/058-workunit-editor/workshops/005-inputs-outputs-configuration-ux.md::Workshop: Inputs/Outputs Configuration UX::Component Architecture::Key Components ms=11 left=28602
2026-08-28T11:01:01.661779Z  INFO fs3_daemon::runner: batch kind="embed" subject=1 x smart jobs=1 ms=0
2026-08-28T11:01:01.677096Z  INFO fs3_daemon::runner: done kind="embed" id=674196 left=28601
2026-08-28T11:01:01.757922Z  INFO fs3_daemon::runner: done kind=summarize subject=docs/plans/058-workunit-editor/workshops/005-inputs-outputs-configuration-ux.md::Workshop: Inputs/Outputs Configuration UX::Component Architecture::Component Tree ms=12 left=28601
2026-08-28T11:01:01.765123Z  INFO fs3_daemon::runner: batch kind="embed" subject=1 x smart jobs=1 ms=0
2026-08-28T11:01:01.778063Z  INFO fs3_daemon::runner: done kind="embed" id=674197 left=28600
2026-08-28T11:01:01.856668Z  INFO fs3_daemon::runner: done kind=summarize subject=docs/plans/058-workunit-editor/workshops/005-inputs-outputs-configuration-ux.md::Workshop: Inputs/Outputs Configuration UX::Component Architecture ms=11 left=28600
2026-08-28T11:01:01.864117Z  INFO fs3_daemon::runner: batch kind="embed" subject=1 x smart jobs=1 ms=0
2026-08-28T11:01:01.878350Z  INFO fs3_daemon::runner: done kind="embed" id=674198 left=28599
2026-08-28T11:01:01.959984Z  INFO fs3_daemon::runner: done kind=summarize subject=docs/plans/058-workunit-editor/workshops/005-inputs-outputs-configuration-ux.md::Workshop: Inputs/Outputs Configuration UX::Decision 9: Auto-Save Integration::State Shape ms=12 left=28599
2026-08-28T11:01:01.969433Z  INFO fs3_daemon::runner: batch kind="embed" subject=1 x smart jobs=1 ms=0
2026-08-28T11:01:01.980370Z  INFO fs3_daemon::runner: done kind="embed" id=674199 left=28598
2026-08-28T11:01:02.062236Z  INFO fs3_daemon::runner: done kind=summarize subject=docs/plans/058-workunit-editor/workshops/005-inputs-outputs-configuration-ux.md::Workshop: Inputs/Outputs Configuration UX::Decision 9: Auto-Save Integration::Optimistic Updates ms=13 left=28598
2026-08-28T11:01:02.066822Z  INFO fs3_daemon::runner: batch kind="embed" subject=1 x smart jobs=1 ms=0
2026-08-28T11:01:02.078915Z  INFO fs3_daemon::runner: done kind="embed" id=674200 left=28597
2026-08-28T11:01:02.160082Z  INFO fs3_daemon::runner: done kind=summarize subject=docs/plans/058-workunit-editor/workshops/005-inputs-outputs-configuration-ux.md::Workshop: Inputs/Outputs Configuration UX::Decision 9: Auto-Save Integration::Why Full Array Replacement ms=11 left=28597
2026-08-28T11:01:02.169278Z  INFO fs3_daemon::runner: batch kind="embed" subject=1 x smart jobs=1 ms=3
2026-08-28T11:01:02.180610Z  INFO fs3_daemon::runner: done kind="embed" id=674201 left=28596
2026-08-28T11:01:02.258671Z  INFO fs3_daemon::runner: done kind=summarize subject=docs/plans/058-workunit-editor/workshops/005-inputs-outputs-configuration-ux.md::Workshop: Inputs/Outputs Configuration UX::Decision 9: Auto-Save Integration::Save Triggers for Input/Output Changes ms=14 left=28596
2026-08-28T11:01:02.261472Z  INFO fs3_daemon::runner: batch kind="embed" subject=1 x smart jobs=1 ms=0
2026-08-28T11:01:02.272931Z  INFO fs3_daemon::runner: done kind="embed" id=674202 left=28595
2026-08-28T11:01:02.356151Z  INFO fs3_daemon::runner: done kind=summarize subject=docs/plans/058-workunit-editor/workshops/005-inputs-outputs-configuration-ux.md::Workshop: Inputs/Outputs Configuration UX::Decision 9: Auto-Save Integration ms=19 left=28595
2026-08-28T11:01:02.356408Z  INFO fs3_daemon::runner: batch kind="embed" subject=1 x smart jobs=1 ms=1
2026-08-28T11:01:02.368112Z  INFO fs3_daemon::runner: done kind="embed" id=674203 left=28594
2026-08-28T11:01:02.450700Z  INFO fs3_daemon::runner: done kind=summarize subject=docs/plans/058-workunit-editor/workshops/005-inputs-outputs-configuration-ux.md::Workshop: Inputs/Outputs Configuration UX::Decision 8: Reserved Parameter Display::Which Reserved Params Show Per Unit Type ms=14 left=28594
2026-08-28T11:01:02.456715Z  INFO fs3_daemon::runner: batch kind="embed" subject=1 x smart jobs=1 ms=0
2026-08-28T11:01:02.468358Z  INFO fs3_daemon::runner: done kind="embed" id=674204 left=28593
2026-08-28T11:01:02.548732Z  INFO fs3_daemon::runner: done kind=summarize subject=docs/plans/058-workunit-editor/workshops/005-inputs-outputs-configuration-ux.md::Workshop: Inputs/Outputs Configuration UX::Decision 8: Reserved Parameter Display::Reserved Param Rules ms=12 left=28593
2026-08-28T11:01:02.556433Z  INFO fs3_daemon::runner: batch kind="embed" subject=1 x smart jobs=1 ms=1
2026-08-28T11:01:02.568344Z  INFO fs3_daemon::runner: done kind="embed" id=674205 left=28592
2026-08-28T11:01:02.652332Z  INFO fs3_daemon::runner: done kind=summarize subject=docs/plans/058-workunit-editor/workshops/005-inputs-outputs-configuration-ux.md::Workshop: Inputs/Outputs Configuration UX::Decision 8: Reserved Parameter Display::How Reserved Params Appear ms=16 left=28592
2026-08-28T11:01:02.653645Z  INFO fs3_daemon::runner: batch kind="embed" subject=1 x smart jobs=1 ms=0
2026-08-28T11:01:02.661704Z  INFO fs3_daemon::runner: done kind="embed" id=674206 left=28591
2026-08-28T11:01:02.747285Z  INFO fs3_daemon::runner: done kind=summarize subject=docs/plans/058-workunit-editor/workshops/005-inputs-outputs-configuration-ux.md::Workshop: Inputs/Outputs Configuration UX::Decision 8: Reserved Parameter Display ms=19 left=28591
2026-08-28T11:01:02.791199Z  INFO fs3_daemon::runner: progress phase="working" scanned=62567 scan_left=33 summarized=129594 summarize_left=28557 embedded=209329 embed_left=1 failed=0
2026-08-28T11:01:02.816776Z  INFO fs3_daemon::runner: batch kind="embed" subject=2 x smart jobs=2 ms=0
2026-08-28T11:01:02.825943Z  INFO fs3_daemon::runner: done kind="embed" id=674208 left=28590
2026-08-28T11:01:02.901944Z  INFO fs3_daemon::runner: done kind="embed" id=674207 left=28589
2026-08-28T11:01:02.977895Z  INFO fs3_daemon::runner: done kind=summarize subject=docs/plans/058-workunit-editor/workshops/005-inputs-outputs-configuration-ux.md::Workshop: Inputs/Outputs Configuration UX::Decision 7: Type-Specific Conditional Fields::Options Sub-Form Design (Main Panel) ms=13 left=28589
2026-08-28T11:01:03.004805Z  INFO fs3_daemon::runner: done kind=summarize subject=docs/plans/058-workunit-editor/workshops/005-inputs-outputs-configuration-ux.md::Workshop: Inputs/Outputs Configuration UX::Decision 7: Type-Specific Conditional Fields::User-Input Unit: Options Sub-Form ms=18 left=28589
2026-08-28T11:01:03.013742Z  INFO fs3_daemon::runner: batch kind="embed" subject=1 x smart jobs=1 ms=1
2026-08-28T11:01:03.032113Z  INFO fs3_daemon::runner: done kind="embed" id=674209 left=28588
2026-08-28T11:01:03.135725Z  INFO fs3_daemon::runner: done kind=summarize subject=docs/plans/058-workunit-editor/workshops/005-inputs-outputs-configuration-ux.md::Workshop: Inputs/Outputs Configuration UX::Decision 7: Type-Specific Conditional Fields::State Transition on Type Change ms=17 left=28588
2026-08-28T11:01:03.141751Z  INFO fs3_daemon::runner: batch kind="embed" subject=1 x smart jobs=1 ms=0
2026-08-28T11:01:03.153405Z  INFO fs3_daemon::runner: done kind="embed" id=674210 left=28587
2026-08-28T11:01:03.236759Z  INFO fs3_daemon::runner: done kind=summarize subject=docs/plans/058-workunit-editor/workshops/005-inputs-outputs-configuration-ux.md::Workshop: Inputs/Outputs Configuration UX::Decision 7: Type-Specific Conditional Fields::Type ↔ Data Type Relationship ms=16 left=28587
2026-08-28T11:01:03.241309Z  INFO fs3_daemon::runner: batch kind="embed" subject=1 x smart jobs=1 ms=0
2026-08-28T11:01:03.253266Z  INFO fs3_daemon::runner: done kind="embed" id=674211 left=28586
2026-08-28T11:01:03.332951Z  INFO fs3_daemon::runner: done kind=summarize subject=docs/plans/058-workunit-editor/workshops/005-inputs-outputs-configuration-ux.md::Workshop: Inputs/Outputs Configuration UX::Decision 7: Type-Specific Conditional Fields ms=12 left=28586
2026-08-28T11:01:03.339753Z  INFO fs3_daemon::runner: batch kind="embed" subject=1 x smart jobs=1 ms=0
2026-08-28T11:01:03.352569Z  INFO fs3_daemon::runner: done kind="embed" id=674212 left=28585
2026-08-28T11:01:03.439694Z  INFO fs3_daemon::runner: done kind=summarize subject=docs/plans/058-workunit-editor/workshops/005-inputs-outputs-configuration-ux.md::Workshop: Inputs/Outputs Configuration UX::Decision 6: Validation UX — Inline Errors, Schema-Driven::Save-Blocking Behavior ms=19 left=28585
2026-08-28T11:01:03.443393Z  INFO fs3_daemon::runner: batch kind="embed" subject=1 x smart jobs=1 ms=1
2026-08-28T11:01:03.455064Z  INFO fs3_daemon::runner: done kind="embed" id=674213 left=28584
2026-08-28T11:01:03.536889Z  INFO fs3_daemon::runner: done kind=summarize subject=docs/plans/058-workunit-editor/workshops/005-inputs-outputs-configuration-ux.md::Workshop: Inputs/Outputs Configuration UX::Decision 6: Validation UX — Inline Errors, Schema-Driven::Collapsed Card Error Indicator ms=11 left=28584
2026-08-28T11:01:03.546394Z  INFO fs3_daemon::runner: batch kind="embed" subject=1 x smart jobs=1 ms=1
2026-08-28T11:01:03.562404Z  INFO fs3_daemon::runner: done kind="embed" id=674214 left=28583
2026-08-28T11:01:03.638550Z  INFO fs3_daemon::runner: done kind=summarize subject=docs/plans/058-workunit-editor/workshops/005-inputs-outputs-configuration-ux.md::Workshop: Inputs/Outputs Configuration UX::Decision 6: Validation UX — Inline Errors, Schema-Driven::Error Display ms=12 left=28583
2026-08-28T11:01:03.644366Z  INFO fs3_daemon::runner: batch kind="embed" subject=1 x smart jobs=1 ms=0
2026-08-28T11:01:03.658223Z  INFO fs3_daemon::runner: done kind="embed" id=674215 left=28582
2026-08-28T11:01:03.824124Z  INFO fs3_daemon::runner: done kind=summarize subject=docs/plans/058-workunit-editor/workshops/005-inputs-outputs-configuration-ux.md::Workshop: Inputs/Outputs Configuration UX::Decision 6: Validation UX — Inline Errors, Schema-Driven::Field Validation Rules ms=14 left=28582
2026-08-28T11:01:03.828296Z  INFO fs3_daemon::runner: batch kind="embed" subject=1 x smart jobs=1 ms=0
2026-08-28T11:01:03.840821Z  INFO fs3_daemon::runner: done kind="embed" id=674216 left=28581
2026-08-28T11:01:03.942266Z  INFO fs3_daemon::runner: done kind=summarize subject=docs/plans/058-workunit-editor/workshops/005-inputs-outputs-configuration-ux.md::Workshop: Inputs/Outputs Configuration UX::Decision 6: Validation UX — Inline Errors, Schema-Driven ms=30 left=28581
2026-08-28T11:01:03.946977Z  INFO fs3_daemon::runner: batch kind="embed" subject=1 x smart jobs=1 ms=0
2026-08-28T11:01:03.970078Z  INFO fs3_daemon::runner: done kind="embed" id=674217 left=28580
2026-08-28T11:01:04.083681Z  INFO fs3_daemon::runner: done kind=summarize subject=docs/plans/058-workunit-editor/workshops/005-inputs-outputs-configuration-ux.md::Workshop: Inputs/Outputs Configuration UX::Decision 5: Delete — Hover-Reveal with Confirmation::Delete Flow ms=34 left=28580
2026-08-28T11:01:04.084894Z  INFO fs3_daemon::runner: batch kind="embed" subject=1 x smart jobs=1 ms=0
2026-08-28T11:01:04.108452Z  INFO fs3_daemon::runner: done kind="embed" id=674218 left=28579
2026-08-28T11:01:04.216236Z  INFO fs3_daemon::runner: batch kind="embed" subject=1 x smart jobs=1 ms=0
2026-08-28T11:01:04.220434Z  INFO fs3_daemon::runner: done kind=summarize subject=docs/plans/058-workunit-editor/workshops/005-inputs-outputs-configuration-ux.md::Workshop: Inputs/Outputs Configuration UX::Decision 5: Delete — Hover-Reveal with Confirmation::Delete Safeguards ms=37 left=28579
2026-08-28T11:01:04.242103Z  INFO fs3_daemon::runner: done kind="embed" id=674219 left=28578
2026-08-28T11:01:04.355474Z  INFO fs3_daemon::runner: batch kind="embed" subject=1 x smart jobs=1 ms=1
2026-08-28T11:01:04.358405Z  INFO fs3_daemon::runner: done kind=summarize subject=docs/plans/058-workunit-editor/workshops/005-inputs-outputs-configuration-ux.md::Workshop: Inputs/Outputs Configuration UX::Decision 5: Delete — Hover-Reveal with Confirmation::Delete UX ms=33 left=28578
2026-08-28T11:01:04.387190Z  INFO fs3_daemon::runner: done kind="embed" id=674220 left=28577
2026-08-28T11:01:04.500970Z  INFO fs3_daemon::runner: done kind=summarize subject=docs/plans/058-workunit-editor/workshops/005-inputs-outputs-configuration-ux.md::Workshop: Inputs/Outputs Configuration UX::Decision 5: Delete — Hover-Reveal with Confirmation ms=30 left=28577
2026-08-28T11:01:04.504012Z  INFO fs3_daemon::runner: batch kind="embed" subject=1 x smart jobs=1 ms=0
2026-08-28T11:01:04.526978Z  INFO fs3_daemon::runner: done kind="embed" id=674221 left=28576
2026-08-28T11:01:04.637872Z  INFO fs3_daemon::runner: done kind=summarize subject=docs/plans/058-workunit-editor/workshops/005-inputs-outputs-configuration-ux.md::Workshop: Inputs/Outputs Configuration UX::Decision 4: Reorder — Drag Handle with dnd-kit::Reorder UX ms=34 left=28576
2026-08-28T11:01:04.640221Z  INFO fs3_daemon::runner: batch kind="embed" subject=1 x smart jobs=1 ms=0
2026-08-28T11:01:04.668686Z  INFO fs3_daemon::runner: done kind="embed" id=674222 left=28575
2026-08-28T11:01:04.772541Z  INFO fs3_daemon::runner: done kind=summarize subject=docs/plans/058-workunit-editor/workshops/005-inputs-outputs-configuration-ux.md::Workshop: Inputs/Outputs Configuration UX::Decision 4: Reorder — Drag Handle with dnd-kit::Implementation ms=27 left=28575
2026-08-28T11:01:04.777239Z  INFO fs3_daemon::runner: batch kind="embed" subject=1 x smart jobs=1 ms=0
2026-08-28T11:01:04.804202Z  INFO fs3_daemon::runner: done kind="embed" id=674223 left=28574
2026-08-28T11:01:05.032642Z  INFO fs3_daemon::runner: batch kind="embed" subject=1 x smart jobs=1 ms=0
2026-08-28T11:01:05.063268Z  INFO fs3_daemon::runner: done kind=summarize subject=docs/plans/058-workunit-editor/workshops/005-inputs-outputs-configuration-ux.md::Workshop: Inputs/Outputs Configuration UX::Decision 4: Reorder — Drag Handle with dnd-kit ms=122 left=28574
2026-08-28T11:01:05.088292Z  INFO fs3_daemon::runner: done kind="embed" id=674224 left=28573
2026-08-28T11:01:05.200761Z  INFO fs3_daemon::runner: batch kind="embed" subject=1 x smart jobs=1 ms=0
2026-08-28T11:01:05.204592Z  INFO fs3_daemon::runner: done kind=summarize subject=docs/plans/058-workunit-editor/workshops/005-inputs-outputs-configuration-ux.md::Workshop: Inputs/Outputs Configuration UX::Decision 3: Edit Flow — Expand-in-Place::Field Editing Behavior ms=34 left=28573
2026-08-28T11:01:05.225712Z  INFO fs3_daemon::runner: done kind="embed" id=674225 left=28572
2026-08-28T11:01:05.335623Z  INFO fs3_daemon::runner: done kind=summarize subject=docs/plans/058-workunit-editor/workshops/005-inputs-outputs-configuration-ux.md::Workshop: Inputs/Outputs Configuration UX::Decision 3: Edit Flow — Expand-in-Place::Interaction Model ms=29 left=28572
2026-08-28T11:01:05.339569Z  INFO fs3_daemon::runner: batch kind="embed" subject=1 x smart jobs=1 ms=0
2026-08-28T11:01:05.360244Z  INFO fs3_daemon::runner: done kind="embed" id=674226 left=28571
2026-08-28T11:01:05.437451Z  INFO fs3_daemon::runner: done kind=summarize subject=docs/plans/058-workunit-editor/workshops/005-inputs-outputs-configuration-ux.md::Workshop: Inputs/Outputs Configuration UX::Decision 3: Edit Flow — Expand-in-Place ms=10 left=28571
2026-08-28T11:01:05.438315Z  INFO fs3_daemon::runner: batch kind="embed" subject=1 x smart jobs=1 ms=0
2026-08-28T11:01:05.448596Z  INFO fs3_daemon::runner: done kind="embed" id=674227 left=28570
2026-08-28T11:01:05.539264Z  INFO fs3_daemon::runner: done kind=summarize subject=docs/plans/058-workunit-editor/workshops/005-inputs-outputs-configuration-ux.md::Workshop: Inputs/Outputs Configuration UX::Decision 2: Add Flow — Inline Append with Auto-Expand::Add Flow Details ms=13 left=28570
2026-08-28T11:01:05.544634Z  INFO fs3_daemon::runner: batch kind="embed" subject=1 x smart jobs=1 ms=0
2026-08-28T11:01:05.556629Z  INFO fs3_daemon::runner: done kind="embed" id=674228 left=28569
2026-08-28T11:01:05.637791Z  INFO fs3_daemon::runner: done kind=summarize subject=docs/plans/058-workunit-editor/workshops/005-inputs-outputs-configuration-ux.md::Workshop: Inputs/Outputs Configuration UX::Decision 2: Add Flow — Inline Append with Auto-Expand::RESOLVED: Option A — Inline append with auto-expand ms=14 left=28569
2026-08-28T11:01:05.642425Z  INFO fs3_daemon::runner: batch kind="embed" subject=1 x smart jobs=1 ms=0
2026-08-28T11:01:05.654621Z  INFO fs3_daemon::runner: done kind="embed" id=674229 left=28568
2026-08-28T11:01:05.740037Z  INFO fs3_daemon::runner: done kind=summarize subject=docs/plans/058-workunit-editor/workshops/005-inputs-outputs-configuration-ux.md::Workshop: Inputs/Outputs Configuration UX::Decision 2: Add Flow — Inline Append with Auto-Expand ms=16 left=28568
2026-08-28T11:01:05.744496Z  INFO fs3_daemon::runner: batch kind="embed" subject=1 x smart jobs=1 ms=0
2026-08-28T11:01:05.755563Z  INFO fs3_daemon::runner: done kind="embed" id=674230 left=28567
2026-08-28T11:01:05.840413Z  INFO fs3_daemon::runner: done kind=summarize subject=docs/plans/058-workunit-editor/workshops/005-inputs-outputs-configuration-ux.md::Workshop: Inputs/Outputs Configuration UX::Decision 1: Form Layout — Expandable Card List::Card States ms=16 left=28567
2026-08-28T11:01:05.845686Z  INFO fs3_daemon::runner: batch kind="embed" subject=1 x smart jobs=1 ms=0
2026-08-28T11:01:05.856846Z  INFO fs3_daemon::runner: done kind="embed" id=674231 left=28566
2026-08-28T11:01:05.934651Z  INFO fs3_daemon::runner: done kind=summarize subject=docs/plans/058-workunit-editor/workshops/005-inputs-outputs-configuration-ux.md::Workshop: Inputs/Outputs Configuration UX::Decision 1: Form Layout — Expandable Card List::Expanded Card Layout ms=12 left=28566
2026-08-28T11:01:05.939474Z  INFO fs3_daemon::runner: batch kind="embed" subject=1 x smart jobs=1 ms=1
2026-08-28T11:01:05.953523Z  INFO fs3_daemon::runner: done kind="embed" id=674232 left=28565
2026-08-28T11:01:06.035297Z  INFO fs3_daemon::runner: done kind=summarize subject=docs/plans/058-workunit-editor/workshops/005-inputs-outputs-configuration-ux.md::Workshop: Inputs/Outputs Configuration UX::Decision 1: Form Layout — Expandable Card List::Collapsed Card Layout ms=15 left=28565
2026-08-28T11:01:06.038611Z  INFO fs3_daemon::runner: batch kind="embed" subject=1 x smart jobs=1 ms=1
2026-08-28T11:01:06.051763Z  INFO fs3_daemon::runner: done kind="embed" id=674233 left=28564
2026-08-28T11:01:06.132272Z  INFO fs3_daemon::runner: done kind=summarize subject=docs/plans/058-workunit-editor/workshops/005-inputs-outputs-configuration-ux.md::Workshop: Inputs/Outputs Configuration UX::Decision 1: Form Layout — Expandable Card List::RESOLVED: Option B — Expandable Card List ms=14 left=28564
2026-08-28T11:01:06.135332Z  INFO fs3_daemon::runner: batch kind="embed" subject=1 x smart jobs=1 ms=0
2026-08-28T11:01:06.147486Z  INFO fs3_daemon::runner: done kind="embed" id=674234 left=28563
2026-08-28T11:01:06.229670Z  INFO fs3_daemon::runner: done kind=summarize subject=docs/plans/058-workunit-editor/workshops/005-inputs-outputs-configuration-ux.md::Workshop: Inputs/Outputs Configuration UX::Decision 1: Form Layout — Expandable Card List ms=15 left=28563
2026-08-28T11:01:06.234945Z  INFO fs3_daemon::runner: batch kind="embed" subject=1 x smart jobs=1 ms=0
2026-08-28T11:01:06.246159Z  INFO fs3_daemon::runner: done kind="embed" id=674235 left=28562
2026-08-28T11:01:06.325057Z  INFO fs3_daemon::runner: done kind=summarize subject=docs/plans/058-workunit-editor/workshops/005-inputs-outputs-configuration-ux.md::Workshop: Inputs/Outputs Configuration UX::Key Questions Addressed ms=12 left=28562
2026-08-28T11:01:06.328697Z  INFO fs3_daemon::runner: batch kind="embed" subject=1 x smart jobs=1 ms=0
2026-08-28T11:01:06.340252Z  INFO fs3_daemon::runner: done kind="embed" id=674236 left=28561
2026-08-28T11:01:06.425432Z  INFO fs3_daemon::runner: done kind=summarize subject=docs/plans/058-workunit-editor/workshops/005-inputs-outputs-configuration-ux.md::Workshop: Inputs/Outputs Configuration UX ms=14 left=28561
2026-08-28T11:01:06.429187Z  INFO fs3_daemon::runner: batch kind="embed" subject=1 x smart jobs=1 ms=1
2026-08-28T11:01:06.439653Z  INFO fs3_daemon::runner: done kind="embed" id=674237 left=28560
2026-08-28T11:01:06.525062Z  INFO fs3_daemon::runner: done kind=summarize subject=docs/plans/058-workunit-editor/workshops/004-iworkunitservice-write-extension-design.md::Workshop: IWorkUnitService Write Extension Design::Quick Reference::Server Action Cheat Sheet ms=11 left=28560
2026-08-28T11:01:06.533044Z  INFO fs3_daemon::runner: batch kind="embed" subject=1 x smart jobs=1 ms=0
2026-08-28T11:01:06.547984Z  INFO fs3_daemon::runner: done kind="embed" id=674238 left=28559
2026-08-28T11:01:06.623010Z  INFO fs3_daemon::runner: done kind=summarize subject=docs/plans/058-workunit-editor/workshops/004-iworkunitservice-write-extension-design.md::Workshop: IWorkUnitService Write Extension Design::Quick Reference::Error Code Cheat Sheet ms=12 left=28559
2026-08-28T11:01:06.627433Z  INFO fs3_daemon::runner: batch kind="embed" subject=1 x smart jobs=1 ms=0
2026-08-28T11:01:06.641754Z  INFO fs3_daemon::runner: done kind="embed" id=674239 left=28558
2026-08-28T11:01:06.717634Z  INFO fs3_daemon::runner: done kind=summarize subject=docs/plans/058-workunit-editor/workshops/004-iworkunitservice-write-extension-design.md::Workshop: IWorkUnitService Write Extension Design::Quick Reference ms=12 left=28558
2026-08-28T11:01:06.724718Z  INFO fs3_daemon::runner: batch kind="embed" subject=1 x smart jobs=1 ms=0
2026-08-28T11:01:06.738263Z  INFO fs3_daemon::runner: done kind="embed" id=674240 left=28557
2026-08-28T11:01:06.822107Z  INFO fs3_daemon::runner: done kind=summarize subject=docs/plans/058-workunit-editor/workshops/004-iworkunitservice-write-extension-design.md::Workshop: IWorkUnitService Write Extension Design::Open Questions ms=14 left=28557
2026-08-28T11:01:06.826093Z  INFO fs3_daemon::runner: batch kind="embed" subject=1 x smart jobs=1 ms=0
2026-08-28T11:01:06.836866Z  INFO fs3_daemon::runner: done kind="embed" id=674241 left=28556
2026-08-28T11:01:06.919592Z  INFO fs3_daemon::runner: done kind=summarize subject=docs/plans/058-workunit-editor/workshops/004-iworkunitservice-write-extension-design.md::Workshop: IWorkUnitService Write Extension Design::Implementation Sequence::Recommended Phase Order ms=17 left=28556
2026-08-28T11:01:06.923236Z  INFO fs3_daemon::runner: batch kind="embed" subject=1 x smart jobs=1 ms=1
2026-08-28T11:01:06.935801Z  INFO fs3_daemon::runner: done kind="embed" id=674242 left=28555
2026-08-28T11:01:07.018586Z  INFO fs3_daemon::runner: done kind=summarize subject=docs/plans/058-workunit-editor/workshops/004-iworkunitservice-write-extension-design.md::Workshop: IWorkUnitService Write Extension Design::Implementation Sequence ms=15 left=28555
2026-08-28T11:01:07.024572Z  INFO fs3_daemon::runner: batch kind="embed" subject=1 x smart jobs=1 ms=0
2026-08-28T11:01:07.037867Z  INFO fs3_daemon::runner: done kind="embed" id=674243 left=28554
2026-08-28T11:01:07.124070Z  INFO fs3_daemon::runner: done kind=summarize subject=docs/plans/058-workunit-editor/workshops/004-iworkunitservice-write-extension-design.md::Workshop: IWorkUnitService Write Extension Design::Impact on Existing Consumers::Files That Do NOT Change ms=14 left=28554
2026-08-28T11:01:07.126980Z  INFO fs3_daemon::runner: batch kind="embed" subject=1 x smart jobs=1 ms=0
2026-08-28T11:01:07.139963Z  INFO fs3_daemon::runner: done kind="embed" id=674244 left=28553
2026-08-28T11:01:07.221461Z  INFO fs3_daemon::runner: done kind=summarize subject=docs/plans/058-workunit-editor/workshops/004-iworkunitservice-write-extension-design.md::Workshop: IWorkUnitService Write Extension Design::Impact on Existing Consumers::Files That Must Change ms=14 left=28553
2026-08-28T11:01:07.225045Z  INFO fs3_daemon::runner: batch kind="embed" subject=1 x smart jobs=1 ms=0
2026-08-28T11:01:07.236466Z  INFO fs3_daemon::runner: done kind="embed" id=674245 left=28552
2026-08-28T11:01:07.312042Z  INFO fs3_daemon::runner: done kind=summarize subject=docs/plans/058-workunit-editor/workshops/004-iworkunitservice-write-extension-design.md::Workshop: IWorkUnitService Write Extension Design::Impact on Existing Consumers ms=11 left=28552
2026-08-28T11:01:07.317012Z  INFO fs3_daemon::runner: batch kind="embed" subject=1 x smart jobs=1 ms=0
2026-08-28T11:01:07.329243Z  INFO fs3_daemon::runner: done kind="embed" id=674246 left=28551
2026-08-28T11:01:07.413625Z  INFO fs3_daemon::runner: batch kind="embed" subject=1 x smart jobs=1 ms=0
2026-08-28T11:01:07.415019Z  INFO fs3_daemon::runner: done kind=summarize subject=docs/plans/058-workunit-editor/workshops/004-iworkunitservice-write-extension-design.md::Workshop: IWorkUnitService Write Extension Design::Server Action Design::RESOLVED: New `workunit-actions.ts` file ms=19 left=28551
2026-08-28T11:01:07.426876Z  INFO fs3_daemon::runner: done kind="embed" id=674247 left=28550
2026-08-28T11:01:07.512857Z  INFO fs3_daemon::runner: done kind=summarize subject=docs/plans/058-workunit-editor/workshops/004-iworkunitservice-write-extension-design.md::Workshop: IWorkUnitService Write Extension Design::Server Action Design ms=17 left=28550
2026-08-28T11:01:07.515512Z  INFO fs3_daemon::runner: batch kind="embed" subject=1 x smart jobs=1 ms=0
2026-08-28T11:01:07.527576Z  INFO fs3_daemon::runner: done kind="embed" id=674248 left=28549
2026-08-28T11:01:07.620967Z  INFO fs3_daemon::runner: done kind=summarize subject=docs/plans/058-workunit-editor/workshops/004-iworkunitservice-write-extension-design.md::Workshop: IWorkUnitService Write Extension Design::Contract Test Extensions::New Contract Cases ms=18 left=28549
2026-08-28T11:01:07.625009Z  INFO fs3_daemon::runner: batch kind="embed" subject=1 x smart jobs=1 ms=0
2026-08-28T11:01:07.637272Z  INFO fs3_daemon::runner: done kind="embed" id=674249 left=28548
2026-08-28T11:01:07.717262Z  INFO fs3_daemon::runner: done kind=summarize subject=docs/plans/058-workunit-editor/workshops/004-iworkunitservice-write-extension-design.md::Workshop: IWorkUnitService Write Extension Design::Contract Test Extensions ms=17 left=28548
2026-08-28T11:01:07.719570Z  INFO fs3_daemon::runner: batch kind="embed" subject=1 x smart jobs=1 ms=0
2026-08-28T11:01:07.730013Z  INFO fs3_daemon::runner: done kind="embed" id=674250 left=28547
2026-08-28T11:01:07.812426Z  INFO fs3_daemon::runner: done kind=summarize subject=docs/plans/058-workunit-editor/workshops/004-iworkunitservice-write-extension-design.md::Workshop: IWorkUnitService Write Extension Design::FakeWorkUnitService Updates::Fake Behavior ms=17 left=28547
2026-08-28T11:01:07.859487Z  INFO fs3_daemon::runner: progress phase="working" scanned=62567 scan_left=33 summarized=129638 summarize_left=28513 embedded=209373 embed_left=1 failed=0
2026-08-28T11:01:07.878683Z  INFO fs3_daemon::runner: batch kind="embed" subject=2 x smart jobs=2 ms=0
2026-08-28T11:01:07.888461Z  INFO fs3_daemon::runner: done kind="embed" id=674251 left=28546
2026-08-28T11:01:07.958260Z  INFO fs3_daemon::runner: done kind="embed" id=674252 left=28545
2026-08-28T11:01:08.033443Z  INFO fs3_daemon::runner: done kind=summarize subject=docs/plans/058-workunit-editor/workshops/004-iworkunitservice-write-extension-design.md::Workshop: IWorkUnitService Write Extension Design::FakeWorkUnitService Updates::New Call Tracking ms=12 left=28545
2026-08-28T11:01:08.061578Z  INFO fs3_daemon::runner: done kind=summarize subject=docs/plans/058-workunit-editor/workshops/004-iworkunitservice-write-extension-design.md::Workshop: IWorkUnitService Write Extension Design::FakeWorkUnitService Updates ms=22 left=28545
2026-08-28T11:01:08.065123Z  INFO fs3_daemon::runner: batch kind="embed" subject=1 x smart jobs=1 ms=0
2026-08-28T11:01:08.081028Z  INFO fs3_daemon::runner: done kind="embed" id=674253 left=28544
2026-08-28T11:01:08.162800Z  INFO fs3_daemon::runner: done kind=summarize subject=docs/plans/058-workunit-editor/workshops/004-iworkunitservice-write-extension-design.md::Workshop: IWorkUnitService Write Extension Design::Complete Interface Definition ms=12 left=28544
2026-08-28T11:01:08.170400Z  INFO fs3_daemon::runner: batch kind="embed" subject=1 x smart jobs=1 ms=1
2026-08-28T11:01:08.185313Z  INFO fs3_daemon::runner: done kind="embed" id=674254 left=28543
2026-08-28T11:01:08.264704Z  INFO fs3_daemon::runner: done kind=summarize subject=docs/plans/058-workunit-editor/workshops/004-iworkunitservice-write-extension-design.md::Workshop: IWorkUnitService Write Extension Design::Decision 10: New Error Codes::Implementation ms=14 left=28543
2026-08-28T11:01:08.269689Z  INFO fs3_daemon::runner: batch kind="embed" subject=1 x smart jobs=1 ms=0
2026-08-28T11:01:08.282483Z  INFO fs3_daemon::runner: done kind="embed" id=674255 left=28542
2026-08-28T11:01:08.360735Z  INFO fs3_daemon::runner: done kind=summarize subject=docs/plans/058-workunit-editor/workshops/004-iworkunitservice-write-extension-design.md::Workshop: IWorkUnitService Write Extension Design::Decision 10: New Error Codes::Existing codes (E180-E187) — no changes ms=14 left=28542
2026-08-28T11:01:08.366816Z  INFO fs3_daemon::runner: batch kind="embed" subject=1 x smart jobs=1 ms=0
2026-08-28T11:01:08.381207Z  INFO fs3_daemon::runner: done kind="embed" id=674256 left=28541
2026-08-28T11:01:08.488687Z  INFO fs3_daemon::runner: done kind=summarize subject=docs/plans/058-workunit-editor/workshops/004-iworkunitservice-write-extension-design.md::Workshop: IWorkUnitService Write Extension Design::Decision 10: New Error Codes ms=34 left=28541
2026-08-28T11:01:08.495744Z  INFO fs3_daemon::runner: batch kind="embed" subject=1 x smart jobs=1 ms=2
2026-08-28T11:01:08.523796Z  INFO fs3_daemon::runner: done kind="embed" id=674257 left=28540
2026-08-28T11:01:08.626128Z  INFO fs3_daemon::runner: batch kind="embed" subject=1 x smart jobs=1 ms=0
2026-08-28T11:01:08.647341Z  INFO fs3_daemon::runner: done kind=summarize subject=docs/plans/058-workunit-editor/workshops/004-iworkunitservice-write-extension-design.md::Workshop: IWorkUnitService Write Extension Design::Decision 9: Concurrent Edit Handling::RESOLVED: Last-write-wins with no optimistic locking ms=49 left=28540
2026-08-28T11:01:08.664862Z  INFO fs3_daemon::runner: done kind="embed" id=674258 left=28539
2026-08-28T11:01:08.780804Z  INFO fs3_daemon::runner: done kind=summarize subject=docs/plans/058-workunit-editor/workshops/004-iworkunitservice-write-extension-design.md::Workshop: IWorkUnitService Write Extension Design::Decision 9: Concurrent Edit Handling ms=38 left=28539
2026-08-28T11:01:08.786289Z  INFO fs3_daemon::runner: batch kind="embed" subject=1 x smart jobs=1 ms=0
2026-08-28T11:01:08.817304Z  INFO fs3_daemon::runner: done kind="embed" id=674259 left=28538
2026-08-28T11:01:08.929325Z  INFO fs3_daemon::runner: done kind=summarize subject=docs/plans/058-workunit-editor/workshops/004-iworkunitservice-write-extension-design.md::Workshop: IWorkUnitService Write Extension Design::Decision 8: Atomic Persistence Strategy::Validate-After-Write Pattern ms=34 left=28538
2026-08-28T11:01:08.935296Z  INFO fs3_daemon::runner: batch kind="embed" subject=1 x smart jobs=1 ms=0
2026-08-28T11:01:08.956591Z  INFO fs3_daemon::runner: done kind="embed" id=674260 left=28537
2026-08-28T11:01:09.069113Z  INFO fs3_daemon::runner: batch kind="embed" subject=1 x smart jobs=1 ms=0
2026-08-28T11:01:09.074866Z  INFO fs3_daemon::runner: done kind=summarize subject=docs/plans/058-workunit-editor/workshops/004-iworkunitservice-write-extension-design.md::Workshop: IWorkUnitService Write Extension Design::Decision 8: Atomic Persistence Strategy::Multi-File Write Strategy ms=42 left=28537
2026-08-28T11:01:09.096747Z  INFO fs3_daemon::runner: done kind="embed" id=674261 left=28536
2026-08-28T11:01:09.205758Z  INFO fs3_daemon::runner: done kind=summarize subject=docs/plans/058-workunit-editor/workshops/004-iworkunitservice-write-extension-design.md::Workshop: IWorkUnitService Write Extension Design::Decision 8: Atomic Persistence Strategy::Per PL-07: All mutations must use `atomicWriteFile()` ms=35 left=28536
2026-08-28T11:01:09.210156Z  INFO fs3_daemon::runner: batch kind="embed" subject=1 x smart jobs=1 ms=3
2026-08-28T11:01:09.236739Z  INFO fs3_daemon::runner: done kind="embed" id=674262 left=28535
2026-08-28T11:01:09.348688Z  INFO fs3_daemon::runner: batch kind="embed" subject=1 x smart jobs=1 ms=0
2026-08-28T11:01:09.367610Z  INFO fs3_daemon::runner: done kind=summarize subject=docs/plans/058-workunit-editor/workshops/004-iworkunitservice-write-extension-design.md::Workshop: IWorkUnitService Write Extension Design::Decision 8: Atomic Persistence Strategy ms=49 left=28535
2026-08-28T11:01:09.379532Z  INFO fs3_daemon::runner: done kind="embed" id=674263 left=28534
2026-08-28T11:01:09.495696Z  INFO fs3_daemon::runner: done kind=summarize subject=docs/plans/058-workunit-editor/workshops/004-iworkunitservice-write-extension-design.md::Workshop: IWorkUnitService Write Extension Design::Decision 7: Rename Operation::Rename Flow ms=35 left=28534
2026-08-28T11:01:09.499081Z  INFO fs3_daemon::runner: batch kind="embed" subject=1 x smart jobs=1 ms=0
2026-08-28T11:01:09.525418Z  INFO fs3_daemon::runner: done kind="embed" id=674264 left=28533
2026-08-28T11:01:09.639827Z  INFO fs3_daemon::runner: done kind=summarize subject=docs/plans/058-workunit-editor/workshops/004-iworkunitservice-write-extension-design.md::Workshop: IWorkUnitService Write Extension Design::Decision 7: Rename Operation::RESOLVED: Dedicated method, filesystem directory move ms=37 left=28533
2026-08-28T11:01:09.647282Z  INFO fs3_daemon::runner: batch kind="embed" subject=1 x smart jobs=1 ms=3
2026-08-28T11:01:09.670958Z  INFO fs3_daemon::runner: done kind="embed" id=674265 left=28532
2026-08-28T11:01:09.779746Z  INFO fs3_daemon::runner: done kind=summarize subject=docs/plans/058-workunit-editor/workshops/004-iworkunitservice-write-extension-design.md::Workshop: IWorkUnitService Write Extension Design::Decision 7: Rename Operation ms=33 left=28532
2026-08-28T11:01:09.786314Z  INFO fs3_daemon::runner: batch kind="embed" subject=1 x smart jobs=1 ms=1
2026-08-28T11:01:09.811583Z  INFO fs3_daemon::runner: done kind="embed" id=674266 left=28531
2026-08-28T11:01:09.909578Z  INFO fs3_daemon::runner: done kind=summarize subject=docs/plans/058-workunit-editor/workshops/004-iworkunitservice-write-extension-design.md::Workshop: IWorkUnitService Write Extension Design::Decision 6: Delete Operation::Design Decisions ms=25 left=28531
2026-08-28T11:01:09.917430Z  INFO fs3_daemon::runner: batch kind="embed" subject=1 x smart jobs=1 ms=1
2026-08-28T11:01:09.943071Z  INFO fs3_daemon::runner: done kind="embed" id=674267 left=28530
2026-08-28T11:01:10.052305Z  INFO fs3_daemon::runner: done kind=summarize subject=docs/plans/058-workunit-editor/workshops/004-iworkunitservice-write-extension-design.md::Workshop: IWorkUnitService Write Extension Design::Decision 6: Delete Operation::Delete Flow ms=35 left=28530
2026-08-28T11:01:10.060470Z  INFO fs3_daemon::runner: batch kind="embed" subject=1 x smart jobs=1 ms=3
2026-08-28T11:01:10.090289Z  INFO fs3_daemon::runner: done kind="embed" id=674268 left=28529
2026-08-28T11:01:10.170212Z  INFO fs3_daemon::runner: done kind=summarize subject=docs/plans/058-workunit-editor/workshops/004-iworkunitservice-write-extension-design.md::Workshop: IWorkUnitService Write Extension Design::Decision 6: Delete Operation::RESOLVED: Hard delete with pre-flight safety check ms=14 left=28529
2026-08-28T11:01:10.174318Z  INFO fs3_daemon::runner: batch kind="embed" subject=1 x smart jobs=1 ms=0
2026-08-28T11:01:10.186292Z  INFO fs3_daemon::runner: done kind="embed" id=674269 left=28528
2026-08-28T11:01:10.265379Z  INFO fs3_daemon::runner: done kind=summarize subject=docs/plans/058-workunit-editor/workshops/004-iworkunitservice-write-extension-design.md::Workshop: IWorkUnitService Write Extension Design::Decision 6: Delete Operation ms=14 left=28528
2026-08-28T11:01:10.272461Z  INFO fs3_daemon::runner: batch kind="embed" subject=1 x smart jobs=1 ms=0
2026-08-28T11:01:10.282576Z  INFO fs3_daemon::runner: done kind="embed" id=674270 left=28527
2026-08-28T11:01:10.363927Z  INFO fs3_daemon::runner: done kind=summarize subject=docs/plans/058-workunit-editor/workshops/004-iworkunitservice-write-extension-design.md::Workshop: IWorkUnitService Write Extension Design::Decision 5: Template Content Updates::⚠️ Gap: `setPrompt()` and `setScript()` use `fs.writeFile()`, NOT `atomicWriteFile()` ms=19 left=28527
2026-08-28T11:01:10.366935Z  INFO fs3_daemon::runner: batch kind="embed" subject=1 x smart jobs=1 ms=0
2026-08-28T11:01:10.378440Z  INFO fs3_daemon::runner: done kind="embed" id=674271 left=28526
2026-08-28T11:01:10.460539Z  INFO fs3_daemon::runner: done kind=summarize subject=docs/plans/058-workunit-editor/workshops/004-iworkunitservice-write-extension-design.md::Workshop: IWorkUnitService Write Extension Design::Decision 5: Template Content Updates::Current Pattern ms=17 left=28526
2026-08-28T11:01:10.461978Z  INFO fs3_daemon::runner: batch kind="embed" subject=1 x smart jobs=1 ms=1
2026-08-28T11:01:10.473387Z  INFO fs3_daemon::runner: done kind="embed" id=674272 left=28525
2026-08-28T11:01:10.555287Z  INFO fs3_daemon::runner: batch kind="embed" subject=1 x smart jobs=1 ms=0
2026-08-28T11:01:10.556857Z  INFO fs3_daemon::runner: done kind=summarize subject=docs/plans/058-workunit-editor/workshops/004-iworkunitservice-write-extension-design.md::Workshop: IWorkUnitService Write Extension Design::Decision 5: Template Content Updates ms=14 left=28525
2026-08-28T11:01:10.567616Z  INFO fs3_daemon::runner: done kind="embed" id=674273 left=28524
2026-08-28T11:01:10.649693Z  INFO fs3_daemon::runner: done kind=summarize subject=docs/plans/058-workunit-editor/workshops/004-iworkunitservice-write-extension-design.md::Workshop: IWorkUnitService Write Extension Design::Decision 4: Update Operation::Update Error Codes ms=12 left=28524
2026-08-28T11:01:10.660235Z  INFO fs3_daemon::runner: batch kind="embed" subject=1 x smart jobs=1 ms=1
2026-08-28T11:01:10.678890Z  INFO fs3_daemon::runner: done kind="embed" id=674274 left=28523
2026-08-28T11:01:10.763134Z  INFO fs3_daemon::runner: done kind=summarize subject=docs/plans/058-workunit-editor/workshops/004-iworkunitservice-write-extension-design.md::Workshop: IWorkUnitService Write Extension Design::Decision 4: Update Operation::Merge Semantics (Critical) ms=18 left=28523
2026-08-28T11:01:10.767244Z  INFO fs3_daemon::runner: batch kind="embed" subject=1 x smart jobs=1 ms=1
2026-08-28T11:01:10.782751Z  INFO fs3_daemon::runner: done kind="embed" id=674275 left=28522
2026-08-28T11:01:10.863812Z  INFO fs3_daemon::runner: done kind=summarize subject=docs/plans/058-workunit-editor/workshops/004-iworkunitservice-write-extension-design.md::Workshop: IWorkUnitService Write Extension Design::Decision 4: Update Operation::Update Flow ms=12 left=28522
2026-08-28T11:01:10.869633Z  INFO fs3_daemon::runner: batch kind="embed" subject=1 x smart jobs=1 ms=0
2026-08-28T11:01:10.882740Z  INFO fs3_daemon::runner: done kind="embed" id=674276 left=28521
2026-08-28T11:01:10.963692Z  INFO fs3_daemon::runner: done kind=summarize subject=docs/plans/058-workunit-editor/workshops/004-iworkunitservice-write-extension-design.md::Workshop: IWorkUnitService Write Extension Design::Decision 4: Update Operation::Signature ms=15 left=28521
2026-08-28T11:01:10.967884Z  INFO fs3_daemon::runner: batch kind="embed" subject=1 x smart jobs=1 ms=1
2026-08-28T11:01:10.980249Z  INFO fs3_daemon::runner: done kind="embed" id=674277 left=28520
2026-08-28T11:01:11.064262Z  INFO fs3_daemon::runner: batch kind="embed" subject=1 x smart jobs=1 ms=0
2026-08-28T11:01:11.064763Z  INFO fs3_daemon::runner: done kind=summarize subject=docs/plans/058-workunit-editor/workshops/004-iworkunitservice-write-extension-design.md::Workshop: IWorkUnitService Write Extension Design::Decision 4: Update Operation ms=19 left=28520
2026-08-28T11:01:11.076776Z  INFO fs3_daemon::runner: done kind="embed" id=674278 left=28519
2026-08-28T11:01:11.163224Z  INFO fs3_daemon::runner: batch kind="embed" subject=1 x smart jobs=1 ms=0
2026-08-28T11:01:11.163828Z  INFO fs3_daemon::runner: done kind=summarize subject=docs/plans/058-workunit-editor/workshops/004-iworkunitservice-write-extension-design.md::Workshop: IWorkUnitService Write Extension Design::Decision 3: Create Operation::Create Error Codes ms=20 left=28519
2026-08-28T11:01:11.173282Z  INFO fs3_daemon::runner: done kind="embed" id=674279 left=28518
2026-08-28T11:01:11.245823Z  INFO fs3_daemon::runner: done kind=summarize subject=docs/plans/058-workunit-editor/workshops/004-iworkunitservice-write-extension-design.md::Workshop: IWorkUnitService Write Extension Design::Decision 3: Create Operation::Create Flow ms=12 left=28518
2026-08-28T11:01:11.250817Z  INFO fs3_daemon::runner: batch kind="embed" subject=1 x smart jobs=1 ms=0
2026-08-28T11:01:11.261376Z  INFO fs3_daemon::runner: done kind="embed" id=674280 left=28517
2026-08-28T11:01:11.342200Z  INFO fs3_daemon::runner: done kind=summarize subject=docs/plans/058-workunit-editor/workshops/004-iworkunitservice-write-extension-design.md::Workshop: IWorkUnitService Write Extension Design::Decision 3: Create Operation::Template File Boilerplate ms=17 left=28517
2026-08-28T11:01:11.345239Z  INFO fs3_daemon::runner: batch kind="embed" subject=1 x smart jobs=1 ms=0
2026-08-28T11:01:11.355146Z  INFO fs3_daemon::runner: done kind="embed" id=674281 left=28516
2026-08-28T11:01:11.442026Z  INFO fs3_daemon::runner: done kind=summarize subject=docs/plans/058-workunit-editor/workshops/004-iworkunitservice-write-extension-design.md::Workshop: IWorkUnitService Write Extension Design::Decision 3: Create Operation::Scaffolded unit.yaml by Type ms=18 left=28516
2026-08-28T11:01:11.447186Z  INFO fs3_daemon::runner: batch kind="embed" subject=1 x smart jobs=1 ms=1
2026-08-28T11:01:11.458948Z  INFO fs3_daemon::runner: done kind="embed" id=674282 left=28515
2026-08-28T11:01:11.538838Z  INFO fs3_daemon::runner: done kind=summarize subject=docs/plans/058-workunit-editor/workshops/004-iworkunitservice-write-extension-design.md::Workshop: IWorkUnitService Write Extension Design::Decision 3: Create Operation::What Gets Scaffolded ms=16 left=28515
2026-08-28T11:01:11.543866Z  INFO fs3_daemon::runner: batch kind="embed" subject=1 x smart jobs=1 ms=0
2026-08-28T11:01:11.561937Z  INFO fs3_daemon::runner: done kind="embed" id=674283 left=28514
2026-08-28T11:01:11.654417Z  INFO fs3_daemon::runner: batch kind="embed" subject=1 x smart jobs=1 ms=0
2026-08-28T11:01:11.657471Z  INFO fs3_daemon::runner: done kind=summarize subject=docs/plans/058-workunit-editor/workshops/004-iworkunitservice-write-extension-design.md::Workshop: IWorkUnitService Write Extension Design::Decision 3: Create Operation::Signature ms=23 left=28514
2026-08-28T11:01:11.666838Z  INFO fs3_daemon::runner: done kind="embed" id=674284 left=28513
2026-08-28T11:01:11.749228Z  INFO fs3_daemon::runner: done kind=summarize subject=docs/plans/058-workunit-editor/workshops/004-iworkunitservice-write-extension-design.md::Workshop: IWorkUnitService Write Extension Design::Decision 3: Create Operation ms=14 left=28513
2026-08-28T11:01:11.754238Z  INFO fs3_daemon::runner: batch kind="embed" subject=1 x smart jobs=1 ms=1
2026-08-28T11:01:11.770655Z  INFO fs3_daemon::runner: done kind="embed" id=674285 left=28512
2026-08-28T11:01:11.848538Z  INFO fs3_daemon::runner: done kind=summarize subject=docs/plans/058-workunit-editor/workshops/004-iworkunitservice-write-extension-design.md::Workshop: IWorkUnitService Write Extension Design::Decision 2: Method Inventory::Extended Interface (full CRUD) ms=13 left=28512
2026-08-28T11:01:11.853209Z  INFO fs3_daemon::runner: batch kind="embed" subject=1 x smart jobs=1 ms=0
2026-08-28T11:01:11.862365Z  INFO fs3_daemon::runner: done kind="embed" id=674286 left=28511
2026-08-28T11:01:11.945925Z  INFO fs3_daemon::runner: done kind=summarize subject=docs/plans/058-workunit-editor/workshops/004-iworkunitservice-write-extension-design.md::Workshop: IWorkUnitService Write Extension Design::Decision 2: Method Inventory::Current Interface (read-only) ms=17 left=28511
2026-08-28T11:01:11.948264Z  INFO fs3_daemon::runner: batch kind="embed" subject=1 x smart jobs=1 ms=0
2026-08-28T11:01:11.957437Z  INFO fs3_daemon::runner: done kind="embed" id=674287 left=28510
2026-08-28T11:01:12.038317Z  INFO fs3_daemon::runner: done kind=summarize subject=docs/plans/058-workunit-editor/workshops/004-iworkunitservice-write-extension-design.md::Workshop: IWorkUnitService Write Extension Design::Decision 2: Method Inventory ms=16 left=28510
2026-08-28T11:01:12.042267Z  INFO fs3_daemon::runner: batch kind="embed" subject=1 x smart jobs=1 ms=2
2026-08-28T11:01:12.055290Z  INFO fs3_daemon::runner: done kind="embed" id=674288 left=28509
2026-08-28T11:01:12.139361Z  INFO fs3_daemon::runner: done kind=summarize subject=docs/plans/058-workunit-editor/workshops/004-iworkunitservice-write-extension-design.md::Workshop: IWorkUnitService Write Extension Design::Decision 1: Extension Strategy::**RESOLVED: Option A — Extend IWorkUnitService in-place** ms=17 left=28509
2026-08-28T11:01:12.142362Z  INFO fs3_daemon::runner: batch kind="embed" subject=1 x smart jobs=1 ms=0
2026-08-28T11:01:12.156178Z  INFO fs3_daemon::runner: done kind="embed" id=674289 left=28508
2026-08-28T11:01:12.236062Z  INFO fs3_daemon::runner: done kind=summarize subject=docs/plans/058-workunit-editor/workshops/004-iworkunitservice-write-extension-design.md::Workshop: IWorkUnitService Write Extension Design::Decision 1: Extension Strategy ms=14 left=28508
2026-08-28T11:01:12.239497Z  INFO fs3_daemon::runner: batch kind="embed" subject=1 x smart jobs=1 ms=0
2026-08-28T11:01:12.256553Z  INFO fs3_daemon::runner: done kind="embed" id=674290 left=28507
2026-08-28T11:01:12.351674Z  INFO fs3_daemon::runner: done kind=summarize subject=docs/plans/058-workunit-editor/workshops/004-iworkunitservice-write-extension-design.md::Workshop: IWorkUnitService Write Extension Design::Key Questions Addressed ms=18 left=28507
2026-08-28T11:01:12.355684Z  INFO fs3_daemon::runner: batch kind="embed" subject=1 x smart jobs=1 ms=0
2026-08-28T11:01:12.369400Z  INFO fs3_daemon::runner: done kind="embed" id=674291 left=28506
2026-08-28T11:01:12.462249Z  INFO fs3_daemon::runner: done kind=summarize subject=docs/plans/058-workunit-editor/workshops/004-iworkunitservice-write-extension-design.md::Workshop: IWorkUnitService Write Extension Design ms=13 left=28506
2026-08-28T11:01:12.468775Z  INFO fs3_daemon::runner: batch kind="embed" subject=1 x smart jobs=1 ms=0
2026-08-28T11:01:12.483563Z  INFO fs3_daemon::runner: done kind="embed" id=674292 left=28505
2026-08-28T11:01:12.571414Z  INFO fs3_daemon::runner: done kind=summarize subject=docs/plans/058-workunit-editor/workshops/003-code-prompt-editor-component-selection.md::Workshop: Code/Prompt Editor Component Selection::Quick Reference ms=13 left=28505
2026-08-28T11:01:12.578398Z  INFO fs3_daemon::runner: batch kind="embed" subject=1 x smart jobs=1 ms=1
2026-08-28T11:01:12.589167Z  INFO fs3_daemon::runner: done kind="embed" id=674293 left=28504
2026-08-28T11:01:12.674120Z  INFO fs3_daemon::runner: done kind=summarize subject=docs/plans/058-workunit-editor/workshops/003-code-prompt-editor-component-selection.md::Workshop: Code/Prompt Editor Component Selection::Open Questions ms=14 left=28504
2026-08-28T11:01:12.677809Z  INFO fs3_daemon::runner: batch kind="embed" subject=1 x smart jobs=1 ms=0
2026-08-28T11:01:12.688356Z  INFO fs3_daemon::runner: done kind="embed" id=674294 left=28503
2026-08-28T11:01:12.768551Z  INFO fs3_daemon::runner: done kind=summarize subject=docs/plans/058-workunit-editor/workshops/003-code-prompt-editor-component-selection.md::Workshop: Code/Prompt Editor Component Selection::Implementation Checklist::Phase 1: Immediate (during work unit editor build) ms=12 left=28503
2026-08-28T11:01:12.774123Z  INFO fs3_daemon::runner: batch kind="embed" subject=1 x smart jobs=1 ms=0
2026-08-28T11:01:12.787588Z  INFO fs3_daemon::runner: done kind="embed" id=674295 left=28502
2026-08-28T11:01:12.872045Z  INFO fs3_daemon::runner: done kind=summarize subject=docs/plans/058-workunit-editor/workshops/003-code-prompt-editor-component-selection.md::Workshop: Code/Prompt Editor Component Selection::Implementation Checklist ms=14 left=28502
2026-08-28T11:01:12.879084Z  INFO fs3_daemon::runner: batch kind="embed" subject=1 x smart jobs=1 ms=0
2026-08-28T11:01:12.895938Z  INFO fs3_daemon::runner: done kind="embed" id=674296 left=28501
2026-08-28T11:01:12.977414Z  INFO fs3_daemon::runner: done kind=summarize subject=docs/plans/058-workunit-editor/workshops/003-code-prompt-editor-component-selection.md::Workshop: Code/Prompt Editor Component Selection::Comparison Summary ms=16 left=28501
2026-08-28T11:01:13.024809Z  INFO fs3_daemon::runner: progress phase="working" scanned=62567 scan_left=33 summarized=129684 summarize_left=28467 embedded=209419 embed_left=1 failed=0
2026-08-28T11:01:13.051904Z  INFO fs3_daemon::runner: batch kind="embed" subject=2 x smart jobs=2 ms=0
2026-08-28T11:01:13.074427Z  INFO fs3_daemon::runner: done kind="embed" id=674297 left=28500
2026-08-28T11:01:13.155501Z  INFO fs3_daemon::runner: done kind="embed" id=674298 left=28499
2026-08-28T11:01:13.297040Z  INFO fs3_daemon::runner: done kind=summarize subject=docs/plans/058-workunit-editor/workshops/003-code-prompt-editor-component-selection.md::Workshop: Code/Prompt Editor Component Selection::SSR & Client Component Strategy::Work Unit Editor Component Hierarchy ms=58 left=28499
2026-08-28T11:01:13.311160Z  INFO fs3_daemon::runner: batch kind="embed" subject=1 x smart jobs=1 ms=0
2026-08-28T11:01:13.335769Z  INFO fs3_daemon::runner: done kind=summarize subject=docs/plans/058-workunit-editor/workshops/003-code-prompt-editor-component-selection.md::Workshop: Code/Prompt Editor Component Selection::SSR & Client Component Strategy::The Constraint ms=59 left=28499
2026-08-28T11:01:13.350609Z  INFO fs3_daemon::runner: done kind="embed" id=674299 left=28498
2026-08-28T11:01:13.457318Z  INFO fs3_daemon::runner: done kind=summarize subject=docs/plans/058-workunit-editor/workshops/003-code-prompt-editor-component-selection.md::Workshop: Code/Prompt Editor Component Selection::SSR & Client Component Strategy ms=30 left=28498
2026-08-28T11:01:13.461414Z  INFO fs3_daemon::runner: batch kind="embed" subject=1 x smart jobs=1 ms=0
2026-08-28T11:01:13.481848Z  INFO fs3_daemon::runner: done kind="embed" id=674300 left=28497
2026-08-28T11:01:13.591129Z  INFO fs3_daemon::runner: done kind=summarize subject=docs/plans/058-workunit-editor/workshops/003-code-prompt-editor-component-selection.md::Workshop: Code/Prompt Editor Component Selection::Gap Analysis: What's Missing::Nice-to-Have Enhancements::Enhancement 3: Word Wrap Default by Type ms=31 left=28497
2026-08-28T11:01:13.598249Z  INFO fs3_daemon::runner: batch kind="embed" subject=1 x smart jobs=1 ms=2
2026-08-28T11:01:13.630798Z  INFO fs3_daemon::runner: done kind="embed" id=674301 left=28496
2026-08-28T11:01:13.758504Z  INFO fs3_daemon::runner: batch kind="embed" subject=1 x smart jobs=1 ms=0
2026-08-28T11:01:13.783049Z  INFO fs3_daemon::runner: done kind=summarize subject=docs/plans/058-workunit-editor/workshops/003-code-prompt-editor-component-selection.md::Workshop: Code/Prompt Editor Component Selection::Gap Analysis: What's Missing::Nice-to-Have Enhancements::Enhancement 2: Template Variable Highlighting ms=59 left=28499
2026-08-28T11:01:13.795326Z  INFO fs3_daemon::runner: done kind="embed" id=674302 left=28499
2026-08-28T11:01:13.910411Z  INFO fs3_daemon::runner: batch kind="embed" subject=1 x smart jobs=1 ms=0
2026-08-28T11:01:13.942357Z  INFO fs3_daemon::runner: done kind="embed" id=674305 left=28506
2026-08-28T11:01:13.954122Z  INFO fs3_daemon::runner: done kind=scan_file subject=docs/plans/006-worktree-diff/assets/probes/out/run-20260828T105601Z/p3-version-file-blobs.txt ms=77 left=28505
2026-08-28T11:01:14.014239Z  INFO fs3_daemon::watch: re-listed a changed directory directory=/Users/jordanknight/substrate/flowspace/fs3-worktree-diff/docs/plans/006-worktree-diff/assets/probes/out/run-20260828T105601Z events=137 enqueued=11 settled=Quiet
2026-08-28T11:01:14.058011Z  INFO fs3_daemon::runner: done kind=scan_file subject=docs/plans/006-worktree-diff/assets/probes/out/run-20260828T105601Z/p3-search-flags.txt ms=29 left=28505
2026-08-28T11:01:14.448189Z  INFO fs3_daemon::runner: batch kind="embed" subject=1 x raw jobs=1 ms=389
2026-08-28T11:01:14.468173Z  INFO fs3_daemon::runner: done kind="embed" id=674315 left=28504
2026-08-28T11:01:14.554492Z  INFO fs3_daemon::runner: batch kind="embed" subject=1 x raw jobs=1 ms=4
2026-08-28T11:01:14.555715Z  INFO fs3_daemon::runner: done kind=scan_file subject=docs/plans/006-worktree-diff/assets/probes/out/run-20260828T105601Z/p3-result-fields.txt ms=25 left=28504
2026-08-28T11:01:14.569673Z  INFO fs3_daemon::runner: done kind="embed" id=674316 left=28503
2026-08-28T11:01:14.669434Z  INFO fs3_daemon::runner: batch kind="embed" subject=1 x raw jobs=1 ms=0
2026-08-28T11:01:14.680066Z  INFO fs3_daemon::runner: done kind="embed" id=674317 left=28502
2026-08-28T11:01:14.680123Z  INFO fs3_daemon::runner: done kind=scan_file subject=docs/plans/006-worktree-diff/assets/probes/out/run-20260828T105601Z/p3-elements-by-blob.txt ms=30 left=28503
2026-08-28T11:01:14.776814Z  INFO fs3_daemon::runner: done kind=scan_file subject=docs/plans/006-worktree-diff/assets/probes/out/run-20260828T105601Z/p3-colliding-addresses.txt ms=19 left=28502
2026-08-28T11:01:15.077819Z  INFO fs3_daemon::runner: batch kind="embed" subject=1 x raw jobs=1 ms=302
2026-08-28T11:01:15.090536Z  INFO fs3_daemon::runner: done kind="embed" id=674318 left=28501
2026-08-28T11:01:15.168236Z  INFO fs3_daemon::runner: batch kind="embed" subject=1 x raw jobs=1 ms=0
2026-08-28T11:01:15.180696Z  INFO fs3_daemon::runner: done kind="embed" id=674319 left=28500
2026-08-28T11:01:15.180780Z  INFO fs3_daemon::runner: done kind=scan_file subject=docs/plans/006-worktree-diff/assets/probes/out/run-20260828T105601Z/p3-answer-diff.txt ms=26 left=28500
2026-08-28T11:01:15.266468Z  INFO fs3_daemon::runner: done kind=scan_file subject=docs/plans/006-worktree-diff/assets/probes/out/run-20260828T105601Z/p2b-reference-map.txt ms=19 left=28500
2026-08-28T11:01:15.560726Z  INFO fs3_daemon::runner: batch kind="embed" subject=1 x raw jobs=1 ms=294
2026-08-28T11:01:15.571972Z  INFO fs3_daemon::runner: done kind="embed" id=674320 left=28499
2026-08-28T11:01:15.658914Z  INFO fs3_daemon::runner: done kind=scan_file subject=docs/plans/006-worktree-diff/assets/probes/out/run-20260828T105601Z/p2b-paid.txt ms=21 left=28499
2026-08-28T11:01:15.970550Z  INFO fs3_daemon::runner: batch kind="embed" subject=1 x raw jobs=1 ms=316
2026-08-28T11:01:15.982041Z  INFO fs3_daemon::runner: done kind="embed" id=674321 left=28498
2026-08-28T11:01:16.071708Z  INFO fs3_daemon::runner: done kind=scan_file subject=docs/plans/006-worktree-diff/assets/probes/out/run-20260828T105601Z/p2b-jobs.txt ms=27 left=28498
2026-08-28T11:01:16.459996Z  INFO fs3_daemon::runner: batch kind="embed" subject=1 x raw jobs=1 ms=391
2026-08-28T11:01:16.472809Z  INFO fs3_daemon::runner: done kind="embed" id=674322 left=28497
2026-08-28T11:01:16.566803Z  INFO fs3_daemon::runner: done kind=scan_file subject=docs/plans/006-worktree-diff/assets/probes/out/run-20260828T105601Z/p2b-divergent-paths.txt ms=25 left=28497
2026-08-28T11:01:16.905476Z  INFO fs3_daemon::runner: batch kind="embed" subject=1 x raw jobs=1 ms=344
2026-08-28T11:01:16.915430Z  INFO fs3_daemon::runner: done kind="embed" id=674323 left=28496
2026-08-28T11:01:17.006218Z  INFO fs3_daemon::runner: batch kind="embed" subject=1 x raw jobs=1 ms=2
2026-08-28T11:01:17.008043Z  INFO fs3_daemon::runner: done kind=scan_file subject=docs/plans/006-worktree-diff/assets/probes/out/run-20260828T105601Z/p2b-deltas.txt ms=25 left=28496
2026-08-28T11:01:17.018162Z  INFO fs3_daemon::runner: done kind="embed" id=674324 left=28495
2026-08-28T11:01:17.104667Z  INFO fs3_daemon::runner: done kind=summarize subject=docs/plans/058-workunit-editor/workshops/003-code-prompt-editor-component-selection.md::Workshop: Code/Prompt Editor Component Selection::Gap Analysis: What's Missing::Nice-to-Have Enhancements::Enhancement 1: Markdown Preview Toggle ms=17 left=28495
2026-08-28T11:01:17.429775Z  INFO fs3_daemon::runner: batch kind="embed" subject=1 x raw jobs=1 ms=322
2026-08-28T11:01:17.449393Z  INFO fs3_daemon::runner: done kind="embed" id=674325 left=28494
2026-08-28T11:01:17.553814Z  INFO fs3_daemon::runner: done kind=summarize subject=docs/plans/058-workunit-editor/workshops/003-code-prompt-editor-component-selection.md::Workshop: Code/Prompt Editor Component Selection::Gap Analysis: What's Missing::Nice-to-Have Enhancements ms=27 left=28494
2026-08-28T11:01:17.559527Z  INFO fs3_daemon::runner: batch kind="embed" subject=1 x smart jobs=1 ms=0
2026-08-28T11:01:17.592485Z  INFO fs3_daemon::runner: done kind="embed" id=674326 left=28493
2026-08-28T11:01:17.704635Z  INFO fs3_daemon::runner: done kind=summarize subject=docs/plans/058-workunit-editor/workshops/003-code-prompt-editor-component-selection.md::Workshop: Code/Prompt Editor Component Selection::Gap Analysis: What's Missing::Must Fix Before Implementation::Gap 2: Language Detection → CodeMirror Mapping ms=31 left=28493
2026-08-28T11:01:17.709238Z  INFO fs3_daemon::runner: batch kind="embed" subject=1 x smart jobs=1 ms=1
2026-08-28T11:01:17.740051Z  INFO fs3_daemon::runner: done kind="embed" id=674327 left=28492
2026-08-28T11:01:17.841903Z  INFO fs3_daemon::runner: done kind=summarize subject=docs/plans/058-workunit-editor/workshops/003-code-prompt-editor-component-selection.md::Workshop: Code/Prompt Editor Component Selection::Gap Analysis: What's Missing::Must Fix Before Implementation::Gap 1: Bash/Shell Syntax Highlighting ms=30 left=28492
2026-08-28T11:01:17.847210Z  INFO fs3_daemon::runner: batch kind="embed" subject=1 x smart jobs=1 ms=1
2026-08-28T11:01:17.873386Z  INFO fs3_daemon::runner: done kind="embed" id=674328 left=28491
2026-08-28T11:01:17.979098Z  INFO fs3_daemon::runner: done kind=summarize subject=docs/plans/058-workunit-editor/workshops/003-code-prompt-editor-component-selection.md::Workshop: Code/Prompt Editor Component Selection::Gap Analysis: What's Missing::Must Fix Before Implementation ms=32 left=28491
2026-08-28T11:01:17.983680Z  INFO fs3_daemon::runner: batch kind="embed" subject=1 x smart jobs=1 ms=0
2026-08-28T11:01:18.008633Z  INFO fs3_daemon::runner: done kind="embed" id=674329 left=28490
2026-08-28T11:01:18.126075Z  INFO fs3_daemon::runner: done kind=summarize subject=docs/plans/058-workunit-editor/workshops/003-code-prompt-editor-component-selection.md::Workshop: Code/Prompt Editor Component Selection::Gap Analysis: What's Missing ms=36 left=28490
2026-08-28T11:01:18.154072Z  INFO fs3_daemon::runner: progress phase="working" scanned=62578 scan_left=33 summarized=129695 summarize_left=28456 embedded=209441 embed_left=1 failed=0
2026-08-28T11:01:18.202659Z  INFO fs3_daemon::runner: batch kind="embed" subject=2 x smart jobs=2 ms=0
2026-08-28T11:01:18.232769Z  INFO fs3_daemon::runner: done kind="embed" id=674331 left=28489
2026-08-28T11:01:18.325117Z  INFO fs3_daemon::runner: done kind="embed" id=674330 left=28488
2026-08-28T11:01:18.455185Z  INFO fs3_daemon::runner: done kind=summarize subject=docs/plans/058-workunit-editor/workshops/003-code-prompt-editor-component-selection.md::Workshop: Code/Prompt Editor Component Selection::Extraction Strategy: CodeEditor Across Domains::Recommended: Option A — Extract to `_platform/viewer` ms=45 left=28488
2026-08-28T11:01:18.462780Z  INFO fs3_daemon::runner: batch kind="embed" subject=1 x smart jobs=1 ms=0
2026-08-28T11:01:18.493877Z  INFO fs3_daemon::runner: done kind=summarize subject=docs/plans/058-workunit-editor/workshops/003-code-prompt-editor-component-selection.md::Workshop: Code/Prompt Editor Component Selection::Extraction Strategy: CodeEditor Across Domains ms=57 left=28488
2026-08-28T11:01:18.507375Z  INFO fs3_daemon::runner: done kind="embed" id=674332 left=28487
2026-08-28T11:01:18.621779Z  INFO fs3_daemon::runner: batch kind="embed" subject=1 x smart jobs=1 ms=0
2026-08-28T11:01:18.643533Z  INFO fs3_daemon::runner: done kind=summarize subject=docs/plans/058-workunit-editor/workshops/003-code-prompt-editor-component-selection.md::Workshop: Code/Prompt Editor Component Selection::Component Architecture::User-Input Unit: Form Builder (No Code Editor) ms=52 left=28487
2026-08-28T11:01:18.656748Z  INFO fs3_daemon::runner: done kind="embed" id=674333 left=28486
2026-08-28T11:01:18.747109Z  INFO fs3_daemon::runner: done kind=summarize subject=docs/plans/058-workunit-editor/workshops/003-code-prompt-editor-component-selection.md::Workshop: Code/Prompt Editor Component Selection::Component Architecture::Code Unit: Script Editor ms=16 left=28486
2026-08-28T11:01:18.751696Z  INFO fs3_daemon::runner: batch kind="embed" subject=1 x smart jobs=1 ms=0
2026-08-28T11:01:18.772197Z  INFO fs3_daemon::runner: done kind="embed" id=674334 left=28485
2026-08-28T11:01:18.869496Z  INFO fs3_daemon::runner: batch kind="embed" subject=1 x smart jobs=1 ms=0
2026-08-28T11:01:18.869926Z  INFO fs3_daemon::runner: done kind=summarize subject=docs/plans/058-workunit-editor/workshops/003-code-prompt-editor-component-selection.md::Workshop: Code/Prompt Editor Component Selection::Component Architecture::Agent Unit: Prompt Editor ms=19 left=28485
2026-08-28T11:01:18.879504Z  INFO fs3_daemon::runner: done kind="embed" id=674335 left=28484
2026-08-28T11:01:18.956088Z  INFO fs3_daemon::runner: done kind=summarize subject=docs/plans/058-workunit-editor/workshops/003-code-prompt-editor-component-selection.md::Workshop: Code/Prompt Editor Component Selection::Component Architecture::Three Editor Experiences ms=11 left=28484
2026-08-28T11:01:18.959430Z  INFO fs3_daemon::runner: batch kind="embed" subject=1 x smart jobs=1 ms=0
2026-08-28T11:01:18.971039Z  INFO fs3_daemon::runner: done kind="embed" id=674336 left=28483
2026-08-28T11:01:19.060139Z  INFO fs3_daemon::runner: done kind=summarize subject=docs/plans/058-workunit-editor/workshops/003-code-prompt-editor-component-selection.md::Workshop: Code/Prompt Editor Component Selection::Component Architecture ms=18 left=28483
2026-08-28T11:01:19.063140Z  INFO fs3_daemon::runner: batch kind="embed" subject=1 x smart jobs=1 ms=1
2026-08-28T11:01:19.076742Z  INFO fs3_daemon::runner: done kind="embed" id=674337 left=28482
2026-08-28T11:01:19.163937Z  INFO fs3_daemon::runner: done kind=summarize subject=docs/plans/058-workunit-editor/workshops/003-code-prompt-editor-component-selection.md::Workshop: Code/Prompt Editor Component Selection::Option Analysis::Option D: Plain Textarea ❌ NOT RECOMMENDED FOR MVP ms=19 left=28482
2026-08-28T11:01:19.168461Z  INFO fs3_daemon::runner: batch kind="embed" subject=1 x smart jobs=1 ms=2
2026-08-28T11:01:19.181767Z  INFO fs3_daemon::runner: done kind="embed" id=674338 left=28481
2026-08-28T11:01:19.262193Z  INFO fs3_daemon::runner: done kind=summarize subject=docs/plans/058-workunit-editor/workshops/003-code-prompt-editor-component-selection.md::Workshop: Code/Prompt Editor Component Selection::Option Analysis::Option C: Shiki + Textarea ❌ NOT RECOMMENDED ms=14 left=28481
2026-08-28T11:01:19.267443Z  INFO fs3_daemon::runner: batch kind="embed" subject=1 x smart jobs=1 ms=0
2026-08-28T11:01:19.279563Z  INFO fs3_daemon::runner: done kind="embed" id=674339 left=28480
2026-08-28T11:01:19.363902Z  INFO fs3_daemon::runner: done kind=summarize subject=docs/plans/058-workunit-editor/workshops/003-code-prompt-editor-component-selection.md::Workshop: Code/Prompt Editor Component Selection::Option Analysis::Option B: Monaco Editor ❌ NOT RECOMMENDED ms=17 left=28480
2026-08-28T11:01:19.369707Z  INFO fs3_daemon::runner: batch kind="embed" subject=1 x smart jobs=1 ms=0
2026-08-28T11:01:19.379706Z  INFO fs3_daemon::runner: done kind="embed" id=674340 left=28479
2026-08-28T11:01:19.466780Z  INFO fs3_daemon::runner: batch kind="embed" subject=1 x smart jobs=1 ms=0
2026-08-28T11:01:19.466982Z  INFO fs3_daemon::runner: done kind=summarize subject=docs/plans/058-workunit-editor/workshops/003-code-prompt-editor-component-selection.md::Workshop: Code/Prompt Editor Component Selection::Option Analysis::Option A: Reuse Existing CodeMirror 6 ✅ RECOMMENDED ms=21 left=28479
2026-08-28T11:01:19.479367Z  INFO fs3_daemon::runner: done kind="embed" id=674341 left=28478
2026-08-28T11:01:19.555424Z  INFO fs3_daemon::runner: done kind=summarize subject=docs/plans/058-workunit-editor/workshops/003-code-prompt-editor-component-selection.md::Workshop: Code/Prompt Editor Component Selection::Option Analysis ms=15 left=28478
2026-08-28T11:01:19.566337Z  INFO fs3_daemon::runner: batch kind="embed" subject=1 x smart jobs=1 ms=1
2026-08-28T11:01:19.588364Z  INFO fs3_daemon::runner: done kind="embed" id=674342 left=28477
2026-08-28T11:01:19.673470Z  INFO fs3_daemon::runner: done kind=summarize subject=docs/plans/058-workunit-editor/workshops/003-code-prompt-editor-component-selection.md::Workshop: Code/Prompt Editor Component Selection::TL;DR — Recommendation ms=19 left=28477
2026-08-28T11:01:19.677419Z  INFO fs3_daemon::runner: batch kind="embed" subject=1 x smart jobs=1 ms=3
2026-08-28T11:01:19.690369Z  INFO fs3_daemon::runner: done kind="embed" id=674343 left=28476
2026-08-28T11:01:19.771252Z  INFO fs3_daemon::runner: batch kind="embed" subject=1 x smart jobs=1 ms=0
2026-08-28T11:01:19.775780Z  INFO fs3_daemon::runner: done kind=summarize subject=docs/plans/058-workunit-editor/workshops/003-code-prompt-editor-component-selection.md::Workshop: Code/Prompt Editor Component Selection::Key Questions Addressed ms=20 left=28476
2026-08-28T11:01:19.780601Z  INFO fs3_daemon::runner: done kind="embed" id=674344 left=28475
2026-08-28T11:01:19.859500Z  INFO fs3_daemon::runner: done kind=summarize subject=docs/plans/058-workunit-editor/workshops/003-code-prompt-editor-component-selection.md::Workshop: Code/Prompt Editor Component Selection ms=16 left=28475
2026-08-28T11:01:19.863164Z  INFO fs3_daemon::runner: batch kind="embed" subject=1 x smart jobs=1 ms=1
2026-08-28T11:01:19.872546Z  INFO fs3_daemon::runner: done kind="embed" id=674345 left=28474
2026-08-28T11:01:19.956106Z  INFO fs3_daemon::runner: done kind=summarize subject=docs/plans/058-workunit-editor/workshops/002-editor-ux-flow-navigation.md::Workshop: Editor UX Flow & Navigation::Quick Reference::New Components ms=19 left=28474
2026-08-28T11:01:19.961169Z  INFO fs3_daemon::runner: batch kind="embed" subject=1 x smart jobs=1 ms=0
2026-08-28T11:01:19.973236Z  INFO fs3_daemon::runner: done kind="embed" id=674346 left=28473
2026-08-28T11:01:20.071521Z  INFO fs3_daemon::runner: batch kind="embed" subject=1 x smart jobs=1 ms=1
2026-08-28T11:01:20.072582Z  INFO fs3_daemon::runner: done kind=summarize subject=docs/plans/058-workunit-editor/workshops/002-editor-ux-flow-navigation.md::Workshop: Editor UX Flow & Navigation::Quick Reference ms=22 left=28473
2026-08-28T11:01:20.089977Z  INFO fs3_daemon::runner: done kind="embed" id=674347 left=28472
2026-08-28T11:01:20.198260Z  INFO fs3_daemon::runner: done kind=summarize subject=docs/plans/058-workunit-editor/workshops/002-editor-ux-flow-navigation.md::Workshop: Editor UX Flow & Navigation::Open Questions ms=17 left=28472
2026-08-28T11:01:20.207450Z  INFO fs3_daemon::runner: batch kind="embed" subject=1 x smart jobs=1 ms=0
2026-08-28T11:01:20.222545Z  INFO fs3_daemon::runner: done kind="embed" id=674348 left=28471
2026-08-28T11:01:20.314571Z  INFO fs3_daemon::runner: done kind=summarize subject=docs/plans/058-workunit-editor/workshops/002-editor-ux-flow-navigation.md::Workshop: Editor UX Flow & Navigation::Error States::SSE Integration ms=17 left=28471
2026-08-28T11:01:20.319216Z  INFO fs3_daemon::runner: batch kind="embed" subject=1 x smart jobs=1 ms=0
2026-08-28T11:01:20.332608Z  INFO fs3_daemon::runner: done kind="embed" id=674349 left=28470
2026-08-28T11:01:20.414349Z  INFO fs3_daemon::runner: done kind=summarize subject=docs/plans/058-workunit-editor/workshops/002-editor-ux-flow-navigation.md::Workshop: Editor UX Flow & Navigation::Error States ms=15 left=28470
2026-08-28T11:01:20.419047Z  INFO fs3_daemon::runner: batch kind="embed" subject=1 x smart jobs=1 ms=0
2026-08-28T11:01:20.432425Z  INFO fs3_daemon::runner: done kind="embed" id=674350 left=28469
2026-08-28T11:01:20.517038Z  INFO fs3_daemon::runner: done kind=summarize subject=docs/plans/058-workunit-editor/workshops/002-editor-ux-flow-navigation.md::Workshop: Editor UX Flow & Navigation::File Structure ms=12 left=28469
2026-08-28T11:01:20.523698Z  INFO fs3_daemon::runner: batch kind="embed" subject=1 x smart jobs=1 ms=0
2026-08-28T11:01:20.535424Z  INFO fs3_daemon::runner: done kind="embed" id=674351 left=28468
2026-08-28T11:01:20.620923Z  INFO fs3_daemon::runner: done kind=summarize subject=docs/plans/058-workunit-editor/workshops/002-editor-ux-flow-navigation.md::Workshop: Editor UX Flow & Navigation::Responsive Behavior ms=11 left=28468
2026-08-28T11:01:20.626995Z  INFO fs3_daemon::runner: batch kind="embed" subject=1 x smart jobs=1 ms=0
2026-08-28T11:01:20.637894Z  INFO fs3_daemon::runner: done kind="embed" id=674352 left=28467
2026-08-28T11:01:20.722545Z  INFO fs3_daemon::runner: done kind=summarize subject=docs/plans/058-workunit-editor/workshops/002-editor-ux-flow-navigation.md::Workshop: Editor UX Flow & Navigation::Integration with Workflow Canvas Toolbox::Toolbox Enhancement (Minimal) ms=13 left=28467
2026-08-28T11:01:20.725024Z  INFO fs3_daemon::runner: batch kind="embed" subject=1 x smart jobs=1 ms=0
2026-08-28T11:01:20.746219Z  INFO fs3_daemon::runner: done kind="embed" id=674353 left=28466
2026-08-28T11:01:20.839115Z  INFO fs3_daemon::runner: done kind=summarize subject=docs/plans/058-workunit-editor/workshops/002-editor-ux-flow-navigation.md::Workshop: Editor UX Flow & Navigation::Integration with Workflow Canvas Toolbox ms=15 left=28466
2026-08-28T11:01:20.848119Z  INFO fs3_daemon::runner: batch kind="embed" subject=1 x smart jobs=1 ms=0
2026-08-28T11:01:20.862301Z  INFO fs3_daemon::runner: done kind="embed" id=674354 left=28465
2026-08-28T11:01:20.940616Z  INFO fs3_daemon::runner: done kind=summarize subject=docs/plans/058-workunit-editor/workshops/002-editor-ux-flow-navigation.md::Workshop: Editor UX Flow & Navigation::Navigation State & URL Design::Breadcrumb Structure ms=12 left=28465
2026-08-28T11:01:20.948154Z  INFO fs3_daemon::runner: batch kind="embed" subject=1 x smart jobs=1 ms=0
2026-08-28T11:01:20.960634Z  INFO fs3_daemon::runner: done kind="embed" id=674355 left=28464
2026-08-28T11:01:21.044953Z  INFO fs3_daemon::runner: done kind=summarize subject=docs/plans/058-workunit-editor/workshops/002-editor-ux-flow-navigation.md::Workshop: Editor UX Flow & Navigation::Navigation State & URL Design ms=19 left=28464
2026-08-28T11:01:21.046292Z  INFO fs3_daemon::runner: batch kind="embed" subject=1 x smart jobs=1 ms=0
2026-08-28T11:01:21.063074Z  INFO fs3_daemon::runner: done kind="embed" id=674356 left=28463
2026-08-28T11:01:21.165305Z  INFO fs3_daemon::runner: done kind=summarize subject=docs/plans/058-workunit-editor/workshops/002-editor-ux-flow-navigation.md::Workshop: Editor UX Flow & Navigation::State Diagram: Editor Page States::Auto-Save Behavior ms=18 left=28463
2026-08-28T11:01:21.170537Z  INFO fs3_daemon::runner: batch kind="embed" subject=1 x smart jobs=1 ms=0
2026-08-28T11:01:21.190134Z  INFO fs3_daemon::runner: done kind="embed" id=674357 left=28462
2026-08-28T11:01:21.282253Z  INFO fs3_daemon::runner: done kind=summarize subject=docs/plans/058-workunit-editor/workshops/002-editor-ux-flow-navigation.md::Workshop: Editor UX Flow & Navigation::State Diagram: Editor Page States ms=21 left=28462
2026-08-28T11:01:21.282691Z  INFO fs3_daemon::runner: batch kind="embed" subject=1 x smart jobs=1 ms=0
2026-08-28T11:01:21.298559Z  INFO fs3_daemon::runner: done kind="embed" id=674358 left=28461
2026-08-28T11:01:21.402726Z  INFO fs3_daemon::runner: done kind=summarize subject=docs/plans/058-workunit-editor/workshops/002-editor-ux-flow-navigation.md::Workshop: Editor UX Flow & Navigation::Right Panel: Configuration Sidebar::Input/Output Editor Interaction ms=26 left=28461
2026-08-28T11:01:21.406474Z  INFO fs3_daemon::runner: batch kind="embed" subject=1 x smart jobs=1 ms=0
2026-08-28T11:01:21.420909Z  INFO fs3_daemon::runner: done kind="embed" id=674359 left=28460
2026-08-28T11:01:21.508273Z  INFO fs3_daemon::runner: done kind=summarize subject=docs/plans/058-workunit-editor/workshops/002-editor-ux-flow-navigation.md::Workshop: Editor UX Flow & Navigation::Right Panel: Configuration Sidebar ms=20 left=28460
2026-08-28T11:01:21.510202Z  INFO fs3_daemon::runner: batch kind="embed" subject=1 x smart jobs=1 ms=0
2026-08-28T11:01:21.522420Z  INFO fs3_daemon::runner: done kind="embed" id=674360 left=28459
2026-08-28T11:01:21.612084Z  INFO fs3_daemon::runner: batch kind="embed" subject=1 x smart jobs=1 ms=0
2026-08-28T11:01:21.612157Z  INFO fs3_daemon::runner: done kind=summarize subject=docs/plans/058-workunit-editor/workshops/002-editor-ux-flow-navigation.md::Workshop: Editor UX Flow & Navigation::Type-Specific Editor Views::Tab Component Pattern ms=16 left=28459
2026-08-28T11:01:21.626754Z  INFO fs3_daemon::runner: done kind="embed" id=674361 left=28458
2026-08-28T11:01:21.729174Z  INFO fs3_daemon::runner: done kind=summarize subject=docs/plans/058-workunit-editor/workshops/002-editor-ux-flow-navigation.md::Workshop: Editor UX Flow & Navigation::Type-Specific Editor Views::Human Input Unit Editor ms=20 left=28458
2026-08-28T11:01:21.736632Z  INFO fs3_daemon::runner: batch kind="embed" subject=1 x smart jobs=1 ms=2
2026-08-28T11:01:21.755535Z  INFO fs3_daemon::runner: done kind="embed" id=674362 left=28457
2026-08-28T11:01:21.888906Z  INFO fs3_daemon::runner: batch kind="embed" subject=1 x smart jobs=1 ms=0
2026-08-28T11:01:21.920640Z  INFO fs3_daemon::runner: done kind=summarize subject=docs/plans/058-workunit-editor/workshops/002-editor-ux-flow-navigation.md::Workshop: Editor UX Flow & Navigation::Type-Specific Editor Views::Code Unit Editor ms=80 left=28457
2026-08-28T11:01:21.944635Z  INFO fs3_daemon::runner: done kind="embed" id=674363 left=28456
2026-08-28T11:01:22.069326Z  INFO fs3_daemon::runner: batch kind="embed" subject=1 x smart jobs=1 ms=0
2026-08-28T11:01:22.103249Z  INFO fs3_daemon::runner: done kind=summarize subject=docs/plans/058-workunit-editor/workshops/002-editor-ux-flow-navigation.md::Workshop: Editor UX Flow & Navigation::Type-Specific Editor Views::Agent Unit Editor ms=68 left=28456
2026-08-28T11:01:22.134082Z  INFO fs3_daemon::runner: done kind="embed" id=674364 left=28455
2026-08-28T11:01:22.227692Z  INFO fs3_daemon::runner: batch kind="embed" subject=1 x smart jobs=1 ms=0
2026-08-28T11:01:22.233758Z  INFO fs3_daemon::runner: done kind=summarize subject=docs/plans/058-workunit-editor/workshops/002-editor-ux-flow-navigation.md::Workshop: Editor UX Flow & Navigation::Type-Specific Editor Views ms=23 left=28455
2026-08-28T11:01:22.241753Z  INFO fs3_daemon::runner: done kind="embed" id=674365 left=28454
2026-08-28T11:01:22.334590Z  INFO fs3_daemon::runner: done kind=summarize subject=docs/plans/058-workunit-editor/workshops/002-editor-ux-flow-navigation.md::Workshop: Editor UX Flow & Navigation::Editor Layout (The Core)::Layout Implementation ms=21 left=28454
2026-08-28T11:01:22.342546Z  INFO fs3_daemon::runner: batch kind="embed" subject=1 x smart jobs=1 ms=0
2026-08-28T11:01:22.364658Z  INFO fs3_daemon::runner: done kind="embed" id=674366 left=28453
2026-08-28T11:01:22.579295Z  INFO fs3_daemon::runner: done kind=summarize subject=docs/plans/058-workunit-editor/workshops/002-editor-ux-flow-navigation.md::Workshop: Editor UX Flow & Navigation::Editor Layout (The Core) ms=86 left=28453
2026-08-28T11:01:22.630189Z  INFO fs3_daemon::runner: batch kind="embed" subject=1 x smart jobs=1 ms=0
2026-08-28T11:01:22.690264Z  INFO fs3_daemon::runner: done kind="embed" id=674367 left=28452
2026-08-28T11:01:22.826180Z  INFO fs3_daemon::runner: batch kind="embed" subject=1 x smart jobs=1 ms=1
2026-08-28T11:01:22.857853Z  INFO fs3_daemon::runner: done kind=summarize subject=docs/plans/058-workunit-editor/workshops/002-editor-ux-flow-navigation.md::Workshop: Editor UX Flow & Navigation::Flow 3: Creating a New Work Unit::Scaffold Content ms=72 left=28452
2026-08-28T11:01:22.881275Z  INFO fs3_daemon::runner: done kind="embed" id=674368 left=28451
2026-08-28T11:01:23.011049Z  INFO fs3_daemon::runner: batch kind="embed" subject=1 x smart jobs=1 ms=0
2026-08-28T11:01:23.030424Z  INFO fs3_daemon::runner: done kind=summarize subject=docs/plans/058-workunit-editor/workshops/002-editor-ux-flow-navigation.md::Workshop: Editor UX Flow & Navigation::Flow 3: Creating a New Work Unit::From Work Units list page ms=67 left=28451
2026-08-28T11:01:23.063832Z  INFO fs3_daemon::runner: done kind="embed" id=674369 left=28450
2026-08-28T11:01:23.229021Z  INFO fs3_daemon::runner: progress phase="working" scanned=62578 scan_left=33 summarized=129735 summarize_left=28416 embedded=209481 embed_left=1 failed=0
2026-08-28T11:01:23.262744Z  INFO fs3_daemon::runner: done kind=summarize subject=docs/plans/058-workunit-editor/workshops/002-editor-ux-flow-navigation.md::Workshop: Editor UX Flow & Navigation::Flow 3: Creating a New Work Unit ms=99 left=28450
2026-08-28T11:01:23.281383Z  INFO fs3_daemon::runner: batch kind="embed" subject=2 x smart jobs=2 ms=0
2026-08-28T11:01:23.323296Z  INFO fs3_daemon::runner: done kind="embed" id=674371 left=28449
2026-08-28T11:01:23.428448Z  INFO fs3_daemon::runner: done kind="embed" id=674370 left=28448
2026-08-28T11:01:23.644261Z  INFO fs3_daemon::runner: done kind=summarize subject=docs/plans/058-workunit-editor/workshops/002-editor-ux-flow-navigation.md::Workshop: Editor UX Flow & Navigation::Flow 2: From Workflow Canvas ("Edit Template")::"Edit Template" vs "Edit Properties" ms=123 left=28448
2026-08-28T11:01:23.650379Z  INFO fs3_daemon::runner: batch kind="embed" subject=1 x smart jobs=1 ms=1
2026-08-28T11:01:23.711644Z  INFO fs3_daemon::runner: done kind="embed" id=674372 left=28447
2026-08-28T11:01:23.714311Z  INFO fs3_daemon::runner: done kind=summarize subject=docs/plans/058-workunit-editor/workshops/002-editor-ux-flow-navigation.md::Workshop: Editor UX Flow & Navigation::Flow 2: From Workflow Canvas ("Edit Template")::Return Navigation ms=101 left=28447
2026-08-28T11:01:23.848328Z  INFO fs3_daemon::runner: batch kind="embed" subject=1 x smart jobs=1 ms=5
2026-08-28T11:01:23.905281Z  INFO fs3_daemon::runner: done kind="embed" id=674373 left=28446
2026-08-28T11:01:23.906540Z  INFO fs3_daemon::runner: done kind=summarize subject=docs/plans/058-workunit-editor/workshops/002-editor-ux-flow-navigation.md::Workshop: Editor UX Flow & Navigation::Flow 2: From Workflow Canvas ("Edit Template") ms=100 left=28446
2026-08-28T11:01:24.014751Z  INFO fs3_daemon::runner: done kind=summarize subject=docs/plans/058-workunit-editor/workshops/002-editor-ux-flow-navigation.md::Workshop: Editor UX Flow & Navigation::Flow 1: Direct Navigation (Catalog Browsing)::List Page Actions ms=19 left=28446
2026-08-28T11:01:24.015524Z  INFO fs3_daemon::runner: batch kind="embed" subject=1 x smart jobs=1 ms=0
2026-08-28T11:01:24.027050Z  INFO fs3_daemon::runner: done kind="embed" id=674374 left=28445
2026-08-28T11:01:24.123892Z  INFO fs3_daemon::runner: done kind=summarize subject=docs/plans/058-workunit-editor/workshops/002-editor-ux-flow-navigation.md::Workshop: Editor UX Flow & Navigation::Flow 1: Direct Navigation (Catalog Browsing)::Work Unit List Page — Component Structure ms=16 left=28445
2026-08-28T11:01:24.126112Z  INFO fs3_daemon::runner: batch kind="embed" subject=1 x smart jobs=1 ms=0
2026-08-28T11:01:24.138794Z  INFO fs3_daemon::runner: done kind="embed" id=674375 left=28444
2026-08-28T11:01:24.234260Z  INFO fs3_daemon::runner: done kind=summarize subject=docs/plans/058-workunit-editor/workshops/002-editor-ux-flow-navigation.md::Workshop: Editor UX Flow & Navigation::Flow 1: Direct Navigation (Catalog Browsing) ms=18 left=28444
2026-08-28T11:01:24.239854Z  INFO fs3_daemon::runner: batch kind="embed" subject=1 x smart jobs=1 ms=0
2026-08-28T11:01:24.253052Z  INFO fs3_daemon::runner: done kind="embed" id=674376 left=28443
2026-08-28T11:01:24.356245Z  INFO fs3_daemon::runner: batch kind="embed" subject=1 x smart jobs=1 ms=2
2026-08-28T11:01:24.366578Z  INFO fs3_daemon::runner: done kind=summarize subject=docs/plans/058-workunit-editor/workshops/002-editor-ux-flow-navigation.md::Workshop: Editor UX Flow & Navigation::Navigation Hierarchy::Sidebar Update ms=33 left=28443
2026-08-28T11:01:24.372881Z  INFO fs3_daemon::runner: done kind="embed" id=674377 left=28442
2026-08-28T11:01:24.484335Z  INFO fs3_daemon::runner: done kind=summarize subject=docs/plans/058-workunit-editor/workshops/002-editor-ux-flow-navigation.md::Workshop: Editor UX Flow & Navigation::Navigation Hierarchy ms=24 left=28442
2026-08-28T11:01:24.488425Z  INFO fs3_daemon::runner: batch kind="embed" subject=1 x smart jobs=1 ms=2
2026-08-28T11:01:24.503786Z  INFO fs3_daemon::runner: done kind="embed" id=674378 left=28441
2026-08-28T11:01:24.591980Z  INFO fs3_daemon::runner: done kind=summarize subject=docs/plans/058-workunit-editor/workshops/002-editor-ux-flow-navigation.md::Workshop: Editor UX Flow & Navigation::Decision: Dual-Access Architecture ms=14 left=28441
2026-08-28T11:01:24.598085Z  INFO fs3_daemon::runner: batch kind="embed" subject=1 x smart jobs=1 ms=0
2026-08-28T11:01:24.614266Z  INFO fs3_daemon::runner: done kind="embed" id=674379 left=28440
2026-08-28T11:01:24.698991Z  INFO fs3_daemon::runner: done kind=summarize subject=docs/plans/058-workunit-editor/workshops/002-editor-ux-flow-navigation.md::Workshop: Editor UX Flow & Navigation::Key Questions Addressed ms=16 left=28440
2026-08-28T11:01:24.699787Z  INFO fs3_daemon::runner: batch kind="embed" subject=1 x smart jobs=1 ms=0
2026-08-28T11:01:24.711877Z  INFO fs3_daemon::runner: done kind="embed" id=674380 left=28439
2026-08-28T11:01:24.795424Z  INFO fs3_daemon::runner: done kind=summarize subject=docs/plans/058-workunit-editor/workshops/002-editor-ux-flow-navigation.md::Workshop: Editor UX Flow & Navigation ms=13 left=28439
2026-08-28T11:01:24.800129Z  INFO fs3_daemon::runner: batch kind="embed" subject=1 x smart jobs=1 ms=0
2026-08-28T11:01:24.813262Z  INFO fs3_daemon::runner: done kind="embed" id=674381 left=28438
2026-08-28T11:01:24.910188Z  INFO fs3_daemon::runner: batch kind="embed" subject=1 x smart jobs=1 ms=1
2026-08-28T11:01:24.910742Z  INFO fs3_daemon::runner: done kind=summarize subject=docs/plans/058-workunit-editor/workshops/001-sync-model-and-out-of-sync-indicators.md::Workshop: Sync Model & Change Notification::5. Open Questions ms=25 left=28438
2026-08-28T11:01:24.924219Z  INFO fs3_daemon::runner: done kind="embed" id=674382 left=28437
2026-08-28T11:01:25.019255Z  INFO fs3_daemon::runner: batch kind="embed" subject=1 x smart jobs=1 ms=1
2026-08-28T11:01:25.025592Z  INFO fs3_daemon::runner: done kind=summarize subject=docs/plans/058-workunit-editor/workshops/001-sync-model-and-out-of-sync-indicators.md::Workshop: Sync Model & Change Notification::4. Implementation Sketch ms=28 left=28437
2026-08-28T11:01:25.032372Z  INFO fs3_daemon::runner: done kind="embed" id=674383 left=28436
2026-08-28T11:01:25.110036Z  INFO fs3_daemon::runner: done kind=summarize subject=docs/plans/058-workunit-editor/workshops/001-sync-model-and-out-of-sync-indicators.md::Workshop: Sync Model & Change Notification::3. Edge Cases::Multiple Editors Open ms=11 left=28436
2026-08-28T11:01:25.112176Z  INFO fs3_daemon::runner: batch kind="embed" subject=1 x smart jobs=1 ms=0
2026-08-28T11:01:25.127632Z  INFO fs3_daemon::runner: done kind="embed" id=674384 left=28435
2026-08-28T11:01:25.211421Z  INFO fs3_daemon::runner: done kind=summarize subject=docs/plans/058-workunit-editor/workshops/001-sync-model-and-out-of-sync-indicators.md::Workshop: Sync Model & Change Notification::3. Edge Cases ms=14 left=28435
2026-08-28T11:01:25.215186Z  INFO fs3_daemon::runner: batch kind="embed" subject=1 x smart jobs=1 ms=1
2026-08-28T11:01:25.229478Z  INFO fs3_daemon::runner: done kind="embed" id=674385 left=28434
2026-08-28T11:01:25.316536Z  INFO fs3_daemon::runner: done kind=summarize subject=docs/plans/058-workunit-editor/workshops/001-sync-model-and-out-of-sync-indicators.md::Workshop: Sync Model & Change Notification::2. Change Notification Design::Why This Is Sufficient ms=15 left=28434
2026-08-28T11:01:25.323609Z  INFO fs3_daemon::runner: batch kind="embed" subject=1 x smart jobs=1 ms=1
2026-08-28T11:01:25.339794Z  INFO fs3_daemon::runner: done kind="embed" id=674386 left=28433
2026-08-28T11:01:25.436744Z  INFO fs3_daemon::runner: done kind=summarize subject=docs/plans/058-workunit-editor/workshops/001-sync-model-and-out-of-sync-indicators.md::Workshop: Sync Model & Change Notification::2. Change Notification Design::Solution: Banner Notification via State System::Step 3: Banner Component on Workflow Page ms=21 left=28433
2026-08-28T11:01:25.441808Z  INFO fs3_daemon::runner: batch kind="embed" subject=1 x smart jobs=1 ms=0
2026-08-28T11:01:25.458385Z  INFO fs3_daemon::runner: done kind="embed" id=674387 left=28432
2026-08-28T11:01:25.559288Z  INFO fs3_daemon::runner: done kind=summarize subject=docs/plans/058-workunit-editor/workshops/001-sync-model-and-out-of-sync-indicators.md::Workshop: Sync Model & Change Notification::2. Change Notification Design::Solution: Banner Notification via State System::Step 2: Publish to State System ms=35 left=28432
2026-08-28T11:01:25.563745Z  INFO fs3_daemon::runner: batch kind="embed" subject=1 x smart jobs=1 ms=0
2026-08-28T11:01:25.591926Z  INFO fs3_daemon::runner: done kind="embed" id=674388 left=28431
2026-08-28T11:01:25.684571Z  INFO fs3_daemon::runner: done kind=summarize subject=docs/plans/058-workunit-editor/workshops/001-sync-model-and-out-of-sync-indicators.md::Workshop: Sync Model & Change Notification::2. Change Notification Design::Solution: Banner Notification via State System ms=21 left=28431
2026-08-28T11:01:25.687220Z  INFO fs3_daemon::runner: batch kind="embed" subject=1 x smart jobs=1 ms=0
2026-08-28T11:01:25.701146Z  INFO fs3_daemon::runner: done kind="embed" id=674389 left=28430
2026-08-28T11:01:25.786119Z  INFO fs3_daemon::runner: done kind=summarize subject=docs/plans/058-workunit-editor/workshops/001-sync-model-and-out-of-sync-indicators.md::Workshop: Sync Model & Change Notification::2. Change Notification Design ms=13 left=28430
2026-08-28T11:01:25.797248Z  INFO fs3_daemon::runner: batch kind="embed" subject=1 x smart jobs=1 ms=1
2026-08-28T11:01:25.813276Z  INFO fs3_daemon::runner: done kind="embed" id=674390 left=28429
2026-08-28T11:01:25.899633Z  INFO fs3_daemon::runner: done kind=summarize subject=docs/plans/058-workunit-editor/workshops/001-sync-model-and-out-of-sync-indicators.md::Workshop: Sync Model & Change Notification::1. The Data Model Reality::What This Eliminates ms=13 left=28429
2026-08-28T11:01:25.907510Z  INFO fs3_daemon::runner: batch kind="embed" subject=1 x smart jobs=1 ms=1
2026-08-28T11:01:25.919294Z  INFO fs3_daemon::runner: done kind="embed" id=674391 left=28428
2026-08-28T11:01:26.013484Z  INFO fs3_daemon::runner: batch kind="embed" subject=1 x smart jobs=1 ms=0
2026-08-28T11:01:26.014630Z  INFO fs3_daemon::runner: done kind=summarize subject=docs/plans/058-workunit-editor/workshops/001-sync-model-and-out-of-sync-indicators.md::Workshop: Sync Model & Change Notification::1. The Data Model Reality::Key Insight: No Local Copies Exist ms=18 left=28428
2026-08-28T11:01:26.026026Z  INFO fs3_daemon::runner: done kind="embed" id=674392 left=28427
2026-08-28T11:01:26.113400Z  INFO fs3_daemon::runner: done kind=summarize subject=docs/plans/058-workunit-editor/workshops/001-sync-model-and-out-of-sync-indicators.md::Workshop: Sync Model & Change Notification::1. The Data Model Reality::Confirmed Storage Layout ms=11 left=28427
2026-08-28T11:01:26.121147Z  INFO fs3_daemon::runner: batch kind="embed" subject=1 x smart jobs=1 ms=1
2026-08-28T11:01:26.135951Z  INFO fs3_daemon::runner: done kind="embed" id=674393 left=28426
2026-08-28T11:01:26.279783Z  INFO fs3_daemon::runner: done kind=summarize subject=docs/plans/058-workunit-editor/workshops/001-sync-model-and-out-of-sync-indicators.md::Workshop: Sync Model & Change Notification::1. The Data Model Reality ms=38 left=28426
2026-08-28T11:01:26.284307Z  INFO fs3_daemon::runner: batch kind="embed" subject=1 x smart jobs=1 ms=1
2026-08-28T11:01:26.310189Z  INFO fs3_daemon::runner: done kind="embed" id=674394 left=28425
2026-08-28T11:01:26.415789Z  INFO fs3_daemon::runner: batch kind="embed" subject=1 x smart jobs=1 ms=1
2026-08-28T11:01:26.419423Z  INFO fs3_daemon::runner: done kind=summarize subject=docs/plans/058-workunit-editor/workshops/001-sync-model-and-out-of-sync-indicators.md::Workshop: Sync Model & Change Notification ms=30 left=28425
2026-08-28T11:01:26.431686Z  INFO fs3_daemon::runner: done kind="embed" id=674395 left=28424
2026-08-28T11:01:26.533077Z  INFO fs3_daemon::runner: done kind=summarize subject=docs/plans/058-workunit-editor/tasks/phase-5-polish-end-to-end-verification/tasks.md::Phase 5: Polish & End-to-End Verification — Tasks::Directory Layout ms=29 left=28424
2026-08-28T11:01:26.535297Z  INFO fs3_daemon::runner: batch kind="embed" subject=1 x smart jobs=1 ms=0
2026-08-28T11:01:26.556733Z  INFO fs3_daemon::runner: done kind="embed" id=674396 left=28423
2026-08-28T11:01:26.652304Z  INFO fs3_daemon::runner: batch kind="embed" subject=1 x smart jobs=1 ms=2
2026-08-28T11:01:26.657564Z  INFO fs3_daemon::runner: done kind=summarize subject=docs/plans/058-workunit-editor/tasks/phase-5-polish-end-to-end-verification/tasks.md::Phase 5: Polish & End-to-End Verification — Tasks::Discoveries & Learnings ms=21 left=28423
2026-08-28T11:01:26.677653Z  INFO fs3_daemon::runner: done kind="embed" id=674397 left=28422
2026-08-28T11:01:26.779702Z  INFO fs3_daemon::runner: batch kind="embed" subject=1 x smart jobs=1 ms=0
2026-08-28T11:01:26.783268Z  INFO fs3_daemon::runner: done kind=summarize subject=docs/plans/058-workunit-editor/tasks/phase-5-polish-end-to-end-verification/tasks.md::Phase 5: Polish & End-to-End Verification — Tasks::Context Brief ms=25 left=28422
2026-08-28T11:01:26.790679Z  INFO fs3_daemon::runner: done kind="embed" id=674398 left=28421
2026-08-28T11:01:26.883799Z  INFO fs3_daemon::runner: done kind=summarize subject=docs/plans/058-workunit-editor/tasks/phase-5-polish-end-to-end-verification/tasks.md::Phase 5: Polish & End-to-End Verification — Tasks::Tasks ms=15 left=28421
2026-08-28T11:01:26.886191Z  INFO fs3_daemon::runner: batch kind="embed" subject=1 x smart jobs=1 ms=1
2026-08-28T11:01:26.896842Z  INFO fs3_daemon::runner: done kind="embed" id=674399 left=28420
2026-08-28T11:01:26.999063Z  INFO fs3_daemon::runner: done kind=summarize subject=docs/plans/058-workunit-editor/tasks/phase-5-polish-end-to-end-verification/tasks.md::Phase 5: Polish & End-to-End Verification — Tasks::Architecture Map ms=32 left=28420
2026-08-28T11:01:27.005416Z  INFO fs3_daemon::runner: batch kind="embed" subject=1 x smart jobs=1 ms=3
2026-08-28T11:01:27.055141Z  INFO fs3_daemon::runner: done kind="embed" id=674400 left=28419
2026-08-28T11:01:27.330089Z  INFO fs3_daemon::runner: batch kind="embed" subject=1 x smart jobs=1 ms=0
2026-08-28T11:01:27.365175Z  INFO fs3_daemon::runner: done kind=summarize subject=docs/plans/058-workunit-editor/tasks/phase-5-polish-end-to-end-verification/tasks.md::Phase 5: Polish & End-to-End Verification — Tasks::Pre-Implementation Check ms=70 left=28418
2026-08-28T11:01:27.365246Z  INFO fs3_daemon::runner: done kind="embed" id=674401 left=28419
2026-08-28T11:01:27.462943Z  INFO fs3_daemon::runner: done kind=summarize subject=docs/plans/058-workunit-editor/tasks/phase-5-polish-end-to-end-verification/tasks.md::Phase 5: Polish & End-to-End Verification — Tasks::Prior Phase Context::Phase 4: Change Notifications & Workflow Integration ms=21 left=28418
2026-08-28T11:01:27.464270Z  INFO fs3_daemon::runner: batch kind="embed" subject=1 x smart jobs=1 ms=1
2026-08-28T11:01:27.481711Z  INFO fs3_daemon::runner: done kind="embed" id=674402 left=28417
2026-08-28T11:01:27.576751Z  INFO fs3_daemon::runner: batch kind="embed" subject=1 x smart jobs=1 ms=0
2026-08-28T11:01:27.586017Z  INFO fs3_daemon::runner: done kind=summarize subject=docs/plans/058-workunit-editor/tasks/phase-5-polish-end-to-end-verification/tasks.md::Phase 5: Polish & End-to-End Verification — Tasks::Prior Phase Context::Phase 3: Inputs/Outputs Configuration ms=30 left=28417
2026-08-28T11:01:27.589744Z  INFO fs3_daemon::runner: done kind="embed" id=674403 left=28416
2026-08-28T11:01:27.713274Z  INFO fs3_daemon::runner: batch kind="embed" subject=1 x smart jobs=1 ms=1
2026-08-28T11:01:27.728353Z  INFO fs3_daemon::runner: done kind=summarize subject=docs/plans/058-workunit-editor/tasks/phase-5-polish-end-to-end-verification/tasks.md::Phase 5: Polish & End-to-End Verification — Tasks::Prior Phase Context::Phase 2: Editor Page ms=55 left=28416
2026-08-28T11:01:27.740997Z  INFO fs3_daemon::runner: done kind="embed" id=674404 left=28415
2026-08-28T11:01:27.883784Z  INFO fs3_daemon::runner: batch kind="embed" subject=1 x smart jobs=1 ms=0
2026-08-28T11:01:27.943584Z  INFO fs3_daemon::runner: done kind="embed" id=674405 left=28414
2026-08-28T11:01:27.945013Z  INFO fs3_daemon::runner: done kind=summarize subject=docs/plans/058-workunit-editor/tasks/phase-5-polish-end-to-end-verification/tasks.md::Phase 5: Polish & End-to-End Verification — Tasks::Prior Phase Context::Phase 1: Service Layer ms=109 left=28414
2026-08-28T11:01:28.062166Z  INFO fs3_daemon::runner: batch kind="embed" subject=1 x smart jobs=1 ms=0
2026-08-28T11:01:28.092749Z  INFO fs3_daemon::runner: done kind=summarize subject=docs/plans/058-workunit-editor/tasks/phase-5-polish-end-to-end-verification/tasks.md::Phase 5: Polish & End-to-End Verification — Tasks::Prior Phase Context ms=66 left=28414
2026-08-28T11:01:28.131637Z  INFO fs3_daemon::runner: done kind="embed" id=674406 left=28413
2026-08-28T11:01:28.263439Z  INFO fs3_daemon::runner: batch kind="embed" subject=1 x smart jobs=1 ms=3
2026-08-28T11:01:28.292049Z  INFO fs3_daemon::runner: done kind=summarize subject=docs/plans/058-workunit-editor/tasks/phase-5-polish-end-to-end-verification/tasks.md::Phase 5: Polish & End-to-End Verification — Tasks ms=79 left=28412
2026-08-28T11:01:28.292837Z  INFO fs3_daemon::runner: done kind="embed" id=674407 left=28412
2026-08-28T11:01:28.473794Z  INFO fs3_daemon::runner: progress phase="working" scanned=62578 scan_left=33 summarized=129773 summarize_left=28378 embedded=209519 embed_left=1 failed=0
2026-08-28T11:01:28.489916Z  INFO fs3_daemon::runner: done kind=summarize subject=docs/plans/058-workunit-editor/tasks/phase-5-polish-end-to-end-verification/tasks.fltplan.md::Flight Plan: Phase 5 — Polish & End-to-End Verification::Goals & Non-Goals ms=80 left=28412
2026-08-28T11:01:28.515724Z  INFO fs3_daemon::runner: batch kind="embed" subject=2 x smart jobs=2 ms=0
2026-08-28T11:01:28.565502Z  INFO fs3_daemon::runner: done kind="embed" id=674408 left=28411
2026-08-28T11:01:28.673467Z  INFO fs3_daemon::runner: done kind="embed" id=674409 left=28410
2026-08-28T11:01:28.865327Z  INFO fs3_daemon::runner: batch kind="embed" subject=1 x smart jobs=1 ms=1
2026-08-28T11:01:28.871760Z  INFO fs3_daemon::runner: done kind=summarize subject=docs/plans/058-workunit-editor/tasks/phase-5-polish-end-to-end-verification/tasks.fltplan.md::Flight Plan: Phase 5 — Polish & End-to-End Verification::Architecture: Before & After ms=103 left=28411
2026-08-28T11:01:28.897061Z  INFO fs3_daemon::runner: done kind="embed" id=674410 left=28409
2026-08-28T11:01:28.899645Z  INFO fs3_daemon::runner: done kind=summarize subject=docs/plans/058-workunit-editor/tasks/phase-5-polish-end-to-end-verification/tasks.fltplan.md::Flight Plan: Phase 5 — Polish & End-to-End Verification::Stages ms=80 left=28409
2026-08-28T11:01:29.005940Z  INFO fs3_daemon::runner: done kind=summarize subject=docs/plans/058-workunit-editor/tasks/phase-5-polish-end-to-end-verification/tasks.fltplan.md::Flight Plan: Phase 5 — Polish & End-to-End Verification::Flight Status ms=18 left=28409
2026-08-28T11:01:29.010230Z  INFO fs3_daemon::runner: batch kind="embed" subject=1 x smart jobs=1 ms=0
2026-08-28T11:01:29.024538Z  INFO fs3_daemon::runner: done kind="embed" id=674411 left=28408
2026-08-28T11:01:29.114283Z  INFO fs3_daemon::runner: done kind=summarize subject=docs/plans/058-workunit-editor/tasks/phase-5-polish-end-to-end-verification/tasks.fltplan.md::Flight Plan: Phase 5 — Polish & End-to-End Verification::Domain Context::Domains We Depend On (no changes) ms=15 left=28408
2026-08-28T11:01:29.129338Z  INFO fs3_daemon::runner: batch kind="embed" subject=1 x smart jobs=1 ms=0
2026-08-28T11:01:29.142848Z  INFO fs3_daemon::runner: done kind="embed" id=674412 left=28407
2026-08-28T11:01:29.231383Z  INFO fs3_daemon::runner: done kind=summarize subject=docs/plans/058-workunit-editor/tasks/phase-5-polish-end-to-end-verification/tasks.fltplan.md::Flight Plan: Phase 5 — Polish & End-to-End Verification::Domain Context ms=17 left=28407
2026-08-28T11:01:29.234915Z  INFO fs3_daemon::runner: batch kind="embed" subject=1 x smart jobs=1 ms=1
2026-08-28T11:01:29.249030Z  INFO fs3_daemon::runner: done kind="embed" id=674413 left=28406
2026-08-28T11:01:29.332487Z  INFO fs3_daemon::runner: done kind=summarize subject=docs/plans/058-workunit-editor/tasks/phase-5-polish-end-to-end-verification/tasks.fltplan.md::Flight Plan: Phase 5 — Polish & End-to-End Verification ms=18 left=28406
2026-08-28T11:01:29.333163Z  INFO fs3_daemon::runner: batch kind="embed" subject=1 x smart jobs=1 ms=0
2026-08-28T11:01:29.343574Z  INFO fs3_daemon::runner: done kind="embed" id=674414 left=28405
2026-08-28T11:01:29.425449Z  INFO fs3_daemon::runner: done kind=summarize subject=docs/plans/058-workunit-editor/tasks/phase-5-polish-end-to-end-verification/execution.log.md::Phase 5: Polish & End-to-End Verification — Execution Log::T005: File-browser CodeEditor regression check ms=14 left=28405
2026-08-28T11:01:29.430568Z  INFO fs3_daemon::runner: batch kind="embed" subject=1 x smart jobs=1 ms=0
2026-08-28T11:01:29.441759Z  INFO fs3_daemon::runner: done kind="embed" id=674415 left=28404
2026-08-28T11:01:29.525806Z  INFO fs3_daemon::runner: done kind=summarize subject=docs/plans/058-workunit-editor/tasks/phase-5-polish-end-to-end-verification/execution.log.md::Phase 5: Polish & End-to-End Verification — Execution Log::T004: Run `just fft` — zero failures ms=15 left=28404
2026-08-28T11:01:29.529882Z  INFO fs3_daemon::runner: batch kind="embed" subject=1 x smart jobs=1 ms=0
2026-08-28T11:01:29.545323Z  INFO fs3_daemon::runner: done kind="embed" id=674416 left=28403
2026-08-28T11:01:29.633743Z  INFO fs3_daemon::runner: batch kind="embed" subject=1 x smart jobs=1 ms=0
2026-08-28T11:01:29.634985Z  INFO fs3_daemon::runner: done kind=summarize subject=docs/plans/058-workunit-editor/tasks/phase-5-polish-end-to-end-verification/execution.log.md::Phase 5: Polish & End-to-End Verification — Execution Log::T003: End-to-end walkthrough ms=19 left=28403
2026-08-28T11:01:29.645201Z  INFO fs3_daemon::runner: done kind="embed" id=674417 left=28402
2026-08-28T11:01:29.728693Z  INFO fs3_daemon::runner: done kind=summarize subject=docs/plans/058-workunit-editor/tasks/phase-5-polish-end-to-end-verification/execution.log.md::Phase 5: Polish & End-to-End Verification — Execution Log::T002: Update plan AC checklist ms=13 left=28402
2026-08-28T11:01:29.735414Z  INFO fs3_daemon::runner: batch kind="embed" subject=1 x smart jobs=1 ms=0
2026-08-28T11:01:29.748043Z  INFO fs3_daemon::runner: done kind="embed" id=674418 left=28401
2026-08-28T11:01:29.831986Z  INFO fs3_daemon::runner: done kind=summarize subject=docs/plans/058-workunit-editor/tasks/phase-5-polish-end-to-end-verification/execution.log.md::Phase 5: Polish & End-to-End Verification — Execution Log::T001: Extend doping script with work unit CRUD scenarios ms=16 left=28401
2026-08-28T11:01:29.834213Z  INFO fs3_daemon::runner: batch kind="embed" subject=1 x smart jobs=1 ms=0
2026-08-28T11:01:29.843822Z  INFO fs3_daemon::runner: done kind="embed" id=674419 left=28400
2026-08-28T11:01:29.932841Z  INFO fs3_daemon::runner: done kind=summarize subject=docs/plans/058-workunit-editor/tasks/phase-4-change-notifications-workflow-integration/tasks.md::Phase 4: Change Notifications & Workflow Integration — Tasks & Context Brief::Directory Layout ms=18 left=28400
2026-08-28T11:01:29.936027Z  INFO fs3_daemon::runner: batch kind="embed" subject=1 x smart jobs=1 ms=0
2026-08-28T11:01:29.948116Z  INFO fs3_daemon::runner: done kind="embed" id=674420 left=28399
2026-08-28T11:01:30.032428Z  INFO fs3_daemon::runner: done kind=summarize subject=docs/plans/058-workunit-editor/tasks/phase-5-polish-end-to-end-verification/execution.log.md::Phase 5: Polish & End-to-End Verification — Execution Log ms=14 left=28399
2026-08-28T11:01:30.041751Z  INFO fs3_daemon::runner: batch kind="embed" subject=1 x smart jobs=1 ms=0
2026-08-28T11:01:30.059448Z  INFO fs3_daemon::runner: done kind="embed" id=674421 left=28398
2026-08-28T11:01:30.152385Z  INFO fs3_daemon::runner: batch kind="embed" subject=1 x smart jobs=1 ms=1
2026-08-28T11:01:30.155127Z  INFO fs3_daemon::runner: done kind=summarize subject=docs/plans/058-workunit-editor/tasks/phase-4-change-notifications-workflow-integration/tasks.md::Phase 4: Change Notifications & Workflow Integration — Tasks & Context Brief::Discoveries & Learnings ms=21 left=28398
2026-08-28T11:01:30.165256Z  INFO fs3_daemon::runner: done kind="embed" id=674422 left=28397
2026-08-28T11:01:30.253572Z  INFO fs3_daemon::runner: done kind=summarize subject=docs/plans/058-workunit-editor/tasks/phase-4-change-notifications-workflow-integration/tasks.md::Phase 4: Change Notifications & Workflow Integration — Tasks & Context Brief::Context Brief::Sequence: Edit Template → Edit → Return ms=21 left=28397
2026-08-28T11:01:30.255577Z  INFO fs3_daemon::runner: batch kind="embed" subject=1 x smart jobs=1 ms=1
2026-08-28T11:01:30.266487Z  INFO fs3_daemon::runner: done kind="embed" id=674423 left=28396
2026-08-28T11:01:30.349783Z  INFO fs3_daemon::runner: done kind=summarize subject=docs/plans/058-workunit-editor/tasks/phase-4-change-notifications-workflow-integration/tasks.md::Phase 4: Change Notifications & Workflow Integration — Tasks & Context Brief::Context Brief::Flow: File Change → Banner → Refresh ms=18 left=28396
2026-08-28T11:01:30.350474Z  INFO fs3_daemon::runner: batch kind="embed" subject=1 x smart jobs=1 ms=0
2026-08-28T11:01:30.361259Z  INFO fs3_daemon::runner: done kind="embed" id=674424 left=28395
2026-08-28T11:01:30.447293Z  INFO fs3_daemon::runner: done kind=summarize subject=docs/plans/058-workunit-editor/tasks/phase-4-change-notifications-workflow-integration/tasks.md::Phase 4: Change Notifications & Workflow Integration — Tasks & Context Brief::Context Brief::Domain Dependencies ms=17 left=28395
2026-08-28T11:01:30.448418Z  INFO fs3_daemon::runner: batch kind="embed" subject=1 x smart jobs=1 ms=0
2026-08-28T11:01:30.460712Z  INFO fs3_daemon::runner: done kind="embed" id=674425 left=28394
2026-08-28T11:01:30.539017Z  INFO fs3_daemon::runner: done kind=summarize subject=docs/plans/058-workunit-editor/tasks/phase-4-change-notifications-workflow-integration/tasks.md::Phase 4: Change Notifications & Workflow Integration — Tasks & Context Brief::Context Brief ms=12 left=28394
2026-08-28T11:01:30.543722Z  INFO fs3_daemon::runner: batch kind="embed" subject=1 x smart jobs=1 ms=0
2026-08-28T11:01:30.555262Z  INFO fs3_daemon::runner: done kind="embed" id=674426 left=28393
2026-08-28T11:01:30.639779Z  INFO fs3_daemon::runner: done kind=summarize subject=docs/plans/058-workunit-editor/tasks/phase-4-change-notifications-workflow-integration/tasks.md::Phase 4: Change Notifications & Workflow Integration — Tasks & Context Brief::Tasks ms=14 left=28393
2026-08-28T11:01:30.642485Z  INFO fs3_daemon::runner: batch kind="embed" subject=1 x smart jobs=1 ms=1
2026-08-28T11:01:30.654088Z  INFO fs3_daemon::runner: done kind="embed" id=674427 left=28392
2026-08-28T11:01:30.734991Z  INFO fs3_daemon::runner: done kind=summarize subject=docs/plans/058-workunit-editor/tasks/phase-4-change-notifications-workflow-integration/tasks.md::Phase 4: Change Notifications & Workflow Integration — Tasks & Context Brief::Architecture Map ms=13 left=28392
2026-08-28T11:01:30.742166Z  INFO fs3_daemon::runner: batch kind="embed" subject=1 x smart jobs=1 ms=0
2026-08-28T11:01:30.752571Z  INFO fs3_daemon::runner: done kind="embed" id=674428 left=28391
2026-08-28T11:01:30.843135Z  INFO fs3_daemon::runner: done kind=summarize subject=docs/plans/058-workunit-editor/tasks/phase-4-change-notifications-workflow-integration/tasks.md::Phase 4: Change Notifications & Workflow Integration — Tasks & Context Brief::Pre-Implementation Check ms=19 left=28391
2026-08-28T11:01:30.844490Z  INFO fs3_daemon::runner: batch kind="embed" subject=1 x smart jobs=1 ms=0
2026-08-28T11:01:30.861588Z  INFO fs3_daemon::runner: done kind="embed" id=674429 left=28390
2026-08-28T11:01:30.941123Z  INFO fs3_daemon::runner: done kind=summarize subject=docs/plans/058-workunit-editor/tasks/phase-4-change-notifications-workflow-integration/tasks.md::Phase 4: Change Notifications & Workflow Integration — Tasks & Context Brief::Prior Phase Context::Phase 3: Inputs/Outputs Configuration (✅ Complete) ms=11 left=28390
2026-08-28T11:01:30.949607Z  INFO fs3_daemon::runner: batch kind="embed" subject=1 x smart jobs=1 ms=0
2026-08-28T11:01:30.966651Z  INFO fs3_daemon::runner: done kind="embed" id=674430 left=28389
2026-08-28T11:01:31.046236Z  INFO fs3_daemon::runner: done kind=summarize subject=docs/plans/058-workunit-editor/tasks/phase-4-change-notifications-workflow-integration/tasks.md::Phase 4: Change Notifications & Workflow Integration — Tasks & Context Brief::Prior Phase Context::Phase 2: Editor Page (✅ Complete) ms=12 left=28389
2026-08-28T11:01:31.050195Z  INFO fs3_daemon::runner: batch kind="embed" subject=1 x smart jobs=1 ms=0
2026-08-28T11:01:31.060538Z  INFO fs3_daemon::runner: done kind="embed" id=674431 left=28388
2026-08-28T11:01:31.140511Z  INFO fs3_daemon::runner: done kind=summarize subject=docs/plans/058-workunit-editor/tasks/phase-4-change-notifications-workflow-integration/tasks.md::Phase 4: Change Notifications & Workflow Integration — Tasks & Context Brief::Prior Phase Context::Phase 1: Service Layer (✅ Complete) ms=15 left=28388
2026-08-28T11:01:31.146764Z  INFO fs3_daemon::runner: batch kind="embed" subject=1 x smart jobs=1 ms=0
2026-08-28T11:01:31.158518Z  INFO fs3_daemon::runner: done kind="embed" id=674432 left=28387
2026-08-28T11:01:31.243117Z  INFO fs3_daemon::runner: done kind=summarize subject=docs/plans/058-workunit-editor/tasks/phase-4-change-notifications-workflow-integration/tasks.md::Phase 4: Change Notifications & Workflow Integration — Tasks & Context Brief::Prior Phase Context ms=17 left=28387
2026-08-28T11:01:31.245366Z  INFO fs3_daemon::runner: batch kind="embed" subject=1 x smart jobs=1 ms=0
2026-08-28T11:01:31.256911Z  INFO fs3_daemon::runner: done kind="embed" id=674433 left=28386
2026-08-28T11:01:31.346416Z  INFO fs3_daemon::runner: done kind=summarize subject=docs/plans/058-workunit-editor/tasks/phase-4-change-notifications-workflow-integration/tasks.md::Phase 4: Change Notifications & Workflow Integration — Tasks & Context Brief::Executive Briefing ms=18 left=28386
2026-08-28T11:01:31.351272Z  INFO fs3_daemon::runner: batch kind="embed" subject=1 x smart jobs=1 ms=2
2026-08-28T11:01:31.368091Z  INFO fs3_daemon::runner: done kind="embed" id=674434 left=28385
2026-08-28T11:01:31.453050Z  INFO fs3_daemon::runner: done kind=summarize subject=docs/plans/058-workunit-editor/tasks/phase-4-change-notifications-workflow-integration/tasks.md::Phase 4: Change Notifications & Workflow Integration — Tasks & Context Brief ms=15 left=28385
2026-08-28T11:01:31.455908Z  INFO fs3_daemon::runner: batch kind="embed" subject=1 x smart jobs=1 ms=0
2026-08-28T11:01:31.486538Z  INFO fs3_daemon::runner: done kind="embed" id=674435 left=28384
2026-08-28T11:01:31.579308Z  INFO fs3_daemon::runner: done kind=summarize subject=docs/plans/058-workunit-editor/tasks/phase-4-change-notifications-workflow-integration/tasks.fltplan.md::Flight Plan: Phase 4 — Change Notifications & Workflow Integration::Architecture: Before & After ms=12 left=28384
2026-08-28T11:01:31.584274Z  INFO fs3_daemon::runner: batch kind="embed" subject=1 x smart jobs=1 ms=0
2026-08-28T11:01:31.596678Z  INFO fs3_daemon::runner: done kind="embed" id=674436 left=28383
2026-08-28T11:01:31.676668Z  INFO fs3_daemon::runner: done kind=summarize subject=docs/plans/058-workunit-editor/tasks/phase-4-change-notifications-workflow-integration/tasks.fltplan.md::Flight Plan: Phase 4 — Change Notifications & Workflow Integration::Flight Status ms=13 left=28383
2026-08-28T11:01:31.687561Z  INFO fs3_daemon::runner: batch kind="embed" subject=1 x smart jobs=1 ms=0
2026-08-28T11:01:31.699406Z  INFO fs3_daemon::runner: done kind="embed" id=674437 left=28382
2026-08-28T11:01:31.775884Z  INFO fs3_daemon::runner: done kind=summarize subject=docs/plans/058-workunit-editor/tasks/phase-4-change-notifications-workflow-integration/tasks.fltplan.md::Flight Plan: Phase 4 — Change Notifications & Workflow Integration::Domain Context ms=10 left=28382
2026-08-28T11:01:31.784794Z  INFO fs3_daemon::runner: batch kind="embed" subject=1 x smart jobs=1 ms=0
2026-08-28T11:01:31.796715Z  INFO fs3_daemon::runner: done kind="embed" id=674438 left=28381
2026-08-28T11:01:31.889451Z  INFO fs3_daemon::runner: batch kind="embed" subject=1 x smart jobs=1 ms=0
2026-08-28T11:01:31.891129Z  INFO fs3_daemon::runner: done kind=summarize subject=docs/plans/058-workunit-editor/tasks/phase-4-change-notifications-workflow-integration/tasks.fltplan.md::Flight Plan: Phase 4 — Change Notifications & Workflow Integration ms=22 left=28381
2026-08-28T11:01:31.899085Z  INFO fs3_daemon::runner: done kind="embed" id=674439 left=28380
2026-08-28T11:01:31.977152Z  INFO fs3_daemon::runner: done kind=summarize subject=docs/plans/058-workunit-editor/tasks/phase-4-change-notifications-workflow-integration/execution.log.md::Execution Log: Phase 4 — Change Notifications & Workflow Integration::Task Log ms=17 left=28380
2026-08-28T11:01:31.981213Z  INFO fs3_daemon::runner: batch kind="embed" subject=1 x smart jobs=1 ms=0
2026-08-28T11:01:31.991795Z  INFO fs3_daemon::runner: done kind="embed" id=674440 left=28379
2026-08-28T11:01:32.089177Z  INFO fs3_daemon::runner: done kind=summarize subject=docs/plans/058-workunit-editor/tasks/phase-3-inputs-outputs-configuration/tasks.md::Phase 3: Inputs/Outputs Configuration — Tasks & Context Brief::Directory Layout ms=27 left=28379
2026-08-28T11:01:32.093259Z  INFO fs3_daemon::runner: batch kind="embed" subject=1 x smart jobs=1 ms=0
2026-08-28T11:01:32.118965Z  INFO fs3_daemon::runner: done kind="embed" id=674441 left=28378
2026-08-28T11:01:32.231125Z  INFO fs3_daemon::runner: done kind=summarize subject=docs/plans/058-workunit-editor/tasks/phase-4-change-notifications-workflow-integration/execution.log.md::Execution Log: Phase 4 — Change Notifications & Workflow Integration ms=33 left=28378
2026-08-28T11:01:32.236740Z  INFO fs3_daemon::runner: batch kind="embed" subject=1 x smart jobs=1 ms=1
2026-08-28T11:01:32.257681Z  INFO fs3_daemon::runner: done kind="embed" id=674442 left=28377
2026-08-28T11:01:32.362911Z  INFO fs3_daemon::runner: done kind=summarize subject=docs/plans/058-workunit-editor/tasks/phase-3-inputs-outputs-configuration/tasks.md::Phase 3: Inputs/Outputs Configuration — Tasks & Context Brief::Discoveries & Learnings ms=31 left=28377
2026-08-28T11:01:32.367190Z  INFO fs3_daemon::runner: batch kind="embed" subject=1 x smart jobs=1 ms=0
2026-08-28T11:01:32.388400Z  INFO fs3_daemon::runner: done kind="embed" id=674443 left=28376
2026-08-28T11:01:32.497733Z  INFO fs3_daemon::runner: batch kind="embed" subject=1 x smart jobs=1 ms=0
2026-08-28T11:01:32.517642Z  INFO fs3_daemon::runner: done kind=summarize subject=docs/plans/058-workunit-editor/tasks/phase-3-inputs-outputs-configuration/tasks.md::Phase 3: Inputs/Outputs Configuration — Tasks & Context Brief::Context Brief::Sequence: Drag Reorder ms=47 left=28376
2026-08-28T11:01:32.529534Z  INFO fs3_daemon::runner: done kind="embed" id=674444 left=28375
2026-08-28T11:01:32.643500Z  INFO fs3_daemon::runner: done kind=summarize subject=docs/plans/058-workunit-editor/tasks/phase-3-inputs-outputs-configuration/tasks.md::Phase 3: Inputs/Outputs Configuration — Tasks & Context Brief::Context Brief::Flow: Add → Edit → Reorder → Save ms=29 left=28375
2026-08-28T11:01:32.648642Z  INFO fs3_daemon::runner: batch kind="embed" subject=1 x smart jobs=1 ms=1
2026-08-28T11:01:32.679343Z  INFO fs3_daemon::runner: done kind="embed" id=674445 left=28374
2026-08-28T11:01:32.782581Z  INFO fs3_daemon::runner: done kind=summarize subject=docs/plans/058-workunit-editor/tasks/phase-3-inputs-outputs-configuration/tasks.md::Phase 3: Inputs/Outputs Configuration — Tasks & Context Brief::Context Brief ms=30 left=28374
2026-08-28T11:01:32.790234Z  INFO fs3_daemon::runner: batch kind="embed" subject=1 x smart jobs=1 ms=0
2026-08-28T11:01:32.810551Z  INFO fs3_daemon::runner: done kind="embed" id=674446 left=28373
2026-08-28T11:01:32.908960Z  INFO fs3_daemon::runner: done kind=summarize subject=docs/plans/058-workunit-editor/tasks/phase-3-inputs-outputs-configuration/tasks.md::Phase 3: Inputs/Outputs Configuration — Tasks & Context Brief::Tasks ms=31 left=28373
2026-08-28T11:01:32.910977Z  INFO fs3_daemon::runner: batch kind="embed" subject=1 x smart jobs=1 ms=0
2026-08-28T11:01:32.944831Z  INFO fs3_daemon::runner: done kind="embed" id=674447 left=28372
2026-08-28T11:01:33.080839Z  INFO fs3_daemon::runner: done kind=summarize subject=docs/plans/058-workunit-editor/tasks/phase-3-inputs-outputs-configuration/tasks.md::Phase 3: Inputs/Outputs Configuration — Tasks & Context Brief::Architecture Map ms=36 left=28372
2026-08-28T11:01:33.086113Z  INFO fs3_daemon::runner: batch kind="embed" subject=1 x smart jobs=1 ms=0
2026-08-28T11:01:33.125212Z  INFO fs3_daemon::runner: done kind="embed" id=674448 left=28371
2026-08-28T11:01:33.240185Z  INFO fs3_daemon::runner: batch kind="embed" subject=1 x smart jobs=1 ms=0
2026-08-28T11:01:33.261811Z  INFO fs3_daemon::runner: done kind=summarize subject=docs/plans/058-workunit-editor/tasks/phase-3-inputs-outputs-configuration/tasks.md::Phase 3: Inputs/Outputs Configuration — Tasks & Context Brief::Pre-Implementation Check ms=52 left=28371
2026-08-28T11:01:33.273972Z  INFO fs3_daemon::runner: done kind="embed" id=674449 left=28370
2026-08-28T11:01:33.381069Z  INFO fs3_daemon::runner: done kind=summarize subject=docs/plans/058-workunit-editor/tasks/phase-3-inputs-outputs-configuration/tasks.md::Phase 3: Inputs/Outputs Configuration — Tasks & Context Brief::Prior Phase Context::Phase 2: Editor Page (✅ Complete) ms=31 left=28370
2026-08-28T11:01:33.386874Z  INFO fs3_daemon::runner: batch kind="embed" subject=1 x smart jobs=1 ms=2
2026-08-28T11:01:33.406977Z  INFO fs3_daemon::runner: done kind="embed" id=674450 left=28369
2026-08-28T11:01:33.511899Z  INFO fs3_daemon::runner: done kind=summarize subject=docs/plans/058-workunit-editor/tasks/phase-3-inputs-outputs-configuration/tasks.md::Phase 3: Inputs/Outputs Configuration — Tasks & Context Brief::Prior Phase Context::Phase 1: Service Layer (✅ Complete) ms=33 left=28369
2026-08-28T11:01:33.538402Z  INFO fs3_daemon::runner: progress phase="working" scanned=62578 scan_left=33 summarized=129816 summarize_left=28335 embedded=209562 embed_left=1 failed=0
2026-08-28T11:01:33.563209Z  INFO fs3_daemon::runner: batch kind="embed" subject=2 x smart jobs=2 ms=0
2026-08-28T11:01:33.589970Z  INFO fs3_daemon::runner: done kind="embed" id=674451 left=28368
2026-08-28T11:01:33.660302Z  INFO fs3_daemon::runner: done kind="embed" id=674452 left=28367
2026-08-28T11:01:33.826573Z  INFO fs3_daemon::runner: done kind=summarize subject=docs/plans/058-workunit-editor/tasks/phase-3-inputs-outputs-configuration/tasks.md::Phase 3: Inputs/Outputs Configuration — Tasks & Context Brief::Prior Phase Context ms=27 left=28367
2026-08-28T11:01:33.843988Z  INFO fs3_daemon::runner: done kind=summarize subject=docs/plans/058-workunit-editor/tasks/phase-3-inputs-outputs-configuration/tasks.md::Phase 3: Inputs/Outputs Configuration — Tasks & Context Brief::Executive Briefing ms=22 left=28367
2026-08-28T11:01:33.847147Z  INFO fs3_daemon::runner: batch kind="embed" subject=1 x smart jobs=1 ms=2
2026-08-28T11:01:33.865637Z  INFO fs3_daemon::runner: done kind="embed" id=674453 left=28366
2026-08-28T11:01:33.956912Z  INFO fs3_daemon::runner: done kind=summarize subject=docs/plans/058-workunit-editor/tasks/phase-3-inputs-outputs-configuration/tasks.md::Phase 3: Inputs/Outputs Configuration — Tasks & Context Brief ms=15 left=28366
2026-08-28T11:01:33.960326Z  INFO fs3_daemon::runner: batch kind="embed" subject=1 x smart jobs=1 ms=1
2026-08-28T11:01:33.972581Z  INFO fs3_daemon::runner: done kind="embed" id=674454 left=28365
2026-08-28T11:01:34.069659Z  INFO fs3_daemon::runner: done kind=summarize subject=docs/plans/058-workunit-editor/tasks/phase-3-inputs-outputs-configuration/tasks.fltplan.md::Flight Plan: Phase 3 — Inputs/Outputs Configuration::Architecture: Before & After ms=22 left=28365
2026-08-28T11:01:34.071815Z  INFO fs3_daemon::runner: batch kind="embed" subject=1 x smart jobs=1 ms=0
2026-08-28T11:01:34.089436Z  INFO fs3_daemon::runner: done kind="embed" id=674455 left=28364
2026-08-28T11:01:34.179284Z  INFO fs3_daemon::runner: done kind=summarize subject=docs/plans/058-workunit-editor/tasks/phase-3-inputs-outputs-configuration/tasks.fltplan.md::Flight Plan: Phase 3 — Inputs/Outputs Configuration::Flight Status ms=21 left=28364
2026-08-28T11:01:34.185230Z  INFO fs3_daemon::runner: batch kind="embed" subject=1 x smart jobs=1 ms=1
2026-08-28T11:01:34.198838Z  INFO fs3_daemon::runner: done kind="embed" id=674456 left=28363
2026-08-28T11:01:34.288456Z  INFO fs3_daemon::runner: done kind=summarize subject=docs/plans/058-workunit-editor/tasks/phase-3-inputs-outputs-configuration/tasks.fltplan.md::Flight Plan: Phase 3 — Inputs/Outputs Configuration::Domain Context::Domains We Depend On (no changes) ms=21 left=28363
2026-08-28T11:01:34.291131Z  INFO fs3_daemon::runner: batch kind="embed" subject=1 x smart jobs=1 ms=0
2026-08-28T11:01:34.304134Z  INFO fs3_daemon::runner: done kind="embed" id=674457 left=28362
2026-08-28T11:01:34.392056Z  INFO fs3_daemon::runner: done kind=summarize subject=docs/plans/058-workunit-editor/tasks/phase-3-inputs-outputs-configuration/tasks.fltplan.md::Flight Plan: Phase 3 — Inputs/Outputs Configuration::Domain Context ms=15 left=28362
2026-08-28T11:01:34.408415Z  INFO fs3_daemon::runner: batch kind="embed" subject=1 x smart jobs=1 ms=0
2026-08-28T11:01:34.423916Z  INFO fs3_daemon::runner: done kind="embed" id=674458 left=28361
2026-08-28T11:01:34.509714Z  INFO fs3_daemon::worktrees: unregistered a vanished git worktree root=/Users/jordanknight/substrate/flowspace/poctest-wtdiff-20260828T105601Z
2026-08-28T11:01:34.515934Z  INFO fs3_daemon::runner: done kind=summarize subject=docs/plans/058-workunit-editor/tasks/phase-3-inputs-outputs-configuration/tasks.fltplan.md::Flight Plan: Phase 3 — Inputs/Outputs Configuration ms=21 left=28361
2026-08-28T11:01:34.517423Z  INFO fs3_daemon::runner: batch kind="embed" subject=1 x smart jobs=1 ms=1
2026-08-28T11:01:34.530310Z  INFO fs3_daemon::runner: done kind="embed" id=674459 left=28360
2026-08-28T11:01:34.613437Z  INFO fs3_daemon::runner: done kind=summarize subject=docs/plans/058-workunit-editor/tasks/phase-3-inputs-outputs-configuration/execution.log.md::Execution Log: Phase 3 — Inputs/Outputs Configuration::Task Log ms=16 left=28360
2026-08-28T11:01:34.615964Z  INFO fs3_daemon::runner: batch kind="embed" subject=1 x smart jobs=1 ms=0
2026-08-28T11:01:34.628828Z  INFO fs3_daemon::runner: done kind="embed" id=674460 left=28359
2026-08-28T11:01:34.713132Z  INFO fs3_daemon::runner: done kind=summarize subject=docs/plans/058-workunit-editor/tasks/phase-3-inputs-outputs-configuration/execution.log.md::Execution Log: Phase 3 — Inputs/Outputs Configuration ms=17 left=28359
2026-08-28T11:01:34.715407Z  INFO fs3_daemon::runner: batch kind="embed" subject=1 x smart jobs=1 ms=0
2026-08-28T11:01:34.726909Z  INFO fs3_daemon::runner: done kind="embed" id=674461 left=28358
2026-08-28T11:01:34.819578Z  INFO fs3_daemon::runner: done kind=summarize subject=docs/plans/058-workunit-editor/tasks/phase-2-editor-page/tasks.md::Phase 2: Editor Page — Routes, Layout, Type-Specific Editors::Directory Layout ms=19 left=28358
2026-08-28T11:01:34.821396Z  INFO fs3_daemon::runner: batch kind="embed" subject=1 x smart jobs=1 ms=1
2026-08-28T11:01:34.834046Z  INFO fs3_daemon::runner: done kind="embed" id=674462 left=28357
2026-08-28T11:01:34.912244Z  INFO fs3_daemon::runner: done kind=summarize subject=docs/plans/058-workunit-editor/tasks/phase-2-editor-page/tasks.md::Phase 2: Editor Page — Routes, Layout, Type-Specific Editors::Discoveries & Learnings ms=11 left=28357
2026-08-28T11:01:34.918073Z  INFO fs3_daemon::runner: batch kind="embed" subject=1 x smart jobs=1 ms=0
2026-08-28T11:01:34.928264Z  INFO fs3_daemon::runner: done kind="embed" id=674463 left=28356
2026-08-28T11:01:35.007032Z  INFO fs3_daemon::runner: done kind=summarize subject=docs/plans/058-workunit-editor/tasks/phase-2-editor-page/tasks.md::Phase 2: Editor Page — Routes, Layout, Type-Specific Editors::Context Brief::Sequence: Load + Edit + Save ms=14 left=28356
2026-08-28T11:01:35.012390Z  INFO fs3_daemon::runner: batch kind="embed" subject=1 x smart jobs=1 ms=0
2026-08-28T11:01:35.030543Z  INFO fs3_daemon::runner: done kind="embed" id=674464 left=28355
2026-08-28T11:01:35.130383Z  INFO fs3_daemon::runner: done kind=summarize subject=docs/plans/058-workunit-editor/tasks/phase-2-editor-page/tasks.md::Phase 2: Editor Page — Routes, Layout, Type-Specific Editors::Context Brief::Domain Dependencies ms=20 left=28355
2026-08-28T11:01:35.134261Z  INFO fs3_daemon::runner: batch kind="embed" subject=1 x smart jobs=1 ms=1
2026-08-28T11:01:35.148792Z  INFO fs3_daemon::runner: done kind="embed" id=674465 left=28354
2026-08-28T11:01:35.228273Z  INFO fs3_daemon::runner: done kind=summarize subject=docs/plans/058-workunit-editor/tasks/phase-2-editor-page/tasks.md::Phase 2: Editor Page — Routes, Layout, Type-Specific Editors::Context Brief ms=12 left=28354
2026-08-28T11:01:35.234458Z  INFO fs3_daemon::runner: batch kind="embed" subject=1 x smart jobs=1 ms=1
2026-08-28T11:01:35.245870Z  INFO fs3_daemon::runner: done kind="embed" id=674466 left=28353
2026-08-28T11:01:35.325544Z  INFO fs3_daemon::runner: done kind=summarize subject=docs/plans/058-workunit-editor/tasks/phase-2-editor-page/tasks.md::Phase 2: Editor Page — Routes, Layout, Type-Specific Editors::Tasks ms=10 left=28353
2026-08-28T11:01:35.327663Z  INFO fs3_daemon::runner: batch kind="embed" subject=1 x smart jobs=1 ms=0
2026-08-28T11:01:35.343939Z  INFO fs3_daemon::runner: done kind="embed" id=674467 left=28352
2026-08-28T11:01:35.423763Z  INFO fs3_daemon::runner: done kind=summarize subject=docs/plans/058-workunit-editor/tasks/phase-2-editor-page/tasks.md::Phase 2: Editor Page — Routes, Layout, Type-Specific Editors::Architecture Map ms=13 left=28352
2026-08-28T11:01:35.428461Z  INFO fs3_daemon::runner: batch kind="embed" subject=1 x smart jobs=1 ms=0
2026-08-28T11:01:35.441945Z  INFO fs3_daemon::runner: done kind="embed" id=674468 left=28351
2026-08-28T11:01:35.522745Z  INFO fs3_daemon::runner: done kind=summarize subject=docs/plans/058-workunit-editor/tasks/phase-2-editor-page/tasks.md::Phase 2: Editor Page — Routes, Layout, Type-Specific Editors::Pre-Implementation Check ms=14 left=28351
2026-08-28T11:01:35.526550Z  INFO fs3_daemon::runner: batch kind="embed" subject=1 x smart jobs=1 ms=1
2026-08-28T11:01:35.540650Z  INFO fs3_daemon::runner: done kind="embed" id=674469 left=28350
2026-08-28T11:01:35.620289Z  INFO fs3_daemon::runner: done kind=summarize subject=docs/plans/058-workunit-editor/tasks/phase-2-editor-page/tasks.md::Phase 2: Editor Page — Routes, Layout, Type-Specific Editors::Prior Phase Context::Phase 1: Service Layer (✅ Complete) ms=13 left=28350
2026-08-28T11:01:35.631420Z  INFO fs3_daemon::runner: batch kind="embed" subject=1 x smart jobs=1 ms=0
2026-08-28T11:01:35.643432Z  INFO fs3_daemon::runner: done kind="embed" id=674470 left=28349
2026-08-28T11:01:35.727836Z  INFO fs3_daemon::runner: done kind=summarize subject=docs/plans/058-workunit-editor/tasks/phase-2-editor-page/tasks.md::Phase 2: Editor Page — Routes, Layout, Type-Specific Editors::Prior Phase Context ms=14 left=28349
2026-08-28T11:01:35.731616Z  INFO fs3_daemon::runner: batch kind="embed" subject=1 x smart jobs=1 ms=0
2026-08-28T11:01:35.743535Z  INFO fs3_daemon::runner: done kind="embed" id=674471 left=28348
2026-08-28T11:01:35.827339Z  INFO fs3_daemon::runner: done kind=summarize subject=docs/plans/058-workunit-editor/tasks/phase-2-editor-page/tasks.md::Phase 2: Editor Page — Routes, Layout, Type-Specific Editors::Executive Briefing ms=15 left=28348
2026-08-28T11:01:35.829853Z  INFO fs3_daemon::runner: batch kind="embed" subject=1 x smart jobs=1 ms=0
2026-08-28T11:01:35.845246Z  INFO fs3_daemon::runner: done kind="embed" id=674472 left=28347
2026-08-28T11:01:35.925362Z  INFO fs3_daemon::runner: done kind=summarize subject=docs/plans/058-workunit-editor/tasks/phase-2-editor-page/tasks.md::Phase 2: Editor Page — Routes, Layout, Type-Specific Editors ms=11 left=28347
2026-08-28T11:01:35.931390Z  INFO fs3_daemon::runner: batch kind="embed" subject=1 x smart jobs=1 ms=0
2026-08-28T11:01:35.943588Z  INFO fs3_daemon::runner: done kind="embed" id=674473 left=28346
2026-08-28T11:01:36.025773Z  INFO fs3_daemon::runner: done kind=summarize subject=docs/plans/058-workunit-editor/tasks/phase-2-editor-page/tasks.fltplan.md::Flight Plan: Phase 2 — Editor Page::Checklist ms=16 left=28346
2026-08-28T11:01:36.031706Z  INFO fs3_daemon::runner: batch kind="embed" subject=1 x smart jobs=1 ms=0
2026-08-28T11:01:36.043536Z  INFO fs3_daemon::runner: done kind="embed" id=674474 left=28345
2026-08-28T11:01:36.122873Z  INFO fs3_daemon::runner: done kind=summarize subject=docs/plans/058-workunit-editor/tasks/phase-2-editor-page/tasks.fltplan.md::Flight Plan: Phase 2 — Editor Page::Architecture: Before & After ms=13 left=28345
2026-08-28T11:01:36.126200Z  INFO fs3_daemon::runner: batch kind="embed" subject=1 x smart jobs=1 ms=0
2026-08-28T11:01:36.136134Z  INFO fs3_daemon::runner: done kind="embed" id=674475 left=28344
2026-08-28T11:01:36.218621Z  INFO fs3_daemon::runner: done kind=summarize subject=docs/plans/058-workunit-editor/tasks/phase-2-editor-page/tasks.fltplan.md::Flight Plan: Phase 2 — Editor Page::Stages ms=15 left=28344
2026-08-28T11:01:36.226343Z  INFO fs3_daemon::runner: batch kind="embed" subject=1 x smart jobs=1 ms=0
2026-08-28T11:01:36.241181Z  INFO fs3_daemon::runner: done kind="embed" id=674476 left=28343
2026-08-28T11:01:36.322241Z  INFO fs3_daemon::runner: done kind=summarize subject=docs/plans/058-workunit-editor/tasks/phase-2-editor-page/tasks.fltplan.md::Flight Plan: Phase 2 — Editor Page::Flight Status ms=14 left=28343
2026-08-28T11:01:36.332255Z  INFO fs3_daemon::runner: batch kind="embed" subject=1 x smart jobs=1 ms=0
2026-08-28T11:01:36.351384Z  INFO fs3_daemon::runner: done kind="embed" id=674477 left=28342
2026-08-28T11:01:36.462590Z  INFO fs3_daemon::runner: done kind=summarize subject=docs/plans/058-workunit-editor/tasks/phase-2-editor-page/tasks.fltplan.md::Flight Plan: Phase 2 — Editor Page::Domain Context::Domains We Depend On (no changes) ms=34 left=28342
2026-08-28T11:01:36.466393Z  INFO fs3_daemon::runner: batch kind="embed" subject=1 x smart jobs=1 ms=2
2026-08-28T11:01:36.490084Z  INFO fs3_daemon::runner: done kind="embed" id=674478 left=28341
2026-08-28T11:01:36.597389Z  INFO fs3_daemon::runner: done kind=summarize subject=docs/plans/058-workunit-editor/tasks/phase-2-editor-page/tasks.fltplan.md::Flight Plan: Phase 2 — Editor Page::Domain Context ms=33 left=28341
2026-08-28T11:01:36.603322Z  INFO fs3_daemon::runner: batch kind="embed" subject=1 x smart jobs=1 ms=3
2026-08-28T11:01:36.629482Z  INFO fs3_daemon::runner: done kind="embed" id=674479 left=28340
2026-08-28T11:01:36.742627Z  INFO fs3_daemon::runner: done kind=summarize subject=docs/plans/058-workunit-editor/tasks/phase-2-editor-page/tasks.fltplan.md::Flight Plan: Phase 2 — Editor Page ms=33 left=28340
2026-08-28T11:01:36.750456Z  INFO fs3_daemon::runner: batch kind="embed" subject=1 x smart jobs=1 ms=0
2026-08-28T11:01:36.773908Z  INFO fs3_daemon::runner: done kind="embed" id=674480 left=28339
2026-08-28T11:01:36.889824Z  INFO fs3_daemon::runner: done kind=summarize subject=docs/plans/058-workunit-editor/tasks/phase-2-editor-page/execution.log.md::Phase 2: Editor Page — Execution Log ms=41 left=28339
2026-08-28T11:01:36.896002Z  INFO fs3_daemon::runner: batch kind="embed" subject=1 x smart jobs=1 ms=1
2026-08-28T11:01:36.921095Z  INFO fs3_daemon::runner: done kind="embed" id=674481 left=28338
2026-08-28T11:01:37.028488Z  INFO fs3_daemon::runner: done kind=summarize subject=docs/plans/058-workunit-editor/tasks/phase-1-service-layer/tasks.md::Phase 1: Service Layer — Extend IWorkUnitService with CRUD::Directory Layout ms=31 left=28338
2026-08-28T11:01:37.033890Z  INFO fs3_daemon::runner: batch kind="embed" subject=1 x smart jobs=1 ms=0
2026-08-28T11:01:37.060708Z  INFO fs3_daemon::runner: done kind="embed" id=674482 left=28337
2026-08-28T11:01:37.181553Z  INFO fs3_daemon::runner: done kind=summarize subject=docs/plans/058-workunit-editor/tasks/phase-1-service-layer/tasks.md::Phase 1: Service Layer — Extend IWorkUnitService with CRUD::Discoveries & Learnings ms=40 left=28337
2026-08-28T11:01:37.183916Z  INFO fs3_daemon::runner: batch kind="embed" subject=1 x smart jobs=1 ms=0
2026-08-28T11:01:37.209975Z  INFO fs3_daemon::runner: done kind="embed" id=674483 left=28336
2026-08-28T11:01:37.321565Z  INFO fs3_daemon::runner: done kind=summarize subject=docs/plans/058-workunit-editor/tasks/phase-1-service-layer/tasks.md::Phase 1: Service Layer — Extend IWorkUnitService with CRUD::Context Brief::Sequence: Rename Cascade ms=30 left=28336
2026-08-28T11:01:37.329293Z  INFO fs3_daemon::runner: batch kind="embed" subject=1 x smart jobs=1 ms=3
2026-08-28T11:01:37.358368Z  INFO fs3_daemon::runner: done kind="embed" id=674484 left=28335
2026-08-28T11:01:37.461683Z  INFO fs3_daemon::runner: batch kind="embed" subject=1 x smart jobs=1 ms=0
2026-08-28T11:01:37.479230Z  INFO fs3_daemon::runner: done kind=summarize subject=docs/plans/058-workunit-editor/tasks/phase-1-service-layer/tasks.md::Phase 1: Service Layer — Extend IWorkUnitService with CRUD::Context Brief::Sequence: Create Operation ms=44 left=28335
2026-08-28T11:01:37.496133Z  INFO fs3_daemon::runner: done kind="embed" id=674485 left=28334
2026-08-28T11:01:37.603124Z  INFO fs3_daemon::runner: done kind=summarize subject=docs/plans/058-workunit-editor/tasks/phase-1-service-layer/tasks.md::Phase 1: Service Layer — Extend IWorkUnitService with CRUD::Context Brief::Workshop Decisions Consumed ms=32 left=28334
2026-08-28T11:01:37.606814Z  INFO fs3_daemon::runner: batch kind="embed" subject=1 x smart jobs=1 ms=0
2026-08-28T11:01:37.624716Z  INFO fs3_daemon::runner: done kind="embed" id=674486 left=28333
2026-08-28T11:01:37.739191Z  INFO fs3_daemon::runner: done kind=summarize subject=docs/plans/058-workunit-editor/tasks/phase-1-service-layer/tasks.md::Phase 1: Service Layer — Extend IWorkUnitService with CRUD::Context Brief::Domain Dependencies ms=34 left=28333
2026-08-28T11:01:37.744281Z  INFO fs3_daemon::runner: batch kind="embed" subject=1 x smart jobs=1 ms=0
2026-08-28T11:01:37.768964Z  INFO fs3_daemon::runner: done kind="embed" id=674487 left=28332
2026-08-28T11:01:37.871500Z  INFO fs3_daemon::runner: done kind=summarize subject=docs/plans/058-workunit-editor/tasks/phase-1-service-layer/tasks.md::Phase 1: Service Layer — Extend IWorkUnitService with CRUD::Context Brief ms=31 left=28332
2026-08-28T11:01:37.875498Z  INFO fs3_daemon::runner: batch kind="embed" subject=1 x smart jobs=1 ms=0
2026-08-28T11:01:37.900257Z  INFO fs3_daemon::runner: done kind="embed" id=674488 left=28331
2026-08-28T11:01:38.007985Z  INFO fs3_daemon::runner: done kind=summarize subject=docs/plans/058-workunit-editor/tasks/phase-1-service-layer/tasks.md::Phase 1: Service Layer — Extend IWorkUnitService with CRUD::Tasks ms=31 left=28331
2026-08-28T11:01:38.015666Z  INFO fs3_daemon::runner: batch kind="embed" subject=1 x smart jobs=1 ms=3
2026-08-28T11:01:38.034765Z  INFO fs3_daemon::runner: done kind="embed" id=674489 left=28330
2026-08-28T11:01:38.120081Z  INFO fs3_daemon::runner: done kind=summarize subject=docs/plans/058-workunit-editor/tasks/phase-1-service-layer/tasks.md::Phase 1: Service Layer — Extend IWorkUnitService with CRUD::Architecture Map ms=18 left=28330
2026-08-28T11:01:38.127997Z  INFO fs3_daemon::runner: batch kind="embed" subject=1 x smart jobs=1 ms=0
2026-08-28T11:01:38.142029Z  INFO fs3_daemon::runner: done kind="embed" id=674490 left=28329
2026-08-28T11:01:38.227987Z  INFO fs3_daemon::runner: done kind=summarize subject=docs/plans/058-workunit-editor/tasks/phase-1-service-layer/tasks.md::Phase 1: Service Layer — Extend IWorkUnitService with CRUD::Pre-Implementation Check ms=17 left=28329
2026-08-28T11:01:38.230278Z  INFO fs3_daemon::runner: batch kind="embed" subject=1 x smart jobs=1 ms=0
2026-08-28T11:01:38.242303Z  INFO fs3_daemon::runner: done kind="embed" id=674491 left=28328
2026-08-28T11:01:38.328925Z  INFO fs3_daemon::runner: done kind=summarize subject=docs/plans/058-workunit-editor/tasks/phase-1-service-layer/tasks.md::Phase 1: Service Layer — Extend IWorkUnitService with CRUD::Executive Briefing ms=16 left=28328
2026-08-28T11:01:38.332824Z  INFO fs3_daemon::runner: batch kind="embed" subject=1 x smart jobs=1 ms=3
2026-08-28T11:01:38.345198Z  INFO fs3_daemon::runner: done kind="embed" id=674492 left=28327
2026-08-28T11:01:38.436662Z  INFO fs3_daemon::runner: done kind=summarize subject=docs/plans/058-workunit-editor/tasks/phase-1-service-layer/tasks.md::Phase 1: Service Layer — Extend IWorkUnitService with CRUD ms=18 left=28327
2026-08-28T11:01:38.440265Z  INFO fs3_daemon::runner: batch kind="embed" subject=1 x smart jobs=1 ms=0
2026-08-28T11:01:38.456032Z  INFO fs3_daemon::runner: done kind="embed" id=674493 left=28326
2026-08-28T11:01:38.539571Z  INFO fs3_daemon::runner: done kind=summarize subject=docs/plans/058-workunit-editor/tasks/phase-1-service-layer/tasks.fltplan.md::Flight Plan: Phase 1 — Service Layer::Checklist ms=13 left=28326
2026-08-28T11:01:38.543251Z  INFO fs3_daemon::runner: batch kind="embed" subject=1 x smart jobs=1 ms=1
2026-08-28T11:01:38.556073Z  INFO fs3_daemon::runner: done kind="embed" id=674494 left=28325
2026-08-28T11:01:38.636048Z  INFO fs3_daemon::runner: done kind=summarize subject=docs/plans/058-workunit-editor/tasks/phase-1-service-layer/tasks.fltplan.md::Flight Plan: Phase 1 — Service Layer::Acceptance Criteria ms=16 left=28325
2026-08-28T11:01:38.684023Z  INFO fs3_daemon::runner: progress phase="working" scanned=62578 scan_left=33 summarized=129860 summarize_left=28291 embedded=209606 embed_left=1 failed=0
2026-08-28T11:01:38.695357Z  INFO fs3_daemon::watch: no longer watching root=/Users/jordanknight/substrate/flowspace/poctest-wtdiff-20260828T105601Z dropped_pending=0
2026-08-28T11:01:38.707891Z  INFO fs3_daemon::runner: batch kind="embed" subject=2 x smart jobs=2 ms=0
2026-08-28T11:01:38.717923Z  INFO fs3_daemon::runner: done kind="embed" id=674495 left=28324
2026-08-28T11:01:38.788250Z  INFO fs3_daemon::runner: done kind="embed" id=674496 left=28323
2026-08-28T11:01:38.871214Z  INFO fs3_daemon::runner: done kind=summarize subject=docs/plans/058-workunit-editor/tasks/phase-1-service-layer/tasks.fltplan.md::Flight Plan: Phase 1 — Service Layer::Architecture: Before & After ms=19 left=28323
2026-08-28T11:01:38.894141Z  INFO fs3_daemon::runner: done kind=summarize subject=docs/plans/058-workunit-editor/tasks/phase-1-service-layer/tasks.fltplan.md::Flight Plan: Phase 1 — Service Layer::Stages ms=18 left=28323
2026-08-28T11:01:38.894361Z  INFO fs3_daemon::runner: batch kind="embed" subject=1 x smart jobs=1 ms=0
2026-08-28T11:01:38.912663Z  INFO fs3_daemon::runner: done kind="embed" id=674497 left=28322
2026-08-28T11:01:39.001813Z  INFO fs3_daemon::runner: done kind=summarize subject=docs/plans/058-workunit-editor/tasks/phase-1-service-layer/tasks.fltplan.md::Flight Plan: Phase 1 — Service Layer::Flight Status ms=19 left=28322
2026-08-28T11:01:39.004757Z  INFO fs3_daemon::runner: batch kind="embed" subject=1 x smart jobs=1 ms=0
2026-08-28T11:01:39.020183Z  INFO fs3_daemon::runner: done kind="embed" id=674498 left=28321
2026-08-28T11:01:39.104739Z  INFO fs3_daemon::runner: done kind=summarize subject=docs/plans/058-workunit-editor/tasks/phase-1-service-layer/tasks.fltplan.md::Flight Plan: Phase 1 — Service Layer::Domain Context ms=16 left=28321
2026-08-28T11:01:39.108211Z  INFO fs3_daemon::runner: batch kind="embed" subject=1 x smart jobs=1 ms=0
2026-08-28T11:01:39.123655Z  INFO fs3_daemon::runner: done kind="embed" id=674499 left=28320
2026-08-28T11:01:39.203806Z  INFO fs3_daemon::runner: done kind=summarize subject=docs/plans/058-workunit-editor/tasks/phase-1-service-layer/tasks.fltplan.md::Flight Plan: Phase 1 — Service Layer ms=15 left=28320
2026-08-28T11:01:39.207195Z  INFO fs3_daemon::runner: batch kind="embed" subject=1 x smart jobs=1 ms=1
2026-08-28T11:01:39.217817Z  INFO fs3_daemon::runner: done kind="embed" id=674500 left=28319
2026-08-28T11:01:39.296192Z  INFO fs3_daemon::runner: done kind=summarize subject=docs/plans/058-workunit-editor/tasks/phase-1-service-layer/execution.log.md::Phase 1: Service Layer — Execution Log::Task Log ms=14 left=28319
2026-08-28T11:01:39.300823Z  INFO fs3_daemon::runner: batch kind="embed" subject=1 x smart jobs=1 ms=0
2026-08-28T11:01:39.311867Z  INFO fs3_daemon::runner: done kind="embed" id=674501 left=28318
2026-08-28T11:01:39.406811Z  INFO fs3_daemon::runner: done kind=summarize subject=docs/plans/058-workunit-editor/tasks/phase-1-service-layer/execution.log.md::Phase 1: Service Layer — Execution Log ms=20 left=28318
2026-08-28T11:01:39.407216Z  INFO fs3_daemon::runner: batch kind="embed" subject=1 x smart jobs=1 ms=0
2026-08-28T11:01:39.418933Z  INFO fs3_daemon::runner: done kind="embed" id=674502 left=28317
2026-08-28T11:01:39.502866Z  INFO fs3_daemon::runner: done kind=summarize subject=docs/plans/058-workunit-editor/reviews/review.phase-4-change-notifications-workflow-integration.md::Code Review: Phase 4: Change Notifications & Workflow Integration::H) Handover Brief::Files Reviewed ms=15 left=28317
2026-08-28T11:01:39.503996Z  INFO fs3_daemon::runner: batch kind="embed" subject=1 x smart jobs=1 ms=0
2026-08-28T11:01:39.515018Z  INFO fs3_daemon::runner: done kind="embed" id=674503 left=28316
2026-08-28T11:01:39.599751Z  INFO fs3_daemon::runner: done kind=summarize subject=docs/plans/058-workunit-editor/reviews/review.phase-4-change-notifications-workflow-integration.md::Code Review: Phase 4: Change Notifications & Workflow Integration::H) Handover Brief ms=16 left=28316
2026-08-28T11:01:39.607415Z  INFO fs3_daemon::runner: batch kind="embed" subject=1 x smart jobs=1 ms=1
2026-08-28T11:01:39.622569Z  INFO fs3_daemon::runner: done kind="embed" id=674504 left=28315
2026-08-28T11:01:39.711583Z  INFO fs3_daemon::runner: done kind=summarize subject=docs/plans/058-workunit-editor/reviews/review.phase-4-change-notifications-workflow-integration.md::Code Review: Phase 4: Change Notifications & Workflow Integration::G) Commands Executed ms=18 left=28315
2026-08-28T11:01:39.714355Z  INFO fs3_daemon::runner: batch kind="embed" subject=1 x smart jobs=1 ms=0
2026-08-28T11:01:39.728941Z  INFO fs3_daemon::runner: done kind="embed" id=674505 left=28314
2026-08-28T11:01:39.811606Z  INFO fs3_daemon::runner: done kind=summarize subject=docs/plans/058-workunit-editor/reviews/review.phase-4-change-notifications-workflow-integration.md::Code Review: Phase 4: Change Notifications & Workflow Integration::F) Coverage Map ms=16 left=28314
2026-08-28T11:01:39.812250Z  INFO fs3_daemon::runner: batch kind="embed" subject=1 x smart jobs=1 ms=0
2026-08-28T11:01:39.823771Z  INFO fs3_daemon::runner: done kind="embed" id=674506 left=28313
2026-08-28T11:01:39.904473Z  INFO fs3_daemon::runner: done kind=summarize subject=docs/plans/058-workunit-editor/reviews/review.phase-4-change-notifications-workflow-integration.md::Code Review: Phase 4: Change Notifications & Workflow Integration::E) Detailed Findings::E.4) Testing & Evidence ms=16 left=28313
2026-08-28T11:01:39.911288Z  INFO fs3_daemon::runner: batch kind="embed" subject=1 x smart jobs=1 ms=2
2026-08-28T11:01:39.921974Z  INFO fs3_daemon::runner: done kind="embed" id=674507 left=28312
2026-08-28T11:01:40.000337Z  INFO fs3_daemon::runner: done kind=summarize subject=docs/plans/058-workunit-editor/reviews/review.phase-4-change-notifications-workflow-integration.md::Code Review: Phase 4: Change Notifications & Workflow Integration::E) Detailed Findings::E.2) Domain Compliance ms=12 left=28312
2026-08-28T11:01:40.006371Z  INFO fs3_daemon::runner: batch kind="embed" subject=1 x smart jobs=1 ms=0
2026-08-28T11:01:40.016896Z  INFO fs3_daemon::runner: done kind="embed" id=674508 left=28311
2026-08-28T11:01:40.105252Z  INFO fs3_daemon::runner: done kind=summarize subject=docs/plans/058-workunit-editor/reviews/review.phase-4-change-notifications-workflow-integration.md::Code Review: Phase 4: Change Notifications & Workflow Integration::E) Detailed Findings ms=19 left=28311
2026-08-28T11:01:40.108918Z  INFO fs3_daemon::runner: batch kind="embed" subject=1 x smart jobs=1 ms=0
2026-08-28T11:01:40.118630Z  INFO fs3_daemon::runner: done kind="embed" id=674509 left=28310
2026-08-28T11:01:40.200281Z  INFO fs3_daemon::runner: done kind=summarize subject=docs/plans/058-workunit-editor/reviews/review.phase-4-change-notifications-workflow-integration.md::Code Review: Phase 4: Change Notifications & Workflow Integration::D) Findings Table ms=16 left=28310
2026-08-28T11:01:40.205917Z  INFO fs3_daemon::runner: batch kind="embed" subject=1 x smart jobs=1 ms=0
2026-08-28T11:01:40.222545Z  INFO fs3_daemon::runner: done kind="embed" id=674510 left=28309
2026-08-28T11:01:40.314693Z  INFO fs3_daemon::runner: done kind=summarize subject=docs/plans/058-workunit-editor/reviews/review.phase-4-change-notifications-workflow-integration.md::Code Review: Phase 4: Change Notifications & Workflow Integration::C) Checklist ms=19 left=28309
2026-08-28T11:01:40.318668Z  INFO fs3_daemon::runner: batch kind="embed" subject=1 x smart jobs=1 ms=0
2026-08-28T11:01:40.330256Z  INFO fs3_daemon::runner: done kind="embed" id=674511 left=28308
2026-08-28T11:01:40.415495Z  INFO fs3_daemon::runner: done kind=summarize subject=docs/plans/058-workunit-editor/reviews/review.phase-4-change-notifications-workflow-integration.md::Code Review: Phase 4: Change Notifications & Workflow Integration::A) Verdict ms=16 left=28308
2026-08-28T11:01:40.415991Z  INFO fs3_daemon::runner: batch kind="embed" subject=1 x smart jobs=1 ms=0
2026-08-28T11:01:40.427972Z  INFO fs3_daemon::runner: done kind="embed" id=674512 left=28307
2026-08-28T11:01:40.524015Z  INFO fs3_daemon::runner: done kind=summarize subject=docs/plans/058-workunit-editor/reviews/review.phase-4-change-notifications-workflow-integration.md::Code Review: Phase 4: Change Notifications & Workflow Integration ms=13 left=28307
2026-08-28T11:01:40.527998Z  INFO fs3_daemon::runner: batch kind="embed" subject=1 x smart jobs=1 ms=0
2026-08-28T11:01:40.538874Z  INFO fs3_daemon::runner: done kind="embed" id=674513 left=28306
2026-08-28T11:01:40.617778Z  INFO fs3_daemon::runner: done kind=summarize subject=docs/plans/058-workunit-editor/reviews/review.phase-3-inputs-outputs-configuration.md::Code Review: Phase 3: Inputs/Outputs Configuration::H) Handover Brief::Files Reviewed ms=12 left=28306
2026-08-28T11:01:40.624274Z  INFO fs3_daemon::runner: batch kind="embed" subject=1 x smart jobs=1 ms=2
2026-08-28T11:01:40.637431Z  INFO fs3_daemon::runner: done kind="embed" id=674514 left=28305
2026-08-28T11:01:40.725980Z  INFO fs3_daemon::runner: done kind=summarize subject=docs/plans/058-workunit-editor/reviews/review.phase-3-inputs-outputs-configuration.md::Code Review: Phase 3: Inputs/Outputs Configuration::H) Handover Brief ms=15 left=28305
2026-08-28T11:01:40.728055Z  INFO fs3_daemon::runner: batch kind="embed" subject=1 x smart jobs=1 ms=1
2026-08-28T11:01:40.738367Z  INFO fs3_daemon::runner: done kind="embed" id=674515 left=28304
2026-08-28T11:01:40.821488Z  INFO fs3_daemon::runner: done kind=summarize subject=docs/plans/058-workunit-editor/reviews/review.phase-3-inputs-outputs-configuration.md::Code Review: Phase 3: Inputs/Outputs Configuration::G) Commands Executed ms=15 left=28304
2026-08-28T11:01:40.827809Z  INFO fs3_daemon::runner: batch kind="embed" subject=1 x smart jobs=1 ms=0
2026-08-28T11:01:40.840126Z  INFO fs3_daemon::runner: done kind="embed" id=674516 left=28303
2026-08-28T11:01:40.921635Z  INFO fs3_daemon::runner: done kind=summarize subject=docs/plans/058-workunit-editor/reviews/review.phase-3-inputs-outputs-configuration.md::Code Review: Phase 3: Inputs/Outputs Configuration::F) Coverage Map ms=14 left=28303
2026-08-28T11:01:40.927061Z  INFO fs3_daemon::runner: batch kind="embed" subject=1 x smart jobs=1 ms=0
2026-08-28T11:01:40.939807Z  INFO fs3_daemon::runner: done kind="embed" id=674517 left=28302
2026-08-28T11:01:41.041760Z  INFO fs3_daemon::runner: batch kind="embed" subject=1 x smart jobs=1 ms=0
2026-08-28T11:01:41.044960Z  INFO fs3_daemon::runner: done kind=summarize subject=docs/plans/058-workunit-editor/reviews/review.phase-3-inputs-outputs-configuration.md::Code Review: Phase 3: Inputs/Outputs Configuration::E) Detailed Findings::E.4) Testing & Evidence ms=33 left=28302
2026-08-28T11:01:41.066979Z  INFO fs3_daemon::runner: done kind="embed" id=674518 left=28301
2026-08-28T11:01:41.174494Z  INFO fs3_daemon::runner: done kind=summarize subject=docs/plans/058-workunit-editor/reviews/review.phase-3-inputs-outputs-configuration.md::Code Review: Phase 3: Inputs/Outputs Configuration::E) Detailed Findings::E.2) Domain Compliance ms=33 left=28301
2026-08-28T11:01:41.177924Z  INFO fs3_daemon::runner: batch kind="embed" subject=1 x smart jobs=1 ms=0
2026-08-28T11:01:41.198675Z  INFO fs3_daemon::runner: done kind="embed" id=674519 left=28300
2026-08-28T11:01:41.304549Z  INFO fs3_daemon::runner: done kind=summarize subject=docs/plans/058-workunit-editor/reviews/review.phase-3-inputs-outputs-configuration.md::Code Review: Phase 3: Inputs/Outputs Configuration::E) Detailed Findings ms=30 left=28300
2026-08-28T11:01:41.308527Z  INFO fs3_daemon::runner: batch kind="embed" subject=1 x smart jobs=1 ms=0
2026-08-28T11:01:41.330448Z  INFO fs3_daemon::runner: done kind="embed" id=674520 left=28299
2026-08-28T11:01:41.443471Z  INFO fs3_daemon::runner: done kind=summarize subject=docs/plans/058-workunit-editor/reviews/review.phase-3-inputs-outputs-configuration.md::Code Review: Phase 3: Inputs/Outputs Configuration::D) Findings Table ms=37 left=28299
2026-08-28T11:01:41.445271Z  INFO fs3_daemon::runner: batch kind="embed" subject=1 x smart jobs=1 ms=0
2026-08-28T11:01:41.474970Z  INFO fs3_daemon::runner: done kind="embed" id=674521 left=28298
2026-08-28T11:01:41.616247Z  INFO fs3_daemon::runner: batch kind="embed" subject=1 x smart jobs=1 ms=2
2026-08-28T11:01:41.653332Z  INFO fs3_daemon::runner: done kind=summarize subject=docs/plans/058-workunit-editor/reviews/review.phase-3-inputs-outputs-configuration.md::Code Review: Phase 3: Inputs/Outputs Configuration::C) Checklist ms=83 left=28298
2026-08-28T11:01:41.667242Z  INFO fs3_daemon::runner: done kind="embed" id=674522 left=28297
2026-08-28T11:01:41.790816Z  INFO fs3_daemon::runner: batch kind="embed" subject=1 x smart jobs=1 ms=0
2026-08-28T11:01:41.809626Z  INFO fs3_daemon::runner: done kind=summarize subject=docs/plans/058-workunit-editor/reviews/review.phase-3-inputs-outputs-configuration.md::Code Review: Phase 3: Inputs/Outputs Configuration::A) Verdict ms=53 left=28297
2026-08-28T11:01:41.822229Z  INFO fs3_daemon::runner: done kind="embed" id=674523 left=28296
2026-08-28T11:01:41.972365Z  INFO fs3_daemon::runner: batch kind="embed" subject=1 x smart jobs=1 ms=0
2026-08-28T11:01:42.008505Z  INFO fs3_daemon::runner: done kind=summarize subject=docs/plans/058-workunit-editor/reviews/review.phase-3-inputs-outputs-configuration.md::Code Review: Phase 3: Inputs/Outputs Configuration ms=94 left=28296
2026-08-28T11:01:42.035546Z  INFO fs3_daemon::runner: done kind="embed" id=674524 left=28295
2026-08-28T11:01:42.157502Z  INFO fs3_daemon::runner: batch kind="embed" subject=1 x smart jobs=1 ms=0
2026-08-28T11:01:42.176366Z  INFO fs3_daemon::runner: done kind=summarize subject=docs/plans/058-workunit-editor/reviews/review.phase-2-editor-page.md::Code Review: Phase 2: Editor Page — Routes, Layout, Type-Specific Editors::H) Handover Brief::Required Fixes (if REQUEST_CHANGES) ms=52 left=28295
2026-08-28T11:01:42.202676Z  INFO fs3_daemon::runner: done kind="embed" id=674525 left=28294
2026-08-28T11:01:42.329376Z  INFO fs3_daemon::runner: batch kind="embed" subject=1 x smart jobs=1 ms=0
2026-08-28T11:01:42.358428Z  INFO fs3_daemon::runner: done kind=summarize subject=docs/plans/058-workunit-editor/reviews/review.phase-2-editor-page.md::Code Review: Phase 2: Editor Page — Routes, Layout, Type-Specific Editors::H) Handover Brief::Files Reviewed ms=72 left=28294
2026-08-28T11:01:42.372564Z  INFO fs3_daemon::runner: done kind="embed" id=674526 left=28293
2026-08-28T11:01:42.484482Z  INFO fs3_daemon::runner: batch kind="embed" subject=1 x smart jobs=1 ms=0
2026-08-28T11:01:42.502640Z  INFO fs3_daemon::runner: done kind=summarize subject=docs/plans/058-workunit-editor/reviews/review.phase-2-editor-page.md::Code Review: Phase 2: Editor Page — Routes, Layout, Type-Specific Editors::H) Handover Brief ms=50 left=28293
2026-08-28T11:01:42.518411Z  INFO fs3_daemon::runner: done kind="embed" id=674527 left=28292
2026-08-28T11:01:42.636483Z  INFO fs3_daemon::runner: done kind=summarize subject=docs/plans/058-workunit-editor/reviews/review.phase-2-editor-page.md::Code Review: Phase 2: Editor Page — Routes, Layout, Type-Specific Editors::G) Commands Executed ms=20 left=28292
2026-08-28T11:01:42.637485Z  INFO fs3_daemon::runner: batch kind="embed" subject=1 x smart jobs=1 ms=0
2026-08-28T11:01:42.650066Z  INFO fs3_daemon::runner: done kind="embed" id=674528 left=28291
2026-08-28T11:01:42.737332Z  INFO fs3_daemon::runner: done kind=summarize subject=docs/plans/058-workunit-editor/reviews/review.phase-2-editor-page.md::Code Review: Phase 2: Editor Page — Routes, Layout, Type-Specific Editors::F) Coverage Map ms=16 left=28291
2026-08-28T11:01:42.740149Z  INFO fs3_daemon::runner: batch kind="embed" subject=1 x smart jobs=1 ms=0
2026-08-28T11:01:42.752799Z  INFO fs3_daemon::runner: done kind="embed" id=674529 left=28290
2026-08-28T11:01:42.840552Z  INFO fs3_daemon::runner: done kind=summarize subject=docs/plans/058-workunit-editor/reviews/review.phase-2-editor-page.md::Code Review: Phase 2: Editor Page — Routes, Layout, Type-Specific Editors::E) Detailed Findings::E.4) Testing & Evidence ms=20 left=28290
2026-08-28T11:01:42.843241Z  INFO fs3_daemon::runner: batch kind="embed" subject=1 x smart jobs=1 ms=0
2026-08-28T11:01:42.858369Z  INFO fs3_daemon::runner: done kind="embed" id=674530 left=28289
2026-08-28T11:01:42.934190Z  INFO fs3_daemon::runner: done kind=summarize subject=docs/plans/058-workunit-editor/reviews/review.phase-2-editor-page.md::Code Review: Phase 2: Editor Page — Routes, Layout, Type-Specific Editors::E) Detailed Findings::E.2) Domain Compliance ms=13 left=28289
2026-08-28T11:01:42.939966Z  INFO fs3_daemon::runner: batch kind="embed" subject=1 x smart jobs=1 ms=0
2026-08-28T11:01:42.958297Z  INFO fs3_daemon::runner: done kind="embed" id=674531 left=28288
2026-08-28T11:01:43.045552Z  INFO fs3_daemon::runner: batch kind="embed" subject=1 x smart jobs=1 ms=0
2026-08-28T11:01:43.052205Z  INFO fs3_daemon::runner: done kind=summarize subject=docs/plans/058-workunit-editor/reviews/review.phase-2-editor-page.md::Code Review: Phase 2: Editor Page — Routes, Layout, Type-Specific Editors::E) Detailed Findings ms=24 left=28288
2026-08-28T11:01:43.052819Z  INFO fs3_daemon::runner: done kind="embed" id=674532 left=28287
2026-08-28T11:01:43.132524Z  INFO fs3_daemon::runner: done kind=summarize subject=docs/plans/058-workunit-editor/reviews/review.phase-2-editor-page.md::Code Review: Phase 2: Editor Page — Routes, Layout, Type-Specific Editors::D) Findings Table ms=12 left=28287
2026-08-28T11:01:43.138223Z  INFO fs3_daemon::runner: batch kind="embed" subject=1 x smart jobs=1 ms=0
2026-08-28T11:01:43.148172Z  INFO fs3_daemon::runner: done kind="embed" id=674533 left=28286
2026-08-28T11:01:43.244910Z  INFO fs3_daemon::runner: done kind=summarize subject=docs/plans/058-workunit-editor/reviews/review.phase-2-editor-page.md::Code Review: Phase 2: Editor Page — Routes, Layout, Type-Specific Editors::C) Checklist ms=14 left=28286
2026-08-28T11:01:43.252214Z  INFO fs3_daemon::runner: batch kind="embed" subject=1 x smart jobs=1 ms=0
2026-08-28T11:01:43.270960Z  INFO fs3_daemon::runner: done kind="embed" id=674534 left=28285
2026-08-28T11:01:43.357652Z  INFO fs3_daemon::runner: done kind=summarize subject=docs/plans/058-workunit-editor/reviews/review.phase-2-editor-page.md::Code Review: Phase 2: Editor Page — Routes, Layout, Type-Specific Editors::A) Verdict ms=19 left=28285
2026-08-28T11:01:43.361608Z  INFO fs3_daemon::runner: batch kind="embed" subject=1 x smart jobs=1 ms=0
2026-08-28T11:01:43.374689Z  INFO fs3_daemon::runner: done kind="embed" id=674535 left=28284
2026-08-28T11:01:43.458838Z  INFO fs3_daemon::runner: done kind=summarize subject=docs/plans/058-workunit-editor/reviews/review.phase-2-editor-page.md::Code Review: Phase 2: Editor Page — Routes, Layout, Type-Specific Editors ms=18 left=28284
2026-08-28T11:01:43.459345Z  INFO fs3_daemon::runner: batch kind="embed" subject=1 x smart jobs=1 ms=0
2026-08-28T11:01:43.469351Z  INFO fs3_daemon::runner: done kind="embed" id=674536 left=28283
2026-08-28T11:01:43.552303Z  INFO fs3_daemon::runner: done kind=summarize subject=docs/plans/058-workunit-editor/reviews/review.phase-1-service-layer.md::Code Review: Phase 1: Service Layer — Extend IWorkUnitService with CRUD::H) Handover Brief::Files Reviewed ms=19 left=28283
2026-08-28T11:01:43.558862Z  INFO fs3_daemon::runner: batch kind="embed" subject=1 x smart jobs=1 ms=0
2026-08-28T11:01:43.572100Z  INFO fs3_daemon::runner: done kind="embed" id=674537 left=28282
2026-08-28T11:01:43.663341Z  INFO fs3_daemon::runner: done kind=summarize subject=docs/plans/058-workunit-editor/reviews/review.phase-1-service-layer.md::Code Review: Phase 1: Service Layer — Extend IWorkUnitService with CRUD::H) Handover Brief ms=19 left=28282
2026-08-28T11:01:43.665331Z  INFO fs3_daemon::runner: batch kind="embed" subject=1 x smart jobs=1 ms=0
2026-08-28T11:01:43.677511Z  INFO fs3_daemon::runner: done kind="embed" id=674538 left=28281
2026-08-28T11:01:43.764764Z  INFO fs3_daemon::runner: done kind=summarize subject=docs/plans/058-workunit-editor/reviews/review.phase-1-service-layer.md::Code Review: Phase 1: Service Layer — Extend IWorkUnitService with CRUD::F) Coverage Map ms=17 left=28281
2026-08-28T11:01:43.813830Z  INFO fs3_daemon::runner: progress phase="working" scanned=62578 scan_left=33 summarized=129904 summarize_left=28247 embedded=209650 embed_left=1 failed=0
2026-08-28T11:01:43.831832Z  INFO fs3_daemon::runner: batch kind="embed" subject=2 x smart jobs=2 ms=0
2026-08-28T11:01:43.841439Z  INFO fs3_daemon::runner: done kind="embed" id=674539 left=28280
2026-08-28T11:01:43.914585Z  INFO fs3_daemon::runner: done kind="embed" id=674540 left=28279
2026-08-28T11:01:44.008068Z  INFO fs3_daemon::runner: done kind=summarize subject=docs/plans/058-workunit-editor/reviews/review.phase-1-service-layer.md::Code Review: Phase 1: Service Layer — Extend IWorkUnitService with CRUD::E) Detailed Findings::E.4) Testing & Evidence ms=22 left=28279
2026-08-28T11:01:44.015904Z  INFO fs3_daemon::runner: done kind=summarize subject=docs/plans/058-workunit-editor/reviews/review.phase-1-service-layer.md::Code Review: Phase 1: Service Layer — Extend IWorkUnitService with CRUD::E) Detailed Findings::E.2) Domain Compliance ms=12 left=28279
2026-08-28T11:01:44.019564Z  INFO fs3_daemon::runner: batch kind="embed" subject=1 x smart jobs=1 ms=0
2026-08-28T11:01:44.032893Z  INFO fs3_daemon::runner: done kind="embed" id=674541 left=28278
2026-08-28T11:01:44.120853Z  INFO fs3_daemon::runner: done kind=summarize subject=docs/plans/058-workunit-editor/reviews/review.phase-1-service-layer.md::Code Review: Phase 1: Service Layer — Extend IWorkUnitService with CRUD::E) Detailed Findings ms=16 left=28278
2026-08-28T11:01:44.125328Z  INFO fs3_daemon::runner: batch kind="embed" subject=1 x smart jobs=1 ms=2
2026-08-28T11:01:44.137157Z  INFO fs3_daemon::runner: done kind="embed" id=674542 left=28277
2026-08-28T11:01:44.221810Z  INFO fs3_daemon::runner: batch kind="embed" subject=1 x smart jobs=1 ms=0
2026-08-28T11:01:44.223079Z  INFO fs3_daemon::runner: done kind=summarize subject=docs/plans/058-workunit-editor/reviews/review.phase-1-service-layer.md::Code Review: Phase 1: Service Layer — Extend IWorkUnitService with CRUD::D) Findings Table ms=18 left=28277
2026-08-28T11:01:44.231149Z  INFO fs3_daemon::runner: done kind="embed" id=674543 left=28276
2026-08-28T11:01:44.308690Z  INFO fs3_daemon::runner: done kind=summarize subject=docs/plans/058-workunit-editor/reviews/review.phase-1-service-layer.md::Code Review: Phase 1: Service Layer — Extend IWorkUnitService with CRUD::C) Checklist ms=14 left=28276
2026-08-28T11:01:44.312469Z  INFO fs3_daemon::runner: batch kind="embed" subject=1 x smart jobs=1 ms=0
2026-08-28T11:01:44.326624Z  INFO fs3_daemon::runner: done kind="embed" id=674544 left=28275
2026-08-28T11:01:44.408818Z  INFO fs3_daemon::runner: done kind=summarize subject=docs/plans/058-workunit-editor/reviews/review.phase-1-service-layer.md::Code Review: Phase 1: Service Layer — Extend IWorkUnitService with CRUD::A) Verdict ms=15 left=28275
2026-08-28T11:01:44.412500Z  INFO fs3_daemon::runner: batch kind="embed" subject=1 x smart jobs=1 ms=1
2026-08-28T11:01:44.424399Z  INFO fs3_daemon::runner: done kind="embed" id=674545 left=28274
2026-08-28T11:01:44.506140Z  INFO fs3_daemon::runner: done kind=summarize subject=docs/plans/058-workunit-editor/reviews/review.phase-1-service-layer.md::Code Review: Phase 1: Service Layer — Extend IWorkUnitService with CRUD ms=12 left=28274
2026-08-28T11:01:44.511275Z  INFO fs3_daemon::runner: batch kind="embed" subject=1 x smart jobs=1 ms=0
2026-08-28T11:01:44.522851Z  INFO fs3_daemon::runner: done kind="embed" id=674546 left=28273
2026-08-28T11:01:44.606534Z  INFO fs3_daemon::runner: done kind=summarize subject=docs/plans/058-workunit-editor/reviews/fix-tasks.phase-4-change-notifications-workflow-integration.md::Fix Tasks: Phase 4: Change Notifications & Workflow Integration::Medium / Low Fixes::FT-005: Scope Unit-Catalog Event Payload to Workspace/Worktree ms=15 left=28273
2026-08-28T11:01:44.611082Z  INFO fs3_daemon::runner: batch kind="embed" subject=1 x smart jobs=1 ms=0
2026-08-28T11:01:44.624604Z  INFO fs3_daemon::runner: done kind="embed" id=674547 left=28272
2026-08-28T11:01:44.707794Z  INFO fs3_daemon::runner: done kind=summarize subject=docs/plans/058-workunit-editor/reviews/fix-tasks.phase-4-change-notifications-workflow-integration.md::Fix Tasks: Phase 4: Change Notifications & Workflow Integration::Medium / Low Fixes ms=13 left=28272
2026-08-28T11:01:44.711147Z  INFO fs3_daemon::runner: batch kind="embed" subject=1 x smart jobs=1 ms=0
2026-08-28T11:01:44.722321Z  INFO fs3_daemon::runner: done kind="embed" id=674548 left=28271
2026-08-28T11:01:44.805162Z  INFO fs3_daemon::runner: done kind=summarize subject=docs/plans/058-workunit-editor/reviews/fix-tasks.phase-4-change-notifications-workflow-integration.md::Fix Tasks: Phase 4: Change Notifications & Workflow Integration::Critical / High Fixes::FT-004: Satisfy Full TDD Gate for AC-22..AC-26 ms=13 left=28271
2026-08-28T11:01:44.810571Z  INFO fs3_daemon::runner: batch kind="embed" subject=1 x smart jobs=1 ms=0
2026-08-28T11:01:44.823109Z  INFO fs3_daemon::runner: done kind="embed" id=674549 left=28270
2026-08-28T11:01:44.901019Z  INFO fs3_daemon::runner: done kind=summarize subject=docs/plans/058-workunit-editor/reviews/fix-tasks.phase-4-change-notifications-workflow-integration.md::Fix Tasks: Phase 4: Change Notifications & Workflow Integration::Critical / High Fixes::FT-003: Reconcile Phase 4 Domain Manifest and Domain Artifacts ms=14 left=28270
2026-08-28T11:01:44.903877Z  INFO fs3_daemon::runner: batch kind="embed" subject=1 x smart jobs=1 ms=0
2026-08-28T11:01:44.920339Z  INFO fs3_daemon::runner: done kind="embed" id=674550 left=28269
2026-08-28T11:01:45.003592Z  INFO fs3_daemon::runner: done kind=summarize subject=docs/plans/058-workunit-editor/reviews/fix-tasks.phase-4-change-notifications-workflow-integration.md::Fix Tasks: Phase 4: Change Notifications & Workflow Integration::Critical / High Fixes::FT-002: Remove Business-Domain Internal Import Violation ms=17 left=28269
2026-08-28T11:01:45.006649Z  INFO fs3_daemon::runner: batch kind="embed" subject=1 x smart jobs=1 ms=0
2026-08-28T11:01:45.025609Z  INFO fs3_daemon::runner: done kind="embed" id=674551 left=28268
2026-08-28T11:01:45.113507Z  INFO fs3_daemon::runner: done kind=summarize subject=docs/plans/058-workunit-editor/reviews/fix-tasks.phase-4-change-notifications-workflow-integration.md::Fix Tasks: Phase 4: Change Notifications & Workflow Integration::Critical / High Fixes::FT-001: Restore Unit-Catalog Watcher Coverage ms=15 left=28268
2026-08-28T11:01:45.117393Z  INFO fs3_daemon::runner: batch kind="embed" subject=1 x smart jobs=1 ms=0
2026-08-28T11:01:45.129084Z  INFO fs3_daemon::runner: done kind="embed" id=674552 left=28267
2026-08-28T11:01:45.208992Z  INFO fs3_daemon::runner: done kind=summarize subject=docs/plans/058-workunit-editor/reviews/fix-tasks.phase-4-change-notifications-workflow-integration.md::Fix Tasks: Phase 4: Change Notifications & Workflow Integration::Critical / High Fixes ms=13 left=28267
2026-08-28T11:01:45.215241Z  INFO fs3_daemon::runner: batch kind="embed" subject=1 x smart jobs=1 ms=0
2026-08-28T11:01:45.226532Z  INFO fs3_daemon::runner: done kind="embed" id=674553 left=28266
2026-08-28T11:01:45.312512Z  INFO fs3_daemon::runner: done kind=summarize subject=docs/plans/058-workunit-editor/reviews/fix-tasks.phase-4-change-notifications-workflow-integration.md::Fix Tasks: Phase 4: Change Notifications & Workflow Integration ms=19 left=28266
2026-08-28T11:01:45.316116Z  INFO fs3_daemon::runner: batch kind="embed" subject=1 x smart jobs=1 ms=1
2026-08-28T11:01:45.326466Z  INFO fs3_daemon::runner: done kind="embed" id=674554 left=28265
2026-08-28T11:01:45.404179Z  INFO fs3_daemon::runner: done kind=summarize subject=docs/plans/058-workunit-editor/reviews/fix-tasks.phase-3-inputs-outputs-configuration.md::Fix Tasks: Phase 3: Inputs/Outputs Configuration::Medium / Low Fixes::FT-008: Improve evidence traceability and correct task filename reference ms=13 left=28265
2026-08-28T11:01:45.408259Z  INFO fs3_daemon::runner: batch kind="embed" subject=1 x smart jobs=1 ms=0
2026-08-28T11:01:45.419004Z  INFO fs3_daemon::runner: done kind="embed" id=674555 left=28264
2026-08-28T11:01:45.497836Z  INFO fs3_daemon::runner: done kind=summarize subject=docs/plans/058-workunit-editor/reviews/fix-tasks.phase-3-inputs-outputs-configuration.md::Fix Tasks: Phase 3: Inputs/Outputs Configuration::Medium / Low Fixes::FT-006: Update domain governance artifacts for completed Phase 3 ms=12 left=28264
2026-08-28T11:01:45.507465Z  INFO fs3_daemon::runner: batch kind="embed" subject=1 x smart jobs=1 ms=3
2026-08-28T11:01:45.520486Z  INFO fs3_daemon::runner: done kind="embed" id=674556 left=28263
2026-08-28T11:01:45.602520Z  INFO fs3_daemon::runner: batch kind="embed" subject=1 x smart jobs=1 ms=0
2026-08-28T11:01:45.606327Z  INFO fs3_daemon::runner: done kind=summarize subject=docs/plans/058-workunit-editor/reviews/fix-tasks.phase-3-inputs-outputs-configuration.md::Fix Tasks: Phase 3: Inputs/Outputs Configuration::Medium / Low Fixes::FT-005: Reuse reserved param contract source ms=20 left=28263
2026-08-28T11:01:45.612805Z  INFO fs3_daemon::runner: done kind="embed" id=674557 left=28262
2026-08-28T11:01:45.689580Z  INFO fs3_daemon::runner: done kind=summarize subject=docs/plans/058-workunit-editor/reviews/fix-tasks.phase-3-inputs-outputs-configuration.md::Fix Tasks: Phase 3: Inputs/Outputs Configuration::Medium / Low Fixes::FT-004: Add explicit delete confirmation before removal ms=16 left=28262
2026-08-28T11:01:45.701710Z  INFO fs3_daemon::runner: batch kind="embed" subject=1 x smart jobs=1 ms=0
2026-08-28T11:01:45.723618Z  INFO fs3_daemon::runner: done kind="embed" id=674558 left=28261
2026-08-28T11:01:45.835395Z  INFO fs3_daemon::runner: done kind=summarize subject=docs/plans/058-workunit-editor/reviews/fix-tasks.phase-3-inputs-outputs-configuration.md::Fix Tasks: Phase 3: Inputs/Outputs Configuration::Medium / Low Fixes ms=38 left=28261
2026-08-28T11:01:45.836437Z  INFO fs3_daemon::runner: batch kind="embed" subject=1 x smart jobs=1 ms=0
2026-08-28T11:01:45.861589Z  INFO fs3_daemon::runner: done kind="embed" id=674559 left=28260
2026-08-28T11:01:45.964946Z  INFO fs3_daemon::runner: done kind=summarize subject=docs/plans/058-workunit-editor/reviews/fix-tasks.phase-3-inputs-outputs-configuration.md::Fix Tasks: Phase 3: Inputs/Outputs Configuration::Critical / High Fixes::FT-003: Add missing interaction-level component tests for AC-10/11/14/15 ms=30 left=28260
2026-08-28T11:01:45.970429Z  INFO fs3_daemon::runner: batch kind="embed" subject=1 x smart jobs=1 ms=0
2026-08-28T11:01:45.994345Z  INFO fs3_daemon::runner: done kind="embed" id=674560 left=28259
2026-08-28T11:01:46.112902Z  INFO fs3_daemon::runner: done kind=summarize subject=docs/plans/058-workunit-editor/reviews/fix-tasks.phase-3-inputs-outputs-configuration.md::Fix Tasks: Phase 3: Inputs/Outputs Configuration::Critical / High Fixes::FT-002: Enforce mandatory Test Doc blocks in new tests ms=38 left=28259
2026-08-28T11:01:46.117302Z  INFO fs3_daemon::runner: batch kind="embed" subject=1 x smart jobs=1 ms=1
2026-08-28T11:01:46.142766Z  INFO fs3_daemon::runner: done kind="embed" id=674561 left=28258
2026-08-28T11:01:46.247695Z  INFO fs3_daemon::runner: batch kind="embed" subject=1 x smart jobs=1 ms=0
2026-08-28T11:01:46.268725Z  INFO fs3_daemon::runner: done kind=summarize subject=docs/plans/058-workunit-editor/reviews/fix-tasks.phase-3-inputs-outputs-configuration.md::Fix Tasks: Phase 3: Inputs/Outputs Configuration::Critical / High Fixes::FT-001: Serialize structural saves to prevent stale overwrite ms=50 left=28258
2026-08-28T11:01:46.281249Z  INFO fs3_daemon::runner: done kind="embed" id=674562 left=28257
2026-08-28T11:01:46.389331Z  INFO fs3_daemon::runner: done kind=summarize subject=docs/plans/058-workunit-editor/reviews/fix-tasks.phase-3-inputs-outputs-configuration.md::Fix Tasks: Phase 3: Inputs/Outputs Configuration::Critical / High Fixes ms=30 left=28257
2026-08-28T11:01:46.397152Z  INFO fs3_daemon::runner: batch kind="embed" subject=1 x smart jobs=1 ms=1
2026-08-28T11:01:46.423975Z  INFO fs3_daemon::runner: done kind="embed" id=674563 left=28256
2026-08-28T11:01:46.533278Z  INFO fs3_daemon::runner: done kind=summarize subject=docs/plans/058-workunit-editor/reviews/fix-tasks.phase-3-inputs-outputs-configuration.md::Fix Tasks: Phase 3: Inputs/Outputs Configuration ms=34 left=28256
2026-08-28T11:01:46.537348Z  INFO fs3_daemon::runner: batch kind="embed" subject=1 x smart jobs=1 ms=3
2026-08-28T11:01:46.561149Z  INFO fs3_daemon::runner: done kind="embed" id=674564 left=28255
2026-08-28T11:01:46.666138Z  INFO fs3_daemon::runner: batch kind="embed" subject=1 x smart jobs=1 ms=0
2026-08-28T11:01:46.685689Z  INFO fs3_daemon::runner: done kind=summarize subject=docs/plans/058-workunit-editor/reviews/fix-tasks.phase-2-editor-page.md::Fix Tasks: Phase 2: Editor Page — Routes, Layout, Type-Specific Editors::Medium / Low Fixes::FT-007: Synchronize plan domain manifest with actual changed files ms=44 left=28255
2026-08-28T11:01:46.700123Z  INFO fs3_daemon::runner: done kind="embed" id=674565 left=28254
2026-08-28T11:01:46.811064Z  INFO fs3_daemon::runner: done kind=summarize subject=docs/plans/058-workunit-editor/reviews/fix-tasks.phase-2-editor-page.md::Fix Tasks: Phase 2: Editor Page — Routes, Layout, Type-Specific Editors::Medium / Low Fixes::FT-006: Remove language-detection duplication ms=33 left=28254
2026-08-28T11:01:46.815912Z  INFO fs3_daemon::runner: batch kind="embed" subject=1 x smart jobs=1 ms=0
2026-08-28T11:01:46.843829Z  INFO fs3_daemon::runner: done kind="embed" id=674566 left=28253
2026-08-28T11:01:46.970866Z  INFO fs3_daemon::runner: batch kind="embed" subject=1 x smart jobs=1 ms=0
2026-08-28T11:01:46.989622Z  INFO fs3_daemon::runner: done kind=summarize subject=docs/plans/058-workunit-editor/reviews/fix-tasks.phase-2-editor-page.md::Fix Tasks: Phase 2: Editor Page — Routes, Layout, Type-Specific Editors::Medium / Low Fixes::FT-005: Use viewer public contract imports ms=48 left=28253
2026-08-28T11:01:46.999989Z  INFO fs3_daemon::runner: done kind="embed" id=674567 left=28252
2026-08-28T11:01:47.105472Z  INFO fs3_daemon::runner: batch kind="embed" subject=1 x smart jobs=1 ms=0
2026-08-28T11:01:47.124706Z  INFO fs3_daemon::runner: done kind=summarize subject=docs/plans/058-workunit-editor/reviews/fix-tasks.phase-2-editor-page.md::Fix Tasks: Phase 2: Editor Page — Routes, Layout, Type-Specific Editors::Medium / Low Fixes ms=51 left=28252
2026-08-28T11:01:47.136319Z  INFO fs3_daemon::runner: done kind="embed" id=674568 left=28251
2026-08-28T11:01:47.247885Z  INFO fs3_daemon::runner: done kind=summarize subject=docs/plans/058-workunit-editor/reviews/fix-tasks.phase-2-editor-page.md::Fix Tasks: Phase 2: Editor Page — Routes, Layout, Type-Specific Editors::Critical / High Fixes::FT-004: Add Full-TDD evidence for Phase-2 implementation ms=31 left=28251
2026-08-28T11:01:47.251319Z  INFO fs3_daemon::runner: batch kind="embed" subject=1 x smart jobs=1 ms=1
2026-08-28T11:01:47.283632Z  INFO fs3_daemon::runner: done kind="embed" id=674569 left=28250
2026-08-28T11:01:47.386556Z  INFO fs3_daemon::runner: batch kind="embed" subject=1 x smart jobs=1 ms=0
2026-08-28T11:01:47.406298Z  INFO fs3_daemon::runner: done kind=summarize subject=docs/plans/058-workunit-editor/reviews/fix-tasks.phase-2-editor-page.md::Fix Tasks: Phase 2: Editor Page — Routes, Layout, Type-Specific Editors::Critical / High Fixes::FT-003: Bring domain governance artifacts up to date for Phase 2 ms=49 left=28250
2026-08-28T11:01:47.417327Z  INFO fs3_daemon::runner: done kind="embed" id=674570 left=28249
2026-08-28T11:01:47.503587Z  INFO fs3_daemon::runner: batch kind="embed" subject=1 x smart jobs=1 ms=0
2026-08-28T11:01:47.504558Z  INFO fs3_daemon::runner: done kind=summarize subject=docs/plans/058-workunit-editor/reviews/fix-tasks.phase-2-editor-page.md::Fix Tasks: Phase 2: Editor Page — Routes, Layout, Type-Specific Editors::Critical / High Fixes::FT-002: Safe parse user-input payload in render path ms=18 left=28249
2026-08-28T11:01:47.515213Z  INFO fs3_daemon::runner: done kind="embed" id=674571 left=28248
2026-08-28T11:01:47.604162Z  INFO fs3_daemon::runner: done kind=summarize subject=docs/plans/058-workunit-editor/reviews/fix-tasks.phase-2-editor-page.md::Fix Tasks: Phase 2: Editor Page — Routes, Layout, Type-Specific Editors::Critical / High Fixes::FT-001: Guard failed content loads before rendering editor ms=16 left=28248
2026-08-28T11:01:47.606521Z  INFO fs3_daemon::runner: batch kind="embed" subject=1 x smart jobs=1 ms=0
2026-08-28T11:01:47.617569Z  INFO fs3_daemon::runner: done kind="embed" id=674572 left=28247
2026-08-28T11:01:47.702808Z  INFO fs3_daemon::runner: done kind=summarize subject=docs/plans/058-workunit-editor/reviews/fix-tasks.phase-2-editor-page.md::Fix Tasks: Phase 2: Editor Page — Routes, Layout, Type-Specific Editors::Critical / High Fixes ms=14 left=28247
2026-08-28T11:01:47.705543Z  INFO fs3_daemon::runner: batch kind="embed" subject=1 x smart jobs=1 ms=0
2026-08-28T11:01:47.716593Z  INFO fs3_daemon::runner: done kind="embed" id=674573 left=28246
2026-08-28T11:01:47.806385Z  INFO fs3_daemon::runner: done kind=summarize subject=docs/plans/058-workunit-editor/reviews/fix-tasks.phase-2-editor-page.md::Fix Tasks: Phase 2: Editor Page — Routes, Layout, Type-Specific Editors ms=19 left=28246
2026-08-28T11:01:47.811587Z  INFO fs3_daemon::runner: batch kind="embed" subject=1 x smart jobs=1 ms=0
2026-08-28T11:01:47.828641Z  INFO fs3_daemon::runner: done kind="embed" id=674574 left=28245
2026-08-28T11:01:47.926159Z  INFO fs3_daemon::runner: done kind=summarize subject=docs/plans/058-workunit-editor/reviews/fix-tasks.phase-1-service-layer.md::Fix Tasks: Phase 1: Service Layer — Extend IWorkUnitService with CRUD::Medium / Low Fixes::FT-005: Update domain artifacts for Phase 1 changes ms=18 left=28245
2026-08-28T11:01:47.937698Z  INFO fs3_daemon::runner: batch kind="embed" subject=1 x smart jobs=1 ms=0
2026-08-28T11:01:47.950643Z  INFO fs3_daemon::runner: done kind="embed" id=674575 left=28244
2026-08-28T11:01:48.037023Z  INFO fs3_daemon::runner: done kind=summarize subject=docs/plans/058-workunit-editor/reviews/fix-tasks.phase-1-service-layer.md::Fix Tasks: Phase 1: Service Layer — Extend IWorkUnitService with CRUD::Medium / Low Fixes ms=17 left=28244
2026-08-28T11:01:48.041541Z  INFO fs3_daemon::runner: batch kind="embed" subject=1 x smart jobs=1 ms=1
2026-08-28T11:01:48.057218Z  INFO fs3_daemon::runner: done kind="embed" id=674576 left=28243
2026-08-28T11:01:48.139194Z  INFO fs3_daemon::runner: done kind=summarize subject=docs/plans/058-workunit-editor/reviews/fix-tasks.phase-1-service-layer.md::Fix Tasks: Phase 1: Service Layer — Extend IWorkUnitService with CRUD::Critical / High Fixes::FT-003: Add AC19 cascade verification tests ms=13 left=28243
2026-08-28T11:01:48.145648Z  INFO fs3_daemon::runner: batch kind="embed" subject=1 x smart jobs=1 ms=0
2026-08-28T11:01:48.158031Z  INFO fs3_daemon::runner: done kind="embed" id=674577 left=28242
2026-08-28T11:01:48.240356Z  INFO fs3_daemon::runner: done kind=summarize subject=docs/plans/058-workunit-editor/reviews/fix-tasks.phase-1-service-layer.md::Fix Tasks: Phase 1: Service Layer — Extend IWorkUnitService with CRUD::Critical / High Fixes::FT-002: Surface rename partial-failure errors ms=13 left=28242
2026-08-28T11:01:48.246828Z  INFO fs3_daemon::runner: batch kind="embed" subject=1 x smart jobs=1 ms=0
2026-08-28T11:01:48.258411Z  INFO fs3_daemon::runner: done kind="embed" id=674578 left=28241
2026-08-28T11:01:48.347919Z  INFO fs3_daemon::runner: done kind=summarize subject=docs/plans/058-workunit-editor/reviews/fix-tasks.phase-1-service-layer.md::Fix Tasks: Phase 1: Service Layer — Extend IWorkUnitService with CRUD::Critical / High Fixes::FT-001: Ensure rename cascade is wired in runtime DI ms=19 left=28241
2026-08-28T11:01:48.351520Z  INFO fs3_daemon::runner: batch kind="embed" subject=1 x smart jobs=1 ms=1
2026-08-28T11:01:48.363482Z  INFO fs3_daemon::runner: done kind="embed" id=674579 left=28240
2026-08-28T11:01:48.453914Z  INFO fs3_daemon::runner: done kind=summarize subject=docs/plans/058-workunit-editor/reviews/fix-tasks.phase-1-service-layer.md::Fix Tasks: Phase 1: Service Layer — Extend IWorkUnitService with CRUD::Critical / High Fixes ms=18 left=28240
2026-08-28T11:01:48.460653Z  INFO fs3_daemon::runner: batch kind="embed" subject=1 x smart jobs=1 ms=0
2026-08-28T11:01:48.471637Z  INFO fs3_daemon::runner: done kind="embed" id=674580 left=28239
2026-08-28T11:01:48.557765Z  INFO fs3_daemon::runner: done kind=summarize subject=docs/plans/058-workunit-editor/reviews/fix-tasks.phase-1-service-layer.md::Fix Tasks: Phase 1: Service Layer — Extend IWorkUnitService with CRUD ms=17 left=28239
2026-08-28T11:01:48.561860Z  INFO fs3_daemon::runner: batch kind="embed" subject=1 x smart jobs=1 ms=0
2026-08-28T11:01:48.575510Z  INFO fs3_daemon::runner: done kind="embed" id=674581 left=28238
2026-08-28T11:01:48.660955Z  INFO fs3_daemon::runner: done kind=summarize subject=docs/plans/058-workunit-editor/research-dossier.md::Research Report: Work Unit Creator & Editor::Next Steps ms=15 left=28238
2026-08-28T11:01:48.665895Z  INFO fs3_daemon::runner: batch kind="embed" subject=1 x smart jobs=1 ms=1
2026-08-28T11:01:48.679765Z  INFO fs3_daemon::runner: done kind="embed" id=674582 left=28237
2026-08-28T11:01:48.756676Z  INFO fs3_daemon::runner: done kind=summarize subject=docs/plans/058-workunit-editor/research-dossier.md::Research Report: Work Unit Creator & Editor::Appendix: Work Unit On-Disk Format::unit.yaml Schema (User-Input Example) ms=11 left=28237
2026-08-28T11:01:48.763240Z  INFO fs3_daemon::runner: batch kind="embed" subject=1 x smart jobs=1 ms=1
2026-08-28T11:01:48.774180Z  INFO fs3_daemon::runner: done kind="embed" id=674583 left=28236
2026-08-28T11:01:48.850380Z  INFO fs3_daemon::runner: done kind=summarize subject=docs/plans/058-workunit-editor/research-dossier.md::Research Report: Work Unit Creator & Editor::Appendix: Work Unit On-Disk Format::unit.yaml Schema (Code Example) ms=14 left=28236
2026-08-28T11:01:48.900364Z  INFO fs3_daemon::runner: progress phase="working" scanned=62578 scan_left=33 summarized=129949 summarize_left=28202 embedded=209695 embed_left=1 failed=0
2026-08-28T11:01:48.924949Z  INFO fs3_daemon::runner: batch kind="embed" subject=2 x smart jobs=2 ms=0
2026-08-28T11:01:48.945914Z  INFO fs3_daemon::runner: done kind="embed" id=674585 left=28235
2026-08-28T11:01:49.024701Z  INFO fs3_daemon::runner: done kind="embed" id=674584 left=28234
2026-08-28T11:01:49.135684Z  INFO fs3_daemon::runner: done kind=summarize subject=docs/plans/058-workunit-editor/research-dossier.md::Research Report: Work Unit Creator & Editor::Appendix: Work Unit On-Disk Format::unit.yaml Schema (Agent Example) ms=26 left=28234
2026-08-28T11:01:49.143615Z  INFO fs3_daemon::runner: done kind=summarize subject=docs/plans/058-workunit-editor/research-dossier.md::Research Report: Work Unit Creator & Editor::Appendix: Work Unit On-Disk Format ms=16 left=28234
2026-08-28T11:01:49.147904Z  INFO fs3_daemon::runner: batch kind="embed" subject=1 x smart jobs=1 ms=0
2026-08-28T11:01:49.161718Z  INFO fs3_daemon::runner: done kind="embed" id=674586 left=28233
2026-08-28T11:01:49.268071Z  INFO fs3_daemon::runner: batch kind="embed" subject=1 x smart jobs=1 ms=0
2026-08-28T11:01:49.277598Z  INFO fs3_daemon::runner: done kind=summarize subject=docs/plans/058-workunit-editor/research-dossier.md::Research Report: Work Unit Creator & Editor::External Research Opportunities::Research Opportunity 2: Filesystem Change Detection Patterns for SSE-Based Live Updates ms=27 left=28233
2026-08-28T11:01:49.281748Z  INFO fs3_daemon::runner: done kind="embed" id=674587 left=28232
2026-08-28T11:01:49.368623Z  INFO fs3_daemon::runner: batch kind="embed" subject=1 x smart jobs=1 ms=0
2026-08-28T11:01:49.369230Z  INFO fs3_daemon::runner: done kind=summarize subject=docs/plans/058-workunit-editor/research-dossier.md::Research Report: Work Unit Creator & Editor::External Research Opportunities::Research Opportunity 1: Code Editor Component for Work Unit Script/Prompt Editing ms=17 left=28232
2026-08-28T11:01:49.381502Z  INFO fs3_daemon::runner: done kind="embed" id=674588 left=28231
2026-08-28T11:01:49.461432Z  INFO fs3_daemon::runner: done kind=summarize subject=docs/plans/058-workunit-editor/research-dossier.md::Research Report: Work Unit Creator & Editor::External Research Opportunities ms=17 left=28231
2026-08-28T11:01:49.470401Z  INFO fs3_daemon::runner: batch kind="embed" subject=1 x smart jobs=1 ms=1
2026-08-28T11:01:49.481756Z  INFO fs3_daemon::runner: done kind="embed" id=674589 left=28230
2026-08-28T11:01:49.560001Z  INFO fs3_daemon::runner: done kind=summarize subject=docs/plans/058-workunit-editor/research-dossier.md::Research Report: Work Unit Creator & Editor::Recommendations ms=17 left=28230
2026-08-28T11:01:49.561320Z  INFO fs3_daemon::runner: batch kind="embed" subject=1 x smart jobs=1 ms=0
2026-08-28T11:01:49.572581Z  INFO fs3_daemon::runner: done kind="embed" id=674590 left=28229
2026-08-28T11:01:49.654047Z  INFO fs3_daemon::runner: done kind=summarize subject=docs/plans/058-workunit-editor/research-dossier.md::Research Report: Work Unit Creator & Editor::Supporting Documentation ms=13 left=28229
2026-08-28T11:01:49.662682Z  INFO fs3_daemon::runner: batch kind="embed" subject=1 x smart jobs=1 ms=0
2026-08-28T11:01:49.674085Z  INFO fs3_daemon::runner: done kind="embed" id=674591 left=28228
2026-08-28T11:01:49.759894Z  INFO fs3_daemon::runner: done kind=summarize subject=docs/plans/058-workunit-editor/research-dossier.md::Research Report: Work Unit Creator & Editor::Critical Discoveries ms=14 left=28228
2026-08-28T11:01:49.766611Z  INFO fs3_daemon::runner: batch kind="embed" subject=1 x smart jobs=1 ms=0
2026-08-28T11:01:49.786729Z  INFO fs3_daemon::runner: done kind="embed" id=674592 left=28227
2026-08-28T11:01:49.875282Z  INFO fs3_daemon::runner: done kind=summarize subject=docs/plans/058-workunit-editor/research-dossier.md::Research Report: Work Unit Creator & Editor::Domain Context ms=20 left=28227
2026-08-28T11:01:49.881539Z  INFO fs3_daemon::runner: batch kind="embed" subject=1 x smart jobs=1 ms=1
2026-08-28T11:01:49.891264Z  INFO fs3_daemon::runner: done kind="embed" id=674593 left=28226
2026-08-28T11:01:49.969058Z  INFO fs3_daemon::runner: done kind=summarize subject=docs/plans/058-workunit-editor/research-dossier.md::Research Report: Work Unit Creator & Editor::Prior Learnings (From Previous Implementations)::Prior Learnings Summary ms=16 left=28226
2026-08-28T11:01:49.971486Z  INFO fs3_daemon::runner: batch kind="embed" subject=1 x smart jobs=1 ms=0
2026-08-28T11:01:49.983369Z  INFO fs3_daemon::runner: done kind="embed" id=674594 left=28225
2026-08-28T11:01:50.067641Z  INFO fs3_daemon::runner: done kind=summarize subject=docs/plans/058-workunit-editor/research-dossier.md::Research Report: Work Unit Creator & Editor::Prior Learnings (From Previous Implementations) ms=13 left=28225
2026-08-28T11:01:50.090456Z  INFO fs3_daemon::runner: batch kind="embed" subject=1 x smart jobs=1 ms=0
2026-08-28T11:01:50.104766Z  INFO fs3_daemon::runner: done kind="embed" id=674595 left=28224
2026-08-28T11:01:50.188439Z  INFO fs3_daemon::runner: done kind=summarize subject=docs/plans/058-workunit-editor/research-dossier.md::Research Report: Work Unit Creator & Editor::Modification Considerations ms=16 left=28224
2026-08-28T11:01:50.193379Z  INFO fs3_daemon::runner: batch kind="embed" subject=1 x smart jobs=1 ms=0
2026-08-28T11:01:50.204631Z  INFO fs3_daemon::runner: done kind="embed" id=674596 left=28223
2026-08-28T11:01:50.282426Z  INFO fs3_daemon::runner: done kind=summarize subject=docs/plans/058-workunit-editor/research-dossier.md::Research Report: Work Unit Creator & Editor::Quality & Testing ms=15 left=28223
2026-08-28T11:01:50.286076Z  INFO fs3_daemon::runner: batch kind="embed" subject=1 x smart jobs=1 ms=1
2026-08-28T11:01:50.297023Z  INFO fs3_daemon::runner: done kind="embed" id=674597 left=28222
2026-08-28T11:01:50.380901Z  INFO fs3_daemon::runner: done kind=summarize subject=docs/plans/058-workunit-editor/research-dossier.md::Research Report: Work Unit Creator & Editor::Dependencies & Integration::What Depends on Work Units ms=16 left=28222
2026-08-28T11:01:50.390257Z  INFO fs3_daemon::runner: batch kind="embed" subject=1 x smart jobs=1 ms=0
2026-08-28T11:01:50.414519Z  INFO fs3_daemon::runner: done kind="embed" id=674598 left=28221
2026-08-28T11:01:50.517138Z  INFO fs3_daemon::runner: done kind=summarize subject=docs/plans/058-workunit-editor/research-dossier.md::Research Report: Work Unit Creator & Editor::Dependencies & Integration ms=32 left=28221
2026-08-28T11:01:50.524182Z  INFO fs3_daemon::runner: batch kind="embed" subject=1 x smart jobs=1 ms=0
2026-08-28T11:01:50.553700Z  INFO fs3_daemon::runner: done kind="embed" id=674599 left=28220
2026-08-28T11:01:50.654960Z  INFO fs3_daemon::runner: batch kind="embed" subject=1 x smart jobs=1 ms=0
2026-08-28T11:01:50.669128Z  INFO fs3_daemon::runner: done kind=summarize subject=docs/plans/058-workunit-editor/research-dossier.md::Research Report: Work Unit Creator & Editor::Architecture & Design::Design Patterns Identified ms=43 left=28220
2026-08-28T11:01:50.680500Z  INFO fs3_daemon::runner: done kind="embed" id=674600 left=28219
2026-08-28T11:01:50.799312Z  INFO fs3_daemon::runner: done kind=summarize subject=docs/plans/058-workunit-editor/research-dossier.md::Research Report: Work Unit Creator & Editor::Architecture & Design::Component Map::Core Package: `packages/positional-graph/src/features/029-agentic-work-units/` ms=35 left=28219
2026-08-28T11:01:50.805604Z  INFO fs3_daemon::runner: batch kind="embed" subject=1 x smart jobs=1 ms=2
2026-08-28T11:01:50.837753Z  INFO fs3_daemon::runner: done kind="embed" id=674601 left=28218
2026-08-28T11:01:50.953141Z  INFO fs3_daemon::runner: done kind=summarize subject=docs/plans/058-workunit-editor/research-dossier.md::Research Report: Work Unit Creator & Editor::Architecture & Design::Component Map ms=44 left=28218
2026-08-28T11:01:50.957118Z  INFO fs3_daemon::runner: batch kind="embed" subject=1 x smart jobs=1 ms=1
2026-08-28T11:01:50.987254Z  INFO fs3_daemon::runner: done kind="embed" id=674602 left=28217
2026-08-28T11:01:51.097347Z  INFO fs3_daemon::runner: done kind=summarize subject=docs/plans/058-workunit-editor/research-dossier.md::Research Report: Work Unit Creator & Editor::Architecture & Design ms=33 left=28217
2026-08-28T11:01:51.105389Z  INFO fs3_daemon::runner: batch kind="embed" subject=1 x smart jobs=1 ms=1
2026-08-28T11:01:51.129238Z  INFO fs3_daemon::runner: done kind="embed" id=674603 left=28216
2026-08-28T11:01:51.236197Z  INFO fs3_daemon::runner: done kind=summarize subject=docs/plans/058-workunit-editor/research-dossier.md::Research Report: Work Unit Creator & Editor::How It Currently Works::Data Flow ms=34 left=28216
2026-08-28T11:01:51.244196Z  INFO fs3_daemon::runner: batch kind="embed" subject=1 x smart jobs=1 ms=0
2026-08-28T11:01:51.261080Z  INFO fs3_daemon::runner: done kind="embed" id=674604 left=28215
2026-08-28T11:01:51.361574Z  INFO fs3_daemon::runner: done kind=summarize subject=docs/plans/058-workunit-editor/research-dossier.md::Research Report: Work Unit Creator & Editor::How It Currently Works::Core Execution Flow: Template Refresh (Resync) ms=29 left=28215
2026-08-28T11:01:51.369463Z  INFO fs3_daemon::runner: batch kind="embed" subject=1 x smart jobs=1 ms=3
2026-08-28T11:01:51.394326Z  INFO fs3_daemon::runner: done kind="embed" id=674605 left=28214
2026-08-28T11:01:51.496505Z  INFO fs3_daemon::runner: done kind=summarize subject=docs/plans/058-workunit-editor/research-dossier.md::Research Report: Work Unit Creator & Editor::How It Currently Works::Core Execution Flow: Adding a Work Unit to a Workflow ms=31 left=28214
2026-08-28T11:01:51.502795Z  INFO fs3_daemon::runner: batch kind="embed" subject=1 x smart jobs=1 ms=0
2026-08-28T11:01:51.525419Z  INFO fs3_daemon::runner: done kind="embed" id=674606 left=28213
2026-08-28T11:01:51.633018Z  INFO fs3_daemon::runner: done kind=summarize subject=docs/plans/058-workunit-editor/research-dossier.md::Research Report: Work Unit Creator & Editor::How It Currently Works::Entry Points ms=32 left=28213
2026-08-28T11:01:51.644540Z  INFO fs3_daemon::runner: batch kind="embed" subject=1 x smart jobs=1 ms=3
2026-08-28T11:01:51.676838Z  INFO fs3_daemon::runner: done kind="embed" id=674607 left=28212
2026-08-28T11:01:51.785592Z  INFO fs3_daemon::runner: done kind=summarize subject=docs/plans/058-workunit-editor/research-dossier.md::Research Report: Work Unit Creator & Editor::How It Currently Works ms=37 left=28212
2026-08-28T11:01:51.790876Z  INFO fs3_daemon::runner: batch kind="embed" subject=1 x smart jobs=1 ms=0
2026-08-28T11:01:51.813639Z  INFO fs3_daemon::runner: done kind="embed" id=674608 left=28211
2026-08-28T11:01:51.924657Z  INFO fs3_daemon::runner: batch kind="embed" subject=1 x smart jobs=1 ms=0
2026-08-28T11:01:51.943192Z  INFO fs3_daemon::runner: done kind=summarize subject=docs/plans/058-workunit-editor/research-dossier.md::Research Report: Work Unit Creator & Editor::Executive Summary ms=48 left=28211
2026-08-28T11:01:51.956581Z  INFO fs3_daemon::runner: done kind="embed" id=674609 left=28210
2026-08-28T11:01:52.047339Z  INFO fs3_daemon::runner: batch kind="embed" subject=1 x smart jobs=1 ms=0
2026-08-28T11:01:52.049137Z  INFO fs3_daemon::runner: done kind=summarize subject=docs/plans/058-workunit-editor/research-dossier.md::Research Report: Work Unit Creator & Editor ms=19 left=28210
2026-08-28T11:01:52.059073Z  INFO fs3_daemon::runner: done kind="embed" id=674610 left=28209
2026-08-28T11:01:52.153150Z  INFO fs3_daemon::runner: done kind=summarize subject=docs/plans/057-copilot-cli-adapter/workshops/002-e2e-test-script.md::Workshop: E2E Test Script Design::Quick Reference ms=19 left=28209
2026-08-28T11:01:52.156842Z  INFO fs3_daemon::runner: batch kind="embed" subject=1 x smart jobs=1 ms=0
2026-08-28T11:01:52.177018Z  INFO fs3_daemon::runner: done kind="embed" id=674611 left=28208
2026-08-28T11:01:52.268454Z  INFO fs3_daemon::runner: done kind=summarize subject=docs/plans/057-copilot-cli-adapter/workshops/002-e2e-test-script.md::Workshop: E2E Test Script Design::Prerequisites Checklist (Test 1) ms=18 left=28208
2026-08-28T11:01:52.272067Z  INFO fs3_daemon::runner: batch kind="embed" subject=1 x smart jobs=1 ms=1
2026-08-28T11:01:52.284445Z  INFO fs3_daemon::runner: done kind="embed" id=674612 left=28207
2026-08-28T11:01:52.368205Z  INFO fs3_daemon::runner: batch kind="embed" subject=1 x smart jobs=1 ms=0
2026-08-28T11:01:52.372630Z  INFO fs3_daemon::runner: done kind=summarize subject=docs/plans/057-copilot-cli-adapter/workshops/002-e2e-test-script.md::Workshop: E2E Test Script Design::Error Output ms=18 left=28207
2026-08-28T11:01:52.380213Z  INFO fs3_daemon::runner: done kind="embed" id=674613 left=28206
2026-08-28T11:01:52.463219Z  INFO fs3_daemon::runner: done kind=summarize subject=docs/plans/057-copilot-cli-adapter/workshops/002-e2e-test-script.md::Workshop: E2E Test Script Design::Verifying CLI Still Running After terminate() ms=14 left=28206
2026-08-28T11:01:52.469074Z  INFO fs3_daemon::runner: batch kind="embed" subject=1 x smart jobs=1 ms=0
2026-08-28T11:01:52.484516Z  INFO fs3_daemon::runner: done kind="embed" id=674614 left=28205
2026-08-28T11:01:52.570628Z  INFO fs3_daemon::runner: done kind=summarize subject=docs/plans/057-copilot-cli-adapter/workshops/001-intent-and-design.md::Workshop: CopilotCLI Adapter — Intent & Design::Quick Reference ms=17 left=28205
2026-08-28T11:01:52.574254Z  INFO fs3_daemon::runner: batch kind="embed" subject=1 x smart jobs=1 ms=1
2026-08-28T11:01:52.594833Z  INFO fs3_daemon::runner: done kind="embed" id=674615 left=28204
2026-08-28T11:01:52.689105Z  INFO fs3_daemon::runner: done kind=summarize subject=docs/plans/057-copilot-cli-adapter/workshops/002-e2e-test-script.md::Workshop: E2E Test Script Design::Timeout Handling ms=20 left=28204
2026-08-28T11:01:52.693618Z  INFO fs3_daemon::runner: batch kind="embed" subject=1 x smart jobs=1 ms=0
2026-08-28T11:01:52.708158Z  INFO fs3_daemon::runner: done kind="embed" id=674616 left=28203
2026-08-28T11:01:52.799988Z  INFO fs3_daemon::runner: done kind=summarize subject=docs/plans/057-copilot-cli-adapter/workshops/002-e2e-test-script.md::Workshop: E2E Test Script Design::Event Collection Pattern ms=19 left=28203
2026-08-28T11:01:52.805464Z  INFO fs3_daemon::runner: batch kind="embed" subject=1 x smart jobs=1 ms=1
2026-08-28T11:01:52.817789Z  INFO fs3_daemon::runner: done kind="embed" id=674617 left=28202
2026-08-28T11:01:52.906445Z  INFO fs3_daemon::runner: batch kind="embed" subject=1 x smart jobs=1 ms=0
2026-08-28T11:01:52.909444Z  INFO fs3_daemon::runner: done kind=summarize subject=docs/plans/057-copilot-cli-adapter/workshops/001-intent-and-design.md::Workshop: CopilotCLI Adapter — Intent & Design::Open Questions ms=25 left=28202
2026-08-28T11:01:52.917609Z  INFO fs3_daemon::runner: done kind="embed" id=674618 left=28201
2026-08-28T11:01:53.002253Z  INFO fs3_daemon::runner: batch kind="embed" subject=1 x smart jobs=1 ms=0
2026-08-28T11:01:53.006750Z  INFO fs3_daemon::runner: done kind=summarize subject=docs/plans/057-copilot-cli-adapter/workshops/002-e2e-test-script.md::Workshop: E2E Test Script Design::Script Structure ms=24 left=28201
2026-08-28T11:01:53.012858Z  INFO fs3_daemon::runner: done kind="embed" id=674619 left=28200
2026-08-28T11:01:53.087566Z  INFO fs3_daemon::runner: done kind=summarize subject=docs/plans/057-copilot-cli-adapter/workshops/001-intent-and-design.md::Workshop: CopilotCLI Adapter — Intent & Design::Key Design Decisions::D3: File-based events, not SDK events ms=16 left=28200
2026-08-28T11:01:53.089408Z  INFO fs3_daemon::runner: batch kind="embed" subject=1 x smart jobs=1 ms=0
2026-08-28T11:01:53.105266Z  INFO fs3_daemon::runner: done kind="embed" id=674620 left=28199
2026-08-28T11:01:53.185503Z  INFO fs3_daemon::runner: done kind=summarize subject=docs/plans/057-copilot-cli-adapter/workshops/002-e2e-test-script.md::Workshop: E2E Test Script Design::Test Flow ms=13 left=28199
2026-08-28T11:01:53.194979Z  INFO fs3_daemon::runner: batch kind="embed" subject=1 x smart jobs=1 ms=0
2026-08-28T11:01:53.213289Z  INFO fs3_daemon::runner: done kind="embed" id=674621 left=28198
2026-08-28T11:01:53.297043Z  INFO fs3_daemon::runner: done kind=summarize subject=docs/plans/057-copilot-cli-adapter/workshops/001-intent-and-design.md::Workshop: CopilotCLI Adapter — Intent & Design::Key Design Decisions ms=17 left=28198
2026-08-28T11:01:53.301929Z  INFO fs3_daemon::runner: batch kind="embed" subject=1 x smart jobs=1 ms=0
2026-08-28T11:01:53.319556Z  INFO fs3_daemon::runner: done kind="embed" id=674622 left=28197
2026-08-28T11:01:53.409622Z  INFO fs3_daemon::runner: done kind=summarize subject=docs/plans/057-copilot-cli-adapter/workshops/002-e2e-test-script.md::Workshop: E2E Test Script Design::Command Syntax::Examples ms=22 left=28197
2026-08-28T11:01:53.411656Z  INFO fs3_daemon::runner: batch kind="embed" subject=1 x smart jobs=1 ms=0
2026-08-28T11:01:53.427141Z  INFO fs3_daemon::runner: done kind="embed" id=674623 left=28196
2026-08-28T11:01:53.504886Z  INFO fs3_daemon::runner: done kind=summarize subject=docs/plans/057-copilot-cli-adapter/workshops/001-intent-and-design.md::Workshop: CopilotCLI Adapter — Intent & Design::Dependency Injection ms=12 left=28196
2026-08-28T11:01:53.510437Z  INFO fs3_daemon::runner: batch kind="embed" subject=1 x smart jobs=1 ms=0
2026-08-28T11:01:53.521479Z  INFO fs3_daemon::runner: done kind="embed" id=674624 left=28195
2026-08-28T11:01:53.607608Z  INFO fs3_daemon::runner: done kind=summarize subject=docs/plans/057-copilot-cli-adapter/workshops/002-e2e-test-script.md::Workshop: E2E Test Script Design::Command Syntax ms=19 left=28195
2026-08-28T11:01:53.610237Z  INFO fs3_daemon::runner: batch kind="embed" subject=1 x smart jobs=1 ms=2
2026-08-28T11:01:53.622471Z  INFO fs3_daemon::runner: done kind="embed" id=674625 left=28194
2026-08-28T11:01:53.706904Z  INFO fs3_daemon::runner: batch kind="embed" subject=1 x smart jobs=1 ms=0
2026-08-28T11:01:53.711292Z  INFO fs3_daemon::runner: done kind=summarize subject=docs/plans/057-copilot-cli-adapter/workshops/001-intent-and-design.md::Workshop: CopilotCLI Adapter — Intent & Design::Constructor & Configuration ms=21 left=28194
2026-08-28T11:01:53.722941Z  INFO fs3_daemon::runner: done kind="embed" id=674626 left=28193
2026-08-28T11:01:53.808094Z  INFO fs3_daemon::runner: done kind=summarize subject=docs/plans/057-copilot-cli-adapter/workshops/002-e2e-test-script.md::Workshop: E2E Test Script Design ms=14 left=28193
2026-08-28T11:01:53.810238Z  INFO fs3_daemon::runner: batch kind="embed" subject=1 x smart jobs=1 ms=0
2026-08-28T11:01:53.822255Z  INFO fs3_daemon::runner: done kind="embed" id=674627 left=28192
2026-08-28T11:01:53.900808Z  INFO fs3_daemon::runner: done kind=summarize subject=docs/plans/057-copilot-cli-adapter/workshops/001-intent-and-design.md::Workshop: CopilotCLI Adapter — Intent & Design::Event Translation Table ms=14 left=28192
2026-08-28T11:01:53.906201Z  INFO fs3_daemon::runner: batch kind="embed" subject=1 x smart jobs=1 ms=0
2026-08-28T11:01:53.918476Z  INFO fs3_daemon::runner: done kind="embed" id=674628 left=28191
2026-08-28T11:01:53.991061Z  INFO fs3_daemon::runner: done kind=summarize subject=docs/plans/057-copilot-cli-adapter/workshops/001-intent-and-design.md::Workshop: CopilotCLI Adapter — Intent & Design::Execution Model::terminate(sessionId) ms=12 left=28191
2026-08-28T11:01:54.043482Z  INFO fs3_daemon::runner: progress phase="working" scanned=62578 scan_left=33 summarized=129994 summarize_left=28157 embedded=209740 embed_left=1 failed=0
2026-08-28T11:01:54.060143Z  INFO fs3_daemon::runner: batch kind="embed" subject=2 x smart jobs=2 ms=0
2026-08-28T11:01:54.070088Z  INFO fs3_daemon::runner: done kind="embed" id=674630 left=28190
2026-08-28T11:01:54.140995Z  INFO fs3_daemon::runner: done kind="embed" id=674629 left=28189
2026-08-28T11:01:54.220695Z  INFO fs3_daemon::runner: done kind=summarize subject=docs/plans/057-copilot-cli-adapter/workshops/001-intent-and-design.md::Workshop: CopilotCLI Adapter — Intent & Design::Execution Model::run(options) ms=17 left=28189
2026-08-28T11:01:54.243529Z  INFO fs3_daemon::runner: done kind=summarize subject=docs/plans/057-copilot-cli-adapter/workshops/001-intent-and-design.md::Workshop: CopilotCLI Adapter — Intent & Design::Execution Model ms=16 left=28189
2026-08-28T11:01:54.244401Z  INFO fs3_daemon::runner: batch kind="embed" subject=1 x smart jobs=1 ms=0
2026-08-28T11:01:54.259036Z  INFO fs3_daemon::runner: done kind="embed" id=674631 left=28188
2026-08-28T11:01:54.370460Z  INFO fs3_daemon::runner: done kind=summarize subject=docs/plans/057-copilot-cli-adapter/workshops/001-intent-and-design.md::Workshop: CopilotCLI Adapter — Intent & Design::What This is NOT ms=16 left=28188
2026-08-28T11:01:54.372917Z  INFO fs3_daemon::runner: batch kind="embed" subject=1 x smart jobs=1 ms=0
2026-08-28T11:01:54.384303Z  INFO fs3_daemon::runner: done kind="embed" id=674632 left=28187
2026-08-28T11:01:54.464149Z  INFO fs3_daemon::runner: batch kind="embed" subject=1 x smart jobs=1 ms=0
2026-08-28T11:01:54.464323Z  INFO fs3_daemon::runner: done kind=summarize subject=docs/plans/057-copilot-cli-adapter/workshops/001-intent-and-design.md::Workshop: CopilotCLI Adapter — Intent & Design::What We're Building::The dual-view scenario ms=15 left=28187
2026-08-28T11:01:54.476756Z  INFO fs3_daemon::runner: done kind="embed" id=674633 left=28186
2026-08-28T11:01:54.561515Z  INFO fs3_daemon::runner: done kind=summarize subject=docs/plans/057-copilot-cli-adapter/workshops/001-intent-and-design.md::Workshop: CopilotCLI Adapter — Intent & Design::What We're Building::Why this approach ms=16 left=28186
2026-08-28T11:01:54.566373Z  INFO fs3_daemon::runner: batch kind="embed" subject=1 x smart jobs=1 ms=0
2026-08-28T11:01:54.581362Z  INFO fs3_daemon::runner: done kind="embed" id=674634 left=28185
2026-08-28T11:01:54.660670Z  INFO fs3_daemon::runner: done kind=summarize subject=docs/plans/057-copilot-cli-adapter/workshops/001-intent-and-design.md::Workshop: CopilotCLI Adapter — Intent & Design::What We're Building::The Core Idea ms=13 left=28185
2026-08-28T11:01:54.664342Z  INFO fs3_daemon::runner: batch kind="embed" subject=1 x smart jobs=1 ms=0
2026-08-28T11:01:54.675827Z  INFO fs3_daemon::runner: done kind="embed" id=674635 left=28184
2026-08-28T11:01:54.756457Z  INFO fs3_daemon::runner: done kind=summarize subject=docs/plans/057-copilot-cli-adapter/workshops/001-intent-and-design.md::Workshop: CopilotCLI Adapter — Intent & Design::What We're Building ms=12 left=28184
2026-08-28T11:01:54.760802Z  INFO fs3_daemon::runner: batch kind="embed" subject=1 x smart jobs=1 ms=0
2026-08-28T11:01:54.771876Z  INFO fs3_daemon::runner: done kind="embed" id=674636 left=28183
2026-08-28T11:01:54.855242Z  INFO fs3_daemon::runner: done kind=summarize subject=docs/plans/057-copilot-cli-adapter/research-dossier.md::Research Report: CopilotCLI Adapter (tmux + events.jsonl)::Next Steps ms=12 left=28183
2026-08-28T11:01:54.860647Z  INFO fs3_daemon::runner: batch kind="embed" subject=1 x smart jobs=1 ms=0
2026-08-28T11:01:54.870493Z  INFO fs3_daemon::runner: done kind="embed" id=674637 left=28182
2026-08-28T11:01:54.951417Z  INFO fs3_daemon::runner: done kind=summarize subject=docs/plans/057-copilot-cli-adapter/workshops/001-intent-and-design.md::Workshop: CopilotCLI Adapter — Intent & Design::The Problem::What we have today ms=17 left=28182
2026-08-28T11:01:54.953594Z  INFO fs3_daemon::runner: batch kind="embed" subject=1 x smart jobs=1 ms=0
2026-08-28T11:01:54.965114Z  INFO fs3_daemon::runner: done kind="embed" id=674638 left=28181
2026-08-28T11:01:55.043721Z  INFO fs3_daemon::runner: done kind=summarize subject=docs/plans/057-copilot-cli-adapter/research-dossier.md::Research Report: CopilotCLI Adapter (tmux + events.jsonl)::Modification Considerations ms=14 left=28181
2026-08-28T11:01:55.048701Z  INFO fs3_daemon::runner: batch kind="embed" subject=1 x smart jobs=1 ms=0
2026-08-28T11:01:55.061447Z  INFO fs3_daemon::runner: done kind="embed" id=674639 left=28180
2026-08-28T11:01:55.153218Z  INFO fs3_daemon::runner: done kind=summarize subject=docs/plans/057-copilot-cli-adapter/workshops/001-intent-and-design.md::Workshop: CopilotCLI Adapter — Intent & Design::The Problem ms=13 left=28180
2026-08-28T11:01:55.157664Z  INFO fs3_daemon::runner: batch kind="embed" subject=1 x smart jobs=1 ms=0
2026-08-28T11:01:55.168604Z  INFO fs3_daemon::runner: done kind="embed" id=674640 left=28179
2026-08-28T11:01:55.272802Z  INFO fs3_daemon::runner: done kind=summarize subject=docs/plans/057-copilot-cli-adapter/research-dossier.md::Research Report: CopilotCLI Adapter (tmux + events.jsonl)::Testing Strategy ms=31 left=28179
2026-08-28T11:01:55.280220Z  INFO fs3_daemon::runner: batch kind="embed" subject=1 x smart jobs=1 ms=0
2026-08-28T11:01:55.302033Z  INFO fs3_daemon::runner: done kind="embed" id=674641 left=28178
2026-08-28T11:01:55.412855Z  INFO fs3_daemon::runner: batch kind="embed" subject=1 x smart jobs=1 ms=0
2026-08-28T11:01:55.432260Z  INFO fs3_daemon::runner: done kind=summarize subject=docs/plans/057-copilot-cli-adapter/workshops/001-intent-and-design.md::Workshop: CopilotCLI Adapter — Intent & Design ms=48 left=28178
2026-08-28T11:01:55.449006Z  INFO fs3_daemon::runner: done kind="embed" id=674642 left=28177
2026-08-28T11:01:55.546861Z  INFO fs3_daemon::runner: done kind=summarize subject=docs/plans/057-copilot-cli-adapter/research-dossier.md::Research Report: CopilotCLI Adapter (tmux + events.jsonl)::Prior Learnings (Critical for Implementation) ms=24 left=28177
2026-08-28T11:01:55.553912Z  INFO fs3_daemon::runner: batch kind="embed" subject=1 x smart jobs=1 ms=0
2026-08-28T11:01:55.575639Z  INFO fs3_daemon::runner: done kind="embed" id=674643 left=28176
2026-08-28T11:01:55.680097Z  INFO fs3_daemon::runner: done kind=summarize subject=docs/plans/057-copilot-cli-adapter/research-dossier.md::Research Report: CopilotCLI Adapter (tmux + events.jsonl)::CopilotCLI Adapter Design::Constructor Options ms=31 left=28176
2026-08-28T11:01:55.687126Z  INFO fs3_daemon::runner: batch kind="embed" subject=1 x smart jobs=1 ms=2
2026-08-28T11:01:55.705790Z  INFO fs3_daemon::runner: done kind="embed" id=674644 left=28175
2026-08-28T11:01:55.811208Z  INFO fs3_daemon::runner: done kind=summarize subject=docs/plans/057-copilot-cli-adapter/research-dossier.md::Research Report: CopilotCLI Adapter (tmux + events.jsonl)::CopilotCLI Adapter Design::Session Lifecycle ms=34 left=28175
2026-08-28T11:01:55.816051Z  INFO fs3_daemon::runner: batch kind="embed" subject=1 x smart jobs=1 ms=0
2026-08-28T11:01:55.840935Z  INFO fs3_daemon::runner: done kind="embed" id=674645 left=28174
2026-08-28T11:01:55.952205Z  INFO fs3_daemon::runner: done kind=summarize subject=docs/plans/057-copilot-cli-adapter/research-dossier.md::Research Report: CopilotCLI Adapter (tmux + events.jsonl)::CopilotCLI Adapter Design::Event Type Mapping (events.jsonl → AgentEvent) ms=36 left=28174
2026-08-28T11:01:55.960341Z  INFO fs3_daemon::runner: batch kind="embed" subject=1 x smart jobs=1 ms=4
2026-08-28T11:01:55.989337Z  INFO fs3_daemon::runner: done kind="embed" id=674646 left=28173
2026-08-28T11:01:56.100569Z  INFO fs3_daemon::runner: done kind=summarize subject=docs/plans/057-copilot-cli-adapter/research-dossier.md::Research Report: CopilotCLI Adapter (tmux + events.jsonl)::CopilotCLI Adapter Design::Output: events.jsonl File Watching ms=34 left=28173
2026-08-28T11:01:56.106947Z  INFO fs3_daemon::runner: batch kind="embed" subject=1 x smart jobs=1 ms=0
2026-08-28T11:01:56.128558Z  INFO fs3_daemon::runner: done kind="embed" id=674647 left=28172
2026-08-28T11:01:56.238735Z  INFO fs3_daemon::runner: done kind=summarize subject=docs/plans/057-copilot-cli-adapter/research-dossier.md::Research Report: CopilotCLI Adapter (tmux + events.jsonl)::CopilotCLI Adapter Design ms=31 left=28172
2026-08-28T11:01:56.247189Z  INFO fs3_daemon::runner: batch kind="embed" subject=1 x smart jobs=1 ms=3
2026-08-28T11:01:56.267697Z  INFO fs3_daemon::runner: done kind="embed" id=674648 left=28171
2026-08-28T11:01:56.378245Z  INFO fs3_daemon::runner: done kind=summarize subject=docs/plans/057-copilot-cli-adapter/research-dossier.md::Research Report: CopilotCLI Adapter (tmux + events.jsonl)::How the Existing System Works::Adapter Selection (Factory Pattern) ms=32 left=28171
2026-08-28T11:01:56.382928Z  INFO fs3_daemon::runner: batch kind="embed" subject=1 x smart jobs=1 ms=0
2026-08-28T11:01:56.405937Z  INFO fs3_daemon::runner: done kind="embed" id=674649 left=28170
2026-08-28T11:01:56.523392Z  INFO fs3_daemon::runner: done kind=summarize subject=docs/plans/057-copilot-cli-adapter/research-dossier.md::Research Report: CopilotCLI Adapter (tmux + events.jsonl)::How the Existing System Works::AgentEvent Types ms=31 left=28170
2026-08-28T11:01:56.530255Z  INFO fs3_daemon::runner: batch kind="embed" subject=1 x smart jobs=1 ms=2
2026-08-28T11:01:56.554001Z  INFO fs3_daemon::runner: done kind="embed" id=674650 left=28169
2026-08-28T11:01:56.668291Z  INFO fs3_daemon::runner: batch kind="embed" subject=1 x smart jobs=1 ms=0
2026-08-28T11:01:56.688403Z  INFO fs3_daemon::runner: done kind=summarize subject=docs/plans/057-copilot-cli-adapter/research-dossier.md::Research Report: CopilotCLI Adapter (tmux + events.jsonl)::How the Existing System Works::AgentResult ms=58 left=28169
2026-08-28T11:01:56.699277Z  INFO fs3_daemon::runner: done kind="embed" id=674651 left=28168
2026-08-28T11:01:56.784436Z  INFO fs3_daemon::runner: batch kind="embed" subject=1 x smart jobs=1 ms=1
2026-08-28T11:01:56.785531Z  INFO fs3_daemon::runner: done kind=summarize subject=docs/plans/057-copilot-cli-adapter/research-dossier.md::Research Report: CopilotCLI Adapter (tmux + events.jsonl)::How the Existing System Works::AgentRunOptions ms=18 left=28168
2026-08-28T11:01:56.796724Z  INFO fs3_daemon::runner: done kind="embed" id=674652 left=28167
2026-08-28T11:01:56.877676Z  INFO fs3_daemon::runner: done kind=summarize subject=docs/plans/057-copilot-cli-adapter/research-dossier.md::Research Report: CopilotCLI Adapter (tmux + events.jsonl)::How the Existing System Works ms=14 left=28167
2026-08-28T11:01:56.881168Z  INFO fs3_daemon::runner: batch kind="embed" subject=1 x smart jobs=1 ms=0
2026-08-28T11:01:56.892658Z  INFO fs3_daemon::runner: done kind="embed" id=674653 left=28166
2026-08-28T11:01:56.987099Z  INFO fs3_daemon::runner: done kind=summarize subject=docs/plans/057-copilot-cli-adapter/research-dossier.md::Research Report: CopilotCLI Adapter (tmux + events.jsonl)::Executive Summary ms=18 left=28166
2026-08-28T11:01:56.991612Z  INFO fs3_daemon::runner: batch kind="embed" subject=1 x smart jobs=1 ms=0
2026-08-28T11:01:57.003937Z  INFO fs3_daemon::runner: done kind="embed" id=674654 left=28165
2026-08-28T11:01:57.089276Z  INFO fs3_daemon::runner: done kind=summarize subject=docs/plans/057-copilot-cli-adapter/research-dossier.md::Research Report: CopilotCLI Adapter (tmux + events.jsonl) ms=17 left=28165
2026-08-28T11:01:57.091953Z  INFO fs3_daemon::runner: batch kind="embed" subject=1 x smart jobs=1 ms=0
2026-08-28T11:01:57.103047Z  INFO fs3_daemon::runner: done kind="embed" id=674655 left=28164
2026-08-28T11:01:57.188547Z  INFO fs3_daemon::runner: done kind=summarize subject=docs/plans/057-copilot-cli-adapter/execution.log.md::Plan 057: CopilotCLI Adapter — Execution Log ms=17 left=28164
2026-08-28T11:01:57.191371Z  INFO fs3_daemon::runner: batch kind="embed" subject=1 x smart jobs=1 ms=0
2026-08-28T11:01:57.206713Z  INFO fs3_daemon::runner: done kind="embed" id=674656 left=28163
2026-08-28T11:01:57.290451Z  INFO fs3_daemon::runner: done kind=summarize subject=docs/plans/057-copilot-cli-adapter/copilot-cli-adapter-spec.md::CopilotCLI Adapter::Clarifications ms=13 left=28163
2026-08-28T11:01:57.296290Z  INFO fs3_daemon::runner: batch kind="embed" subject=1 x smart jobs=1 ms=0
2026-08-28T11:01:57.310898Z  INFO fs3_daemon::runner: done kind="embed" id=674657 left=28162
2026-08-28T11:01:57.391283Z  INFO fs3_daemon::runner: done kind=summarize subject=docs/plans/057-copilot-cli-adapter/copilot-cli-adapter-spec.md::CopilotCLI Adapter::Risks & Assumptions ms=15 left=28162
2026-08-28T11:01:57.395275Z  INFO fs3_daemon::runner: batch kind="embed" subject=1 x smart jobs=1 ms=2
2026-08-28T11:01:57.405678Z  INFO fs3_daemon::runner: done kind="embed" id=674658 left=28161
2026-08-28T11:01:57.489890Z  INFO fs3_daemon::runner: done kind=summarize subject=docs/plans/057-copilot-cli-adapter/copilot-cli-adapter-spec.md::CopilotCLI Adapter::Acceptance Criteria ms=17 left=28161
2026-08-28T11:01:57.493306Z  INFO fs3_daemon::runner: batch kind="embed" subject=1 x smart jobs=1 ms=1
2026-08-28T11:01:57.508895Z  INFO fs3_daemon::runner: done kind="embed" id=674659 left=28160
2026-08-28T11:01:57.589790Z  INFO fs3_daemon::runner: done kind=summarize subject=docs/plans/057-copilot-cli-adapter/copilot-cli-adapter-spec.md::CopilotCLI Adapter::Complexity ms=14 left=28160
2026-08-28T11:01:57.593776Z  INFO fs3_daemon::runner: batch kind="embed" subject=1 x smart jobs=1 ms=0
2026-08-28T11:01:57.606260Z  INFO fs3_daemon::runner: done kind="embed" id=674660 left=28159
2026-08-28T11:01:57.690933Z  INFO fs3_daemon::runner: done kind=summarize subject=docs/plans/057-copilot-cli-adapter/copilot-cli-adapter-spec.md::CopilotCLI Adapter::Non-Goals ms=14 left=28159
2026-08-28T11:01:57.694658Z  INFO fs3_daemon::runner: batch kind="embed" subject=1 x smart jobs=1 ms=1
2026-08-28T11:01:57.705239Z  INFO fs3_daemon::runner: done kind="embed" id=674661 left=28158
2026-08-28T11:01:57.787126Z  INFO fs3_daemon::runner: done kind=summarize subject=docs/plans/057-copilot-cli-adapter/copilot-cli-adapter-spec.md::CopilotCLI Adapter::Goals ms=16 left=28158
2026-08-28T11:01:57.791233Z  INFO fs3_daemon::runner: batch kind="embed" subject=1 x smart jobs=1 ms=1
2026-08-28T11:01:57.804362Z  INFO fs3_daemon::runner: done kind="embed" id=674662 left=28157
2026-08-28T11:01:57.882671Z  INFO fs3_daemon::runner: done kind=summarize subject=docs/plans/057-copilot-cli-adapter/copilot-cli-adapter-spec.md::CopilotCLI Adapter::Product Context ms=14 left=28157
2026-08-28T11:01:57.890539Z  INFO fs3_daemon::runner: batch kind="embed" subject=1 x smart jobs=1 ms=1
2026-08-28T11:01:57.902181Z  INFO fs3_daemon::runner: done kind="embed" id=674663 left=28156
2026-08-28T11:01:57.986309Z  INFO fs3_daemon::runner: done kind=summarize subject=docs/plans/057-copilot-cli-adapter/copilot-cli-adapter-spec.md::CopilotCLI Adapter ms=13 left=28156
2026-08-28T11:01:57.990186Z  INFO fs3_daemon::runner: batch kind="embed" subject=1 x smart jobs=1 ms=0
2026-08-28T11:01:58.004297Z  INFO fs3_daemon::runner: done kind="embed" id=674664 left=28155
2026-08-28T11:01:58.086547Z  INFO fs3_daemon::runner: done kind=summarize subject=docs/plans/057-copilot-cli-adapter/copilot-cli-adapter-plan.md::CopilotCLI Adapter Implementation Plan::Implementation::Acceptance Criteria ms=18 left=28155
2026-08-28T11:01:58.086977Z  INFO fs3_daemon::runner: batch kind="embed" subject=1 x smart jobs=1 ms=1
2026-08-28T11:01:58.097642Z  INFO fs3_daemon::runner: done kind="embed" id=674665 left=28154
2026-08-28T11:01:58.177804Z  INFO fs3_daemon::runner: done kind=summarize subject=docs/plans/057-copilot-cli-adapter/copilot-cli-adapter-plan.md::CopilotCLI Adapter Implementation Plan::Implementation::Tasks ms=16 left=28154
2026-08-28T11:01:58.181414Z  INFO fs3_daemon::runner: batch kind="embed" subject=1 x smart jobs=1 ms=0
2026-08-28T11:01:58.195124Z  INFO fs3_daemon::runner: done kind="embed" id=674666 left=28153
2026-08-28T11:01:58.272297Z  INFO fs3_daemon::runner: done kind=summarize subject=docs/plans/057-copilot-cli-adapter/copilot-cli-adapter-plan.md::CopilotCLI Adapter Implementation Plan::Implementation ms=13 left=28153
2026-08-28T11:01:58.278041Z  INFO fs3_daemon::runner: batch kind="embed" subject=1 x smart jobs=1 ms=0
2026-08-28T11:01:58.291079Z  INFO fs3_daemon::runner: done kind="embed" id=674667 left=28152
2026-08-28T11:01:58.378103Z  INFO fs3_daemon::runner: done kind=summarize subject=docs/plans/057-copilot-cli-adapter/copilot-cli-adapter-plan.md::CopilotCLI Adapter Implementation Plan::Key Findings ms=16 left=28152
2026-08-28T11:01:58.382676Z  INFO fs3_daemon::runner: batch kind="embed" subject=1 x smart jobs=1 ms=0
2026-08-28T11:01:58.394768Z  INFO fs3_daemon::runner: done kind="embed" id=674668 left=28151
2026-08-28T11:01:58.480444Z  INFO fs3_daemon::runner: done kind=summarize subject=docs/plans/057-copilot-cli-adapter/copilot-cli-adapter-plan.md::CopilotCLI Adapter Implementation Plan::Domain Manifest ms=18 left=28151
2026-08-28T11:01:58.483242Z  INFO fs3_daemon::runner: batch kind="embed" subject=1 x smart jobs=1 ms=0
2026-08-28T11:01:58.494388Z  INFO fs3_daemon::runner: done kind="embed" id=674669 left=28150
2026-08-28T11:01:58.583178Z  INFO fs3_daemon::runner: done kind=summarize subject=docs/plans/057-copilot-cli-adapter/copilot-cli-adapter-plan.md::CopilotCLI Adapter Implementation Plan ms=19 left=28150
2026-08-28T11:01:58.588568Z  INFO fs3_daemon::runner: batch kind="embed" subject=1 x smart jobs=1 ms=3
2026-08-28T11:01:58.605128Z  INFO fs3_daemon::runner: done kind="embed" id=674670 left=28149
2026-08-28T11:01:58.695913Z  INFO fs3_daemon::runner: batch kind="embed" subject=1 x smart jobs=1 ms=0
2026-08-28T11:01:58.697042Z  INFO fs3_daemon::runner: done kind=summarize subject=docs/plans/056-state-devtools-panel/workshops/001-event-log-ux.md::Workshop: Event Log UX & Live State Updates::Summary: Implementation Checklist ms=19 left=28149
2026-08-28T11:01:58.705540Z  INFO fs3_daemon::runner: done kind="embed" id=674671 left=28148
2026-08-28T11:01:58.776547Z  INFO fs3_daemon::runner: done kind=summarize subject=docs/plans/056-state-devtools-panel/workshops/001-event-log-ux.md::Workshop: Event Log UX & Live State Updates::Existing Components to Reuse ms=11 left=28148
2026-08-28T11:01:58.782674Z  INFO fs3_daemon::runner: batch kind="embed" subject=1 x smart jobs=1 ms=0
2026-08-28T11:01:58.793439Z  INFO fs3_daemon::runner: done kind="embed" id=674672 left=28147
2026-08-28T11:01:58.883879Z  INFO fs3_daemon::runner: done kind=summarize subject=docs/plans/056-state-devtools-panel/workshops/001-event-log-ux.md::Workshop: Event Log UX & Live State Updates::What We're NOT Building (Keep It Simple) ms=16 left=28147
2026-08-28T11:01:58.887578Z  INFO fs3_daemon::runner: batch kind="embed" subject=1 x smart jobs=1 ms=0
2026-08-28T11:01:58.900161Z  INFO fs3_daemon::runner: done kind="embed" id=674673 left=28146
2026-08-28T11:01:58.990744Z  INFO fs3_daemon::runner: done kind=summarize subject=docs/plans/056-state-devtools-panel/workshops/001-event-log-ux.md::Workshop: Event Log UX & Live State Updates::Diagnostics Footer ms=17 left=28146
2026-08-28T11:01:58.995429Z  INFO fs3_daemon::runner: batch kind="embed" subject=1 x smart jobs=1 ms=4
2026-08-28T11:01:59.008187Z  INFO fs3_daemon::runner: done kind="embed" id=674674 left=28145
2026-08-28T11:01:59.091718Z  INFO fs3_daemon::runner: done kind=summarize subject=docs/plans/056-state-devtools-panel/workshops/001-event-log-ux.md::Workshop: Event Log UX & Live State Updates::Data Flow: Boot → Screen ms=15 left=28145
2026-08-28T11:01:59.142773Z  INFO fs3_daemon::runner: progress phase="working" scanned=62578 scan_left=33 summarized=130040 summarize_left=28111 embedded=209786 embed_left=1 failed=0
2026-08-28T11:01:59.164098Z  INFO fs3_daemon::runner: batch kind="embed" subject=2 x smart jobs=2 ms=0
2026-08-28T11:01:59.178047Z  INFO fs3_daemon::runner: done kind="embed" id=674676 left=28144
2026-08-28T11:01:59.256405Z  INFO fs3_daemon::runner: done kind="embed" id=674675 left=28143
2026-08-28T11:01:59.336288Z  INFO fs3_daemon::runner: done kind=summarize subject=docs/plans/056-state-devtools-panel/workshops/001-event-log-ux.md::Workshop: Event Log UX & Live State Updates::Detail Panel::No Detail Selected ms=15 left=28143
2026-08-28T11:01:59.357705Z  INFO fs3_daemon::runner: done kind=summarize subject=docs/plans/056-state-devtools-panel/workshops/001-event-log-ux.md::Workshop: Event Log UX & Live State Updates::Detail Panel::Event Detail Layout ms=15 left=28143
2026-08-28T11:01:59.358617Z  INFO fs3_daemon::runner: batch kind="embed" subject=1 x smart jobs=1 ms=0
2026-08-28T11:01:59.374018Z  INFO fs3_daemon::runner: done kind="embed" id=674677 left=28142
2026-08-28T11:01:59.459447Z  INFO fs3_daemon::runner: done kind=summarize subject=docs/plans/056-state-devtools-panel/workshops/001-event-log-ux.md::Workshop: Event Log UX & Live State Updates::Detail Panel ms=14 left=28142
2026-08-28T11:01:59.461152Z  INFO fs3_daemon::runner: batch kind="embed" subject=1 x smart jobs=1 ms=0
2026-08-28T11:01:59.472242Z  INFO fs3_daemon::runner: done kind="embed" id=674678 left=28141
2026-08-28T11:01:59.550019Z  INFO fs3_daemon::runner: done kind=summarize subject=docs/plans/056-state-devtools-panel/workshops/001-event-log-ux.md::Workshop: Event Log UX & Live State Updates::Pause / Resume / Clear::Pause Implementation ms=11 left=28141
2026-08-28T11:01:59.555441Z  INFO fs3_daemon::runner: batch kind="embed" subject=1 x smart jobs=1 ms=0
2026-08-28T11:01:59.567597Z  INFO fs3_daemon::runner: done kind="embed" id=674679 left=28140
2026-08-28T11:01:59.652102Z  INFO fs3_daemon::runner: done kind=summarize subject=docs/plans/056-state-devtools-panel/workshops/001-event-log-ux.md::Workshop: Event Log UX & Live State Updates::Pause / Resume / Clear ms=17 left=28140
2026-08-28T11:01:59.655480Z  INFO fs3_daemon::runner: batch kind="embed" subject=1 x smart jobs=1 ms=0
2026-08-28T11:01:59.667226Z  INFO fs3_daemon::runner: done kind="embed" id=674680 left=28139
2026-08-28T11:01:59.751179Z  INFO fs3_daemon::runner: done kind=summarize subject=docs/plans/056-state-devtools-panel/workshops/001-event-log-ux.md::Workshop: Event Log UX & Live State Updates::Auto-Scroll Behavior::New Events Banner ms=14 left=28139
2026-08-28T11:01:59.763542Z  INFO fs3_daemon::runner: batch kind="embed" subject=1 x smart jobs=1 ms=0
2026-08-28T11:01:59.784317Z  INFO fs3_daemon::runner: done kind="embed" id=674681 left=28138
2026-08-28T11:01:59.884137Z  INFO fs3_daemon::runner: done kind=summarize subject=docs/plans/056-state-devtools-panel/workshops/001-event-log-ux.md::Workshop: Event Log UX & Live State Updates::Auto-Scroll Behavior::Detection ms=29 left=28138
2026-08-28T11:01:59.890277Z  INFO fs3_daemon::runner: batch kind="embed" subject=1 x smart jobs=1 ms=3
2026-08-28T11:01:59.915922Z  INFO fs3_daemon::runner: done kind="embed" id=674682 left=28137
2026-08-28T11:02:00.017900Z  INFO fs3_daemon::runner: batch kind="embed" subject=1 x smart jobs=1 ms=0
2026-08-28T11:02:00.036839Z  INFO fs3_daemon::runner: done kind=summarize subject=docs/plans/056-state-devtools-panel/workshops/001-event-log-ux.md::Workshop: Event Log UX & Live State Updates::Auto-Scroll Behavior ms=42 left=28137
2026-08-28T11:02:00.049884Z  INFO fs3_daemon::runner: done kind="embed" id=674683 left=28136
2026-08-28T11:02:00.159591Z  INFO fs3_daemon::runner: batch kind="embed" subject=1 x smart jobs=1 ms=1
2026-08-28T11:02:00.181686Z  INFO fs3_daemon::runner: done kind=summarize subject=docs/plans/056-state-devtools-panel/workshops/001-event-log-ux.md::Workshop: Event Log UX & Live State Updates::Filter Bar::Chip Tailwind ms=50 left=28136
2026-08-28T11:02:00.193400Z  INFO fs3_daemon::runner: done kind="embed" id=674684 left=28135
2026-08-28T11:02:00.299601Z  INFO fs3_daemon::runner: batch kind="embed" subject=1 x smart jobs=1 ms=0
2026-08-28T11:02:00.303976Z  INFO fs3_daemon::runner: done kind=summarize subject=docs/plans/056-state-devtools-panel/workshops/001-event-log-ux.md::Workshop: Event Log UX & Live State Updates::Filter Bar ms=32 left=28135
2026-08-28T11:02:00.324392Z  INFO fs3_daemon::runner: done kind="embed" id=674685 left=28134
2026-08-28T11:02:00.428438Z  INFO fs3_daemon::runner: done kind=summarize subject=docs/plans/056-state-devtools-panel/workshops/001-event-log-ux.md::Workshop: Event Log UX & Live State Updates::Event Row Design::Timestamp Format ms=29 left=28134
2026-08-28T11:02:00.433173Z  INFO fs3_daemon::runner: batch kind="embed" subject=1 x smart jobs=1 ms=1
2026-08-28T11:02:00.467051Z  INFO fs3_daemon::runner: done kind="embed" id=674686 left=28133
2026-08-28T11:02:00.574615Z  INFO fs3_daemon::runner: done kind=summarize subject=docs/plans/056-state-devtools-panel/workshops/001-event-log-ux.md::Workshop: Event Log UX & Live State Updates::Event Row Design::Value Type Colors ms=32 left=28133
2026-08-28T11:02:00.580297Z  INFO fs3_daemon::runner: batch kind="embed" subject=1 x smart jobs=1 ms=3
2026-08-28T11:02:00.600634Z  INFO fs3_daemon::runner: done kind="embed" id=674687 left=28132
2026-08-28T11:02:00.709558Z  INFO fs3_daemon::runner: done kind=summarize subject=docs/plans/056-state-devtools-panel/workshops/001-event-log-ux.md::Workshop: Event Log UX & Live State Updates::Event Row Design::Row Structure (JSX) ms=31 left=28132
2026-08-28T11:02:00.715494Z  INFO fs3_daemon::runner: batch kind="embed" subject=1 x smart jobs=1 ms=0
2026-08-28T11:02:00.737567Z  INFO fs3_daemon::runner: done kind="embed" id=674688 left=28131
2026-08-28T11:02:00.846667Z  INFO fs3_daemon::runner: done kind=summarize subject=docs/plans/056-state-devtools-panel/workshops/001-event-log-ux.md::Workshop: Event Log UX & Live State Updates::Event Row Design ms=34 left=28131
2026-08-28T11:02:00.852333Z  INFO fs3_daemon::runner: batch kind="embed" subject=1 x smart jobs=1 ms=2
2026-08-28T11:02:00.885924Z  INFO fs3_daemon::runner: done kind="embed" id=674689 left=28130
2026-08-28T11:02:00.991029Z  INFO fs3_daemon::runner: done kind=summarize subject=docs/plans/056-state-devtools-panel/workshops/001-event-log-ux.md::Workshop: Event Log UX & Live State Updates::Panel Layout ms=30 left=28130
2026-08-28T11:02:00.999044Z  INFO fs3_daemon::runner: batch kind="embed" subject=1 x smart jobs=1 ms=0
2026-08-28T11:02:01.025614Z  INFO fs3_daemon::runner: done kind="embed" id=674690 left=28129
2026-08-28T11:02:01.137587Z  INFO fs3_daemon::runner: done kind=summarize subject=docs/plans/056-state-devtools-panel/workshops/001-event-log-ux.md::Workshop: Event Log UX & Live State Updates::Key Questions Addressed ms=32 left=28129
2026-08-28T11:02:01.140404Z  INFO fs3_daemon::runner: batch kind="embed" subject=1 x smart jobs=1 ms=0
2026-08-28T11:02:01.160807Z  INFO fs3_daemon::runner: done kind="embed" id=674691 left=28128
2026-08-28T11:02:01.270627Z  INFO fs3_daemon::runner: done kind=summarize subject=docs/plans/056-state-devtools-panel/workshops/001-event-log-ux.md::Workshop: Event Log UX & Live State Updates ms=31 left=28128
2026-08-28T11:02:01.274317Z  INFO fs3_daemon::runner: batch kind="embed" subject=1 x smart jobs=1 ms=1
2026-08-28T11:02:01.294583Z  INFO fs3_daemon::runner: done kind="embed" id=674692 left=28127
2026-08-28T11:02:01.381834Z  INFO fs3_daemon::runner: done kind=summarize subject=docs/plans/056-state-devtools-panel/tasks/implementation/tasks.md::Implementation — Tasks & Context Brief::Directory Layout ms=19 left=28127
2026-08-28T11:02:01.384959Z  INFO fs3_daemon::runner: batch kind="embed" subject=1 x smart jobs=1 ms=0
2026-08-28T11:02:01.398711Z  INFO fs3_daemon::runner: done kind="embed" id=674693 left=28126
2026-08-28T11:02:01.479407Z  INFO fs3_daemon::runner: done kind=summarize subject=docs/plans/056-state-devtools-panel/tasks/implementation/tasks.md::Implementation — Tasks & Context Brief::Context Brief::Sequence Diagram ms=15 left=28126
2026-08-28T11:02:01.483462Z  INFO fs3_daemon::runner: batch kind="embed" subject=1 x smart jobs=1 ms=1
2026-08-28T11:02:01.495020Z  INFO fs3_daemon::runner: done kind="embed" id=674694 left=28125
2026-08-28T11:02:01.576209Z  INFO fs3_daemon::runner: done kind=summarize subject=docs/plans/056-state-devtools-panel/tasks/implementation/tasks.md::Implementation — Tasks & Context Brief::Context Brief::System Flow ms=13 left=28125
2026-08-28T11:02:01.580235Z  INFO fs3_daemon::runner: batch kind="embed" subject=1 x smart jobs=1 ms=0
2026-08-28T11:02:01.592084Z  INFO fs3_daemon::runner: done kind="embed" id=674695 left=28124
2026-08-28T11:02:01.673389Z  INFO fs3_daemon::runner: done kind=summarize subject=docs/plans/056-state-devtools-panel/tasks/implementation/tasks.md::Implementation — Tasks & Context Brief::Context Brief ms=13 left=28124
2026-08-28T11:02:01.677847Z  INFO fs3_daemon::runner: batch kind="embed" subject=1 x smart jobs=1 ms=0
2026-08-28T11:02:01.689712Z  INFO fs3_daemon::runner: done kind="embed" id=674696 left=28123
2026-08-28T11:02:01.776321Z  INFO fs3_daemon::runner: done kind=summarize subject=docs/plans/056-state-devtools-panel/tasks/implementation/tasks.md::Implementation — Tasks & Context Brief::Tasks ms=17 left=28123
2026-08-28T11:02:01.778333Z  INFO fs3_daemon::runner: batch kind="embed" subject=1 x smart jobs=1 ms=0
2026-08-28T11:02:01.790349Z  INFO fs3_daemon::runner: done kind="embed" id=674697 left=28122
2026-08-28T11:02:01.875125Z  INFO fs3_daemon::runner: done kind=summarize subject=docs/plans/056-state-devtools-panel/tasks/implementation/tasks.md::Implementation — Tasks & Context Brief::Architecture Map ms=17 left=28122
2026-08-28T11:02:01.877988Z  INFO fs3_daemon::runner: batch kind="embed" subject=1 x smart jobs=1 ms=0
2026-08-28T11:02:01.889434Z  INFO fs3_daemon::runner: done kind="embed" id=674698 left=28121
2026-08-28T11:02:01.979079Z  INFO fs3_daemon::runner: done kind=summarize subject=docs/plans/056-state-devtools-panel/tasks/implementation/tasks.md::Implementation — Tasks & Context Brief::Pre-Implementation Check ms=14 left=28121
2026-08-28T11:02:01.983729Z  INFO fs3_daemon::runner: batch kind="embed" subject=1 x smart jobs=1 ms=0
2026-08-28T11:02:01.996615Z  INFO fs3_daemon::runner: done kind="embed" id=674699 left=28120
2026-08-28T11:02:02.083428Z  INFO fs3_daemon::runner: done kind=summarize subject=docs/plans/056-state-devtools-panel/tasks/implementation/tasks.md::Implementation — Tasks & Context Brief::Prior Phase Context::Plan 053: GlobalStateSystem (✅ Complete — 6 phases, 145 tests) ms=15 left=28120
2026-08-28T11:02:02.088474Z  INFO fs3_daemon::runner: batch kind="embed" subject=1 x smart jobs=1 ms=0
2026-08-28T11:02:02.106292Z  INFO fs3_daemon::runner: done kind="embed" id=674700 left=28119
2026-08-28T11:02:02.198390Z  INFO fs3_daemon::runner: done kind=summarize subject=docs/plans/056-state-devtools-panel/tasks/implementation/tasks.md::Implementation — Tasks & Context Brief::Prior Phase Context ms=25 left=28119
2026-08-28T11:02:02.203259Z  INFO fs3_daemon::runner: batch kind="embed" subject=1 x smart jobs=1 ms=1
2026-08-28T11:02:02.233145Z  INFO fs3_daemon::runner: done kind="embed" id=674701 left=28118
2026-08-28T11:02:02.342382Z  INFO fs3_daemon::runner: done kind=summarize subject=docs/plans/056-state-devtools-panel/tasks/implementation/tasks.md::Implementation — Tasks & Context Brief::Executive Briefing::DYK Resolutions (Plan 056) ms=14 left=28118
2026-08-28T11:02:02.346470Z  INFO fs3_daemon::runner: batch kind="embed" subject=1 x smart jobs=1 ms=1
2026-08-28T11:02:02.364865Z  INFO fs3_daemon::runner: done kind="embed" id=674702 left=28117
2026-08-28T11:02:02.444971Z  INFO fs3_daemon::runner: done kind=summarize subject=docs/plans/056-state-devtools-panel/tasks/implementation/tasks.md::Implementation — Tasks & Context Brief::Executive Briefing ms=15 left=28117
2026-08-28T11:02:02.448407Z  INFO fs3_daemon::runner: batch kind="embed" subject=1 x smart jobs=1 ms=1
2026-08-28T11:02:02.460434Z  INFO fs3_daemon::runner: done kind="embed" id=674703 left=28116
2026-08-28T11:02:02.547733Z  INFO fs3_daemon::runner: done kind=summarize subject=docs/plans/056-state-devtools-panel/tasks/implementation/tasks.md::Implementation — Tasks & Context Brief ms=13 left=28116
2026-08-28T11:02:02.552623Z  INFO fs3_daemon::runner: batch kind="embed" subject=1 x smart jobs=1 ms=0
2026-08-28T11:02:02.564057Z  INFO fs3_daemon::runner: done kind="embed" id=674704 left=28115
2026-08-28T11:02:02.649756Z  INFO fs3_daemon::runner: done kind=summarize subject=docs/plans/056-state-devtools-panel/tasks/implementation/tasks.fltplan.md::Flight Plan: Implementation — State DevTools Panel::Checklist ms=14 left=28115
2026-08-28T11:02:02.652826Z  INFO fs3_daemon::runner: batch kind="embed" subject=1 x smart jobs=1 ms=0
2026-08-28T11:02:02.664939Z  INFO fs3_daemon::runner: done kind="embed" id=674705 left=28114
2026-08-28T11:02:02.750708Z  INFO fs3_daemon::runner: done kind=summarize subject=docs/plans/056-state-devtools-panel/tasks/implementation/tasks.fltplan.md::Flight Plan: Implementation — State DevTools Panel::Goals & Non-Goals ms=15 left=28114
2026-08-28T11:02:02.753959Z  INFO fs3_daemon::runner: batch kind="embed" subject=1 x smart jobs=1 ms=0
2026-08-28T11:02:02.776995Z  INFO fs3_daemon::runner: done kind="embed" id=674706 left=28113
2026-08-28T11:02:02.865540Z  INFO fs3_daemon::runner: done kind=summarize subject=docs/plans/056-state-devtools-panel/tasks/implementation/tasks.fltplan.md::Flight Plan: Implementation — State DevTools Panel::Acceptance Criteria ms=19 left=28113
2026-08-28T11:02:02.868704Z  INFO fs3_daemon::runner: batch kind="embed" subject=1 x smart jobs=1 ms=1
2026-08-28T11:02:02.885347Z  INFO fs3_daemon::runner: done kind="embed" id=674707 left=28112
2026-08-28T11:02:02.971532Z  INFO fs3_daemon::runner: done kind=summarize subject=docs/plans/056-state-devtools-panel/tasks/implementation/tasks.fltplan.md::Flight Plan: Implementation — State DevTools Panel::Architecture: Before & After ms=16 left=28112
2026-08-28T11:02:02.973259Z  INFO fs3_daemon::runner: batch kind="embed" subject=1 x smart jobs=1 ms=1
2026-08-28T11:02:02.983755Z  INFO fs3_daemon::runner: done kind="embed" id=674708 left=28111
2026-08-28T11:02:03.067784Z  INFO fs3_daemon::runner: done kind=summarize subject=docs/plans/056-state-devtools-panel/tasks/implementation/tasks.fltplan.md::Flight Plan: Implementation — State DevTools Panel::Stages ms=18 left=28111
2026-08-28T11:02:03.073012Z  INFO fs3_daemon::runner: batch kind="embed" subject=1 x smart jobs=1 ms=0
2026-08-28T11:02:03.084010Z  INFO fs3_daemon::runner: done kind="embed" id=674709 left=28110
2026-08-28T11:02:03.165896Z  INFO fs3_daemon::runner: done kind=summarize subject=docs/plans/056-state-devtools-panel/tasks/implementation/tasks.fltplan.md::Flight Plan: Implementation — State DevTools Panel::Flight Status ms=13 left=28110
2026-08-28T11:02:03.174455Z  INFO fs3_daemon::runner: batch kind="embed" subject=1 x smart jobs=1 ms=0
2026-08-28T11:02:03.187632Z  INFO fs3_daemon::runner: done kind="embed" id=674710 left=28109
2026-08-28T11:02:03.273342Z  INFO fs3_daemon::runner: done kind=summarize subject=docs/plans/056-state-devtools-panel/tasks/implementation/tasks.fltplan.md::Flight Plan: Implementation — State DevTools Panel::Domain Context::Domains We Depend On (no changes) ms=19 left=28109
2026-08-28T11:02:03.277318Z  INFO fs3_daemon::runner: batch kind="embed" subject=1 x smart jobs=1 ms=2
2026-08-28T11:02:03.292232Z  INFO fs3_daemon::runner: done kind="embed" id=674711 left=28108
2026-08-28T11:02:03.378342Z  INFO fs3_daemon::runner: done kind=summarize subject=docs/plans/056-state-devtools-panel/tasks/implementation/tasks.fltplan.md::Flight Plan: Implementation — State DevTools Panel::Domain Context ms=17 left=28108
2026-08-28T11:02:03.382582Z  INFO fs3_daemon::runner: batch kind="embed" subject=1 x smart jobs=1 ms=2
2026-08-28T11:02:03.395859Z  INFO fs3_daemon::runner: done kind="embed" id=674712 left=28107
2026-08-28T11:02:03.485563Z  INFO fs3_daemon::runner: done kind=summarize subject=docs/plans/056-state-devtools-panel/tasks/implementation/tasks.fltplan.md::Flight Plan: Implementation — State DevTools Panel ms=16 left=28107
2026-08-28T11:02:03.490534Z  INFO fs3_daemon::runner: batch kind="embed" subject=1 x smart jobs=1 ms=0
2026-08-28T11:02:03.504163Z  INFO fs3_daemon::runner: done kind="embed" id=674713 left=28106
2026-08-28T11:02:03.583949Z  INFO fs3_daemon::runner: done kind=summarize subject=docs/plans/056-state-devtools-panel/state-devtools-panel-spec.md::State DevTools Panel — Live State Inspector::Clarifications::Session 2026-02-27 ms=13 left=28106
2026-08-28T11:02:03.588694Z  INFO fs3_daemon::runner: batch kind="embed" subject=1 x smart jobs=1 ms=0
2026-08-28T11:02:03.600302Z  INFO fs3_daemon::runner: done kind="embed" id=674714 left=28105
2026-08-28T11:02:03.688887Z  INFO fs3_daemon::runner: batch kind="embed" subject=1 x smart jobs=1 ms=0
2026-08-28T11:02:03.691785Z  INFO fs3_daemon::runner: done kind=summarize subject=docs/plans/056-state-devtools-panel/state-devtools-panel-spec.md::State DevTools Panel — Live State Inspector::Clarifications ms=22 left=28105
2026-08-28T11:02:03.797722Z  INFO fs3_daemon::runner: done kind="embed" id=674715 left=28104
2026-08-28T11:02:03.879518Z  INFO fs3_daemon::runner: done kind=summarize subject=docs/plans/056-state-devtools-panel/state-devtools-panel-spec.md::State DevTools Panel — Live State Inspector::Risks & Assumptions ms=18 left=28104
2026-08-28T11:02:03.886070Z  INFO fs3_daemon::runner: batch kind="embed" subject=1 x smart jobs=1 ms=1
2026-08-28T11:02:03.899723Z  INFO fs3_daemon::runner: done kind="embed" id=674716 left=28103
2026-08-28T11:02:03.979797Z  INFO fs3_daemon::runner: done kind=summarize subject=docs/plans/056-state-devtools-panel/state-devtools-panel-spec.md::State DevTools Panel — Live State Inspector::Acceptance Criteria ms=12 left=28103
2026-08-28T11:02:03.986465Z  INFO fs3_daemon::runner: batch kind="embed" subject=1 x smart jobs=1 ms=1
2026-08-28T11:02:04.005527Z  INFO fs3_daemon::runner: done kind="embed" id=674717 left=28102
2026-08-28T11:02:04.095042Z  INFO fs3_daemon::runner: done kind=summarize subject=docs/plans/056-state-devtools-panel/state-devtools-panel-spec.md::State DevTools Panel — Live State Inspector::Complexity ms=13 left=28102
2026-08-28T11:02:04.099775Z  INFO fs3_daemon::runner: batch kind="embed" subject=1 x smart jobs=1 ms=0
2026-08-28T11:02:04.111247Z  INFO fs3_daemon::runner: done kind="embed" id=674718 left=28101
2026-08-28T11:02:04.198296Z  INFO fs3_daemon::runner: done kind=summarize subject=docs/plans/056-state-devtools-panel/state-devtools-panel-spec.md::State DevTools Panel — Live State Inspector::Target Domains ms=19 left=28101
2026-08-28T11:02:04.242283Z  INFO fs3_daemon::runner: progress phase="working" scanned=62578 scan_left=33 summarized=130084 summarize_left=28067 embedded=209830 embed_left=1 failed=0
2026-08-28T11:02:04.261051Z  INFO fs3_daemon::runner: batch kind="embed" subject=2 x smart jobs=2 ms=0
2026-08-28T11:02:04.270655Z  INFO fs3_daemon::runner: done kind="embed" id=674719 left=28100
2026-08-28T11:02:04.340578Z  INFO fs3_daemon::runner: done kind="embed" id=674720 left=28099
2026-08-28T11:02:04.438558Z  INFO fs3_daemon::runner: done kind=summarize subject=docs/plans/056-state-devtools-panel/state-devtools-panel-spec.md::State DevTools Panel — Live State Inspector::Goals ms=30 left=28099
2026-08-28T11:02:04.472631Z  INFO fs3_daemon::runner: done kind=summarize subject=docs/plans/056-state-devtools-panel/state-devtools-panel-spec.md::State DevTools Panel — Live State Inspector ms=29 left=28099
2026-08-28T11:02:04.478537Z  INFO fs3_daemon::runner: batch kind="embed" subject=1 x smart jobs=1 ms=0
2026-08-28T11:02:04.507617Z  INFO fs3_daemon::runner: done kind="embed" id=674721 left=28098
2026-08-28T11:02:04.616755Z  INFO fs3_daemon::runner: done kind=summarize subject=docs/plans/056-state-devtools-panel/state-devtools-panel-plan.md::State DevTools Panel Implementation Plan::Implementation::Acceptance Criteria ms=35 left=28098
2026-08-28T11:02:04.621868Z  INFO fs3_daemon::runner: batch kind="embed" subject=1 x smart jobs=1 ms=1
2026-08-28T11:02:04.649502Z  INFO fs3_daemon::runner: done kind="embed" id=674722 left=28097
2026-08-28T11:02:04.756912Z  INFO fs3_daemon::runner: done kind=summarize subject=docs/plans/056-state-devtools-panel/state-devtools-panel-plan.md::State DevTools Panel Implementation Plan::Implementation::Tasks ms=33 left=28097
2026-08-28T11:02:04.765306Z  INFO fs3_daemon::runner: batch kind="embed" subject=1 x smart jobs=1 ms=3
2026-08-28T11:02:04.792663Z  INFO fs3_daemon::runner: done kind="embed" id=674723 left=28096
2026-08-28T11:02:04.902757Z  INFO fs3_daemon::runner: done kind=summarize subject=docs/plans/056-state-devtools-panel/state-devtools-panel-plan.md::State DevTools Panel Implementation Plan::Implementation ms=36 left=28096
2026-08-28T11:02:04.909224Z  INFO fs3_daemon::runner: batch kind="embed" subject=1 x smart jobs=1 ms=5
2026-08-28T11:02:04.938141Z  INFO fs3_daemon::runner: done kind="embed" id=674724 left=28095
2026-08-28T11:02:05.040442Z  INFO fs3_daemon::runner: batch kind="embed" subject=1 x smart jobs=1 ms=0
2026-08-28T11:02:05.059682Z  INFO fs3_daemon::runner: done kind=summarize subject=docs/plans/056-state-devtools-panel/state-devtools-panel-plan.md::State DevTools Panel Implementation Plan::Key Findings ms=44 left=28095
2026-08-28T11:02:05.072298Z  INFO fs3_daemon::runner: done kind="embed" id=674725 left=28094
2026-08-28T11:02:05.182879Z  INFO fs3_daemon::runner: done kind=summarize subject=docs/plans/056-state-devtools-panel/state-devtools-panel-plan.md::State DevTools Panel Implementation Plan::Domain Manifest ms=36 left=28094
2026-08-28T11:02:05.186466Z  INFO fs3_daemon::runner: batch kind="embed" subject=1 x smart jobs=1 ms=0
2026-08-28T11:02:05.210825Z  INFO fs3_daemon::runner: done kind="embed" id=674726 left=28093
2026-08-28T11:02:05.315311Z  INFO fs3_daemon::runner: done kind=summarize subject=docs/plans/056-state-devtools-panel/state-devtools-panel-plan.md::State DevTools Panel Implementation Plan ms=31 left=28093
2026-08-28T11:02:05.322265Z  INFO fs3_daemon::runner: batch kind="embed" subject=1 x smart jobs=1 ms=3
2026-08-28T11:02:05.354700Z  INFO fs3_daemon::runner: done kind="embed" id=674727 left=28092
2026-08-28T11:02:05.456994Z  INFO fs3_daemon::runner: done kind=summarize subject=docs/plans/056-state-devtools-panel/reviews/review.md::Code Review: Simple Mode::H) Handover Brief::Required Fixes (if REQUEST_CHANGES) ms=30 left=28092
2026-08-28T11:02:05.462194Z  INFO fs3_daemon::runner: batch kind="embed" subject=1 x smart jobs=1 ms=0
2026-08-28T11:02:05.484656Z  INFO fs3_daemon::runner: done kind="embed" id=674728 left=28091
2026-08-28T11:02:05.585463Z  INFO fs3_daemon::runner: done kind=summarize subject=docs/plans/056-state-devtools-panel/reviews/review.md::Code Review: Simple Mode::H) Handover Brief::Files Reviewed ms=30 left=28091
2026-08-28T11:02:05.593044Z  INFO fs3_daemon::runner: batch kind="embed" subject=1 x smart jobs=1 ms=0
2026-08-28T11:02:05.622310Z  INFO fs3_daemon::runner: done kind="embed" id=674729 left=28090
2026-08-28T11:02:05.732565Z  INFO fs3_daemon::runner: done kind=summarize subject=docs/plans/056-state-devtools-panel/reviews/review.md::Code Review: Simple Mode::H) Handover Brief ms=33 left=28090
2026-08-28T11:02:05.740496Z  INFO fs3_daemon::runner: batch kind="embed" subject=1 x smart jobs=1 ms=3
2026-08-28T11:02:05.762152Z  INFO fs3_daemon::runner: done kind="embed" id=674730 left=28089
2026-08-28T11:02:05.871320Z  INFO fs3_daemon::runner: done kind=summarize subject=docs/plans/056-state-devtools-panel/reviews/review.md::Code Review: Simple Mode::G) Commands Executed ms=31 left=28089
2026-08-28T11:02:05.874204Z  INFO fs3_daemon::runner: batch kind="embed" subject=1 x smart jobs=1 ms=0
2026-08-28T11:02:05.902360Z  INFO fs3_daemon::runner: done kind="embed" id=674731 left=28088
2026-08-28T11:02:05.989088Z  INFO fs3_daemon::runner: done kind=summarize subject=docs/plans/056-state-devtools-panel/reviews/review.md::Code Review: Simple Mode::F) Coverage Map ms=15 left=28088
2026-08-28T11:02:05.992787Z  INFO fs3_daemon::runner: batch kind="embed" subject=1 x smart jobs=1 ms=1
2026-08-28T11:02:06.011501Z  INFO fs3_daemon::runner: done kind="embed" id=674732 left=28087
2026-08-28T11:02:06.093375Z  INFO fs3_daemon::runner: done kind=summarize subject=docs/plans/056-state-devtools-panel/reviews/review.md::Code Review: Simple Mode::E) Detailed Findings::E.4) Testing & Evidence ms=18 left=28087
2026-08-28T11:02:06.095973Z  INFO fs3_daemon::runner: batch kind="embed" subject=1 x smart jobs=1 ms=0
2026-08-28T11:02:06.107744Z  INFO fs3_daemon::runner: done kind="embed" id=674733 left=28086
2026-08-28T11:02:06.185956Z  INFO fs3_daemon::runner: done kind=summarize subject=docs/plans/056-state-devtools-panel/reviews/review.md::Code Review: Simple Mode::E) Detailed Findings::E.3) Anti-Reinvention ms=12 left=28086
2026-08-28T11:02:06.190426Z  INFO fs3_daemon::runner: batch kind="embed" subject=1 x smart jobs=1 ms=0
2026-08-28T11:02:06.211223Z  INFO fs3_daemon::runner: done kind="embed" id=674734 left=28085
2026-08-28T11:02:06.310394Z  INFO fs3_daemon::runner: batch kind="embed" subject=1 x smart jobs=1 ms=0
2026-08-28T11:02:06.311719Z  INFO fs3_daemon::runner: done kind=summarize subject=docs/plans/056-state-devtools-panel/reviews/review.md::Code Review: Simple Mode::E) Detailed Findings::E.2) Domain Compliance ms=24 left=28085
2026-08-28T11:02:06.328316Z  INFO fs3_daemon::runner: done kind="embed" id=674735 left=28084
2026-08-28T11:02:06.436629Z  INFO fs3_daemon::runner: batch kind="embed" subject=1 x smart jobs=1 ms=0
2026-08-28T11:02:06.437403Z  INFO fs3_daemon::runner: done kind=summarize subject=docs/plans/056-state-devtools-panel/reviews/review.md::Code Review: Simple Mode::E) Detailed Findings ms=19 left=28084
2026-08-28T11:02:06.457398Z  INFO fs3_daemon::runner: done kind="embed" id=674736 left=28083
2026-08-28T11:02:06.539108Z  INFO fs3_daemon::runner: done kind=summarize subject=docs/plans/056-state-devtools-panel/reviews/review.md::Code Review: Simple Mode::D) Findings Table ms=14 left=28083
2026-08-28T11:02:06.543257Z  INFO fs3_daemon::runner: batch kind="embed" subject=1 x smart jobs=1 ms=0
2026-08-28T11:02:06.555604Z  INFO fs3_daemon::runner: done kind="embed" id=674737 left=28082
2026-08-28T11:02:06.637374Z  INFO fs3_daemon::runner: done kind=summarize subject=docs/plans/056-state-devtools-panel/reviews/review.md::Code Review: Simple Mode::C) Checklist ms=15 left=28082
2026-08-28T11:02:06.640627Z  INFO fs3_daemon::runner: batch kind="embed" subject=1 x smart jobs=1 ms=1
2026-08-28T11:02:06.656876Z  INFO fs3_daemon::runner: done kind="embed" id=674738 left=28081
2026-08-28T11:02:06.741615Z  INFO fs3_daemon::runner: done kind=summarize subject=docs/plans/056-state-devtools-panel/reviews/review.md::Code Review: Simple Mode::A) Verdict ms=16 left=28081
2026-08-28T11:02:06.744785Z  INFO fs3_daemon::runner: batch kind="embed" subject=1 x smart jobs=1 ms=2
2026-08-28T11:02:06.760881Z  INFO fs3_daemon::runner: done kind="embed" id=674739 left=28080
2026-08-28T11:02:06.849255Z  INFO fs3_daemon::runner: done kind=summarize subject=docs/plans/056-state-devtools-panel/reviews/review.md::Code Review: Simple Mode ms=21 left=28080
2026-08-28T11:02:06.849482Z  INFO fs3_daemon::runner: batch kind="embed" subject=1 x smart jobs=1 ms=0
2026-08-28T11:02:06.862350Z  INFO fs3_daemon::runner: done kind="embed" id=674740 left=28079
2026-08-28T11:02:06.949440Z  INFO fs3_daemon::runner: done kind=summarize subject=docs/plans/056-state-devtools-panel/reviews/fix-tasks.md::Fix Tasks: Simple Mode (State DevTools Panel)::Medium / Low Fixes::FT-011: Add explicit return types on exported components/pages (optional) ms=16 left=28079
2026-08-28T11:02:06.951442Z  INFO fs3_daemon::runner: batch kind="embed" subject=1 x smart jobs=1 ms=0
2026-08-28T11:02:06.964927Z  INFO fs3_daemon::runner: done kind="embed" id=674741 left=28078
2026-08-28T11:02:07.053238Z  INFO fs3_daemon::runner: done kind=summarize subject=docs/plans/056-state-devtools-panel/reviews/fix-tasks.md::Fix Tasks: Simple Mode (State DevTools Panel)::Medium / Low Fixes ms=22 left=28078
2026-08-28T11:02:07.057225Z  INFO fs3_daemon::runner: batch kind="embed" subject=1 x smart jobs=1 ms=1
2026-08-28T11:02:07.068205Z  INFO fs3_daemon::runner: done kind="embed" id=674742 left=28077
2026-08-28T11:02:07.155521Z  INFO fs3_daemon::runner: done kind=summarize subject=docs/plans/056-state-devtools-panel/reviews/fix-tasks.md::Fix Tasks: Simple Mode (State DevTools Panel)::Critical / High Fixes::FT-007: Remove forbidden mocks and add required Test Docs ms=16 left=28077
2026-08-28T11:02:07.158826Z  INFO fs3_daemon::runner: batch kind="embed" subject=1 x smart jobs=1 ms=0
2026-08-28T11:02:07.172127Z  INFO fs3_daemon::runner: done kind="embed" id=674743 left=28076
2026-08-28T11:02:07.251828Z  INFO fs3_daemon::runner: done kind=summarize subject=docs/plans/056-state-devtools-panel/reviews/fix-tasks.md::Fix Tasks: Simple Mode (State DevTools Panel)::Critical / High Fixes::FT-006: Update registry + map for new domain ms=14 left=28076
2026-08-28T11:02:07.257981Z  INFO fs3_daemon::runner: batch kind="embed" subject=1 x smart jobs=1 ms=0
2026-08-28T11:02:07.278521Z  INFO fs3_daemon::runner: done kind="embed" id=674744 left=28075
2026-08-28T11:02:07.362932Z  INFO fs3_daemon::runner: done kind=summarize subject=docs/plans/056-state-devtools-panel/reviews/fix-tasks.md::Fix Tasks: Simple Mode (State DevTools Panel)::Critical / High Fixes::FT-005: Add `_platform/dev-tools` domain artifact ms=18 left=28075
2026-08-28T11:02:07.371383Z  INFO fs3_daemon::runner: batch kind="embed" subject=1 x smart jobs=1 ms=0
2026-08-28T11:02:07.385491Z  INFO fs3_daemon::runner: done kind="embed" id=674745 left=28074
2026-08-28T11:02:07.464965Z  INFO fs3_daemon::runner: done kind=summarize subject=docs/plans/056-state-devtools-panel/reviews/fix-tasks.md::Fix Tasks: Simple Mode (State DevTools Panel)::Critical / High Fixes::FT-004: Close AC verification gaps with inspector behavior tests ms=14 left=28074
2026-08-28T11:02:07.469648Z  INFO fs3_daemon::runner: batch kind="embed" subject=1 x smart jobs=1 ms=0
2026-08-28T11:02:07.481280Z  INFO fs3_daemon::runner: done kind="embed" id=674746 left=28073
2026-08-28T11:02:07.561109Z  INFO fs3_daemon::runner: done kind=summarize subject=docs/plans/056-state-devtools-panel/reviews/fix-tasks.md::Fix Tasks: Simple Mode (State DevTools Panel)::Critical / High Fixes::FT-003: Restore Full-TDD evidence artifact ms=14 left=28073
2026-08-28T11:02:07.563659Z  INFO fs3_daemon::runner: batch kind="embed" subject=1 x smart jobs=1 ms=0
2026-08-28T11:02:07.572768Z  INFO fs3_daemon::runner: done kind="embed" id=674747 left=28072
2026-08-28T11:02:07.666006Z  INFO fs3_daemon::runner: done kind=summarize subject=docs/plans/056-state-devtools-panel/reviews/fix-tasks.md::Fix Tasks: Simple Mode (State DevTools Panel)::Critical / High Fixes::FT-002: Add throttled/batched refresh under high-frequency updates ms=18 left=28072
2026-08-28T11:02:07.667570Z  INFO fs3_daemon::runner: batch kind="embed" subject=1 x smart jobs=1 ms=0
2026-08-28T11:02:07.678888Z  INFO fs3_daemon::runner: done kind="embed" id=674748 left=28071
2026-08-28T11:02:07.758198Z  INFO fs3_daemon::runner: done kind=summarize subject=docs/plans/056-state-devtools-panel/reviews/fix-tasks.md::Fix Tasks: Simple Mode (State DevTools Panel)::Critical / High Fixes::FT-001: Correct stream clear/pause semantics in `useStateInspector` ms=17 left=28071
2026-08-28T11:02:07.762440Z  INFO fs3_daemon::runner: batch kind="embed" subject=1 x smart jobs=1 ms=0
2026-08-28T11:02:07.773701Z  INFO fs3_daemon::runner: done kind="embed" id=674749 left=28070
2026-08-28T11:02:07.855231Z  INFO fs3_daemon::runner: done kind=summarize subject=docs/plans/056-state-devtools-panel/reviews/fix-tasks.md::Fix Tasks: Simple Mode (State DevTools Panel)::Critical / High Fixes ms=16 left=28070
2026-08-28T11:02:07.857079Z  INFO fs3_daemon::runner: batch kind="embed" subject=1 x smart jobs=1 ms=0
2026-08-28T11:02:07.868303Z  INFO fs3_daemon::runner: done kind="embed" id=674750 left=28069
2026-08-28T11:02:07.954707Z  INFO fs3_daemon::runner: done kind=summarize subject=docs/plans/056-state-devtools-panel/reviews/fix-tasks.md::Fix Tasks: Simple Mode (State DevTools Panel) ms=16 left=28069
2026-08-28T11:02:07.956471Z  INFO fs3_daemon::runner: batch kind="embed" subject=1 x smart jobs=1 ms=0
2026-08-28T11:02:07.966928Z  INFO fs3_daemon::runner: done kind="embed" id=674751 left=28068
2026-08-28T11:02:08.049969Z  INFO fs3_daemon::runner: done kind=summarize subject=docs/plans/056-state-devtools-panel/research-dossier.md::Research Report: State DevTools Panel::Next Steps ms=15 left=28068
2026-08-28T11:02:08.052280Z  INFO fs3_daemon::runner: batch kind="embed" subject=1 x smart jobs=1 ms=0
2026-08-28T11:02:08.068987Z  INFO fs3_daemon::runner: done kind="embed" id=674752 left=28067
2026-08-28T11:02:08.147840Z  INFO fs3_daemon::runner: done kind=summarize subject=docs/plans/056-state-devtools-panel/research-dossier.md::Research Report: State DevTools Panel::Recommendations ms=12 left=28067
2026-08-28T11:02:08.151489Z  INFO fs3_daemon::runner: batch kind="embed" subject=1 x smart jobs=1 ms=0
2026-08-28T11:02:08.165252Z  INFO fs3_daemon::runner: done kind="embed" id=674753 left=28066
2026-08-28T11:02:08.254406Z  INFO fs3_daemon::runner: done kind=summarize subject=docs/plans/056-state-devtools-panel/research-dossier.md::Research Report: State DevTools Panel::Modification Considerations ms=17 left=28066
2026-08-28T11:02:08.260265Z  INFO fs3_daemon::runner: batch kind="embed" subject=1 x smart jobs=1 ms=0
2026-08-28T11:02:08.273366Z  INFO fs3_daemon::runner: done kind="embed" id=674754 left=28065
2026-08-28T11:02:08.364357Z  INFO fs3_daemon::runner: done kind=summarize subject=docs/plans/056-state-devtools-panel/research-dossier.md::Research Report: State DevTools Panel::Domain Context ms=20 left=28065
2026-08-28T11:02:08.371398Z  INFO fs3_daemon::runner: batch kind="embed" subject=1 x smart jobs=1 ms=1
2026-08-28T11:02:08.383990Z  INFO fs3_daemon::runner: done kind="embed" id=674755 left=28064
2026-08-28T11:02:08.466342Z  INFO fs3_daemon::runner: done kind=summarize subject=docs/plans/056-state-devtools-panel/research-dossier.md::Research Report: State DevTools Panel::Prior Learnings (From Plan 053)::Critical for Devtools ms=13 left=28064
2026-08-28T11:02:08.470745Z  INFO fs3_daemon::runner: batch kind="embed" subject=1 x smart jobs=1 ms=0
2026-08-28T11:02:08.481739Z  INFO fs3_daemon::runner: done kind="embed" id=674756 left=28063
2026-08-28T11:02:08.564246Z  INFO fs3_daemon::runner: done kind=summarize subject=docs/plans/056-state-devtools-panel/research-dossier.md::Research Report: State DevTools Panel::Prior Learnings (From Plan 053) ms=12 left=28063
2026-08-28T11:02:08.571379Z  INFO fs3_daemon::runner: batch kind="embed" subject=1 x smart jobs=1 ms=0
2026-08-28T11:02:08.584699Z  INFO fs3_daemon::runner: done kind="embed" id=674757 left=28062
2026-08-28T11:02:08.668177Z  INFO fs3_daemon::runner: done kind=summarize subject=docs/plans/056-state-devtools-panel/research-dossier.md::Research Report: State DevTools Panel::Dependencies & Integration::What Devtools Depends On ms=15 left=28062
2026-08-28T11:02:08.671647Z  INFO fs3_daemon::runner: batch kind="embed" subject=1 x smart jobs=1 ms=0
2026-08-28T11:02:08.686779Z  INFO fs3_daemon::runner: done kind="embed" id=674758 left=28061
2026-08-28T11:02:08.767299Z  INFO fs3_daemon::runner: done kind=summarize subject=docs/plans/056-state-devtools-panel/research-dossier.md::Research Report: State DevTools Panel::Dependencies & Integration ms=13 left=28061
2026-08-28T11:02:08.770901Z  INFO fs3_daemon::runner: batch kind="embed" subject=1 x smart jobs=1 ms=0
2026-08-28T11:02:08.782709Z  INFO fs3_daemon::runner: done kind="embed" id=674759 left=28060
2026-08-28T11:02:08.888844Z  INFO fs3_daemon::runner: done kind=summarize subject=docs/plans/056-state-devtools-panel/research-dossier.md::Research Report: State DevTools Panel::Architecture & Design Recommendations::Suggested Panel Layout ms=32 left=28060
2026-08-28T11:02:08.891752Z  INFO fs3_daemon::runner: batch kind="embed" subject=1 x smart jobs=1 ms=0
2026-08-28T11:02:08.912252Z  INFO fs3_daemon::runner: done kind="embed" id=674760 left=28059
2026-08-28T11:02:09.018588Z  INFO fs3_daemon::runner: done kind=summarize subject=docs/plans/056-state-devtools-panel/research-dossier.md::Research Report: State DevTools Panel::Architecture & Design Recommendations::UX Patterns (from Industry Research) ms=29 left=28059
2026-08-28T11:02:09.024649Z  INFO fs3_daemon::runner: batch kind="embed" subject=1 x smart jobs=1 ms=2
2026-08-28T11:02:09.049430Z  INFO fs3_daemon::runner: done kind="embed" id=674761 left=28058
2026-08-28T11:02:09.153479Z  INFO fs3_daemon::runner: done kind=summarize subject=docs/plans/056-state-devtools-panel/research-dossier.md::Research Report: State DevTools Panel::Architecture & Design Recommendations ms=31 left=28058
2026-08-28T11:02:09.158716Z  INFO fs3_daemon::runner: batch kind="embed" subject=1 x smart jobs=1 ms=0
2026-08-28T11:02:09.190852Z  INFO fs3_daemon::runner: done kind="embed" id=674762 left=28057
2026-08-28T11:02:09.296832Z  INFO fs3_daemon::runner: done kind=summarize subject=docs/plans/056-state-devtools-panel/research-dossier.md::Research Report: State DevTools Panel::How It Currently Works (State System)::Data Available for Display ms=30 left=28057
2026-08-28T11:02:09.329522Z  INFO fs3_daemon::runner: progress phase="working" scanned=62578 scan_left=33 summarized=130128 summarize_left=28023 embedded=209874 embed_left=1 failed=0
2026-08-28T11:02:09.363177Z  INFO fs3_daemon::runner: batch kind="embed" subject=2 x smart jobs=2 ms=0
2026-08-28T11:02:09.382890Z  INFO fs3_daemon::runner: done kind="embed" id=674764 left=28056
2026-08-28T11:02:09.467846Z  INFO fs3_daemon::runner: done kind="embed" id=674763 left=28055
2026-08-28T11:02:09.569627Z  INFO fs3_daemon::runner: done kind=summarize subject=docs/plans/056-state-devtools-panel/research-dossier.md::Research Report: State DevTools Panel::How It Currently Works (State System)::Entry Points for Devtools ms=30 left=28055
2026-08-28T11:02:09.608185Z  INFO fs3_daemon::runner: done kind=summarize subject=docs/plans/056-state-devtools-panel/research-dossier.md::Research Report: State DevTools Panel::How It Currently Works (State System) ms=34 left=28055
2026-08-28T11:02:09.611224Z  INFO fs3_daemon::runner: batch kind="embed" subject=1 x smart jobs=1 ms=0
2026-08-28T11:02:09.637607Z  INFO fs3_daemon::runner: done kind="embed" id=674765 left=28054
2026-08-28T11:02:09.748566Z  INFO fs3_daemon::runner: done kind=summarize subject=docs/plans/056-state-devtools-panel/research-dossier.md::Research Report: State DevTools Panel::Executive Summary ms=33 left=28054
2026-08-28T11:02:09.753114Z  INFO fs3_daemon::runner: batch kind="embed" subject=1 x smart jobs=1 ms=0
2026-08-28T11:02:09.775193Z  INFO fs3_daemon::runner: done kind="embed" id=674766 left=28053
2026-08-28T11:02:09.878509Z  INFO fs3_daemon::runner: done kind=summarize subject=docs/plans/056-state-devtools-panel/research-dossier.md::Research Report: State DevTools Panel ms=31 left=28053
2026-08-28T11:02:09.881842Z  INFO fs3_daemon::runner: batch kind="embed" subject=1 x smart jobs=1 ms=0
2026-08-28T11:02:09.906258Z  INFO fs3_daemon::runner: done kind="embed" id=674767 left=28052
2026-08-28T11:02:10.011021Z  INFO fs3_daemon::runner: batch kind="embed" subject=1 x smart jobs=1 ms=0
2026-08-28T11:02:10.030440Z  INFO fs3_daemon::runner: done kind=summarize subject=docs/plans/055-document-preview/workshops/001-npm-library-research.md::Workshop: NPM Library Research for Office Document Preview::Open Questions ms=48 left=28052
2026-08-28T11:02:10.042320Z  INFO fs3_daemon::runner: done kind="embed" id=674768 left=28051
2026-08-28T11:02:10.152161Z  INFO fs3_daemon::runner: done kind=summarize subject=docs/plans/055-document-preview/workshops/001-npm-library-research.md::Workshop: NPM Library Research for Office Document Preview::Bundle Size Impact ms=31 left=28051
2026-08-28T11:02:10.157506Z  INFO fs3_daemon::runner: batch kind="embed" subject=1 x smart jobs=1 ms=1
2026-08-28T11:02:10.181750Z  INFO fs3_daemon::runner: done kind="embed" id=674769 left=28050
2026-08-28T11:02:10.286776Z  INFO fs3_daemon::runner: batch kind="embed" subject=1 x smart jobs=1 ms=1
2026-08-28T11:02:10.306568Z  INFO fs3_daemon::runner: done kind=summarize subject=docs/plans/055-document-preview/workshops/001-npm-library-research.md::Workshop: NPM Library Research for Office Document Preview::Recommended Approach for Chainglass::Architecture Fit ms=48 left=28050
2026-08-28T11:02:10.318367Z  INFO fs3_daemon::runner: done kind="embed" id=674770 left=28049
2026-08-28T11:02:10.396738Z  INFO fs3_daemon::runner: done kind=summarize subject=docs/plans/055-document-preview/workshops/001-npm-library-research.md::Workshop: NPM Library Research for Office Document Preview::Recommended Approach for Chainglass ms=16 left=28049
2026-08-28T11:02:10.400089Z  INFO fs3_daemon::runner: batch kind="embed" subject=1 x smart jobs=1 ms=1
2026-08-28T11:02:10.413167Z  INFO fs3_daemon::runner: done kind="embed" id=674771 left=28048
2026-08-28T11:02:10.493832Z  INFO fs3_daemon::runner: done kind=summarize subject=docs/plans/055-document-preview/workshops/001-npm-library-research.md::Workshop: NPM Library Research for Office Document Preview::Research Summary::Top Candidates::6. `@ranui/preview` (emerging multi-format) ms=14 left=28048
2026-08-28T11:02:10.501131Z  INFO fs3_daemon::runner: batch kind="embed" subject=1 x smart jobs=1 ms=0
2026-08-28T11:02:10.520787Z  INFO fs3_daemon::runner: done kind="embed" id=674772 left=28047
2026-08-28T11:02:10.599370Z  INFO fs3_daemon::runner: done kind=summarize subject=docs/plans/055-document-preview/workshops/001-npm-library-research.md::Workshop: NPM Library Research for Office Document Preview::Research Summary::Top Candidates::5. `js-pptx` (for .pptx — limited) ms=12 left=28047
2026-08-28T11:02:10.602680Z  INFO fs3_daemon::runner: batch kind="embed" subject=1 x smart jobs=1 ms=1
2026-08-28T11:02:10.613328Z  INFO fs3_daemon::runner: done kind="embed" id=674773 left=28046
2026-08-28T11:02:10.703807Z  INFO fs3_daemon::runner: done kind=summarize subject=docs/plans/055-document-preview/workshops/001-npm-library-research.md::Workshop: NPM Library Research for Office Document Preview::Research Summary::Top Candidates::4. `xlsx-preview` (for .xlsx) ms=15 left=28046
2026-08-28T11:02:10.706302Z  INFO fs3_daemon::runner: batch kind="embed" subject=1 x smart jobs=1 ms=0
2026-08-28T11:02:10.716817Z  INFO fs3_daemon::runner: done kind="embed" id=674774 left=28045
2026-08-28T11:02:10.803947Z  INFO fs3_daemon::runner: done kind=summarize subject=docs/plans/055-document-preview/workshops/001-npm-library-research.md::Workshop: NPM Library Research for Office Document Preview::Research Summary::Top Candidates::3. `@cyntler/react-doc-viewer` (multi-format wrapper) ms=16 left=28045
2026-08-28T11:02:10.805780Z  INFO fs3_daemon::runner: batch kind="embed" subject=1 x smart jobs=1 ms=0
2026-08-28T11:02:10.816741Z  INFO fs3_daemon::runner: done kind="embed" id=674775 left=28044
2026-08-28T11:02:10.902958Z  INFO fs3_daemon::runner: done kind=summarize subject=docs/plans/055-document-preview/workshops/001-npm-library-research.md::Workshop: NPM Library Research for Office Document Preview::Research Summary::Top Candidates::2. `mammoth` (alternative for .docx) ms=16 left=28044
2026-08-28T11:02:10.907465Z  INFO fs3_daemon::runner: batch kind="embed" subject=1 x smart jobs=1 ms=2
2026-08-28T11:02:10.920106Z  INFO fs3_daemon::runner: done kind="embed" id=674776 left=28043
2026-08-28T11:02:11.002697Z  INFO fs3_daemon::runner: done kind=summarize subject=docs/plans/055-document-preview/workshops/001-npm-library-research.md::Workshop: NPM Library Research for Office Document Preview::Research Summary::Top Candidates::1. `docx-preview` (recommended for .docx) ms=14 left=28043
2026-08-28T11:02:11.005362Z  INFO fs3_daemon::runner: batch kind="embed" subject=1 x smart jobs=1 ms=0
2026-08-28T11:02:11.017968Z  INFO fs3_daemon::runner: done kind="embed" id=674777 left=28042
2026-08-28T11:02:11.097854Z  INFO fs3_daemon::runner: done kind=summarize subject=docs/plans/055-document-preview/workshops/001-npm-library-research.md::Workshop: NPM Library Research for Office Document Preview::Research Summary::Top Candidates ms=17 left=28042
2026-08-28T11:02:11.099705Z  INFO fs3_daemon::runner: batch kind="embed" subject=1 x smart jobs=1 ms=0
2026-08-28T11:02:11.111298Z  INFO fs3_daemon::runner: done kind="embed" id=674778 left=28041
2026-08-28T11:02:11.198210Z  INFO fs3_daemon::runner: done kind=summarize subject=docs/plans/055-document-preview/workshops/001-npm-library-research.md::Workshop: NPM Library Research for Office Document Preview::Research Summary::Landscape Overview ms=19 left=28041
2026-08-28T11:02:11.198726Z  INFO fs3_daemon::runner: batch kind="embed" subject=1 x smart jobs=1 ms=0
2026-08-28T11:02:11.210605Z  INFO fs3_daemon::runner: done kind="embed" id=674779 left=28040
2026-08-28T11:02:11.309060Z  INFO fs3_daemon::runner: done kind=summarize subject=docs/plans/055-document-preview/workshops/001-npm-library-research.md::Workshop: NPM Library Research for Office Document Preview::Research Summary ms=22 left=28040
2026-08-28T11:02:11.309337Z  INFO fs3_daemon::runner: batch kind="embed" subject=1 x smart jobs=1 ms=0
2026-08-28T11:02:11.330448Z  INFO fs3_daemon::runner: done kind="embed" id=674780 left=28039
2026-08-28T11:02:11.443136Z  INFO fs3_daemon::runner: done kind=summarize subject=docs/plans/055-document-preview/workshops/001-npm-library-research.md::Workshop: NPM Library Research for Office Document Preview ms=17 left=28039
2026-08-28T11:02:11.450477Z  INFO fs3_daemon::runner: batch kind="embed" subject=1 x smart jobs=1 ms=0
2026-08-28T11:02:11.464076Z  INFO fs3_daemon::runner: done kind="embed" id=674781 left=28038
2026-08-28T11:02:11.549535Z  INFO fs3_daemon::runner: done kind=summarize subject=docs/plans/054-unified-human-input/workshops/013-re-edit-ux.md::Workshop: Re-Edit UX for Completed Human Input Nodes::Open Questions ms=14 left=28038
2026-08-28T11:02:11.552105Z  INFO fs3_daemon::runner: batch kind="embed" subject=1 x smart jobs=1 ms=0
2026-08-28T11:02:11.562335Z  INFO fs3_daemon::runner: done kind="embed" id=674782 left=28037
2026-08-28T11:02:11.644976Z  INFO fs3_daemon::runner: done kind=summarize subject=docs/plans/054-unified-human-input/workshops/013-re-edit-ux.md::Workshop: Re-Edit UX for Completed Human Input Nodes::Implementation Tasks ms=14 left=28037
2026-08-28T11:02:11.649439Z  INFO fs3_daemon::runner: batch kind="embed" subject=1 x smart jobs=1 ms=0
2026-08-28T11:02:11.660974Z  INFO fs3_daemon::runner: done kind="embed" id=674783 left=28036
2026-08-28T11:02:11.740199Z  INFO fs3_daemon::runner: done kind=summarize subject=docs/plans/054-unified-human-input/workshops/013-re-edit-ux.md::Workshop: Re-Edit UX for Completed Human Input Nodes::Downstream Impact ms=13 left=28036
2026-08-28T11:02:11.743941Z  INFO fs3_daemon::runner: batch kind="embed" subject=1 x smart jobs=1 ms=0
2026-08-28T11:02:11.755347Z  INFO fs3_daemon::runner: done kind="embed" id=674784 left=28035
2026-08-28T11:02:11.833360Z  INFO fs3_daemon::runner: done kind=summarize subject=docs/plans/054-unified-human-input/workshops/013-re-edit-ux.md::Workshop: Re-Edit UX for Completed Human Input Nodes::Pre-Filling the Modal ms=12 left=28035
2026-08-28T11:02:11.837028Z  INFO fs3_daemon::runner: batch kind="embed" subject=1 x smart jobs=1 ms=0
2026-08-28T11:02:11.851293Z  INFO fs3_daemon::runner: done kind="embed" id=674785 left=28034
2026-08-28T11:02:11.940784Z  INFO fs3_daemon::runner: done kind=summarize subject=docs/plans/054-unified-human-input/workshops/013-re-edit-ux.md::Workshop: Re-Edit UX for Completed Human Input Nodes::Node Card States After Re-Edit ms=13 left=28034
2026-08-28T11:02:11.949449Z  INFO fs3_daemon::runner: batch kind="embed" subject=1 x smart jobs=1 ms=0
2026-08-28T11:02:11.962924Z  INFO fs3_daemon::runner: done kind="embed" id=674786 left=28033
2026-08-28T11:02:12.048362Z  INFO fs3_daemon::runner: done kind=summarize subject=docs/plans/054-unified-human-input/workshops/013-re-edit-ux.md::Workshop: Re-Edit UX for Completed Human Input Nodes::UX Flow ms=17 left=28033
2026-08-28T11:02:12.050613Z  INFO fs3_daemon::runner: batch kind="embed" subject=1 x smart jobs=1 ms=0
2026-08-28T11:02:12.062357Z  INFO fs3_daemon::runner: done kind="embed" id=674787 left=28032
2026-08-28T11:02:12.144161Z  INFO fs3_daemon::runner: done kind=summarize subject=docs/plans/054-unified-human-input/workshops/013-re-edit-ux.md::Workshop: Re-Edit UX for Completed Human Input Nodes::Recommendation: Option A (Pragmatic) ms=13 left=28032
2026-08-28T11:02:12.148973Z  INFO fs3_daemon::runner: batch kind="embed" subject=1 x smart jobs=1 ms=0
2026-08-28T11:02:12.162042Z  INFO fs3_daemon::runner: done kind="embed" id=674788 left=28031
2026-08-28T11:02:12.246692Z  INFO fs3_daemon::runner: batch kind="embed" subject=1 x smart jobs=1 ms=0
2026-08-28T11:02:12.247080Z  INFO fs3_daemon::runner: done kind=summarize subject=docs/plans/054-unified-human-input/workshops/013-re-edit-ux.md::Workshop: Re-Edit UX for Completed Human Input Nodes::Option C: New `node:reset` Event Type (Recommended) ms=18 left=28031
2026-08-28T11:02:12.257738Z  INFO fs3_daemon::runner: done kind="embed" id=674789 left=28030
2026-08-28T11:02:12.346554Z  INFO fs3_daemon::runner: done kind=summarize subject=docs/plans/054-unified-human-input/workshops/013-re-edit-ux.md::Workshop: Re-Edit UX for Completed Human Input Nodes::Option B: Direct State Write via Server Action ms=16 left=28030
2026-08-28T11:02:12.351491Z  INFO fs3_daemon::runner: batch kind="embed" subject=1 x smart jobs=1 ms=0
2026-08-28T11:02:12.367453Z  INFO fs3_daemon::runner: done kind="embed" id=674790 left=28029
2026-08-28T11:02:12.446447Z  INFO fs3_daemon::runner: done kind=summarize subject=docs/plans/054-unified-human-input/workshops/013-re-edit-ux.md::Workshop: Re-Edit UX for Completed Human Input Nodes::Option A: Add `complete` to `node:restart` Valid States ms=13 left=28029
2026-08-28T11:02:12.450359Z  INFO fs3_daemon::runner: batch kind="embed" subject=1 x smart jobs=1 ms=1
2026-08-28T11:02:12.465131Z  INFO fs3_daemon::runner: done kind="embed" id=674791 left=28028
2026-08-28T11:02:12.545341Z  INFO fs3_daemon::runner: done kind=summarize subject=docs/plans/054-unified-human-input/workshops/013-re-edit-ux.md::Workshop: Re-Edit UX for Completed Human Input Nodes::Constraint: `node:restart` Does NOT Work from `complete` ms=13 left=28028
2026-08-28T11:02:12.550957Z  INFO fs3_daemon::runner: batch kind="embed" subject=1 x smart jobs=1 ms=0
2026-08-28T11:02:12.564322Z  INFO fs3_daemon::runner: done kind="embed" id=674792 left=28027
2026-08-28T11:02:12.646466Z  INFO fs3_daemon::runner: done kind=summarize subject=docs/plans/054-unified-human-input/workshops/013-re-edit-ux.md::Workshop: Re-Edit UX for Completed Human Input Nodes ms=15 left=28027
2026-08-28T11:02:12.652426Z  INFO fs3_daemon::runner: batch kind="embed" subject=1 x smart jobs=1 ms=0
2026-08-28T11:02:12.672982Z  INFO fs3_daemon::runner: done kind="embed" id=674793 left=28026
2026-08-28T11:02:12.765278Z  INFO fs3_daemon::runner: done kind=summarize subject=docs/plans/054-unified-human-input/workshops/012-output-name-flow.md::Workshop: Output Name Flow for Human Input::Is This a Broader Problem? ms=17 left=28026
2026-08-28T11:02:12.769999Z  INFO fs3_daemon::runner: batch kind="embed" subject=1 x smart jobs=1 ms=0
2026-08-28T11:02:12.785523Z  INFO fs3_daemon::runner: done kind="embed" id=674794 left=28025
2026-08-28T11:02:12.869955Z  INFO fs3_daemon::runner: done kind=summarize subject=docs/plans/054-unified-human-input/workshops/012-output-name-flow.md::Workshop: Output Name Flow for Human Input::Why Not Let the Server Action Figure It Out? ms=15 left=28025
2026-08-28T11:02:12.874892Z  INFO fs3_daemon::runner: batch kind="embed" subject=1 x smart jobs=1 ms=0
2026-08-28T11:02:12.888680Z  INFO fs3_daemon::runner: done kind="embed" id=674795 left=28024
2026-08-28T11:02:12.974038Z  INFO fs3_daemon::runner: batch kind="embed" subject=1 x smart jobs=1 ms=0
2026-08-28T11:02:12.975211Z  INFO fs3_daemon::runner: done kind=summarize subject=docs/plans/054-unified-human-input/workshops/012-output-name-flow.md::Workshop: Output Name Flow for Human Input::The Fix: Add `outputName` to `userInput` ms=19 left=28024
2026-08-28T11:02:12.986420Z  INFO fs3_daemon::runner: done kind="embed" id=674796 left=28023
2026-08-28T11:02:13.073515Z  INFO fs3_daemon::runner: batch kind="embed" subject=1 x smart jobs=1 ms=0
2026-08-28T11:02:13.074585Z  INFO fs3_daemon::runner: done kind=summarize subject=docs/plans/054-unified-human-input/workshops/012-output-name-flow.md::Workshop: Output Name Flow for Human Input::The Data Flow Gap ms=22 left=28023
2026-08-28T11:02:13.089125Z  INFO fs3_daemon::runner: done kind="embed" id=674797 left=28022
2026-08-28T11:02:13.181939Z  INFO fs3_daemon::runner: done kind=summarize subject=docs/plans/054-unified-human-input/workshops/012-output-name-flow.md::Workshop: Output Name Flow for Human Input::How Output Names Work Today ms=21 left=28022
2026-08-28T11:02:13.194460Z  INFO fs3_daemon::runner: batch kind="embed" subject=1 x smart jobs=1 ms=3
2026-08-28T11:02:13.207888Z  INFO fs3_daemon::runner: done kind="embed" id=674798 left=28021
2026-08-28T11:02:13.297610Z  INFO fs3_daemon::runner: done kind=summarize subject=docs/plans/054-unified-human-input/workshops/012-output-name-flow.md::Workshop: Output Name Flow for Human Input ms=16 left=28021
2026-08-28T11:02:13.305422Z  INFO fs3_daemon::runner: batch kind="embed" subject=1 x smart jobs=1 ms=0
2026-08-28T11:02:13.319421Z  INFO fs3_daemon::runner: done kind="embed" id=674799 left=28020
2026-08-28T11:02:13.412437Z  INFO fs3_daemon::runner: done kind=summarize subject=docs/plans/054-unified-human-input/workshops/011-discriminated-type-architecture.md::Workshop: Discriminated Type Architecture for Human Input::Impact on Tasks Dossier::Unchanged tasks ms=21 left=28020
2026-08-28T11:02:13.422678Z  INFO fs3_daemon::runner: batch kind="embed" subject=1 x smart jobs=1 ms=0
2026-08-28T11:02:13.438111Z  INFO fs3_daemon::runner: done kind="embed" id=674800 left=28019
2026-08-28T11:02:13.548650Z  INFO fs3_daemon::runner: batch kind="embed" subject=1 x smart jobs=1 ms=0
2026-08-28T11:02:13.556445Z  INFO fs3_daemon::runner: done kind=summarize subject=docs/plans/054-unified-human-input/workshops/011-discriminated-type-architecture.md::Workshop: Discriminated Type Architecture for Human Input::Impact on Tasks Dossier ms=39 left=28019
2026-08-28T11:02:13.575238Z  INFO fs3_daemon::runner: done kind="embed" id=674801 left=28018
2026-08-28T11:02:13.687424Z  INFO fs3_daemon::runner: batch kind="embed" subject=1 x smart jobs=1 ms=2
2026-08-28T11:02:13.689292Z  INFO fs3_daemon::runner: done kind=summarize subject=docs/plans/054-unified-human-input/workshops/011-discriminated-type-architecture.md::Workshop: Discriminated Type Architecture for Human Input::Type Guard Functions ms=36 left=28018
2026-08-28T11:02:13.712000Z  INFO fs3_daemon::runner: done kind="embed" id=674802 left=28017
2026-08-28T11:02:13.820018Z  INFO fs3_daemon::runner: batch kind="embed" subject=1 x smart jobs=1 ms=0
2026-08-28T11:02:13.837659Z  INFO fs3_daemon::runner: done kind=summarize subject=docs/plans/054-unified-human-input/workshops/011-discriminated-type-architecture.md::Workshop: Discriminated Type Architecture for Human Input::UI Consumption Pattern ms=43 left=28017
2026-08-28T11:02:13.847989Z  INFO fs3_daemon::runner: done kind="embed" id=674803 left=28016
2026-08-28T11:02:13.947959Z  INFO fs3_daemon::runner: done kind=summarize subject=docs/plans/054-unified-human-input/workshops/011-discriminated-type-architecture.md::Workshop: Discriminated Type Architecture for Human Input::Construction Patterns::Test helper ms=26 left=28016
2026-08-28T11:02:13.953674Z  INFO fs3_daemon::runner: batch kind="embed" subject=1 x smart jobs=1 ms=3
2026-08-28T11:02:13.979499Z  INFO fs3_daemon::runner: done kind="embed" id=674804 left=28015
2026-08-28T11:02:14.093495Z  INFO fs3_daemon::runner: done kind=summarize subject=docs/plans/054-unified-human-input/workshops/011-discriminated-type-architecture.md::Workshop: Discriminated Type Architecture for Human Input::Construction Patterns::getNodeStatus() (production) ms=33 left=28015
2026-08-28T11:02:14.096162Z  INFO fs3_daemon::runner: batch kind="embed" subject=1 x smart jobs=1 ms=0
2026-08-28T11:02:14.119704Z  INFO fs3_daemon::runner: done kind="embed" id=674805 left=28014
2026-08-28T11:02:14.230662Z  INFO fs3_daemon::runner: done kind=summarize subject=docs/plans/054-unified-human-input/workshops/011-discriminated-type-architecture.md::Workshop: Discriminated Type Architecture for Human Input::Construction Patterns::Adapter (production) ms=33 left=28014
2026-08-28T11:02:14.236370Z  INFO fs3_daemon::runner: batch kind="embed" subject=1 x smart jobs=1 ms=2
2026-08-28T11:02:14.256877Z  INFO fs3_daemon::runner: done kind="embed" id=674806 left=28013
2026-08-28T11:02:14.369238Z  INFO fs3_daemon::runner: done kind=summarize subject=docs/plans/054-unified-human-input/workshops/011-discriminated-type-architecture.md::Workshop: Discriminated Type Architecture for Human Input::Construction Patterns ms=35 left=28013
2026-08-28T11:02:14.400674Z  INFO fs3_daemon::runner: progress phase="working" scanned=62578 scan_left=33 summarized=130172 summarize_left=27979 embedded=209918 embed_left=1 failed=0
2026-08-28T11:02:14.443126Z  INFO fs3_daemon::runner: batch kind="embed" subject=2 x smart jobs=2 ms=0
2026-08-28T11:02:14.463829Z  INFO fs3_daemon::runner: done kind="embed" id=674808 left=28012
2026-08-28T11:02:14.547043Z  INFO fs3_daemon::runner: done kind="embed" id=674807 left=28011
2026-08-28T11:02:14.668694Z  INFO fs3_daemon::runner: done kind=summarize subject=docs/plans/054-unified-human-input/workshops/011-discriminated-type-architecture.md::Workshop: Discriminated Type Architecture for Human Input::Backward Compatibility Analysis::Sites that need updating ms=40 left=28011
2026-08-28T11:02:14.713459Z  INFO fs3_daemon::runner: batch kind="embed" subject=1 x smart jobs=1 ms=0
2026-08-28T11:02:14.724462Z  INFO fs3_daemon::runner: done kind=summarize subject=docs/plans/054-unified-human-input/workshops/011-discriminated-type-architecture.md::Workshop: Discriminated Type Architecture for Human Input::Backward Compatibility Analysis::Consumers that compile unchanged ms=56 left=28011
2026-08-28T11:02:14.745911Z  INFO fs3_daemon::runner: done kind="embed" id=674809 left=28010
2026-08-28T11:02:14.876284Z  INFO fs3_daemon::runner: batch kind="embed" subject=1 x smart jobs=1 ms=0
2026-08-28T11:02:14.884019Z  INFO fs3_daemon::runner: done kind=summarize subject=docs/plans/054-unified-human-input/workshops/011-discriminated-type-architecture.md::Workshop: Discriminated Type Architecture for Human Input::Backward Compatibility Analysis ms=50 left=28010
2026-08-28T11:02:14.895149Z  INFO fs3_daemon::runner: done kind="embed" id=674810 left=28009
2026-08-28T11:02:14.984632Z  INFO fs3_daemon::runner: done kind=summarize subject=docs/plans/054-unified-human-input/workshops/011-discriminated-type-architecture.md::Workshop: Discriminated Type Architecture for Human Input::Design: Discriminated Unions::NodeStatusResult — Discriminated on `unitType` ms=17 left=28009
2026-08-28T11:02:14.987243Z  INFO fs3_daemon::runner: batch kind="embed" subject=1 x smart jobs=1 ms=0
2026-08-28T11:02:14.998655Z  INFO fs3_daemon::runner: done kind="embed" id=674811 left=28008
2026-08-28T11:02:15.079814Z  INFO fs3_daemon::runner: done kind=summarize subject=docs/plans/054-unified-human-input/workshops/011-discriminated-type-architecture.md::Workshop: Discriminated Type Architecture for Human Input::Design: Discriminated Unions::NarrowWorkUnit — Discriminated on `type` ms=12 left=28008
2026-08-28T11:02:15.085602Z  INFO fs3_daemon::runner: batch kind="embed" subject=1 x smart jobs=1 ms=0
2026-08-28T11:02:15.098469Z  INFO fs3_daemon::runner: done kind="embed" id=674812 left=28007
2026-08-28T11:02:15.202272Z  INFO fs3_daemon::runner: done kind=summarize subject=docs/plans/054-unified-human-input/workshops/011-discriminated-type-architecture.md::Workshop: Discriminated Type Architecture for Human Input::Design: Discriminated Unions ms=26 left=28007
2026-08-28T11:02:15.212344Z  INFO fs3_daemon::runner: batch kind="embed" subject=1 x smart jobs=1 ms=1
2026-08-28T11:02:15.238181Z  INFO fs3_daemon::runner: done kind="embed" id=674813 left=28006
2026-08-28T11:02:15.329158Z  INFO fs3_daemon::runner: done kind=summarize subject=docs/plans/054-unified-human-input/workshops/011-discriminated-type-architecture.md::Workshop: Discriminated Type Architecture for Human Input ms=25 left=28006
2026-08-28T11:02:15.335776Z  INFO fs3_daemon::runner: batch kind="embed" subject=1 x smart jobs=1 ms=0
2026-08-28T11:02:15.358180Z  INFO fs3_daemon::runner: done kind="embed" id=674814 left=28005
2026-08-28T11:02:15.459546Z  INFO fs3_daemon::runner: done kind=summarize subject=docs/plans/054-unified-human-input/workshops/010-single-question-simplification.md::Workshop: Single-Question Simplification::Summary ms=31 left=28005
2026-08-28T11:02:15.461763Z  INFO fs3_daemon::runner: batch kind="embed" subject=1 x smart jobs=1 ms=0
2026-08-28T11:02:15.477488Z  INFO fs3_daemon::runner: done kind="embed" id=674815 left=28004
2026-08-28T11:02:15.569514Z  INFO fs3_daemon::runner: done kind=summarize subject=docs/plans/054-unified-human-input/workshops/010-single-question-simplification.md::Workshop: Single-Question Simplification::Simplified Phase Structure::Phase 3: Demo + Integration + Cleanup (5 tasks) ms=25 left=28004
2026-08-28T11:02:15.577106Z  INFO fs3_daemon::runner: batch kind="embed" subject=1 x smart jobs=1 ms=0
2026-08-28T11:02:15.599116Z  INFO fs3_daemon::runner: done kind="embed" id=674816 left=28003
2026-08-28T11:02:15.693407Z  INFO fs3_daemon::runner: done kind=summarize subject=docs/plans/054-unified-human-input/workshops/010-single-question-simplification.md::Workshop: Single-Question Simplification::Simplified Phase Structure::Phase 2: Human Input Modal + Server Action (7 tasks) ms=19 left=28003
2026-08-28T11:02:15.704586Z  INFO fs3_daemon::runner: batch kind="embed" subject=1 x smart jobs=1 ms=0
2026-08-28T11:02:15.719854Z  INFO fs3_daemon::runner: done kind="embed" id=674817 left=28002
2026-08-28T11:02:15.800674Z  INFO fs3_daemon::runner: done kind=summarize subject=docs/plans/054-unified-human-input/workshops/010-single-question-simplification.md::Workshop: Single-Question Simplification::Simplified Phase Structure::Phase 1: NodeStatusResult + Display Status (7 tasks) ms=13 left=28002
2026-08-28T11:02:15.807238Z  INFO fs3_daemon::runner: batch kind="embed" subject=1 x smart jobs=1 ms=0
2026-08-28T11:02:15.820739Z  INFO fs3_daemon::runner: done kind="embed" id=674818 left=28001
2026-08-28T11:02:15.909817Z  INFO fs3_daemon::runner: done kind=summarize subject=docs/plans/054-unified-human-input/workshops/010-single-question-simplification.md::Workshop: Single-Question Simplification::Simplified Phase Structure ms=19 left=28001
2026-08-28T11:02:15.912970Z  INFO fs3_daemon::runner: batch kind="embed" subject=1 x smart jobs=1 ms=0
2026-08-28T11:02:15.928408Z  INFO fs3_daemon::runner: done kind="embed" id=674819 left=28000
2026-08-28T11:02:16.019790Z  INFO fs3_daemon::runner: done kind=summarize subject=docs/plans/054-unified-human-input/workshops/010-single-question-simplification.md::Workshop: Single-Question Simplification::Remediation Catalog::Workshop 007: `007-human-input-ui-ux.md` ms=17 left=28000
2026-08-28T11:02:16.026362Z  INFO fs3_daemon::runner: batch kind="embed" subject=1 x smart jobs=1 ms=0
2026-08-28T11:02:16.042006Z  INFO fs3_daemon::runner: done kind="embed" id=674820 left=27999
2026-08-28T11:02:16.127963Z  INFO fs3_daemon::runner: done kind=summarize subject=docs/plans/054-unified-human-input/workshops/010-single-question-simplification.md::Workshop: Single-Question Simplification::Remediation Catalog::Plan: `unified-human-input-plan.md` ms=18 left=27999
2026-08-28T11:02:16.130711Z  INFO fs3_daemon::runner: batch kind="embed" subject=1 x smart jobs=1 ms=0
2026-08-28T11:02:16.142259Z  INFO fs3_daemon::runner: done kind="embed" id=674821 left=27998
2026-08-28T11:02:16.230365Z  INFO fs3_daemon::runner: batch kind="embed" subject=1 x smart jobs=1 ms=1
2026-08-28T11:02:16.230946Z  INFO fs3_daemon::runner: done kind=summarize subject=docs/plans/054-unified-human-input/workshops/010-single-question-simplification.md::Workshop: Single-Question Simplification::Remediation Catalog::Spec: `unified-human-input-spec.md` ms=19 left=27998
2026-08-28T11:02:16.242030Z  INFO fs3_daemon::runner: done kind="embed" id=674822 left=27997
2026-08-28T11:02:16.326412Z  INFO fs3_daemon::runner: done kind=summarize subject=docs/plans/054-unified-human-input/workshops/010-single-question-simplification.md::Workshop: Single-Question Simplification::Remediation Catalog ms=15 left=27997
2026-08-28T11:02:16.336478Z  INFO fs3_daemon::runner: batch kind="embed" subject=1 x smart jobs=1 ms=0
2026-08-28T11:02:16.358439Z  INFO fs3_daemon::runner: done kind="embed" id=674823 left=27996
2026-08-28T11:02:16.439586Z  INFO fs3_daemon::runner: done kind=summarize subject=docs/plans/054-unified-human-input/workshops/010-single-question-simplification.md::Workshop: Single-Question Simplification::Simplified Architecture::NodeStatusResult Extension (simplified) ms=12 left=27996
2026-08-28T11:02:16.448445Z  INFO fs3_daemon::runner: batch kind="embed" subject=1 x smart jobs=1 ms=0
2026-08-28T11:02:16.460867Z  INFO fs3_daemon::runner: done kind="embed" id=674824 left=27995
2026-08-28T11:02:16.554142Z  INFO fs3_daemon::runner: batch kind="embed" subject=1 x smart jobs=1 ms=0
2026-08-28T11:02:16.556277Z  INFO fs3_daemon::runner: done kind=summarize subject=docs/plans/054-unified-human-input/workshops/010-single-question-simplification.md::Workshop: Single-Question Simplification::Simplified Architecture::Node Card States (simplified) ms=18 left=27995
2026-08-28T11:02:16.566083Z  INFO fs3_daemon::runner: done kind="embed" id=674825 left=27994
2026-08-28T11:02:16.649471Z  INFO fs3_daemon::runner: done kind=summarize subject=docs/plans/054-unified-human-input/workshops/010-single-question-simplification.md::Workshop: Single-Question Simplification::Simplified Architecture::Server Action ms=15 left=27994
2026-08-28T11:02:16.657303Z  INFO fs3_daemon::runner: batch kind="embed" subject=1 x smart jobs=1 ms=1
2026-08-28T11:02:16.670779Z  INFO fs3_daemon::runner: done kind="embed" id=674826 left=27993
2026-08-28T11:02:16.749927Z  INFO fs3_daemon::runner: done kind=summarize subject=docs/plans/054-unified-human-input/workshops/010-single-question-simplification.md::Workshop: Single-Question Simplification::Simplified Architecture::Modal ms=11 left=27993
2026-08-28T11:02:16.757250Z  INFO fs3_daemon::runner: batch kind="embed" subject=1 x smart jobs=1 ms=1
2026-08-28T11:02:16.770881Z  INFO fs3_daemon::runner: done kind="embed" id=674827 left=27992
2026-08-28T11:02:16.853844Z  INFO fs3_daemon::runner: done kind=summarize subject=docs/plans/054-unified-human-input/workshops/010-single-question-simplification.md::Workshop: Single-Question Simplification::Simplified Architecture ms=13 left=27992
2026-08-28T11:02:16.857903Z  INFO fs3_daemon::runner: batch kind="embed" subject=1 x smart jobs=1 ms=0
2026-08-28T11:02:16.867071Z  INFO fs3_daemon::runner: done kind="embed" id=674828 left=27991
2026-08-28T11:02:16.945282Z  INFO fs3_daemon::runner: done kind=summarize subject=docs/plans/054-unified-human-input/workshops/010-single-question-simplification.md::Workshop: Single-Question Simplification::Design: One Node = One Question = One Output::Why This Is Better ms=12 left=27991
2026-08-28T11:02:16.951387Z  INFO fs3_daemon::runner: batch kind="embed" subject=1 x smart jobs=1 ms=0
2026-08-28T11:02:16.962633Z  INFO fs3_daemon::runner: done kind="embed" id=674829 left=27990
2026-08-28T11:02:17.044080Z  INFO fs3_daemon::runner: done kind=summarize subject=docs/plans/054-unified-human-input/workshops/010-single-question-simplification.md::Workshop: Single-Question Simplification::Design: One Node = One Question = One Output::Multiple Questions = Multiple Nodes ms=14 left=27990
2026-08-28T11:02:17.049767Z  INFO fs3_daemon::runner: batch kind="embed" subject=1 x smart jobs=1 ms=0
2026-08-28T11:02:17.064952Z  INFO fs3_daemon::runner: done kind="embed" id=674830 left=27989
2026-08-28T11:02:17.150914Z  INFO fs3_daemon::runner: done kind=summarize subject=docs/plans/054-unified-human-input/workshops/010-single-question-simplification.md::Workshop: Single-Question Simplification::Design: One Node = One Question = One Output::How It Works ms=18 left=27989
2026-08-28T11:02:17.153029Z  INFO fs3_daemon::runner: batch kind="embed" subject=1 x smart jobs=1 ms=0
2026-08-28T11:02:17.164988Z  INFO fs3_daemon::runner: done kind="embed" id=674831 left=27988
2026-08-28T11:02:17.246739Z  INFO fs3_daemon::runner: done kind=summarize subject=docs/plans/054-unified-human-input/workshops/010-single-question-simplification.md::Workshop: Single-Question Simplification::Design: One Node = One Question = One Output ms=14 left=27988
2026-08-28T11:02:17.249640Z  INFO fs3_daemon::runner: batch kind="embed" subject=1 x smart jobs=1 ms=0
2026-08-28T11:02:17.264595Z  INFO fs3_daemon::runner: done kind="embed" id=674832 left=27987
2026-08-28T11:02:17.360172Z  INFO fs3_daemon::runner: batch kind="embed" subject=1 x smart jobs=1 ms=0
2026-08-28T11:02:17.362112Z  INFO fs3_daemon::runner: done kind=summarize subject=docs/plans/054-unified-human-input/workshops/010-single-question-simplification.md::Workshop: Single-Question Simplification ms=24 left=27987
2026-08-28T11:02:17.371756Z  INFO fs3_daemon::runner: done kind="embed" id=674833 left=27986
2026-08-28T11:02:17.460113Z  INFO fs3_daemon::runner: batch kind="embed" subject=1 x smart jobs=1 ms=0
2026-08-28T11:02:17.462576Z  INFO fs3_daemon::runner: done kind=summarize subject=docs/plans/054-unified-human-input/workshops/009-question-definition-schema.md::Workshop: Work Unit Question Definition Schema::Open Questions ms=20 left=27986
