2026-08-28T10:59:31.421832Z  INFO fs3_daemon::runner: done kind=summarize subject=docs/plans/061-workflow-events/research-dossier.md::Research Report: WorkflowEvents — First-Class Convenience Domain::Recommendations::Implementation Strategy ms=23 left=29285
2026-08-28T10:59:31.459140Z  INFO fs3_daemon::runner: batch kind="embed" subject=1 x smart jobs=1 ms=4
2026-08-28T10:59:31.491988Z  INFO fs3_daemon::runner: done kind="embed" id=673361 left=29284
2026-08-28T10:59:31.616997Z  INFO fs3_daemon::runner: batch kind="embed" subject=1 x smart jobs=1 ms=0
2026-08-28T10:59:31.632375Z  INFO fs3_daemon::runner: done kind=summarize subject=docs/plans/061-workflow-events/research-dossier.md::Research Report: WorkflowEvents — First-Class Convenience Domain::Recommendations ms=45 left=29284
2026-08-28T10:59:31.637021Z  INFO fs3_daemon::runner: done kind="embed" id=673362 left=29283
2026-08-28T10:59:31.769613Z  INFO fs3_daemon::runner: done kind=summarize subject=docs/plans/061-workflow-events/research-dossier.md::Research Report: WorkflowEvents — First-Class Convenience Domain::Migration Impact Summary::Files That Need Updating ms=23 left=29283
2026-08-28T10:59:31.773628Z  INFO fs3_daemon::runner: batch kind="embed" subject=1 x smart jobs=1 ms=1
2026-08-28T10:59:31.805824Z  INFO fs3_daemon::runner: done kind="embed" id=673363 left=29282
2026-08-28T10:59:31.934714Z  INFO fs3_daemon::runner: done kind=summarize subject=docs/plans/061-workflow-events/research-dossier.md::Research Report: WorkflowEvents — First-Class Convenience Domain::Migration Impact Summary ms=24 left=29282
2026-08-28T10:59:31.941674Z  INFO fs3_daemon::runner: batch kind="embed" subject=1 x smart jobs=1 ms=0
2026-08-28T10:59:31.961903Z  INFO fs3_daemon::runner: done kind="embed" id=673364 left=29281
2026-08-28T10:59:32.077968Z  INFO fs3_daemon::runner: batch kind="embed" subject=1 x smart jobs=1 ms=0
2026-08-28T10:59:32.078534Z  INFO fs3_daemon::runner: done kind=summarize subject=docs/plans/061-workflow-events/research-dossier.md::Research Report: WorkflowEvents — First-Class Convenience Domain::Domain Context::Domain Architecture ms=25 left=29281
2026-08-28T10:59:32.097034Z  INFO fs3_daemon::runner: done kind="embed" id=673365 left=29280
2026-08-28T10:59:32.206019Z  INFO fs3_daemon::runner: done kind=summarize subject=docs/plans/061-workflow-events/research-dossier.md::Research Report: WorkflowEvents — First-Class Convenience Domain::Domain Context::Existing Domains Relevant ms=28 left=29280
2026-08-28T10:59:32.207078Z  INFO fs3_daemon::runner: batch kind="embed" subject=1 x smart jobs=1 ms=0
2026-08-28T10:59:32.223120Z  INFO fs3_daemon::runner: done kind="embed" id=673366 left=29279
2026-08-28T10:59:32.338930Z  INFO fs3_daemon::runner: batch kind="embed" subject=1 x smart jobs=1 ms=0
2026-08-28T10:59:32.341080Z  INFO fs3_daemon::runner: done kind=summarize subject=docs/plans/061-workflow-events/research-dossier.md::Research Report: WorkflowEvents — First-Class Convenience Domain::Domain Context ms=31 left=29279
2026-08-28T10:59:32.362945Z  INFO fs3_daemon::runner: done kind="embed" id=673367 left=29278
2026-08-28T10:59:32.489293Z  INFO fs3_daemon::runner: batch kind="embed" subject=1 x smart jobs=1 ms=0
2026-08-28T10:59:32.491349Z  INFO fs3_daemon::runner: done kind=summarize subject=docs/plans/061-workflow-events/research-dossier.md::Research Report: WorkflowEvents — First-Class Convenience Domain::Prior Learnings (From Plan 032 Implementation)::PL-14: Idempotency Requires Two-Pass Settlement ms=27 left=29278
2026-08-28T10:59:32.513818Z  INFO fs3_daemon::runner: done kind="embed" id=673368 left=29277
2026-08-28T10:59:32.633651Z  INFO fs3_daemon::runner: done kind=summarize subject=docs/plans/061-workflow-events/research-dossier.md::Research Report: WorkflowEvents — First-Class Convenience Domain::Prior Learnings (From Plan 032 Implementation) ms=22 left=29277
2026-08-28T10:59:32.640229Z  INFO fs3_daemon::runner: batch kind="embed" subject=1 x smart jobs=1 ms=0
2026-08-28T10:59:32.669601Z  INFO fs3_daemon::runner: done kind="embed" id=673369 left=29276
2026-08-28T10:59:32.793444Z  INFO fs3_daemon::runner: batch kind="embed" subject=1 x smart jobs=1 ms=0
2026-08-28T10:59:32.803629Z  INFO fs3_daemon::runner: done kind=summarize subject=docs/plans/061-workflow-events/research-dossier.md::Research Report: WorkflowEvents — First-Class Convenience Domain::Quality & Testing::E2E Test Files That Need Updating ms=36 left=29276
2026-08-28T10:59:32.804825Z  INFO fs3_daemon::runner: done kind="embed" id=673370 left=29275
2026-08-28T10:59:32.893613Z  INFO fs3_daemon::runner: done kind=summarize subject=docs/plans/061-workflow-events/research-dossier.md::Research Report: WorkflowEvents — First-Class Convenience Domain::Quality & Testing ms=13 left=29275
2026-08-28T10:59:32.904277Z  INFO fs3_daemon::runner: batch kind="embed" subject=1 x smart jobs=1 ms=1
2026-08-28T10:59:32.916608Z  INFO fs3_daemon::runner: done kind="embed" id=673371 left=29274
2026-08-28T10:59:33.046448Z  INFO fs3_daemon::runner: done kind=summarize subject=docs/plans/061-workflow-events/research-dossier.md::Research Report: WorkflowEvents — First-Class Convenience Domain::Dependencies & Integration::What Depends on the Event System ms=23 left=29274
2026-08-28T10:59:33.053896Z  INFO fs3_daemon::runner: batch kind="embed" subject=1 x smart jobs=1 ms=0
2026-08-28T10:59:33.079555Z  INFO fs3_daemon::runner: done kind="embed" id=673372 left=29273
2026-08-28T10:59:33.229619Z  INFO fs3_daemon::runner: batch kind="embed" subject=1 x smart jobs=1 ms=0
2026-08-28T10:59:33.231622Z  INFO fs3_daemon::runner: done kind=summarize subject=docs/plans/061-workflow-events/research-dossier.md::Research Report: WorkflowEvents — First-Class Convenience Domain::Dependencies & Integration ms=31 left=29273
2026-08-28T10:59:33.250108Z  INFO fs3_daemon::runner: done kind="embed" id=673373 left=29272
2026-08-28T10:59:33.377636Z  INFO fs3_daemon::runner: done kind=summarize subject=docs/plans/061-workflow-events/research-dossier.md::Research Report: WorkflowEvents — First-Class Convenience Domain::Architecture & Design::VALID_FROM_STATES Map ms=19 left=29272
2026-08-28T10:59:33.383336Z  INFO fs3_daemon::runner: batch kind="embed" subject=1 x smart jobs=1 ms=2
2026-08-28T10:59:33.396054Z  INFO fs3_daemon::runner: done kind="embed" id=673374 left=29271
2026-08-28T10:59:33.499527Z  INFO fs3_daemon::runner: done kind=summarize subject=docs/plans/061-workflow-events/research-dossier.md::Research Report: WorkflowEvents — First-Class Convenience Domain::Architecture & Design::5-Step Validation Pipeline (raiseEvent) ms=19 left=29271
2026-08-28T10:59:33.504868Z  INFO fs3_daemon::runner: batch kind="embed" subject=1 x smart jobs=1 ms=0
2026-08-28T10:59:33.523329Z  INFO fs3_daemon::runner: done kind="embed" id=673375 left=29270
2026-08-28T10:59:33.639186Z  INFO fs3_daemon::runner: done kind=summarize subject=docs/plans/061-workflow-events/research-dossier.md::Research Report: WorkflowEvents — First-Class Convenience Domain::Architecture & Design ms=20 left=29270
2026-08-28T10:59:33.643523Z  INFO fs3_daemon::runner: batch kind="embed" subject=1 x smart jobs=1 ms=0
2026-08-28T10:59:33.661230Z  INFO fs3_daemon::runner: done kind="embed" id=673376 left=29269
2026-08-28T10:59:33.954549Z  INFO fs3_daemon::runner: done kind=summarize subject=docs/plans/061-workflow-events/research-dossier.md::Research Report: WorkflowEvents — First-Class Convenience Domain::How It Currently Works::Data Flow ms=37 left=29269
2026-08-28T10:59:33.960385Z  INFO fs3_daemon::runner: batch kind="embed" subject=1 x smart jobs=1 ms=0
2026-08-28T10:59:33.993156Z  INFO fs3_daemon::runner: done kind="embed" id=673377 left=29268
2026-08-28T10:59:34.110726Z  INFO fs3_daemon::runner: done kind=summarize subject=docs/plans/061-workflow-events/research-dossier.md::Research Report: WorkflowEvents — First-Class Convenience Domain::How It Currently Works::Core QnA Execution Flow ms=35 left=29268
2026-08-28T10:59:34.113850Z  INFO fs3_daemon::runner: batch kind="embed" subject=1 x smart jobs=1 ms=0
2026-08-28T10:59:34.138513Z  INFO fs3_daemon::runner: done kind="embed" id=673378 left=29267
2026-08-28T10:59:34.269784Z  INFO fs3_daemon::runner: done kind=summarize subject=docs/plans/061-workflow-events/research-dossier.md::Research Report: WorkflowEvents — First-Class Convenience Domain::How It Currently Works::Entry Points ms=41 left=29267
2026-08-28T10:59:34.279911Z  INFO fs3_daemon::runner: batch kind="embed" subject=1 x smart jobs=1 ms=0
2026-08-28T10:59:34.316573Z  INFO fs3_daemon::runner: done kind="embed" id=673379 left=29266
2026-08-28T10:59:34.455092Z  INFO fs3_daemon::runner: done kind=summarize subject=docs/plans/061-workflow-events/research-dossier.md::Research Report: WorkflowEvents — First-Class Convenience Domain::How It Currently Works ms=50 left=29266
2026-08-28T10:59:34.455819Z  INFO fs3_daemon::runner: batch kind="embed" subject=1 x smart jobs=1 ms=1
2026-08-28T10:59:34.481290Z  INFO fs3_daemon::runner: done kind="embed" id=673380 left=29265
2026-08-28T10:59:34.632591Z  INFO fs3_daemon::runner: batch kind="embed" subject=1 x smart jobs=1 ms=1
2026-08-28T10:59:34.637805Z  INFO fs3_daemon::runner: done kind=summarize subject=docs/plans/061-workflow-events/research-dossier.md::Research Report: WorkflowEvents — First-Class Convenience Domain::Executive Summary ms=36 left=29265
2026-08-28T10:59:34.674716Z  INFO fs3_daemon::runner: done kind="embed" id=673381 left=29264
2026-08-28T10:59:34.806784Z  INFO fs3_daemon::runner: done kind=summarize subject=docs/plans/061-workflow-events/research-dossier.md::Research Report: WorkflowEvents — First-Class Convenience Domain ms=39 left=29264
2026-08-28T10:59:34.813487Z  INFO fs3_daemon::runner: batch kind="embed" subject=1 x smart jobs=1 ms=2
2026-08-28T10:59:34.849209Z  INFO fs3_daemon::runner: done kind="embed" id=673382 left=29263
2026-08-28T10:59:34.972264Z  INFO fs3_daemon::runner: done kind=summarize subject=docs/plans/060-native-file-watcher/tasks/phase-1-replace-chokidar/tasks.md::Phase 1: Replace Chokidar with Native File Watcher — Tasks::Directory Layout ms=36 left=29263
2026-08-28T10:59:34.978178Z  INFO fs3_daemon::runner: batch kind="embed" subject=1 x smart jobs=1 ms=0
2026-08-28T10:59:35.014664Z  INFO fs3_daemon::runner: done kind="embed" id=673383 left=29262
2026-08-28T10:59:35.132471Z  INFO fs3_daemon::runner: done kind=summarize subject=docs/plans/060-native-file-watcher/tasks/phase-1-replace-chokidar/tasks.md::Phase 1: Replace Chokidar with Native File Watcher — Tasks::⚠️ Platform Notes::Linux inotify Watch Limits ms=38 left=29262
2026-08-28T10:59:35.169545Z  INFO fs3_daemon::runner: progress phase="working" scanned=62552 scan_left=33 summarized=128920 summarize_left=29228 embedded=208632 embed_left=1 failed=0
2026-08-28T10:59:35.203087Z  INFO fs3_daemon::runner: batch kind="embed" subject=2 x smart jobs=2 ms=0
2026-08-28T10:59:35.229339Z  INFO fs3_daemon::runner: done kind="embed" id=673385 left=29261
2026-08-28T10:59:35.356390Z  INFO fs3_daemon::runner: done kind="embed" id=673384 left=29260
2026-08-28T10:59:35.488318Z  INFO fs3_daemon::runner: done kind=summarize subject=docs/plans/060-native-file-watcher/tasks/phase-1-replace-chokidar/tasks.md::Phase 1: Replace Chokidar with Native File Watcher — Tasks::⚠️ Platform Notes ms=42 left=29260
2026-08-28T10:59:35.548997Z  INFO fs3_daemon::runner: done kind=summarize subject=docs/plans/060-native-file-watcher/tasks/phase-1-replace-chokidar/tasks.md::Phase 1: Replace Chokidar with Native File Watcher — Tasks::Context Brief ms=54 left=29260
2026-08-28T10:59:35.551140Z  INFO fs3_daemon::runner: batch kind="embed" subject=1 x smart jobs=1 ms=1
2026-08-28T10:59:35.584797Z  INFO fs3_daemon::runner: done kind="embed" id=673386 left=29259
2026-08-28T10:59:35.721398Z  INFO fs3_daemon::runner: done kind=summarize subject=docs/plans/060-native-file-watcher/tasks/phase-1-replace-chokidar/tasks.md::Phase 1: Replace Chokidar with Native File Watcher — Tasks::Tasks ms=39 left=29259
2026-08-28T10:59:35.731056Z  INFO fs3_daemon::runner: batch kind="embed" subject=1 x smart jobs=1 ms=0
2026-08-28T10:59:35.755510Z  INFO fs3_daemon::runner: done kind="embed" id=673387 left=29258
2026-08-28T10:59:35.892029Z  INFO fs3_daemon::runner: batch kind="embed" subject=1 x smart jobs=1 ms=12
2026-08-28T10:59:35.912975Z  INFO fs3_daemon::runner: done kind=summarize subject=docs/plans/060-native-file-watcher/tasks/phase-1-replace-chokidar/tasks.md::Phase 1: Replace Chokidar with Native File Watcher — Tasks::Architecture Map ms=74 left=29258
2026-08-28T10:59:35.954261Z  INFO fs3_daemon::runner: done kind="embed" id=673388 left=29257
2026-08-28T10:59:36.075494Z  INFO fs3_daemon::runner: done kind=summarize subject=docs/plans/060-native-file-watcher/tasks/phase-1-replace-chokidar/tasks.md::Phase 1: Replace Chokidar with Native File Watcher — Tasks::Pre-Implementation Check ms=30 left=29257
2026-08-28T10:59:36.079770Z  INFO fs3_daemon::runner: batch kind="embed" subject=1 x smart jobs=1 ms=1
2026-08-28T10:59:36.103884Z  INFO fs3_daemon::runner: done kind="embed" id=673389 left=29256
2026-08-28T10:59:36.290237Z  INFO fs3_daemon::runner: done kind=summarize subject=docs/plans/060-native-file-watcher/tasks/phase-1-replace-chokidar/tasks.md::Phase 1: Replace Chokidar with Native File Watcher — Tasks::Executive Briefing ms=28 left=29256
2026-08-28T10:59:36.304122Z  INFO fs3_daemon::runner: batch kind="embed" subject=1 x smart jobs=1 ms=2
2026-08-28T10:59:36.324123Z  INFO fs3_daemon::runner: done kind="embed" id=673390 left=29255
2026-08-28T10:59:36.441088Z  INFO fs3_daemon::runner: batch kind="embed" subject=1 x smart jobs=1 ms=1
2026-08-28T10:59:36.448321Z  INFO fs3_daemon::runner: done kind=summarize subject=docs/plans/060-native-file-watcher/tasks/phase-1-replace-chokidar/tasks.md::Phase 1: Replace Chokidar with Native File Watcher — Tasks ms=31 left=29255
2026-08-28T10:59:36.463989Z  INFO fs3_daemon::runner: done kind="embed" id=673391 left=29254
2026-08-28T10:59:36.620956Z  INFO fs3_daemon::runner: batch kind="embed" subject=1 x smart jobs=1 ms=0
2026-08-28T10:59:36.622489Z  INFO fs3_daemon::runner: done kind=summarize subject=docs/plans/060-native-file-watcher/tasks/phase-1-replace-chokidar/tasks.fltplan.md::Flight Plan: Phase 1 — Replace Chokidar with Native File Watcher::Checklist ms=33 left=29254
2026-08-28T10:59:36.633022Z  INFO fs3_daemon::runner: done kind="embed" id=673392 left=29253
2026-08-28T10:59:36.749236Z  INFO fs3_daemon::runner: batch kind="embed" subject=1 x smart jobs=1 ms=0
2026-08-28T10:59:36.754791Z  INFO fs3_daemon::runner: done kind=summarize subject=docs/plans/060-native-file-watcher/tasks/phase-1-replace-chokidar/tasks.fltplan.md::Flight Plan: Phase 1 — Replace Chokidar with Native File Watcher::Acceptance Criteria ms=35 left=29253
2026-08-28T10:59:36.766744Z  INFO fs3_daemon::runner: done kind="embed" id=673393 left=29252
2026-08-28T10:59:36.885701Z  INFO fs3_daemon::runner: batch kind="embed" subject=1 x smart jobs=1 ms=0
2026-08-28T10:59:36.892641Z  INFO fs3_daemon::runner: done kind=summarize subject=docs/plans/060-native-file-watcher/tasks/phase-1-replace-chokidar/tasks.fltplan.md::Flight Plan: Phase 1 — Replace Chokidar with Native File Watcher::Architecture: Before & After ms=31 left=29252
2026-08-28T10:59:36.909783Z  INFO fs3_daemon::runner: done kind="embed" id=673394 left=29251
2026-08-28T10:59:37.050870Z  INFO fs3_daemon::runner: batch kind="embed" subject=1 x smart jobs=1 ms=1
2026-08-28T10:59:37.053790Z  INFO fs3_daemon::runner: done kind=summarize subject=docs/plans/060-native-file-watcher/tasks/phase-1-replace-chokidar/tasks.fltplan.md::Flight Plan: Phase 1 — Replace Chokidar with Native File Watcher::Flight Status ms=31 left=29251
2026-08-28T10:59:37.064263Z  INFO fs3_daemon::runner: done kind="embed" id=673395 left=29250
2026-08-28T10:59:37.213819Z  INFO fs3_daemon::runner: done kind=summarize subject=docs/plans/060-native-file-watcher/tasks/phase-1-replace-chokidar/tasks.fltplan.md::Flight Plan: Phase 1 — Replace Chokidar with Native File Watcher::Domain Context ms=22 left=29250
2026-08-28T10:59:37.221493Z  INFO fs3_daemon::runner: batch kind="embed" subject=1 x smart jobs=1 ms=0
2026-08-28T10:59:37.239189Z  INFO fs3_daemon::runner: done kind="embed" id=673396 left=29249
2026-08-28T10:59:37.383172Z  INFO fs3_daemon::runner: batch kind="embed" subject=1 x smart jobs=1 ms=1
2026-08-28T10:59:37.412498Z  INFO fs3_daemon::runner: done kind=summarize subject=docs/plans/060-native-file-watcher/tasks/phase-1-replace-chokidar/tasks.fltplan.md::Flight Plan: Phase 1 — Replace Chokidar with Native File Watcher ms=86 left=29249
2026-08-28T10:59:37.420463Z  INFO fs3_daemon::runner: done kind="embed" id=673397 left=29248
2026-08-28T10:59:37.630464Z  INFO fs3_daemon::runner: batch kind="embed" subject=1 x smart jobs=1 ms=2
2026-08-28T10:59:37.647291Z  INFO fs3_daemon::runner: done kind=summarize subject=docs/plans/060-native-file-watcher/native-file-watcher-spec.md::Replace Chokidar with Native File Watcher::Clarifications::Session 2026-02-28 ms=80 left=29248
2026-08-28T10:59:37.647355Z  INFO fs3_daemon::runner: done kind="embed" id=673398 left=29247
2026-08-28T10:59:37.769943Z  INFO fs3_daemon::runner: done kind=summarize subject=docs/plans/060-native-file-watcher/native-file-watcher-spec.md::Replace Chokidar with Native File Watcher::Clarifications ms=22 left=29247
2026-08-28T10:59:37.781086Z  INFO fs3_daemon::runner: batch kind="embed" subject=1 x smart jobs=1 ms=3
2026-08-28T10:59:37.800567Z  INFO fs3_daemon::runner: done kind="embed" id=673399 left=29246
2026-08-28T10:59:37.937412Z  INFO fs3_daemon::runner: batch kind="embed" subject=1 x smart jobs=1 ms=0
2026-08-28T10:59:37.937947Z  INFO fs3_daemon::runner: done kind=summarize subject=docs/plans/060-native-file-watcher/native-file-watcher-spec.md::Replace Chokidar with Native File Watcher::Event Normalization Design ms=24 left=29246
2026-08-28T10:59:37.962747Z  INFO fs3_daemon::runner: done kind="embed" id=673400 left=29245
2026-08-28T10:59:38.061270Z  INFO fs3_daemon::runner: done kind=summarize subject=docs/plans/060-native-file-watcher/native-file-watcher-spec.md::Replace Chokidar with Native File Watcher::Risks & Assumptions ms=18 left=29245
2026-08-28T10:59:38.069366Z  INFO fs3_daemon::runner: batch kind="embed" subject=1 x smart jobs=1 ms=0
2026-08-28T10:59:38.088682Z  INFO fs3_daemon::runner: done kind="embed" id=673401 left=29244
2026-08-28T10:59:38.178783Z  INFO fs3_daemon::runner: done kind=summarize subject=docs/plans/060-native-file-watcher/native-file-watcher-spec.md::Replace Chokidar with Native File Watcher::Acceptance Criteria ms=14 left=29244
2026-08-28T10:59:38.187553Z  INFO fs3_daemon::runner: batch kind="embed" subject=1 x smart jobs=1 ms=0
2026-08-28T10:59:38.207458Z  INFO fs3_daemon::runner: done kind="embed" id=673402 left=29243
2026-08-28T10:59:38.295812Z  INFO fs3_daemon::runner: done kind=summarize subject=docs/plans/060-native-file-watcher/native-file-watcher-spec.md::Replace Chokidar with Native File Watcher::Complexity ms=17 left=29243
2026-08-28T10:59:38.303340Z  INFO fs3_daemon::runner: batch kind="embed" subject=1 x smart jobs=1 ms=1
2026-08-28T10:59:38.318274Z  INFO fs3_daemon::runner: done kind="embed" id=673403 left=29242
2026-08-28T10:59:38.429422Z  INFO fs3_daemon::runner: batch kind="embed" subject=1 x smart jobs=1 ms=2
2026-08-28T10:59:38.434814Z  INFO fs3_daemon::runner: done kind=summarize subject=docs/plans/060-native-file-watcher/native-file-watcher-spec.md::Replace Chokidar with Native File Watcher::Research Context ms=29 left=29242
2026-08-28T10:59:38.444153Z  INFO fs3_daemon::runner: done kind="embed" id=673404 left=29241
2026-08-28T10:59:38.561060Z  INFO fs3_daemon::runner: batch kind="embed" subject=1 x smart jobs=1 ms=1
2026-08-28T10:59:38.585844Z  INFO fs3_daemon::runner: done kind="embed" id=673405 left=29241
2026-08-28T10:59:38.586001Z  INFO fs3_daemon::runner: done kind=summarize subject=docs/plans/060-native-file-watcher/native-file-watcher-spec.md::Replace Chokidar with Native File Watcher ms=59 left=29240
2026-08-28T10:59:38.741825Z  INFO fs3_daemon::runner: done kind=summarize subject=docs/plans/060-native-file-watcher/native-file-watcher-plan.md::Replace Chokidar with Native File Watcher — Implementation Plan::Implementation::Acceptance Criteria ms=21 left=29240
2026-08-28T10:59:38.746292Z  INFO fs3_daemon::runner: batch kind="embed" subject=1 x smart jobs=1 ms=1
2026-08-28T10:59:38.772264Z  INFO fs3_daemon::runner: done kind="embed" id=673406 left=29239
2026-08-28T10:59:38.901396Z  INFO fs3_daemon::runner: batch kind="embed" subject=1 x smart jobs=1 ms=1
2026-08-28T10:59:38.904612Z  INFO fs3_daemon::runner: done kind=summarize subject=docs/plans/060-native-file-watcher/native-file-watcher-plan.md::Replace Chokidar with Native File Watcher — Implementation Plan::Implementation::Tasks ms=27 left=29239
2026-08-28T10:59:38.920056Z  INFO fs3_daemon::runner: done kind="embed" id=673407 left=29238
2026-08-28T10:59:39.088705Z  INFO fs3_daemon::runner: done kind=summarize subject=docs/plans/060-native-file-watcher/native-file-watcher-plan.md::Replace Chokidar with Native File Watcher — Implementation Plan::Implementation ms=27 left=29238
2026-08-28T10:59:39.090222Z  INFO fs3_daemon::runner: batch kind="embed" subject=1 x smart jobs=1 ms=1
2026-08-28T10:59:39.103529Z  INFO fs3_daemon::runner: done kind="embed" id=673408 left=29237
2026-08-28T10:59:39.217505Z  INFO fs3_daemon::runner: done kind=summarize subject=docs/plans/060-native-file-watcher/native-file-watcher-plan.md::Replace Chokidar with Native File Watcher — Implementation Plan::Key Findings ms=24 left=29237
2026-08-28T10:59:39.221284Z  INFO fs3_daemon::runner: batch kind="embed" subject=1 x smart jobs=1 ms=1
2026-08-28T10:59:39.233967Z  INFO fs3_daemon::runner: done kind="embed" id=673409 left=29236
2026-08-28T10:59:39.340746Z  INFO fs3_daemon::runner: batch kind="embed" subject=1 x smart jobs=1 ms=0
2026-08-28T10:59:39.342748Z  INFO fs3_daemon::runner: done kind=summarize subject=docs/plans/060-native-file-watcher/native-file-watcher-plan.md::Replace Chokidar with Native File Watcher — Implementation Plan::Domain Manifest ms=25 left=29236
2026-08-28T10:59:39.354887Z  INFO fs3_daemon::runner: done kind="embed" id=673410 left=29235
2026-08-28T10:59:39.457818Z  INFO fs3_daemon::runner: done kind=summarize subject=docs/plans/060-native-file-watcher/native-file-watcher-plan.md::Replace Chokidar with Native File Watcher — Implementation Plan ms=25 left=29235
2026-08-28T10:59:39.484350Z  INFO fs3_daemon::runner: batch kind="embed" subject=1 x smart jobs=1 ms=2
2026-08-28T10:59:39.496964Z  INFO fs3_daemon::runner: done kind="embed" id=673411 left=29234
2026-08-28T10:59:39.581774Z  INFO fs3_daemon::runner: done kind=summarize subject=docs/plans/059-fix-agents/workshops/009-agent-topbar-redesign.md::Workshop: Agent Top Bar Redesign — Summary Strip + Expandable Grid::Open Questions ms=16 left=29234
2026-08-28T10:59:39.586171Z  INFO fs3_daemon::runner: batch kind="embed" subject=1 x smart jobs=1 ms=0
2026-08-28T10:59:39.603722Z  INFO fs3_daemon::runner: done kind="embed" id=673412 left=29233
2026-08-28T10:59:39.712041Z  INFO fs3_daemon::runner: done kind=summarize subject=docs/plans/059-fix-agents/workshops/009-agent-topbar-redesign.md::Workshop: Agent Top Bar Redesign — Summary Strip + Expandable Grid::Edge Cases ms=26 left=29233
2026-08-28T10:59:39.715922Z  INFO fs3_daemon::runner: batch kind="embed" subject=1 x smart jobs=1 ms=0
2026-08-28T10:59:39.733971Z  INFO fs3_daemon::runner: done kind="embed" id=673413 left=29232
2026-08-28T10:59:39.828190Z  INFO fs3_daemon::runner: done kind=summarize subject=docs/plans/059-fix-agents/workshops/009-agent-topbar-redesign.md::Workshop: Agent Top Bar Redesign — Summary Strip + Expandable Grid::Component Structure ms=19 left=29232
2026-08-28T10:59:39.831707Z  INFO fs3_daemon::runner: batch kind="embed" subject=1 x smart jobs=1 ms=0
2026-08-28T10:59:39.843918Z  INFO fs3_daemon::runner: done kind="embed" id=673414 left=29231
2026-08-28T10:59:39.927601Z  INFO fs3_daemon::runner: done kind=summarize subject=docs/plans/059-fix-agents/workshops/009-agent-topbar-redesign.md::Workshop: Agent Top Bar Redesign — Summary Strip + Expandable Grid::Aggregate Indicators — Summary Strip Logic ms=15 left=29231
2026-08-28T10:59:39.935471Z  INFO fs3_daemon::runner: batch kind="embed" subject=1 x smart jobs=1 ms=0
2026-08-28T10:59:39.946426Z  INFO fs3_daemon::runner: done kind="embed" id=673415 left=29230
2026-08-28T10:59:40.030782Z  INFO fs3_daemon::runner: done kind=summarize subject=docs/plans/059-fix-agents/workshops/009-agent-topbar-redesign.md::Workshop: Agent Top Bar Redesign — Summary Strip + Expandable Grid::Sort Order: Most Recent "Need for Human" First ms=15 left=29230
2026-08-28T10:59:40.033603Z  INFO fs3_daemon::runner: batch kind="embed" subject=1 x smart jobs=1 ms=0
2026-08-28T10:59:40.043807Z  INFO fs3_daemon::runner: done kind="embed" id=673416 left=29229
2026-08-28T10:59:40.130969Z  INFO fs3_daemon::runner: done kind=summarize subject=docs/plans/059-fix-agents/workshops/009-agent-topbar-redesign.md::Workshop: Agent Top Bar Redesign — Summary Strip + Expandable Grid::Intent vs Last Action — Separate Display::Implementation ms=17 left=29229
2026-08-28T10:59:40.139907Z  INFO fs3_daemon::runner: batch kind="embed" subject=1 x smart jobs=1 ms=0
2026-08-28T10:59:40.154412Z  INFO fs3_daemon::runner: done kind="embed" id=673417 left=29228
2026-08-28T10:59:40.235530Z  INFO fs3_daemon::runner: done kind=summarize subject=docs/plans/059-fix-agents/workshops/009-agent-topbar-redesign.md::Workshop: Agent Top Bar Redesign — Summary Strip + Expandable Grid::Intent vs Last Action — Separate Display ms=13 left=29228
2026-08-28T10:59:40.286236Z  INFO fs3_daemon::runner: progress phase="working" scanned=62552 scan_left=33 summarized=128954 summarize_left=29194 embedded=208666 embed_left=1 failed=0
2026-08-28T10:59:40.304711Z  INFO fs3_daemon::runner: batch kind="embed" subject=2 x smart jobs=2 ms=0
2026-08-28T10:59:40.315443Z  INFO fs3_daemon::runner: done kind="embed" id=673418 left=29227
2026-08-28T10:59:40.392460Z  INFO fs3_daemon::runner: done kind="embed" id=673419 left=29226
2026-08-28T10:59:40.501616Z  INFO fs3_daemon::runner: done kind=summarize subject=docs/plans/059-fix-agents/workshops/009-agent-topbar-redesign.md::Workshop: Agent Top Bar Redesign — Summary Strip + Expandable Grid::Design: Two Modes::Mode 2: Expanded Grid (Click to Open) ms=33 left=29226
2026-08-28T10:59:40.544572Z  INFO fs3_daemon::runner: done kind=summarize subject=docs/plans/059-fix-agents/workshops/009-agent-topbar-redesign.md::Workshop: Agent Top Bar Redesign — Summary Strip + Expandable Grid::Design: Two Modes::Mode 1: Summary Strip (Default — Collapsed) ms=36 left=29226
2026-08-28T10:59:40.548494Z  INFO fs3_daemon::runner: batch kind="embed" subject=1 x smart jobs=1 ms=0
2026-08-28T10:59:40.571704Z  INFO fs3_daemon::runner: done kind="embed" id=673420 left=29225
2026-08-28T10:59:40.686671Z  INFO fs3_daemon::runner: done kind=summarize subject=docs/plans/059-fix-agents/workshops/009-agent-topbar-redesign.md::Workshop: Agent Top Bar Redesign — Summary Strip + Expandable Grid::Design: Two Modes ms=36 left=29225
2026-08-28T10:59:40.690213Z  INFO fs3_daemon::runner: batch kind="embed" subject=1 x smart jobs=1 ms=4
2026-08-28T10:59:40.708244Z  INFO fs3_daemon::runner: done kind="embed" id=673421 left=29224
2026-08-28T10:59:40.808451Z  INFO fs3_daemon::runner: done kind=summarize subject=docs/plans/059-fix-agents/workshops/009-agent-topbar-redesign.md::Workshop: Agent Top Bar Redesign — Summary Strip + Expandable Grid::Key Questions Addressed ms=26 left=29224
2026-08-28T10:59:40.813584Z  INFO fs3_daemon::runner: batch kind="embed" subject=1 x smart jobs=1 ms=0
2026-08-28T10:59:40.834636Z  INFO fs3_daemon::runner: done kind="embed" id=673422 left=29223
2026-08-28T10:59:40.931938Z  INFO fs3_daemon::runner: done kind=summarize subject=docs/plans/059-fix-agents/workshops/009-agent-topbar-redesign.md::Workshop: Agent Top Bar Redesign — Summary Strip + Expandable Grid ms=22 left=29223
2026-08-28T10:59:40.939715Z  INFO fs3_daemon::runner: batch kind="embed" subject=1 x smart jobs=1 ms=0
2026-08-28T10:59:40.964558Z  INFO fs3_daemon::runner: done kind="embed" id=673423 left=29222
2026-08-28T10:59:41.068300Z  INFO fs3_daemon::runner: done kind=summarize subject=docs/plans/059-fix-agents/workshops/008-agent-intents.md::Workshop: Agent Intents — Extraction, Display & Real-Time Updates::Open Questions ms=29 left=29222
2026-08-28T10:59:41.071650Z  INFO fs3_daemon::runner: batch kind="embed" subject=1 x smart jobs=1 ms=0
2026-08-28T10:59:41.090451Z  INFO fs3_daemon::runner: done kind="embed" id=673424 left=29221
2026-08-28T10:59:41.197833Z  INFO fs3_daemon::runner: batch kind="embed" subject=1 x smart jobs=1 ms=0
2026-08-28T10:59:41.215543Z  INFO fs3_daemon::runner: done kind=summarize subject=docs/plans/059-fix-agents/workshops/008-agent-intents.md::Workshop: Agent Intents — Extraction, Display & Real-Time Updates::Implementation Plan::Task 4: Add intent to overlay panel header ms=50 left=29221
2026-08-28T10:59:41.227069Z  INFO fs3_daemon::runner: done kind="embed" id=673425 left=29220
2026-08-28T10:59:41.340297Z  INFO fs3_daemon::runner: done kind=summarize subject=docs/plans/059-fix-agents/workshops/008-agent-intents.md::Workshop: Agent Intents — Extraction, Display & Real-Time Updates::Implementation Plan ms=30 left=29220
2026-08-28T10:59:41.347096Z  INFO fs3_daemon::runner: batch kind="embed" subject=1 x smart jobs=1 ms=2
2026-08-28T10:59:41.366075Z  INFO fs3_daemon::runner: done kind="embed" id=673426 left=29219
2026-08-28T10:59:41.489203Z  INFO fs3_daemon::runner: done kind=summarize subject=docs/plans/059-fix-agents/workshops/008-agent-intents.md::Workshop: Agent Intents — Extraction, Display & Real-Time Updates::Data Flow — Complete Pipeline ms=34 left=29219
2026-08-28T10:59:41.498444Z  INFO fs3_daemon::runner: batch kind="embed" subject=1 x smart jobs=1 ms=3
2026-08-28T10:59:41.520040Z  INFO fs3_daemon::runner: done kind="embed" id=673427 left=29218
2026-08-28T10:59:41.619292Z  INFO fs3_daemon::runner: done kind=summarize subject=docs/plans/059-fix-agents/workshops/008-agent-intents.md::Workshop: Agent Intents — Extraction, Display & Real-Time Updates::Display Surfaces::4. Overlay Panel ms=29 left=29218
2026-08-28T10:59:41.627468Z  INFO fs3_daemon::runner: batch kind="embed" subject=1 x smart jobs=1 ms=4
2026-08-28T10:59:41.658876Z  INFO fs3_daemon::runner: done kind="embed" id=673428 left=29217
2026-08-28T10:59:41.760922Z  INFO fs3_daemon::runner: done kind=summarize subject=docs/plans/059-fix-agents/workshops/008-agent-intents.md::Workshop: Agent Intents — Extraction, Display & Real-Time Updates::Display Surfaces::2. Agent List Page ms=27 left=29217
2026-08-28T10:59:41.768211Z  INFO fs3_daemon::runner: batch kind="embed" subject=1 x smart jobs=1 ms=2
2026-08-28T10:59:41.795554Z  INFO fs3_daemon::runner: done kind="embed" id=673429 left=29216
2026-08-28T10:59:41.888087Z  INFO fs3_daemon::runner: done kind=summarize subject=docs/plans/059-fix-agents/workshops/008-agent-intents.md::Workshop: Agent Intents — Extraction, Display & Real-Time Updates::Display Surfaces::1. Chip Bar (Top Bar) ms=17 left=29216
2026-08-28T10:59:41.893815Z  INFO fs3_daemon::runner: batch kind="embed" subject=1 x smart jobs=1 ms=0
2026-08-28T10:59:41.904604Z  INFO fs3_daemon::runner: done kind="embed" id=673430 left=29215
2026-08-28T10:59:41.983520Z  INFO fs3_daemon::runner: done kind=summarize subject=docs/plans/059-fix-agents/workshops/008-agent-intents.md::Workshop: Agent Intents — Extraction, Display & Real-Time Updates::Display Surfaces ms=13 left=29215
2026-08-28T10:59:41.990432Z  INFO fs3_daemon::runner: batch kind="embed" subject=1 x smart jobs=1 ms=0
2026-08-28T10:59:42.001033Z  INFO fs3_daemon::runner: done kind="embed" id=673431 left=29214
2026-08-28T10:59:42.089928Z  INFO fs3_daemon::runner: done kind=summarize subject=docs/plans/059-fix-agents/workshops/008-agent-intents.md::Workshop: Agent Intents — Extraction, Display & Real-Time Updates::Intent Sources (Per Adapter)::Where to Wire It ms=13 left=29214
2026-08-28T10:59:42.095496Z  INFO fs3_daemon::runner: batch kind="embed" subject=1 x smart jobs=1 ms=1
2026-08-28T10:59:42.105980Z  INFO fs3_daemon::runner: done kind="embed" id=673432 left=29213
2026-08-28T10:59:42.191077Z  INFO fs3_daemon::runner: done kind=summarize subject=docs/plans/059-fix-agents/workshops/008-agent-intents.md::Workshop: Agent Intents — Extraction, Display & Real-Time Updates::Intent Sources (Per Adapter)::Intent Extraction Logic ms=16 left=29213
2026-08-28T10:59:42.197452Z  INFO fs3_daemon::runner: batch kind="embed" subject=1 x smart jobs=1 ms=0
2026-08-28T10:59:42.209573Z  INFO fs3_daemon::runner: done kind="embed" id=673433 left=29212
2026-08-28T10:59:42.291098Z  INFO fs3_daemon::runner: done kind=summarize subject=docs/plans/059-fix-agents/workshops/008-agent-intents.md::Workshop: Agent Intents — Extraction, Display & Real-Time Updates::Intent Sources (Per Adapter) ms=18 left=29212
2026-08-28T10:59:42.295585Z  INFO fs3_daemon::runner: batch kind="embed" subject=1 x smart jobs=1 ms=1
2026-08-28T10:59:42.307199Z  INFO fs3_daemon::runner: done kind="embed" id=673434 left=29211
2026-08-28T10:59:42.399385Z  INFO fs3_daemon::runner: done kind=summarize subject=docs/plans/059-fix-agents/workshops/008-agent-intents.md::Workshop: Agent Intents — Extraction, Display & Real-Time Updates::Current State::What Exists ms=19 left=29211
2026-08-28T10:59:42.400417Z  INFO fs3_daemon::runner: batch kind="embed" subject=1 x smart jobs=1 ms=0
2026-08-28T10:59:42.414858Z  INFO fs3_daemon::runner: done kind="embed" id=673435 left=29210
2026-08-28T10:59:42.495963Z  INFO fs3_daemon::runner: done kind=summarize subject=docs/plans/059-fix-agents/workshops/008-agent-intents.md::Workshop: Agent Intents — Extraction, Display & Real-Time Updates::Current State ms=14 left=29210
2026-08-28T10:59:42.499287Z  INFO fs3_daemon::runner: batch kind="embed" subject=1 x smart jobs=1 ms=0
2026-08-28T10:59:42.509788Z  INFO fs3_daemon::runner: done kind="embed" id=673436 left=29209
2026-08-28T10:59:42.595189Z  INFO fs3_daemon::runner: batch kind="embed" subject=1 x smart jobs=1 ms=1
2026-08-28T10:59:42.599348Z  INFO fs3_daemon::runner: done kind=summarize subject=docs/plans/059-fix-agents/workshops/008-agent-intents.md::Workshop: Agent Intents — Extraction, Display & Real-Time Updates::Key Questions Addressed ms=20 left=29209
2026-08-28T10:59:42.606904Z  INFO fs3_daemon::runner: done kind="embed" id=673437 left=29208
2026-08-28T10:59:42.687472Z  INFO fs3_daemon::runner: done kind=summarize subject=docs/plans/059-fix-agents/workshops/008-agent-intents.md::Workshop: Agent Intents — Extraction, Display & Real-Time Updates ms=16 left=29208
2026-08-28T10:59:42.692390Z  INFO fs3_daemon::runner: batch kind="embed" subject=1 x smart jobs=1 ms=0
2026-08-28T10:59:42.703461Z  INFO fs3_daemon::runner: done kind="embed" id=673438 left=29207
2026-08-28T10:59:42.786195Z  INFO fs3_daemon::runner: done kind=summarize subject=docs/plans/059-fix-agents/workshops/007-agent-workunit-registration.md::Workshop: Agent → WorkUnitState Registration::Open Questions ms=17 left=29207
2026-08-28T10:59:42.789141Z  INFO fs3_daemon::runner: batch kind="embed" subject=1 x smart jobs=1 ms=0
2026-08-28T10:59:42.800535Z  INFO fs3_daemon::runner: done kind="embed" id=673439 left=29206
2026-08-28T10:59:42.891404Z  INFO fs3_daemon::runner: batch kind="embed" subject=1 x smart jobs=1 ms=0
2026-08-28T10:59:42.891634Z  INFO fs3_daemon::runner: done kind=summarize subject=docs/plans/059-fix-agents/workshops/007-agent-workunit-registration.md::Workshop: Agent → WorkUnitState Registration::Files to Change ms=20 left=29206
2026-08-28T10:59:42.902297Z  INFO fs3_daemon::runner: done kind="embed" id=673440 left=29205
2026-08-28T10:59:42.987148Z  INFO fs3_daemon::runner: done kind=summarize subject=docs/plans/059-fix-agents/workshops/007-agent-workunit-registration.md::Workshop: Agent → WorkUnitState Registration::Scope & Non-Goals ms=19 left=29205
2026-08-28T10:59:42.990891Z  INFO fs3_daemon::runner: batch kind="embed" subject=1 x smart jobs=1 ms=0
2026-08-28T10:59:43.014948Z  INFO fs3_daemon::runner: done kind="embed" id=673441 left=29204
2026-08-28T10:59:43.094765Z  INFO fs3_daemon::runner: done kind=summarize subject=docs/plans/059-fix-agents/workshops/007-agent-workunit-registration.md::Workshop: Agent → WorkUnitState Registration::Sequence Diagram — Full Agent Lifecycle ms=12 left=29204
2026-08-28T10:59:43.100640Z  INFO fs3_daemon::runner: batch kind="embed" subject=1 x smart jobs=1 ms=0
2026-08-28T10:59:43.111386Z  INFO fs3_daemon::runner: done kind="embed" id=673442 left=29203
2026-08-28T10:59:43.193483Z  INFO fs3_daemon::runner: done kind=summarize subject=docs/plans/059-fix-agents/workshops/007-agent-workunit-registration.md::Workshop: Agent → WorkUnitState Registration::Hydration on Server Restart ms=13 left=29203
2026-08-28T10:59:43.201206Z  INFO fs3_daemon::runner: batch kind="embed" subject=1 x smart jobs=1 ms=0
2026-08-28T10:59:43.211669Z  INFO fs3_daemon::runner: done kind="embed" id=673443 left=29202
2026-08-28T10:59:43.293077Z  INFO fs3_daemon::runner: done kind=summarize subject=docs/plans/059-fix-agents/workshops/007-agent-workunit-registration.md::Workshop: Agent → WorkUnitState Registration::Recommendation: Option A (API Route Hooks)::Implementation sketch (A1)::4. DI wiring — inject bridge into notifier ms=14 left=29202
2026-08-28T10:59:43.297643Z  INFO fs3_daemon::runner: batch kind="embed" subject=1 x smart jobs=1 ms=1
2026-08-28T10:59:43.307726Z  INFO fs3_daemon::runner: done kind="embed" id=673444 left=29201
2026-08-28T10:59:43.383309Z  INFO fs3_daemon::boot: fs3 daemon starting config=/var/folders/mv/9mcvlzg504b158ctlswmgwph0000gn/T/fs3-boot-contract-52035-0 log=/Users/jordanknight/.local/state/flowspace3/logs/flowspace3.log daemon=defaults database=config.toml embedder=fake summarizer=fake repos=0
2026-08-28T10:59:43.392083Z  INFO fs3_daemon::runner: batch kind="embed" subject=1 x smart jobs=1 ms=0
2026-08-28T10:59:43.398347Z  INFO fs3_daemon::runner: done kind=summarize subject=docs/plans/059-fix-agents/workshops/007-agent-workunit-registration.md::Workshop: Agent → WorkUnitState Registration::Recommendation: Option A (API Route Hooks)::Implementation sketch (A1)::3. Status mapping function ms=24 left=29201
2026-08-28T10:59:43.399053Z  INFO fs3_daemon::runner: done kind="embed" id=673445 left=29200
2026-08-28T10:59:43.484384Z  INFO fs3_daemon::runner: done kind=summarize subject=docs/plans/059-fix-agents/workshops/007-agent-workunit-registration.md::Workshop: Agent → WorkUnitState Registration::Recommendation: Option A (API Route Hooks)::Implementation sketch (A1)::2. Add bridge calls in API routes ms=12 left=29200
2026-08-28T10:59:43.486905Z  INFO fs3_daemon::runner: batch kind="embed" subject=1 x smart jobs=1 ms=0
2026-08-28T10:59:43.499691Z  INFO fs3_daemon::runner: done kind="embed" id=673446 left=29199
2026-08-28T10:59:43.581122Z  INFO fs3_daemon::runner: done kind=summarize subject=docs/plans/059-fix-agents/workshops/007-agent-workunit-registration.md::Workshop: Agent → WorkUnitState Registration::Recommendation: Option A (API Route Hooks)::Implementation sketch (A1)::1. Modify AgentNotifierService constructor to accept optional bridge ms=11 left=29199
2026-08-28T10:59:43.591725Z  INFO fs3_daemon::runner: batch kind="embed" subject=1 x smart jobs=1 ms=0
2026-08-28T10:59:43.602981Z  INFO fs3_daemon::runner: done kind="embed" id=673447 left=29198
2026-08-28T10:59:43.703186Z  INFO fs3_daemon::runner: batch kind="embed" subject=1 x smart jobs=1 ms=0
2026-08-28T10:59:43.707822Z  INFO fs3_daemon::runner: done kind=summarize subject=docs/plans/059-fix-agents/workshops/007-agent-workunit-registration.md::Workshop: Agent → WorkUnitState Registration::Recommendation: Option A (API Route Hooks)::Implementation sketch (A1) ms=24 left=29198
2026-08-28T10:59:43.711532Z  INFO fs3_daemon::runner: done kind="embed" id=673448 left=29200
2026-08-28T10:59:43.795759Z  INFO fs3_daemon::runner: done kind=scan_file subject=docs/plans/006-worktree-diff/assets/probes/out/run-20260828T105601Z/p3-version-file.txt ms=19 left=29202
2026-08-28T10:59:43.796061Z  INFO fs3_daemon::runner: batch kind="embed" subject=1 x smart jobs=1 ms=0
2026-08-28T10:59:43.810054Z  INFO fs3_daemon::runner: done kind="embed" id=673449 left=29201
2026-08-28T10:59:43.851793Z  INFO fs3_daemon::watch: re-listed a changed directory directory=/Users/jordanknight/substrate/flowspace/fs3-worktree-diff/docs/plans/006-worktree-diff/assets/probes/out/run-20260828T105601Z events=54 enqueued=5 settled=Quiet
2026-08-28T10:59:43.899196Z  INFO fs3_daemon::runner: batch kind="embed" subject=1 x raw jobs=1 ms=0
2026-08-28T10:59:43.909768Z  INFO fs3_daemon::runner: done kind="embed" id=673455 left=29208
2026-08-28T10:59:43.938171Z  INFO fs3_daemon::runner: done kind=scan_file subject=crates/cli/src/conversation.rs ms=61 left=29209
2026-08-28T10:59:44.036556Z  INFO fs3_daemon::enrich: skipping embeds for content no registered root holds dropped=1 kept=0 kind="raw"
2026-08-28T10:59:44.036586Z  INFO fs3_daemon::runner: batch kind="embed" subject=19 x raw jobs=2 ms=1
2026-08-28T10:59:44.046067Z  INFO fs3_daemon::runner: done kind=scan_file subject=crates/cli/src/render/progress.rs ms=46 left=29209
2026-08-28T10:59:44.056150Z  INFO fs3_daemon::runner: done kind="embed" id=673478 left=29208
2026-08-28T10:59:44.071361Z  INFO fs3_daemon::watch: re-listed a changed directory directory=/Users/jordanknight/substrate/flowspace/poctest-wtdiff-20260828T105601Z/crates/cli/src events=6 enqueued=8 settled=Quiet
2026-08-28T10:59:44.130033Z  INFO fs3_daemon::runner: done kind="embed" id=673474 left=29207
2026-08-28T10:59:44.244341Z  INFO fs3_daemon::runner: done kind=scan_file subject=crates/cli/src/render/mod.rs ms=49 left=29207
2026-08-28T10:59:44.594862Z  INFO fs3_daemon::runner: batch kind="embed" subject=12 x raw jobs=1 ms=382
2026-08-28T10:59:44.605696Z  INFO fs3_daemon::runner: done kind="embed" id=673484 left=29206
2026-08-28T10:59:44.735317Z  INFO fs3_daemon::runner: done kind=scan_file subject=crates/cli/src/main.rs ms=64 left=29207
2026-08-28T10:59:44.977049Z  INFO fs3_daemon::runner: batch kind="embed" subject=15 x raw jobs=1 ms=284
2026-08-28T10:59:44.995947Z  INFO fs3_daemon::runner: done kind="embed" id=673488 left=29206
2026-08-28T10:59:45.137153Z  INFO fs3_daemon::runner: done kind=scan_file subject=crates/cli/src/lib.rs ms=65 left=29206
2026-08-28T10:59:45.470830Z  INFO fs3_daemon::runner: batch kind="embed" subject=21 x raw jobs=2 ms=364
2026-08-28T10:59:45.493296Z  INFO fs3_daemon::runner: done kind="embed" id=673501 left=29205
2026-08-28T10:59:45.573200Z  INFO fs3_daemon::runner: done kind="embed" id=673498 left=29204
2026-08-28T10:59:45.715559Z  INFO fs3_daemon::runner: progress phase="working" scanned=62558 scan_left=40 summarized=128985 summarize_left=29163 embedded=208705 embed_left=1 failed=0
2026-08-28T10:59:46.098298Z  INFO fs3_daemon::runner: done kind=scan_file subject=crates/cli/src/doctor.rs ms=447 left=29206
2026-08-28T10:59:46.117280Z  INFO fs3_daemon::runner: batch kind="embed" subject=12 x raw jobs=1 ms=366
2026-08-28T10:59:46.143982Z  INFO fs3_daemon::runner: done kind="embed" id=673502 left=29205
2026-08-28T10:59:46.355102Z  INFO fs3_daemon::runner: done kind=scan_file subject=crates/cli/src/docs.rs ms=118 left=29205
2026-08-28T10:59:46.602661Z  INFO fs3_daemon::runner: batch kind="embed" subject=34 x raw jobs=3 ms=322
2026-08-28T10:59:46.620664Z  INFO fs3_daemon::runner: done kind="embed" id=673529 left=29204
2026-08-28T10:59:46.693958Z  INFO fs3_daemon::runner: done kind="embed" id=673517 left=29203
2026-08-28T10:59:46.764919Z  INFO fs3_daemon::runner: done kind="embed" id=673532 left=29202
2026-08-28T10:59:46.905007Z  INFO fs3_daemon::runner: done kind=scan_file subject=crates/cli/src/client.rs ms=73 left=29204
2026-08-28T10:59:47.159012Z  INFO fs3_daemon::runner: batch kind="embed" subject=12 x raw jobs=1 ms=306
2026-08-28T10:59:47.176604Z  INFO fs3_daemon::runner: done kind="embed" id=673541 left=29203
2026-08-28T10:59:47.275046Z  INFO fs3_daemon::runner: done kind=scan_file subject=docs/plans/006-worktree-diff/assets/probes/out/run-20260828T105601Z/p2b-edited-files.txt ms=25 left=29203
2026-08-28T10:59:47.558047Z  INFO fs3_daemon::runner: batch kind="embed" subject=36 x raw jobs=3 ms=286
2026-08-28T10:59:47.567090Z  INFO fs3_daemon::runner: done kind="embed" id=673548 left=29202
2026-08-28T10:59:47.649868Z  INFO fs3_daemon::runner: done kind="embed" id=673554 left=29201
2026-08-28T10:59:47.727105Z  INFO fs3_daemon::runner: done kind="embed" id=673559 left=29200
2026-08-28T10:59:47.826206Z  INFO fs3_daemon::runner: batch kind="embed" subject=1 x raw jobs=1 ms=0
2026-08-28T10:59:47.829831Z  INFO fs3_daemon::runner: done kind=scan_file subject=docs/plans/006-worktree-diff/assets/probes/out/run-20260828T105601Z/p2a-paid.txt ms=31 left=29200
2026-08-28T10:59:47.837463Z  INFO fs3_daemon::runner: done kind="embed" id=673560 left=29199
2026-08-28T10:59:47.927839Z  INFO fs3_daemon::runner: done kind=scan_file subject=docs/plans/006-worktree-diff/assets/probes/out/run-20260828T105601Z/p2a-jobs.txt ms=21 left=29199
2026-08-28T10:59:48.171685Z  INFO fs3_daemon::runner: batch kind="embed" subject=1 x raw jobs=1 ms=245
2026-08-28T10:59:48.180288Z  INFO fs3_daemon::runner: done kind="embed" id=673561 left=29198
2026-08-28T10:59:48.273665Z  INFO fs3_daemon::runner: done kind=scan_file subject=docs/plans/006-worktree-diff/assets/probes/out/run-20260828T105601Z/p2a-deltas.txt ms=24 left=29198
2026-08-28T10:59:48.369387Z  INFO fs3_daemon::runner: batch kind="embed" subject=1 x raw jobs=1 ms=97
2026-08-28T10:59:48.379643Z  INFO fs3_daemon::runner: done kind="embed" id=673562 left=29197
2026-08-28T10:59:48.458711Z  INFO fs3_daemon::runner: done kind=summarize subject=docs/plans/059-fix-agents/workshops/007-agent-workunit-registration.md::Workshop: Agent → WorkUnitState Registration::Recommendation: Option A (API Route Hooks)::A1: Hook broadcastStatus only (hybrid of A + B) ms=16 left=29197
2026-08-28T10:59:48.842220Z  INFO fs3_daemon::runner: batch kind="embed" subject=1 x raw jobs=1 ms=380
2026-08-28T10:59:48.850537Z  INFO fs3_daemon::runner: done kind="embed" id=673563 left=29196
2026-08-28T10:59:48.924606Z  INFO fs3_daemon::runner: done kind=summarize subject=docs/plans/059-fix-agents/workshops/007-agent-workunit-registration.md::Workshop: Agent → WorkUnitState Registration::Recommendation: Option A (API Route Hooks) ms=11 left=29196
2026-08-28T10:59:48.931922Z  INFO fs3_daemon::runner: batch kind="embed" subject=1 x smart jobs=1 ms=0
2026-08-28T10:59:48.946456Z  INFO fs3_daemon::runner: done kind="embed" id=673564 left=29195
2026-08-28T10:59:49.042588Z  INFO fs3_daemon::runner: done kind=summarize subject=docs/plans/059-fix-agents/workshops/007-agent-workunit-registration.md::Workshop: Agent → WorkUnitState Registration::Design Options::Option B: Decorate AgentNotifierService ms=30 left=29195
2026-08-28T10:59:49.047945Z  INFO fs3_daemon::runner: batch kind="embed" subject=1 x smart jobs=1 ms=0
2026-08-28T10:59:49.067337Z  INFO fs3_daemon::runner: done kind="embed" id=673565 left=29194
2026-08-28T10:59:49.175398Z  INFO fs3_daemon::runner: done kind=summarize subject=docs/plans/059-fix-agents/workshops/007-agent-workunit-registration.md::Workshop: Agent → WorkUnitState Registration::Design Options::Option A: Hook into POST/DELETE API routes (Recommended) ms=29 left=29194
2026-08-28T10:59:49.186309Z  INFO fs3_daemon::runner: batch kind="embed" subject=1 x smart jobs=1 ms=3
2026-08-28T10:59:49.212387Z  INFO fs3_daemon::runner: done kind="embed" id=673566 left=29193
2026-08-28T10:59:49.319462Z  INFO fs3_daemon::runner: done kind=summarize subject=docs/plans/059-fix-agents/workshops/007-agent-workunit-registration.md::Workshop: Agent → WorkUnitState Registration::Design Options ms=33 left=29193
2026-08-28T10:59:49.326785Z  INFO fs3_daemon::runner: batch kind="embed" subject=1 x smart jobs=1 ms=0
2026-08-28T10:59:49.347813Z  INFO fs3_daemon::runner: done kind="embed" id=673567 left=29192
2026-08-28T10:59:49.456607Z  INFO fs3_daemon::runner: done kind=summarize subject=docs/plans/059-fix-agents/workshops/007-agent-workunit-registration.md::Workshop: Agent → WorkUnitState Registration::Status Mapping ms=32 left=29192
2026-08-28T10:59:49.461574Z  INFO fs3_daemon::runner: batch kind="embed" subject=1 x smart jobs=1 ms=2
2026-08-28T10:59:49.492649Z  INFO fs3_daemon::runner: done kind="embed" id=673568 left=29191
2026-08-28T10:59:49.590695Z  INFO fs3_daemon::runner: done kind=summarize subject=docs/plans/059-fix-agents/workshops/007-agent-workunit-registration.md::Workshop: Agent → WorkUnitState Registration::The Gap ms=30 left=29191
2026-08-28T10:59:49.596764Z  INFO fs3_daemon::runner: batch kind="embed" subject=1 x smart jobs=1 ms=1
2026-08-28T10:59:49.620371Z  INFO fs3_daemon::runner: done kind="embed" id=673569 left=29190
2026-08-28T10:59:49.733823Z  INFO fs3_daemon::runner: batch kind="embed" subject=1 x smart jobs=1 ms=0
2026-08-28T10:59:49.753625Z  INFO fs3_daemon::runner: done kind=summarize subject=docs/plans/059-fix-agents/workshops/007-agent-workunit-registration.md::Workshop: Agent → WorkUnitState Registration ms=55 left=29190
2026-08-28T10:59:49.766863Z  INFO fs3_daemon::runner: done kind="embed" id=673570 left=29189
2026-08-28T10:59:49.870821Z  INFO fs3_daemon::runner: batch kind="embed" subject=1 x smart jobs=1 ms=0
2026-08-28T10:59:49.889826Z  INFO fs3_daemon::runner: done kind=summarize subject=docs/plans/059-fix-agents/workshops/006-plan-059-resumption-after-061.md::Workshop: Plan 059 Resumption After Plan 061::Pre-Implementation Checklist ms=47 left=29189
2026-08-28T10:59:49.901116Z  INFO fs3_daemon::runner: done kind="embed" id=673571 left=29188
2026-08-28T10:59:50.017641Z  INFO fs3_daemon::runner: done kind=summarize subject=docs/plans/059-fix-agents/workshops/006-plan-059-resumption-after-061.md::Workshop: Plan 059 Resumption After Plan 061::Impact of Main Merge (Plans 058/062) ms=31 left=29188
2026-08-28T10:59:50.022935Z  INFO fs3_daemon::runner: batch kind="embed" subject=1 x smart jobs=1 ms=1
2026-08-28T10:59:50.051826Z  INFO fs3_daemon::runner: done kind="embed" id=673572 left=29187
2026-08-28T10:59:50.153679Z  INFO fs3_daemon::runner: batch kind="embed" subject=1 x smart jobs=1 ms=0
2026-08-28T10:59:50.173097Z  INFO fs3_daemon::runner: done kind=summarize subject=docs/plans/059-fix-agents/workshops/006-plan-059-resumption-after-061.md::Workshop: Plan 059 Resumption After Plan 061::Updated Execution Order ms=50 left=29187
2026-08-28T10:59:50.188318Z  INFO fs3_daemon::runner: done kind="embed" id=673573 left=29186
2026-08-28T10:59:50.288998Z  INFO fs3_daemon::runner: done kind=summarize subject=docs/plans/059-fix-agents/workshops/006-plan-059-resumption-after-061.md::Workshop: Plan 059 Resumption After Plan 061::Stale References in Dossier ms=28 left=29186
2026-08-28T10:59:50.295913Z  INFO fs3_daemon::runner: batch kind="embed" subject=1 x smart jobs=1 ms=0
2026-08-28T10:59:50.323837Z  INFO fs3_daemon::runner: done kind="embed" id=673574 left=29185
2026-08-28T10:59:50.432097Z  INFO fs3_daemon::runner: done kind=summarize subject=docs/plans/059-fix-agents/workshops/006-plan-059-resumption-after-061.md::Workshop: Plan 059 Resumption After Plan 061::Task-by-Task Remediation Assessment::T008: Answer Routing — SCOPE CHANGE ms=36 left=29185
2026-08-28T10:59:50.438801Z  INFO fs3_daemon::runner: batch kind="embed" subject=1 x smart jobs=1 ms=0
2026-08-28T10:59:50.475030Z  INFO fs3_daemon::runner: done kind="embed" id=673575 left=29184
2026-08-28T10:59:50.583013Z  INFO fs3_daemon::runner: done kind=summarize subject=docs/plans/059-fix-agents/workshops/006-plan-059-resumption-after-061.md::Workshop: Plan 059 Resumption After Plan 061::Task-by-Task Remediation Assessment::T007: AgentWorkUnitBridge — NEEDS UPDATE ms=31 left=29184
2026-08-28T10:59:50.589684Z  INFO fs3_daemon::runner: batch kind="embed" subject=1 x smart jobs=1 ms=2
2026-08-28T10:59:50.622479Z  INFO fs3_daemon::runner: done kind="embed" id=673576 left=29183
2026-08-28T10:59:50.703763Z  INFO fs3_daemon::runner: done kind=summarize subject=docs/plans/059-fix-agents/workshops/006-plan-059-resumption-after-061.md::Workshop: Plan 059 Resumption After Plan 061::Task-by-Task Remediation Assessment ms=16 left=29183
2026-08-28T10:59:50.705329Z  INFO fs3_daemon::runner: batch kind="embed" subject=1 x smart jobs=1 ms=0
2026-08-28T10:59:50.715469Z  INFO fs3_daemon::runner: done kind="embed" id=673577 left=29182
2026-08-28T10:59:50.800039Z  INFO fs3_daemon::runner: done kind=summarize subject=docs/plans/059-fix-agents/workshops/006-plan-059-resumption-after-061.md::Workshop: Plan 059 Resumption After Plan 061::What Plan 061 Delivered ms=18 left=29182
2026-08-28T10:59:50.846049Z  INFO fs3_daemon::runner: progress phase="working" scanned=62565 scan_left=33 summarized=129000 summarize_left=29148 embedded=208731 embed_left=1 failed=0
2026-08-28T10:59:50.868600Z  INFO fs3_daemon::runner: batch kind="embed" subject=2 x smart jobs=2 ms=0
2026-08-28T10:59:50.878959Z  INFO fs3_daemon::runner: done kind="embed" id=673579 left=29181
2026-08-28T10:59:50.948214Z  INFO fs3_daemon::runner: done kind="embed" id=673578 left=29180
2026-08-28T10:59:51.038573Z  INFO fs3_daemon::runner: done kind=summarize subject=docs/plans/059-fix-agents/workshops/006-plan-059-resumption-after-061.md::Workshop: Plan 059 Resumption After Plan 061 ms=24 left=29180
2026-08-28T10:59:51.052669Z  INFO fs3_daemon::runner: batch kind="embed" subject=1 x smart jobs=1 ms=0
2026-08-28T10:59:51.055730Z  INFO fs3_daemon::runner: done kind=summarize subject=docs/plans/059-fix-agents/workshops/005-server-event-router.md::Workshop: Server Event Router — Central Events → GlobalStateSystem Bridge::Open Questions::Q8: Should the router support `removeInstance` when entities disappear? ms=21 left=29180
2026-08-28T10:59:51.074163Z  INFO fs3_daemon::runner: done kind="embed" id=673580 left=29179
2026-08-28T10:59:51.156141Z  INFO fs3_daemon::runner: done kind=summarize subject=docs/plans/059-fix-agents/workshops/005-server-event-router.md::Workshop: Server Event Router — Central Events → GlobalStateSystem Bridge::Open Questions ms=12 left=29179
2026-08-28T10:59:51.167451Z  INFO fs3_daemon::runner: batch kind="embed" subject=1 x smart jobs=1 ms=0
2026-08-28T10:59:51.177138Z  INFO fs3_daemon::runner: done kind="embed" id=673581 left=29178
2026-08-28T10:59:51.257545Z  INFO fs3_daemon::runner: done kind=summarize subject=docs/plans/059-fix-agents/workshops/005-server-event-router.md::Workshop: Server Event Router — Central Events → GlobalStateSystem Bridge::Full Component List ms=14 left=29178
2026-08-28T10:59:51.260970Z  INFO fs3_daemon::runner: batch kind="embed" subject=1 x smart jobs=1 ms=0
2026-08-28T10:59:51.271604Z  INFO fs3_daemon::runner: done kind="embed" id=673582 left=29177
2026-08-28T10:59:51.347443Z  INFO fs3_daemon::runner: done kind=summarize subject=docs/plans/059-fix-agents/workshops/005-server-event-router.md::Workshop: Server Event Router — Central Events → GlobalStateSystem Bridge::Q5: ADR-0007 Compatibility ms=13 left=29177
2026-08-28T10:59:51.351462Z  INFO fs3_daemon::runner: batch kind="embed" subject=1 x smart jobs=1 ms=0
2026-08-28T10:59:51.365298Z  INFO fs3_daemon::runner: done kind="embed" id=673583 left=29176
2026-08-28T10:59:51.445561Z  INFO fs3_daemon::runner: done kind=summarize subject=docs/plans/059-fix-agents/workshops/005-server-event-router.md::Workshop: Server Event Router — Central Events → GlobalStateSystem Bridge::Q4: Domain Registration — How to Opt In::Step 3: ServerEventRoute component (the actual bridge) ms=15 left=29176
2026-08-28T10:59:51.449424Z  INFO fs3_daemon::runner: batch kind="embed" subject=1 x smart jobs=1 ms=0
2026-08-28T10:59:51.461242Z  INFO fs3_daemon::runner: done kind="embed" id=673584 left=29175
2026-08-28T10:59:51.548419Z  INFO fs3_daemon::runner: batch kind="embed" subject=1 x smart jobs=1 ms=1
2026-08-28T10:59:51.552319Z  INFO fs3_daemon::runner: done kind=summarize subject=docs/plans/059-fix-agents/workshops/005-server-event-router.md::Workshop: Server Event Router — Central Events → GlobalStateSystem Bridge::Q4: Domain Registration — How to Opt In::Step 2: Register in ServerEventRouter ms=23 left=29175
2026-08-28T10:59:51.558257Z  INFO fs3_daemon::runner: done kind="embed" id=673585 left=29174
2026-08-28T10:59:51.634038Z  INFO fs3_daemon::runner: done kind=summarize subject=docs/plans/059-fix-agents/workshops/005-server-event-router.md::Workshop: Server Event Router — Central Events → GlobalStateSystem Bridge::Q4: Domain Registration — How to Opt In::Step 1: Define route descriptor (in domain code) ms=15 left=29174
2026-08-28T10:59:51.637770Z  INFO fs3_daemon::runner: batch kind="embed" subject=1 x smart jobs=1 ms=1
2026-08-28T10:59:51.652319Z  INFO fs3_daemon::runner: done kind="embed" id=673586 left=29173
2026-08-28T10:59:51.735823Z  INFO fs3_daemon::runner: done kind=summarize subject=docs/plans/059-fix-agents/workshops/005-server-event-router.md::Workshop: Server Event Router — Central Events → GlobalStateSystem Bridge::Q4: Domain Registration — How to Opt In ms=15 left=29173
2026-08-28T10:59:51.739192Z  INFO fs3_daemon::runner: batch kind="embed" subject=1 x smart jobs=1 ms=1
2026-08-28T10:59:51.749735Z  INFO fs3_daemon::runner: done kind="embed" id=673587 left=29172
2026-08-28T10:59:51.831380Z  INFO fs3_daemon::runner: done kind=summarize subject=docs/plans/059-fix-agents/workshops/005-server-event-router.md::Workshop: Server Event Router — Central Events → GlobalStateSystem Bridge::Q3: Server-Origin Tagging for Debug::How It Works ms=13 left=29172
2026-08-28T10:59:51.835508Z  INFO fs3_daemon::runner: batch kind="embed" subject=1 x smart jobs=1 ms=1
2026-08-28T10:59:51.847402Z  INFO fs3_daemon::runner: done kind="embed" id=673588 left=29171
2026-08-28T10:59:51.927844Z  INFO fs3_daemon::runner: done kind=summarize subject=docs/plans/059-fix-agents/workshops/005-server-event-router.md::Workshop: Server Event Router — Central Events → GlobalStateSystem Bridge::Q3: Server-Origin Tagging for Debug::Approach: Metadata on StateEntry ms=12 left=29171
2026-08-28T10:59:51.933360Z  INFO fs3_daemon::runner: batch kind="embed" subject=1 x smart jobs=1 ms=0
2026-08-28T10:59:51.942189Z  INFO fs3_daemon::runner: done kind="embed" id=673589 left=29170
2026-08-28T10:59:52.019271Z  INFO fs3_daemon::runner: done kind=summarize subject=docs/plans/059-fix-agents/workshops/005-server-event-router.md::Workshop: Server Event Router — Central Events → GlobalStateSystem Bridge::Q3: Server-Origin Tagging for Debug ms=14 left=29170
2026-08-28T10:59:52.025875Z  INFO fs3_daemon::runner: batch kind="embed" subject=1 x smart jobs=1 ms=0
2026-08-28T10:59:52.045263Z  INFO fs3_daemon::runner: done kind="embed" id=673590 left=29169
2026-08-28T10:59:52.129980Z  INFO fs3_daemon::runner: done kind=summarize subject=docs/plans/059-fix-agents/workshops/005-server-event-router.md::Workshop: Server Event Router — Central Events → GlobalStateSystem Bridge::Q2: Integration Architecture::Why Not Notification-Fetch? ms=16 left=29169
2026-08-28T10:59:52.138434Z  INFO fs3_daemon::runner: batch kind="embed" subject=1 x smart jobs=1 ms=0
2026-08-28T10:59:52.151313Z  INFO fs3_daemon::runner: done kind="embed" id=673591 left=29168
2026-08-28T10:59:52.243537Z  INFO fs3_daemon::runner: done kind=summarize subject=docs/plans/059-fix-agents/workshops/005-server-event-router.md::Workshop: Server Event Router — Central Events → GlobalStateSystem Bridge::Q2: Integration Architecture ms=18 left=29168
2026-08-28T10:59:52.249048Z  INFO fs3_daemon::runner: batch kind="embed" subject=1 x smart jobs=1 ms=1
2026-08-28T10:59:52.261150Z  INFO fs3_daemon::runner: done kind="embed" id=673592 left=29167
2026-08-28T10:59:52.351994Z  INFO fs3_daemon::runner: done kind=summarize subject=docs/plans/059-fix-agents/workshops/005-server-event-router.md::Workshop: Server Event Router — Central Events → GlobalStateSystem Bridge::Q1: The ServerEventRouter Component::Example: WorkUnitState Route Descriptor ms=15 left=29167
2026-08-28T10:59:52.359320Z  INFO fs3_daemon::runner: batch kind="embed" subject=1 x smart jobs=1 ms=2
2026-08-28T10:59:52.372969Z  INFO fs3_daemon::runner: done kind="embed" id=673593 left=29166
2026-08-28T10:59:52.457318Z  INFO fs3_daemon::runner: batch kind="embed" subject=1 x smart jobs=1 ms=0
2026-08-28T10:59:52.463303Z  INFO fs3_daemon::runner: done kind=summarize subject=docs/plans/059-fix-agents/workshops/005-server-event-router.md::Workshop: Server Event Router — Central Events → GlobalStateSystem Bridge::Q1: The ServerEventRouter Component ms=23 left=29166
2026-08-28T10:59:52.471306Z  INFO fs3_daemon::runner: done kind="embed" id=673594 left=29165
2026-08-28T10:59:52.559699Z  INFO fs3_daemon::runner: done kind=summarize subject=docs/plans/059-fix-agents/workshops/005-server-event-router.md::Workshop: Server Event Router — Central Events → GlobalStateSystem Bridge::Key Questions Addressed ms=15 left=29165
2026-08-28T10:59:52.567337Z  INFO fs3_daemon::runner: batch kind="embed" subject=1 x smart jobs=1 ms=0
2026-08-28T10:59:52.577605Z  INFO fs3_daemon::runner: done kind="embed" id=673595 left=29164
2026-08-28T10:59:52.662762Z  INFO fs3_daemon::runner: done kind=summarize subject=docs/plans/059-fix-agents/workshops/005-server-event-router.md::Workshop: Server Event Router — Central Events → GlobalStateSystem Bridge::The Problem ms=16 left=29164
2026-08-28T10:59:52.666478Z  INFO fs3_daemon::runner: batch kind="embed" subject=1 x smart jobs=1 ms=2
2026-08-28T10:59:52.677246Z  INFO fs3_daemon::runner: done kind="embed" id=673596 left=29163
2026-08-28T10:59:52.763307Z  INFO fs3_daemon::runner: done kind=summarize subject=docs/plans/059-fix-agents/workshops/005-server-event-router.md::Workshop: Server Event Router — Central Events → GlobalStateSystem Bridge ms=15 left=29163
2026-08-28T10:59:52.768906Z  INFO fs3_daemon::runner: batch kind="embed" subject=1 x smart jobs=1 ms=0
2026-08-28T10:59:52.780364Z  INFO fs3_daemon::runner: done kind="embed" id=673597 left=29162
2026-08-28T10:59:52.860796Z  INFO fs3_daemon::runner: done kind=summarize subject=docs/plans/059-fix-agents/workshops/004-agent-creation-failure-root-cause.md::Workshop: Agent Creation Failure Root Cause Analysis::Open Questions ms=14 left=29162
2026-08-28T10:59:52.865266Z  INFO fs3_daemon::runner: batch kind="embed" subject=1 x smart jobs=1 ms=0
2026-08-28T10:59:52.876079Z  INFO fs3_daemon::runner: done kind="embed" id=673598 left=29161
2026-08-28T10:59:52.959941Z  INFO fs3_daemon::runner: done kind=summarize subject=docs/plans/059-fix-agents/workshops/004-agent-creation-failure-root-cause.md::Workshop: Agent Creation Failure Root Cause Analysis::Impact on Phase 1 Task Order ms=16 left=29161
2026-08-28T10:59:52.961842Z  INFO fs3_daemon::runner: batch kind="embed" subject=1 x smart jobs=1 ms=0
2026-08-28T10:59:52.972631Z  INFO fs3_daemon::runner: done kind="embed" id=673599 left=29160
2026-08-28T10:59:53.055095Z  INFO fs3_daemon::runner: done kind=summarize subject=docs/plans/059-fix-agents/workshops/004-agent-creation-failure-root-cause.md::Workshop: Agent Creation Failure Root Cause Analysis::Revised Fix Order::Priority ranking ms=13 left=29160
2026-08-28T10:59:53.062200Z  INFO fs3_daemon::runner: batch kind="embed" subject=1 x smart jobs=1 ms=0
2026-08-28T10:59:53.073402Z  INFO fs3_daemon::runner: done kind="embed" id=673600 left=29159
2026-08-28T10:59:53.155383Z  INFO fs3_daemon::runner: done kind=summarize subject=docs/plans/059-fix-agents/workshops/004-agent-creation-failure-root-cause.md::Workshop: Agent Creation Failure Root Cause Analysis::Revised Fix Order ms=16 left=29159
2026-08-28T10:59:53.162259Z  INFO fs3_daemon::runner: batch kind="embed" subject=1 x smart jobs=1 ms=3
2026-08-28T10:59:53.173613Z  INFO fs3_daemon::runner: done kind="embed" id=673601 left=29158
2026-08-28T10:59:53.256801Z  INFO fs3_daemon::runner: done kind=summarize subject=docs/plans/059-fix-agents/workshops/004-agent-creation-failure-root-cause.md::Workshop: Agent Creation Failure Root Cause Analysis::Confirmed Non-Issues ms=12 left=29158
2026-08-28T10:59:53.263728Z  INFO fs3_daemon::runner: batch kind="embed" subject=1 x smart jobs=1 ms=0
2026-08-28T10:59:53.277555Z  INFO fs3_daemon::runner: done kind="embed" id=673602 left=29157
2026-08-28T10:59:53.360687Z  INFO fs3_daemon::runner: done kind=summarize subject=docs/plans/059-fix-agents/workshops/004-agent-creation-failure-root-cause.md::Workshop: Agent Creation Failure Root Cause Analysis::Root Cause 4: Form Defaults to claude-code (LOW) ms=16 left=29157
2026-08-28T10:59:53.363905Z  INFO fs3_daemon::runner: batch kind="embed" subject=1 x smart jobs=1 ms=0
2026-08-28T10:59:53.377990Z  INFO fs3_daemon::runner: done kind="embed" id=673603 left=29156
2026-08-28T10:59:53.465857Z  INFO fs3_daemon::runner: done kind=summarize subject=docs/plans/059-fix-agents/workshops/004-agent-creation-failure-root-cause.md::Workshop: Agent Creation Failure Root Cause Analysis::Root Cause 3: `copilot-cli` Type Not Supported (MEDIUM)::Evidence ms=14 left=29156
2026-08-28T10:59:53.476462Z  INFO fs3_daemon::runner: batch kind="embed" subject=1 x smart jobs=1 ms=0
2026-08-28T10:59:53.492702Z  INFO fs3_daemon::runner: done kind="embed" id=673604 left=29155
2026-08-28T10:59:53.579236Z  INFO fs3_daemon::runner: done kind=summarize subject=docs/plans/059-fix-agents/workshops/004-agent-creation-failure-root-cause.md::Workshop: Agent Creation Failure Root Cause Analysis::Root Cause 3: `copilot-cli` Type Not Supported (MEDIUM) ms=16 left=29155
2026-08-28T10:59:53.587538Z  INFO fs3_daemon::runner: batch kind="embed" subject=1 x smart jobs=1 ms=0
2026-08-28T10:59:53.599572Z  INFO fs3_daemon::runner: done kind="embed" id=673605 left=29154
2026-08-28T10:59:53.708824Z  INFO fs3_daemon::runner: batch kind="embed" subject=1 x smart jobs=1 ms=0
2026-08-28T10:59:53.721445Z  INFO fs3_daemon::runner: done kind=summarize subject=docs/plans/059-fix-agents/workshops/004-agent-creation-failure-root-cause.md::Workshop: Agent Creation Failure Root Cause Analysis::Root Cause 2: POST Does Not Broadcast SSE Event (HIGH)::Fix ms=42 left=29154
2026-08-28T10:59:53.732699Z  INFO fs3_daemon::runner: done kind="embed" id=673606 left=29153
2026-08-28T10:59:53.854391Z  INFO fs3_daemon::runner: batch kind="embed" subject=1 x smart jobs=1 ms=0
2026-08-28T10:59:53.875543Z  INFO fs3_daemon::runner: done kind=summarize subject=docs/plans/059-fix-agents/workshops/004-agent-creation-failure-root-cause.md::Workshop: Agent Creation Failure Root Cause Analysis::Root Cause 2: POST Does Not Broadcast SSE Event (HIGH)::Evidence ms=54 left=29153
2026-08-28T10:59:53.886026Z  INFO fs3_daemon::runner: done kind="embed" id=673607 left=29152
2026-08-28T10:59:53.988142Z  INFO fs3_daemon::runner: done kind=summarize subject=docs/plans/059-fix-agents/workshops/004-agent-creation-failure-root-cause.md::Workshop: Agent Creation Failure Root Cause Analysis::Root Cause 2: POST Does Not Broadcast SSE Event (HIGH) ms=23 left=29152
2026-08-28T10:59:53.992659Z  INFO fs3_daemon::runner: batch kind="embed" subject=1 x smart jobs=1 ms=0
2026-08-28T10:59:54.021148Z  INFO fs3_daemon::runner: done kind="embed" id=673608 left=29151
2026-08-28T10:59:54.132244Z  INFO fs3_daemon::runner: done kind=summarize subject=docs/plans/059-fix-agents/workshops/004-agent-creation-failure-root-cause.md::Workshop: Agent Creation Failure Root Cause Analysis::Root Cause 1: Turbopack Bundles `@github/copilot-sdk` (CRITICAL)::Secondary Impact: Hydration ms=30 left=29151
2026-08-28T10:59:54.136740Z  INFO fs3_daemon::runner: batch kind="embed" subject=1 x smart jobs=1 ms=0
2026-08-28T10:59:54.157126Z  INFO fs3_daemon::runner: done kind="embed" id=673609 left=29150
2026-08-28T10:59:54.272216Z  INFO fs3_daemon::runner: batch kind="embed" subject=1 x smart jobs=1 ms=0
2026-08-28T10:59:54.292460Z  INFO fs3_daemon::runner: done kind=summarize subject=docs/plans/059-fix-agents/workshops/004-agent-creation-failure-root-cause.md::Workshop: Agent Creation Failure Root Cause Analysis::Root Cause 1: Turbopack Bundles `@github/copilot-sdk` (CRITICAL)::Fix ms=59 left=29150
2026-08-28T10:59:54.303273Z  INFO fs3_daemon::runner: done kind="embed" id=673610 left=29149
2026-08-28T10:59:54.423163Z  INFO fs3_daemon::runner: done kind=summarize subject=docs/plans/059-fix-agents/workshops/004-agent-creation-failure-root-cause.md::Workshop: Agent Creation Failure Root Cause Analysis::Root Cause 1: Turbopack Bundles `@github/copilot-sdk` (CRITICAL)::Why the adapter is created at construction time ms=34 left=29149
2026-08-28T10:59:54.426706Z  INFO fs3_daemon::runner: batch kind="embed" subject=1 x smart jobs=1 ms=0
2026-08-28T10:59:54.446887Z  INFO fs3_daemon::runner: done kind="embed" id=673611 left=29148
2026-08-28T10:59:54.556997Z  INFO fs3_daemon::runner: batch kind="embed" subject=1 x smart jobs=1 ms=0
2026-08-28T10:59:54.573381Z  INFO fs3_daemon::runner: done kind=summarize subject=docs/plans/059-fix-agents/workshops/004-agent-creation-failure-root-cause.md::Workshop: Agent Creation Failure Root Cause Analysis::Root Cause 1: Turbopack Bundles `@github/copilot-sdk` (CRITICAL)::Why It Happens ms=38 left=29148
2026-08-28T10:59:54.591581Z  INFO fs3_daemon::runner: done kind="embed" id=673612 left=29147
2026-08-28T10:59:54.702971Z  INFO fs3_daemon::runner: done kind=summarize subject=docs/plans/059-fix-agents/workshops/004-agent-creation-failure-root-cause.md::Workshop: Agent Creation Failure Root Cause Analysis::Root Cause 1: Turbopack Bundles `@github/copilot-sdk` (CRITICAL)::Call Chain ms=34 left=29147
2026-08-28T10:59:54.703487Z  INFO fs3_daemon::runner: batch kind="embed" subject=1 x smart jobs=1 ms=0
2026-08-28T10:59:54.730742Z  INFO fs3_daemon::runner: done kind="embed" id=673613 left=29146
2026-08-28T10:59:54.845938Z  INFO fs3_daemon::runner: done kind=summarize subject=docs/plans/059-fix-agents/workshops/004-agent-creation-failure-root-cause.md::Workshop: Agent Creation Failure Root Cause Analysis::Root Cause 1: Turbopack Bundles `@github/copilot-sdk` (CRITICAL)::Evidence ms=33 left=29146
2026-08-28T10:59:54.849864Z  INFO fs3_daemon::runner: batch kind="embed" subject=1 x smart jobs=1 ms=0
2026-08-28T10:59:54.868461Z  INFO fs3_daemon::runner: done kind="embed" id=673614 left=29145
2026-08-28T10:59:54.975713Z  INFO fs3_daemon::runner: done kind=summarize subject=docs/plans/059-fix-agents/workshops/004-agent-creation-failure-root-cause.md::Workshop: Agent Creation Failure Root Cause Analysis::Root Cause 1: Turbopack Bundles `@github/copilot-sdk` (CRITICAL) ms=28 left=29145
2026-08-28T10:59:54.980721Z  INFO fs3_daemon::runner: batch kind="embed" subject=1 x smart jobs=1 ms=1
2026-08-28T10:59:55.012908Z  INFO fs3_daemon::runner: done kind="embed" id=673615 left=29144
2026-08-28T10:59:55.119515Z  INFO fs3_daemon::runner: done kind=summarize subject=docs/plans/059-fix-agents/workshops/004-agent-creation-failure-root-cause.md::Workshop: Agent Creation Failure Root Cause Analysis::Key Questions Addressed ms=30 left=29144
2026-08-28T10:59:55.124592Z  INFO fs3_daemon::runner: batch kind="embed" subject=1 x smart jobs=1 ms=0
2026-08-28T10:59:55.152715Z  INFO fs3_daemon::runner: done kind="embed" id=673616 left=29143
2026-08-28T10:59:55.236015Z  INFO fs3_daemon::runner: done kind=summarize subject=docs/plans/059-fix-agents/workshops/004-agent-creation-failure-root-cause.md::Workshop: Agent Creation Failure Root Cause Analysis ms=14 left=29143
2026-08-28T10:59:55.238578Z  INFO fs3_daemon::runner: batch kind="embed" subject=1 x smart jobs=1 ms=0
2026-08-28T10:59:55.249662Z  INFO fs3_daemon::runner: done kind="embed" id=673617 left=29142
2026-08-28T10:59:55.337912Z  INFO fs3_daemon::runner: batch kind="embed" subject=1 x smart jobs=1 ms=0
2026-08-28T10:59:55.343957Z  INFO fs3_daemon::runner: done kind=summarize subject=docs/plans/059-fix-agents/workshops/003-work-unit-state-system.md::Workshop: WorkUnit State System — Centralized First-Class Status & Question Reporting::Quick Reference ms=20 left=29142
2026-08-28T10:59:55.348316Z  INFO fs3_daemon::runner: done kind="embed" id=673618 left=29141
2026-08-28T10:59:55.432873Z  INFO fs3_daemon::runner: done kind=summarize subject=docs/plans/059-fix-agents/workshops/003-work-unit-state-system.md::Workshop: WorkUnit State System — Centralized First-Class Status & Question Reporting::Open Questions ms=18 left=29141
2026-08-28T10:59:55.438641Z  INFO fs3_daemon::runner: batch kind="embed" subject=1 x smart jobs=1 ms=0
2026-08-28T10:59:55.456016Z  INFO fs3_daemon::runner: done kind="embed" id=673619 left=29140
2026-08-28T10:59:55.536187Z  INFO fs3_daemon::runner: done kind=summarize subject=docs/plans/059-fix-agents/workshops/003-work-unit-state-system.md::Workshop: WorkUnit State System — Centralized First-Class Status & Question Reporting::Component Architecture ms=13 left=29140
2026-08-28T10:59:55.541791Z  INFO fs3_daemon::runner: batch kind="embed" subject=1 x smart jobs=1 ms=0
2026-08-28T10:59:55.553267Z  INFO fs3_daemon::runner: done kind="embed" id=673620 left=29139
2026-08-28T10:59:55.636708Z  INFO fs3_daemon::runner: done kind=summarize subject=docs/plans/059-fix-agents/workshops/003-work-unit-state-system.md::Workshop: WorkUnit State System — Centralized First-Class Status & Question Reporting::Contracts (Public Interface) ms=16 left=29139
2026-08-28T10:59:55.639956Z  INFO fs3_daemon::runner: batch kind="embed" subject=1 x smart jobs=1 ms=1
2026-08-28T10:59:55.650270Z  INFO fs3_daemon::runner: done kind="embed" id=673621 left=29138
2026-08-28T10:59:55.737646Z  INFO fs3_daemon::runner: done kind=summarize subject=docs/plans/059-fix-agents/workshops/003-work-unit-state-system.md::Workshop: WorkUnit State System — Centralized First-Class Status & Question Reporting::Persistence::Tidy-Up Rules ms=16 left=29138
2026-08-28T10:59:55.740403Z  INFO fs3_daemon::runner: batch kind="embed" subject=1 x smart jobs=1 ms=0
2026-08-28T10:59:55.751353Z  INFO fs3_daemon::runner: done kind="embed" id=673622 left=29137
2026-08-28T10:59:55.834341Z  INFO fs3_daemon::runner: done kind=summarize subject=docs/plans/059-fix-agents/workshops/003-work-unit-state-system.md::Workshop: WorkUnit State System — Centralized First-Class Status & Question Reporting::Persistence::File: `<worktree>/.chainglass/data/work-unit-state.json` ms=15 left=29137
2026-08-28T10:59:55.836885Z  INFO fs3_daemon::runner: batch kind="embed" subject=1 x smart jobs=1 ms=0
2026-08-28T10:59:55.845991Z  INFO fs3_daemon::runner: done kind="embed" id=673623 left=29136
2026-08-28T10:59:55.936782Z  INFO fs3_daemon::runner: done kind=summarize subject=docs/plans/059-fix-agents/workshops/003-work-unit-state-system.md::Workshop: WorkUnit State System — Centralized First-Class Status & Question Reporting::Persistence ms=21 left=29136
2026-08-28T10:59:55.978281Z  INFO fs3_daemon::runner: progress phase="working" scanned=62565 scan_left=33 summarized=129046 summarize_left=29102 embedded=208777 embed_left=1 failed=0
2026-08-28T10:59:56.004691Z  INFO fs3_daemon::runner: batch kind="embed" subject=2 x smart jobs=2 ms=0
2026-08-28T10:59:56.017158Z  INFO fs3_daemon::runner: done kind="embed" id=673624 left=29135
2026-08-28T10:59:56.089398Z  INFO fs3_daemon::runner: done kind="embed" id=673625 left=29134
2026-08-28T10:59:56.169181Z  INFO fs3_daemon::runner: done kind=summarize subject=docs/plans/059-fix-agents/workshops/003-work-unit-state-system.md::Workshop: WorkUnit State System — Centralized First-Class Status & Question Reporting::Q7: Domain Placement::RESOLVED: `work-unit-state` — Top-Level Business Domain ms=17 left=29134
2026-08-28T10:59:56.192005Z  INFO fs3_daemon::runner: done kind=summarize subject=docs/plans/059-fix-agents/workshops/003-work-unit-state-system.md::Workshop: WorkUnit State System — Centralized First-Class Status & Question Reporting::Q7: Domain Placement ms=20 left=29134
2026-08-28T10:59:56.197648Z  INFO fs3_daemon::runner: batch kind="embed" subject=1 x smart jobs=1 ms=0
2026-08-28T10:59:56.211987Z  INFO fs3_daemon::runner: done kind="embed" id=673626 left=29133
2026-08-28T10:59:56.296859Z  INFO fs3_daemon::runner: done kind=summarize subject=docs/plans/059-fix-agents/workshops/003-work-unit-state-system.md::Workshop: WorkUnit State System — Centralized First-Class Status & Question Reporting::Q6: Cross-Worktree Visibility::State System Supports This Natively ms=15 left=29133
2026-08-28T10:59:56.301244Z  INFO fs3_daemon::runner: batch kind="embed" subject=1 x smart jobs=1 ms=2
2026-08-28T10:59:56.311153Z  INFO fs3_daemon::runner: done kind="embed" id=673627 left=29132
2026-08-28T10:59:56.398349Z  INFO fs3_daemon::runner: done kind=summarize subject=docs/plans/059-fix-agents/workshops/003-work-unit-state-system.md::Workshop: WorkUnit State System — Centralized First-Class Status & Question Reporting::Q6: Cross-Worktree Visibility ms=14 left=29132
2026-08-28T10:59:56.401849Z  INFO fs3_daemon::runner: batch kind="embed" subject=1 x smart jobs=1 ms=0
2026-08-28T10:59:56.411786Z  INFO fs3_daemon::runner: done kind="embed" id=673628 left=29131
2026-08-28T10:59:56.491578Z  INFO fs3_daemon::runner: done kind=summarize subject=docs/plans/059-fix-agents/workshops/003-work-unit-state-system.md::Workshop: WorkUnit State System — Centralized First-Class Status & Question Reporting::Q5: Agents Reporting Without Workflow Orchestration::How Agents Raise Questions ms=15 left=29131
2026-08-28T10:59:56.502175Z  INFO fs3_daemon::runner: batch kind="embed" subject=1 x smart jobs=1 ms=0
2026-08-28T10:59:56.520215Z  INFO fs3_daemon::runner: done kind="embed" id=673629 left=29130
2026-08-28T10:59:56.611411Z  INFO fs3_daemon::runner: done kind=summarize subject=docs/plans/059-fix-agents/workshops/003-work-unit-state-system.md::Workshop: WorkUnit State System — Centralized First-Class Status & Question Reporting::Q5: Agents Reporting Without Workflow Orchestration::The Bridge Pattern ms=17 left=29130
2026-08-28T10:59:56.615330Z  INFO fs3_daemon::runner: batch kind="embed" subject=1 x smart jobs=1 ms=1
2026-08-28T10:59:56.626502Z  INFO fs3_daemon::runner: done kind="embed" id=673630 left=29129
2026-08-28T10:59:56.716198Z  INFO fs3_daemon::runner: done kind=summarize subject=docs/plans/059-fix-agents/workshops/003-work-unit-state-system.md::Workshop: WorkUnit State System — Centralized First-Class Status & Question Reporting::Q5: Agents Reporting Without Workflow Orchestration ms=18 left=29129
2026-08-28T10:59:56.719795Z  INFO fs3_daemon::runner: batch kind="embed" subject=1 x smart jobs=1 ms=1
2026-08-28T10:59:56.733477Z  INFO fs3_daemon::runner: done kind="embed" id=673631 left=29128
2026-08-28T10:59:56.833326Z  INFO fs3_daemon::runner: batch kind="embed" subject=1 x smart jobs=1 ms=0
2026-08-28T10:59:56.835995Z  INFO fs3_daemon::runner: done kind=summarize subject=docs/plans/059-fix-agents/workshops/003-work-unit-state-system.md::Workshop: WorkUnit State System — Centralized First-Class Status & Question Reporting::Q4: Relationship to GlobalStateSystem (Plan 053)::Domain Registration ms=26 left=29128
2026-08-28T10:59:56.845683Z  INFO fs3_daemon::runner: done kind="embed" id=673632 left=29127
2026-08-28T10:59:56.932863Z  INFO fs3_daemon::runner: done kind=summarize subject=docs/plans/059-fix-agents/workshops/003-work-unit-state-system.md::Workshop: WorkUnit State System — Centralized First-Class Status & Question Reporting::Q4: Relationship to GlobalStateSystem (Plan 053)::State Paths Published ms=18 left=29127
2026-08-28T10:59:56.937289Z  INFO fs3_daemon::runner: batch kind="embed" subject=1 x smart jobs=1 ms=0
2026-08-28T10:59:56.951276Z  INFO fs3_daemon::runner: done kind="embed" id=673633 left=29126
2026-08-28T10:59:57.028180Z  INFO fs3_daemon::runner: done kind=summarize subject=docs/plans/059-fix-agents/workshops/003-work-unit-state-system.md::Workshop: WorkUnit State System — Centralized First-Class Status & Question Reporting::Q4: Relationship to GlobalStateSystem (Plan 053) ms=11 left=29126
2026-08-28T10:59:57.036464Z  INFO fs3_daemon::runner: batch kind="embed" subject=1 x smart jobs=1 ms=2
2026-08-28T10:59:57.047548Z  INFO fs3_daemon::runner: done kind="embed" id=673634 left=29125
2026-08-28T10:59:57.124949Z  INFO fs3_daemon::runner: done kind=summarize subject=docs/plans/059-fix-agents/workshops/003-work-unit-state-system.md::Workshop: WorkUnit State System — Centralized First-Class Status & Question Reporting::Q3: Question Flow — Source to UI::Example: Workflow Node User-Input ms=12 left=29125
2026-08-28T10:59:57.129877Z  INFO fs3_daemon::runner: batch kind="embed" subject=1 x smart jobs=1 ms=0
2026-08-28T10:59:57.141626Z  INFO fs3_daemon::runner: done kind="embed" id=673635 left=29124
2026-08-28T10:59:57.230101Z  INFO fs3_daemon::runner: batch kind="embed" subject=1 x smart jobs=1 ms=0
2026-08-28T10:59:57.233703Z  INFO fs3_daemon::runner: done kind=summarize subject=docs/plans/059-fix-agents/workshops/003-work-unit-state-system.md::Workshop: WorkUnit State System — Centralized First-Class Status & Question Reporting::Q3: Question Flow — Source to UI::Example: Agent Asks a Question ms=21 left=29124
2026-08-28T10:59:57.242963Z  INFO fs3_daemon::runner: done kind="embed" id=673636 left=29123
2026-08-28T10:59:57.324718Z  INFO fs3_daemon::runner: done kind=summarize subject=docs/plans/059-fix-agents/workshops/003-work-unit-state-system.md::Workshop: WorkUnit State System — Centralized First-Class Status & Question Reporting::Q3: Question Flow — Source to UI::Key Design: Answer Routing ms=14 left=29123
2026-08-28T10:59:57.327154Z  INFO fs3_daemon::runner: batch kind="embed" subject=1 x smart jobs=1 ms=0
2026-08-28T10:59:57.340662Z  INFO fs3_daemon::runner: done kind="embed" id=673637 left=29122
2026-08-28T10:59:57.428985Z  INFO fs3_daemon::runner: done kind=summarize subject=docs/plans/059-fix-agents/workshops/003-work-unit-state-system.md::Workshop: WorkUnit State System — Centralized First-Class Status & Question Reporting::Q3: Question Flow — Source to UI ms=16 left=29122
2026-08-28T10:59:57.432895Z  INFO fs3_daemon::runner: batch kind="embed" subject=1 x smart jobs=1 ms=1
2026-08-28T10:59:57.445583Z  INFO fs3_daemon::runner: done kind="embed" id=673638 left=29121
2026-08-28T10:59:57.527186Z  INFO fs3_daemon::runner: done kind=summarize subject=docs/plans/059-fix-agents/workshops/003-work-unit-state-system.md::Workshop: WorkUnit State System — Centralized First-Class Status & Question Reporting::Q2: Data Model::State Machine ms=14 left=29121
2026-08-28T10:59:57.530511Z  INFO fs3_daemon::runner: batch kind="embed" subject=1 x smart jobs=1 ms=1
2026-08-28T10:59:57.541174Z  INFO fs3_daemon::runner: done kind="embed" id=673639 left=29120
2026-08-28T10:59:57.618438Z  INFO fs3_daemon::runner: done kind=summarize subject=docs/plans/059-fix-agents/workshops/003-work-unit-state-system.md::Workshop: WorkUnit State System — Centralized First-Class Status & Question Reporting::Q2: Data Model::WorkUnitEntry — The Core Record ms=14 left=29120
2026-08-28T10:59:57.621432Z  INFO fs3_daemon::runner: batch kind="embed" subject=1 x smart jobs=1 ms=0
2026-08-28T10:59:57.630722Z  INFO fs3_daemon::runner: done kind="embed" id=673640 left=29119
2026-08-28T10:59:57.713354Z  INFO fs3_daemon::runner: done kind=summarize subject=docs/plans/059-fix-agents/workshops/003-work-unit-state-system.md::Workshop: WorkUnit State System — Centralized First-Class Status & Question Reporting::Q2: Data Model ms=18 left=29119
2026-08-28T10:59:57.716222Z  INFO fs3_daemon::runner: batch kind="embed" subject=1 x smart jobs=1 ms=0
2026-08-28T10:59:57.726828Z  INFO fs3_daemon::runner: done kind="embed" id=673641 left=29118
2026-08-28T10:59:57.804855Z  INFO fs3_daemon::runner: done kind=summarize subject=docs/plans/059-fix-agents/workshops/003-work-unit-state-system.md::Workshop: WorkUnit State System — Centralized First-Class Status & Question Reporting::Q1: What Is a Work Unit? ms=13 left=29118
2026-08-28T10:59:57.811547Z  INFO fs3_daemon::runner: batch kind="embed" subject=1 x smart jobs=1 ms=0
2026-08-28T10:59:57.823330Z  INFO fs3_daemon::runner: done kind="embed" id=673642 left=29117
2026-08-28T10:59:57.903217Z  INFO fs3_daemon::runner: done kind=summarize subject=docs/plans/059-fix-agents/workshops/003-work-unit-state-system.md::Workshop: WorkUnit State System — Centralized First-Class Status & Question Reporting::Key Questions Addressed ms=12 left=29117
2026-08-28T10:59:57.910639Z  INFO fs3_daemon::runner: batch kind="embed" subject=1 x smart jobs=1 ms=0
2026-08-28T10:59:57.924360Z  INFO fs3_daemon::runner: done kind="embed" id=673643 left=29116
2026-08-28T10:59:58.002339Z  INFO fs3_daemon::runner: done kind=summarize subject=docs/plans/059-fix-agents/workshops/003-work-unit-state-system.md::Workshop: WorkUnit State System — Centralized First-Class Status & Question Reporting::The Problem Today ms=12 left=29116
2026-08-28T10:59:58.006450Z  INFO fs3_daemon::runner: batch kind="embed" subject=1 x smart jobs=1 ms=0
2026-08-28T10:59:58.018812Z  INFO fs3_daemon::runner: done kind="embed" id=673644 left=29115
2026-08-28T10:59:58.099985Z  INFO fs3_daemon::runner: done kind=summarize subject=docs/plans/059-fix-agents/workshops/003-work-unit-state-system.md::Workshop: WorkUnit State System — Centralized First-Class Status & Question Reporting ms=14 left=29115
2026-08-28T10:59:58.102668Z  INFO fs3_daemon::runner: batch kind="embed" subject=1 x smart jobs=1 ms=0
2026-08-28T10:59:58.111960Z  INFO fs3_daemon::runner: done kind="embed" id=673645 left=29114
2026-08-28T10:59:58.186804Z  INFO fs3_daemon::runner: done kind=summarize subject=docs/plans/059-fix-agents/workshops/002-agent-connect-disconnect-ux.md::Workshop: Agent Connect/Disconnect UX — Seamless Background Agent Interaction::Quick Reference::File Structure (Proposed) ms=12 left=29114
2026-08-28T10:59:58.191744Z  INFO fs3_daemon::runner: batch kind="embed" subject=1 x smart jobs=1 ms=0
2026-08-28T10:59:58.202920Z  INFO fs3_daemon::runner: done kind="embed" id=673646 left=29113
2026-08-28T10:59:58.306585Z  INFO fs3_daemon::runner: done kind=summarize subject=docs/plans/059-fix-agents/workshops/002-agent-connect-disconnect-ux.md::Workshop: Agent Connect/Disconnect UX — Seamless Background Agent Interaction::Quick Reference ms=32 left=29113
2026-08-28T10:59:58.312553Z  INFO fs3_daemon::runner: batch kind="embed" subject=1 x smart jobs=1 ms=3
2026-08-28T10:59:58.345127Z  INFO fs3_daemon::runner: done kind="embed" id=673647 left=29112
2026-08-28T10:59:58.452585Z  INFO fs3_daemon::runner: done kind=summarize subject=docs/plans/059-fix-agents/workshops/002-agent-connect-disconnect-ux.md::Workshop: Agent Connect/Disconnect UX — Seamless Background Agent Interaction::Implementation Priority ms=29 left=29112
2026-08-28T10:59:58.459628Z  INFO fs3_daemon::runner: batch kind="embed" subject=1 x smart jobs=1 ms=2
2026-08-28T10:59:58.482023Z  INFO fs3_daemon::runner: done kind="embed" id=673648 left=29111
2026-08-28T10:59:58.595832Z  INFO fs3_daemon::runner: done kind=summarize subject=docs/plans/059-fix-agents/workshops/002-agent-connect-disconnect-ux.md::Workshop: Agent Connect/Disconnect UX — Seamless Background Agent Interaction::Open Questions::Q5: Should the overlay have a "pin" mode that converts it to a persistent side panel? ms=31 left=29111
2026-08-28T10:59:58.602316Z  INFO fs3_daemon::runner: batch kind="embed" subject=1 x smart jobs=1 ms=0
2026-08-28T10:59:58.622383Z  INFO fs3_daemon::runner: done kind="embed" id=673649 left=29110
2026-08-28T10:59:58.725061Z  INFO fs3_daemon::runner: done kind=summarize subject=docs/plans/059-fix-agents/workshops/002-agent-connect-disconnect-ux.md::Workshop: Agent Connect/Disconnect UX — Seamless Background Agent Interaction::Open Questions::Q1: Should expanded mode have a backdrop overlay? ms=16 left=29110
2026-08-28T10:59:58.728042Z  INFO fs3_daemon::runner: batch kind="embed" subject=1 x smart jobs=1 ms=2
2026-08-28T10:59:58.741344Z  INFO fs3_daemon::runner: done kind="embed" id=673650 left=29109
2026-08-28T10:59:58.821022Z  INFO fs3_daemon::runner: done kind=summarize subject=docs/plans/059-fix-agents/workshops/002-agent-connect-disconnect-ux.md::Workshop: Agent Connect/Disconnect UX — Seamless Background Agent Interaction::Open Questions ms=14 left=29109
2026-08-28T10:59:58.824896Z  INFO fs3_daemon::runner: batch kind="embed" subject=1 x smart jobs=1 ms=1
2026-08-28T10:59:58.838068Z  INFO fs3_daemon::runner: done kind="embed" id=673651 left=29108
2026-08-28T10:59:58.928998Z  INFO fs3_daemon::runner: done kind=summarize subject=docs/plans/059-fix-agents/workshops/002-agent-connect-disconnect-ux.md::Workshop: Agent Connect/Disconnect UX — Seamless Background Agent Interaction::Critical Requirement: Session Persistence & Rehydration::State Paths for Rehydrated Sessions ms=18 left=29108
2026-08-28T10:59:58.931955Z  INFO fs3_daemon::runner: batch kind="embed" subject=1 x smart jobs=1 ms=0
2026-08-28T10:59:58.949262Z  INFO fs3_daemon::runner: done kind="embed" id=673652 left=29107
2026-08-28T10:59:59.061178Z  INFO fs3_daemon::runner: done kind=summarize subject=docs/plans/059-fix-agents/workshops/002-agent-connect-disconnect-ux.md::Workshop: Agent Connect/Disconnect UX — Seamless Background Agent Interaction::Critical Requirement: Session Persistence & Rehydration::Implementation Implications ms=33 left=29107
2026-08-28T10:59:59.069114Z  INFO fs3_daemon::runner: batch kind="embed" subject=1 x smart jobs=1 ms=0
2026-08-28T10:59:59.097082Z  INFO fs3_daemon::runner: done kind="embed" id=673653 left=29106
2026-08-28T10:59:59.213438Z  INFO fs3_daemon::runner: done kind=summarize subject=docs/plans/059-fix-agents/workshops/002-agent-connect-disconnect-ux.md::Workshop: Agent Connect/Disconnect UX — Seamless Background Agent Interaction::Critical Requirement: Session Persistence & Rehydration ms=32 left=29106
2026-08-28T10:59:59.218898Z  INFO fs3_daemon::runner: batch kind="embed" subject=1 x smart jobs=1 ms=2
2026-08-28T10:59:59.250466Z  INFO fs3_daemon::runner: done kind="embed" id=673654 left=29105
2026-08-28T10:59:59.377479Z  INFO fs3_daemon::runner: done kind=summarize subject=docs/plans/059-fix-agents/workshops/002-agent-connect-disconnect-ux.md::Workshop: Agent Connect/Disconnect UX — Seamless Background Agent Interaction::Error Handling::Agent in Error State ms=38 left=29105
2026-08-28T10:59:59.385263Z  INFO fs3_daemon::runner: batch kind="embed" subject=1 x smart jobs=1 ms=1
2026-08-28T10:59:59.415506Z  INFO fs3_daemon::runner: done kind="embed" id=673655 left=29104
2026-08-28T10:59:59.529627Z  INFO fs3_daemon::runner: done kind=summarize subject=docs/plans/059-fix-agents/workshops/002-agent-connect-disconnect-ux.md::Workshop: Agent Connect/Disconnect UX — Seamless Background Agent Interaction::Error Handling::SSE Disconnection ms=30 left=29104
2026-08-28T10:59:59.535439Z  INFO fs3_daemon::runner: batch kind="embed" subject=1 x smart jobs=1 ms=0
2026-08-28T10:59:59.558809Z  INFO fs3_daemon::runner: done kind="embed" id=673656 left=29103
2026-08-28T10:59:59.660785Z  INFO fs3_daemon::runner: done kind=summarize subject=docs/plans/059-fix-agents/workshops/002-agent-connect-disconnect-ux.md::Workshop: Agent Connect/Disconnect UX — Seamless Background Agent Interaction::Error Handling::Agent Not Found ms=29 left=29103
2026-08-28T10:59:59.665514Z  INFO fs3_daemon::runner: batch kind="embed" subject=1 x smart jobs=1 ms=0
2026-08-28T10:59:59.688319Z  INFO fs3_daemon::runner: done kind="embed" id=673657 left=29102
2026-08-28T10:59:59.794993Z  INFO fs3_daemon::runner: batch kind="embed" subject=1 x smart jobs=1 ms=0
2026-08-28T10:59:59.814900Z  INFO fs3_daemon::runner: done kind=summarize subject=docs/plans/059-fix-agents/workshops/002-agent-connect-disconnect-ux.md::Workshop: Agent Connect/Disconnect UX — Seamless Background Agent Interaction::Error Handling ms=49 left=29102
2026-08-28T10:59:59.827280Z  INFO fs3_daemon::runner: done kind="embed" id=673658 left=29101
2026-08-28T10:59:59.946694Z  INFO fs3_daemon::runner: batch kind="embed" subject=1 x smart jobs=1 ms=0
2026-08-28T10:59:59.967067Z  INFO fs3_daemon::runner: done kind=summarize subject=docs/plans/059-fix-agents/workshops/002-agent-connect-disconnect-ux.md::Workshop: Agent Connect/Disconnect UX — Seamless Background Agent Interaction::CSS & Positioning::Panel Styles ms=63 left=29101
2026-08-28T10:59:59.979486Z  INFO fs3_daemon::runner: done kind="embed" id=673659 left=29100
2026-08-28T11:00:00.091628Z  INFO fs3_daemon::runner: done kind=summarize subject=docs/plans/059-fix-agents/workshops/002-agent-connect-disconnect-ux.md::Workshop: Agent Connect/Disconnect UX — Seamless Background Agent Interaction::CSS & Positioning ms=35 left=29100
2026-08-28T11:00:00.098304Z  INFO fs3_daemon::runner: batch kind="embed" subject=1 x smart jobs=1 ms=2
2026-08-28T11:00:00.121975Z  INFO fs3_daemon::runner: done kind="embed" id=673660 left=29099
2026-08-28T11:00:00.219697Z  INFO fs3_daemon::runner: batch kind="embed" subject=1 x smart jobs=1 ms=0
2026-08-28T11:00:00.220798Z  INFO fs3_daemon::runner: done kind=summarize subject=docs/plans/059-fix-agents/workshops/002-agent-connect-disconnect-ux.md::Workshop: Agent Connect/Disconnect UX — Seamless Background Agent Interaction::Keyboard Shortcuts ms=24 left=29099
2026-08-28T11:00:00.235585Z  INFO fs3_daemon::runner: done kind="embed" id=673661 left=29098
2026-08-28T11:00:00.312133Z  INFO fs3_daemon::runner: done kind=summarize subject=docs/plans/059-fix-agents/workshops/002-agent-connect-disconnect-ux.md::Workshop: Agent Connect/Disconnect UX — Seamless Background Agent Interaction::Component Tree ms=14 left=29098
2026-08-28T11:00:00.317857Z  INFO fs3_daemon::runner: batch kind="embed" subject=1 x smart jobs=1 ms=0
2026-08-28T11:00:00.332685Z  INFO fs3_daemon::runner: done kind="embed" id=673662 left=29097
2026-08-28T11:00:00.420420Z  INFO fs3_daemon::runner: done kind=summarize subject=docs/plans/059-fix-agents/workshops/002-agent-connect-disconnect-ux.md::Workshop: Agent Connect/Disconnect UX — Seamless Background Agent Interaction::Performance::Top Bar Chips — Lightweight State Consumers ms=19 left=29097
2026-08-28T11:00:00.425333Z  INFO fs3_daemon::runner: batch kind="embed" subject=1 x smart jobs=1 ms=0
2026-08-28T11:00:00.437883Z  INFO fs3_daemon::runner: done kind="embed" id=673663 left=29096
2026-08-28T11:00:00.529255Z  INFO fs3_daemon::runner: done kind=summarize subject=docs/plans/059-fix-agents/workshops/002-agent-connect-disconnect-ux.md::Workshop: Agent Connect/Disconnect UX — Seamless Background Agent Interaction::Performance::Lazy Loading Strategy ms=13 left=29096
2026-08-28T11:00:00.539420Z  INFO fs3_daemon::runner: batch kind="embed" subject=1 x smart jobs=1 ms=0
2026-08-28T11:00:00.552132Z  INFO fs3_daemon::runner: done kind="embed" id=673664 left=29095
2026-08-28T11:00:00.637873Z  INFO fs3_daemon::runner: done kind=summarize subject=docs/plans/059-fix-agents/workshops/002-agent-connect-disconnect-ux.md::Workshop: Agent Connect/Disconnect UX — Seamless Background Agent Interaction::Performance::With 20+ Agents Running ms=14 left=29095
2026-08-28T11:00:00.642336Z  INFO fs3_daemon::runner: batch kind="embed" subject=1 x smart jobs=1 ms=1
2026-08-28T11:00:00.658276Z  INFO fs3_daemon::runner: done kind="embed" id=673665 left=29094
2026-08-28T11:00:00.739687Z  INFO fs3_daemon::runner: done kind=summarize subject=docs/plans/059-fix-agents/workshops/002-agent-connect-disconnect-ux.md::Workshop: Agent Connect/Disconnect UX — Seamless Background Agent Interaction::Performance ms=12 left=29094
2026-08-28T11:00:00.745352Z  INFO fs3_daemon::runner: batch kind="embed" subject=1 x smart jobs=1 ms=0
2026-08-28T11:00:00.759205Z  INFO fs3_daemon::runner: done kind="embed" id=673666 left=29093
2026-08-28T11:00:00.840460Z  INFO fs3_daemon::runner: done kind=summarize subject=docs/plans/059-fix-agents/workshops/002-agent-connect-disconnect-ux.md::Workshop: Agent Connect/Disconnect UX — Seamless Background Agent Interaction::Multiple Agents — Simultaneous Viewing::Agent Chip Bar — The Tab Bar Metaphor ms=13 left=29093
2026-08-28T11:00:00.848259Z  INFO fs3_daemon::runner: batch kind="embed" subject=1 x smart jobs=1 ms=0
2026-08-28T11:00:00.859323Z  INFO fs3_daemon::runner: done kind="embed" id=673667 left=29092
2026-08-28T11:00:00.942866Z  INFO fs3_daemon::runner: done kind=summarize subject=docs/plans/059-fix-agents/workshops/002-agent-connect-disconnect-ux.md::Workshop: Agent Connect/Disconnect UX — Seamless Background Agent Interaction::Multiple Agents — Simultaneous Viewing::Decision: Single Overlay, Fast Switching ms=15 left=29092
2026-08-28T11:00:00.947264Z  INFO fs3_daemon::runner: batch kind="embed" subject=1 x smart jobs=1 ms=2
2026-08-28T11:00:00.957645Z  INFO fs3_daemon::runner: done kind="embed" id=673668 left=29091
2026-08-28T11:00:01.045858Z  INFO fs3_daemon::runner: done kind=summarize subject=docs/plans/059-fix-agents/workshops/002-agent-connect-disconnect-ux.md::Workshop: Agent Connect/Disconnect UX — Seamless Background Agent Interaction::Multiple Agents — Simultaneous Viewing ms=16 left=29091
2026-08-28T11:00:01.107883Z  INFO fs3_daemon::runner: progress phase="working" scanned=62565 scan_left=33 summarized=129091 summarize_left=29057 embedded=208822 embed_left=1 failed=0
2026-08-28T11:00:01.129656Z  INFO fs3_daemon::runner: batch kind="embed" subject=2 x smart jobs=2 ms=0
2026-08-28T11:00:01.141969Z  INFO fs3_daemon::runner: done kind="embed" id=673669 left=29090
2026-08-28T11:00:01.215671Z  INFO fs3_daemon::runner: done kind="embed" id=673670 left=29089
2026-08-28T11:00:01.310570Z  INFO fs3_daemon::runner: done kind=summarize subject=docs/plans/059-fix-agents/workshops/002-agent-connect-disconnect-ux.md::Workshop: Agent Connect/Disconnect UX — Seamless Background Agent Interaction::Workflow Node → Agent Session Mapping::Data Flow: Orchestrator → Node → UI ms=19 left=29089
2026-08-28T11:00:01.330014Z  INFO fs3_daemon::runner: done kind=summarize subject=docs/plans/059-fix-agents/workshops/002-agent-connect-disconnect-ux.md::Workshop: Agent Connect/Disconnect UX — Seamless Background Agent Interaction::Workflow Node → Agent Session Mapping::Node Card Enhancement ms=16 left=29089
2026-08-28T11:00:01.335571Z  INFO fs3_daemon::runner: batch kind="embed" subject=1 x smart jobs=1 ms=0
2026-08-28T11:00:01.347355Z  INFO fs3_daemon::runner: done kind="embed" id=673671 left=29088
2026-08-28T11:00:01.431360Z  INFO fs3_daemon::runner: done kind=summarize subject=docs/plans/059-fix-agents/workshops/002-agent-connect-disconnect-ux.md::Workshop: Agent Connect/Disconnect UX — Seamless Background Agent Interaction::Workflow Node → Agent Session Mapping::How It Works ms=13 left=29088
2026-08-28T11:00:01.439395Z  INFO fs3_daemon::runner: batch kind="embed" subject=1 x smart jobs=1 ms=1
2026-08-28T11:00:01.451260Z  INFO fs3_daemon::runner: done kind="embed" id=673672 left=29087
2026-08-28T11:00:01.534669Z  INFO fs3_daemon::runner: done kind=summarize subject=docs/plans/059-fix-agents/workshops/002-agent-connect-disconnect-ux.md::Workshop: Agent Connect/Disconnect UX — Seamless Background Agent Interaction::Workflow Node → Agent Session Mapping ms=14 left=29087
2026-08-28T11:00:01.540918Z  INFO fs3_daemon::runner: batch kind="embed" subject=1 x smart jobs=1 ms=0
2026-08-28T11:00:01.552680Z  INFO fs3_daemon::runner: done kind="embed" id=673673 left=29086
2026-08-28T11:00:01.632714Z  INFO fs3_daemon::runner: done kind=summarize subject=docs/plans/059-fix-agents/workshops/002-agent-connect-disconnect-ux.md::Workshop: Agent Connect/Disconnect UX — Seamless Background Agent Interaction::Developer API::Implementation ms=13 left=29086
2026-08-28T11:00:01.638481Z  INFO fs3_daemon::runner: batch kind="embed" subject=1 x smart jobs=1 ms=1
2026-08-28T11:00:01.652718Z  INFO fs3_daemon::runner: done kind="embed" id=673674 left=29085
2026-08-28T11:00:01.735413Z  INFO fs3_daemon::runner: done kind=summarize subject=docs/plans/059-fix-agents/workshops/002-agent-connect-disconnect-ux.md::Workshop: Agent Connect/Disconnect UX — Seamless Background Agent Interaction::Developer API::Usage Examples ms=14 left=29085
2026-08-28T11:00:01.746183Z  INFO fs3_daemon::runner: batch kind="embed" subject=1 x smart jobs=1 ms=0
2026-08-28T11:00:01.758244Z  INFO fs3_daemon::runner: done kind="embed" id=673675 left=29084
2026-08-28T11:00:01.850584Z  INFO fs3_daemon::runner: done kind=summarize subject=docs/plans/059-fix-agents/workshops/002-agent-connect-disconnect-ux.md::Workshop: Agent Connect/Disconnect UX — Seamless Background Agent Interaction::Developer API::Hook for Consumers ms=22 left=29084
2026-08-28T11:00:01.854498Z  INFO fs3_daemon::runner: batch kind="embed" subject=1 x smart jobs=1 ms=0
2026-08-28T11:00:01.875945Z  INFO fs3_daemon::runner: done kind="embed" id=673676 left=29083
2026-08-28T11:00:01.961928Z  INFO fs3_daemon::runner: done kind=summarize subject=docs/plans/059-fix-agents/workshops/002-agent-connect-disconnect-ux.md::Workshop: Agent Connect/Disconnect UX — Seamless Background Agent Interaction::Developer API::The `openAgent` Function ms=16 left=29083
2026-08-28T11:00:01.966570Z  INFO fs3_daemon::runner: batch kind="embed" subject=1 x smart jobs=1 ms=2
2026-08-28T11:00:01.978005Z  INFO fs3_daemon::runner: done kind="embed" id=673677 left=29082
2026-08-28T11:00:02.059861Z  INFO fs3_daemon::runner: done kind=summarize subject=docs/plans/059-fix-agents/workshops/002-agent-connect-disconnect-ux.md::Workshop: Agent Connect/Disconnect UX — Seamless Background Agent Interaction::Developer API ms=13 left=29082
2026-08-28T11:00:02.065286Z  INFO fs3_daemon::runner: batch kind="embed" subject=1 x smart jobs=1 ms=0
2026-08-28T11:00:02.084196Z  INFO fs3_daemon::runner: done kind="embed" id=673678 left=29081
2026-08-28T11:00:02.161691Z  INFO fs3_daemon::runner: done kind=summarize subject=docs/plans/059-fix-agents/workshops/002-agent-connect-disconnect-ux.md::Workshop: Agent Connect/Disconnect UX — Seamless Background Agent Interaction::State Management::Agent State Publisher ms=11 left=29081
2026-08-28T11:00:02.168642Z  INFO fs3_daemon::runner: batch kind="embed" subject=1 x smart jobs=1 ms=0
2026-08-28T11:00:02.180507Z  INFO fs3_daemon::runner: done kind="embed" id=673679 left=29080
2026-08-28T11:00:02.271709Z  INFO fs3_daemon::runner: done kind=summarize subject=docs/plans/059-fix-agents/workshops/002-agent-connect-disconnect-ux.md::Workshop: Agent Connect/Disconnect UX — Seamless Background Agent Interaction::State Management::Domain Registration ms=19 left=29080
2026-08-28T11:00:02.275177Z  INFO fs3_daemon::runner: batch kind="embed" subject=1 x smart jobs=1 ms=0
2026-08-28T11:00:02.288183Z  INFO fs3_daemon::runner: done kind="embed" id=673680 left=29079
2026-08-28T11:00:02.372550Z  INFO fs3_daemon::runner: done kind=summarize subject=docs/plans/059-fix-agents/workshops/002-agent-connect-disconnect-ux.md::Workshop: Agent Connect/Disconnect UX — Seamless Background Agent Interaction::State Management::State Architecture ms=16 left=29079
2026-08-28T11:00:02.381261Z  INFO fs3_daemon::runner: batch kind="embed" subject=1 x smart jobs=1 ms=1
2026-08-28T11:00:02.400298Z  INFO fs3_daemon::runner: done kind="embed" id=673681 left=29078
2026-08-28T11:00:02.481092Z  INFO fs3_daemon::runner: done kind=summarize subject=docs/plans/059-fix-agents/workshops/002-agent-connect-disconnect-ux.md::Workshop: Agent Connect/Disconnect UX — Seamless Background Agent Interaction::State Management ms=13 left=29078
2026-08-28T11:00:02.484996Z  INFO fs3_daemon::runner: batch kind="embed" subject=1 x smart jobs=1 ms=0
2026-08-28T11:00:02.496004Z  INFO fs3_daemon::runner: done kind="embed" id=673682 left=29077
2026-08-28T11:00:02.577973Z  INFO fs3_daemon::runner: done kind=summarize subject=docs/plans/059-fix-agents/workshops/002-agent-connect-disconnect-ux.md::Workshop: Agent Connect/Disconnect UX — Seamless Background Agent Interaction::Connection Lifecycle — Complete Flow::Hard Refresh / Tab Close ms=13 left=29077
2026-08-28T11:00:02.583145Z  INFO fs3_daemon::runner: batch kind="embed" subject=1 x smart jobs=1 ms=0
2026-08-28T11:00:02.593382Z  INFO fs3_daemon::runner: done kind="embed" id=673683 left=29076
2026-08-28T11:00:02.678760Z  INFO fs3_daemon::runner: done kind=summarize subject=docs/plans/059-fix-agents/workshops/002-agent-connect-disconnect-ux.md::Workshop: Agent Connect/Disconnect UX — Seamless Background Agent Interaction::Connection Lifecycle — Complete Flow::Tab Switch / Page Navigation ms=15 left=29076
2026-08-28T11:00:02.680583Z  INFO fs3_daemon::runner: batch kind="embed" subject=1 x smart jobs=1 ms=0
2026-08-28T11:00:02.692712Z  INFO fs3_daemon::runner: done kind="embed" id=673684 left=29075
2026-08-28T11:00:02.772839Z  INFO fs3_daemon::runner: done kind=summarize subject=docs/plans/059-fix-agents/workshops/002-agent-connect-disconnect-ux.md::Workshop: Agent Connect/Disconnect UX — Seamless Background Agent Interaction::Connection Lifecycle — Complete Flow::Reconnection After Disconnect ms=13 left=29075
2026-08-28T11:00:02.780578Z  INFO fs3_daemon::runner: batch kind="embed" subject=1 x smart jobs=1 ms=0
2026-08-28T11:00:02.790585Z  INFO fs3_daemon::runner: done kind="embed" id=673685 left=29074
2026-08-28T11:00:02.881072Z  INFO fs3_daemon::runner: done kind=summarize subject=docs/plans/059-fix-agents/workshops/002-agent-connect-disconnect-ux.md::Workshop: Agent Connect/Disconnect UX — Seamless Background Agent Interaction::Connection Lifecycle — Complete Flow::Happy Path: Click → View → Interact → Close ms=20 left=29074
2026-08-28T11:00:02.884152Z  INFO fs3_daemon::runner: batch kind="embed" subject=1 x smart jobs=1 ms=0
2026-08-28T11:00:02.895101Z  INFO fs3_daemon::runner: done kind="embed" id=673686 left=29073
2026-08-28T11:00:02.978573Z  INFO fs3_daemon::runner: done kind=summarize subject=docs/plans/059-fix-agents/workshops/002-agent-connect-disconnect-ux.md::Workshop: Agent Connect/Disconnect UX — Seamless Background Agent Interaction::Connection Lifecycle — Complete Flow ms=14 left=29073
2026-08-28T11:00:02.981284Z  INFO fs3_daemon::runner: batch kind="embed" subject=1 x smart jobs=1 ms=0
2026-08-28T11:00:02.992668Z  INFO fs3_daemon::runner: done kind="embed" id=673687 left=29072
2026-08-28T11:00:03.075133Z  INFO fs3_daemon::runner: done kind=summarize subject=docs/plans/059-fix-agents/workshops/002-agent-connect-disconnect-ux.md::Workshop: Agent Connect/Disconnect UX — Seamless Background Agent Interaction::Entry Points — Unified Trigger::Entry Point Details::(d) Sidebar Activity Area ms=13 left=29072
2026-08-28T11:00:03.083048Z  INFO fs3_daemon::runner: batch kind="embed" subject=1 x smart jobs=1 ms=0
2026-08-28T11:00:03.100154Z  INFO fs3_daemon::runner: done kind="embed" id=673688 left=29071
2026-08-28T11:00:03.188131Z  INFO fs3_daemon::runner: done kind=summarize subject=docs/plans/059-fix-agents/workshops/002-agent-connect-disconnect-ux.md::Workshop: Agent Connect/Disconnect UX — Seamless Background Agent Interaction::Entry Points — Unified Trigger::Entry Point Details::(b) Workflow Node Click ms=15 left=29071
2026-08-28T11:00:03.205467Z  INFO fs3_daemon::runner: batch kind="embed" subject=1 x smart jobs=1 ms=0
2026-08-28T11:00:03.220903Z  INFO fs3_daemon::runner: done kind="embed" id=673689 left=29070
2026-08-28T11:00:03.329909Z  INFO fs3_daemon::runner: done kind=summarize subject=docs/plans/059-fix-agents/workshops/002-agent-connect-disconnect-ux.md::Workshop: Agent Connect/Disconnect UX — Seamless Background Agent Interaction::Entry Points — Unified Trigger::Entry Point Details::(a) Top Bar Agent Chips ms=30 left=29070
2026-08-28T11:00:03.338305Z  INFO fs3_daemon::runner: batch kind="embed" subject=1 x smart jobs=1 ms=3
2026-08-28T11:00:03.365067Z  INFO fs3_daemon::runner: done kind="embed" id=673690 left=29069
2026-08-28T11:00:03.481026Z  INFO fs3_daemon::runner: done kind=summarize subject=docs/plans/059-fix-agents/workshops/002-agent-connect-disconnect-ux.md::Workshop: Agent Connect/Disconnect UX — Seamless Background Agent Interaction::Entry Points — Unified Trigger::Entry Point Details ms=31 left=29069
2026-08-28T11:00:03.491250Z  INFO fs3_daemon::runner: batch kind="embed" subject=1 x smart jobs=1 ms=2
2026-08-28T11:00:03.509512Z  INFO fs3_daemon::runner: done kind="embed" id=673691 left=29068
2026-08-28T11:00:03.624980Z  INFO fs3_daemon::runner: batch kind="embed" subject=1 x smart jobs=1 ms=0
2026-08-28T11:00:03.644631Z  INFO fs3_daemon::runner: done kind=summarize subject=docs/plans/059-fix-agents/workshops/002-agent-connect-disconnect-ux.md::Workshop: Agent Connect/Disconnect UX — Seamless Background Agent Interaction::Entry Points — Unified Trigger::Entry Point Map ms=51 left=29068
2026-08-28T11:00:03.656142Z  INFO fs3_daemon::runner: done kind="embed" id=673692 left=29067
2026-08-28T11:00:03.861533Z  INFO fs3_daemon::runner: batch kind="embed" subject=1 x smart jobs=1 ms=0
2026-08-28T11:00:03.880033Z  INFO fs3_daemon::runner: done kind=summarize subject=docs/plans/059-fix-agents/workshops/002-agent-connect-disconnect-ux.md::Workshop: Agent Connect/Disconnect UX — Seamless Background Agent Interaction::Entry Points — Unified Trigger ms=48 left=29067
2026-08-28T11:00:03.892756Z  INFO fs3_daemon::runner: done kind="embed" id=673693 left=29066
2026-08-28T11:00:04.000659Z  INFO fs3_daemon::runner: done kind=summarize subject=docs/plans/059-fix-agents/workshops/002-agent-connect-disconnect-ux.md::Workshop: Agent Connect/Disconnect UX — Seamless Background Agent Interaction::Popover Architecture::Interaction Modes ms=31 left=29066
2026-08-28T11:00:04.002772Z  INFO fs3_daemon::runner: batch kind="embed" subject=1 x smart jobs=1 ms=1
2026-08-28T11:00:04.033544Z  INFO fs3_daemon::runner: done kind="embed" id=673694 left=29065
2026-08-28T11:00:04.143791Z  INFO fs3_daemon::runner: done kind=summarize subject=docs/plans/059-fix-agents/workshops/002-agent-connect-disconnect-ux.md::Workshop: Agent Connect/Disconnect UX — Seamless Background Agent Interaction::Popover Architecture::Panel Anatomy ms=32 left=29065
2026-08-28T11:00:04.150290Z  INFO fs3_daemon::runner: batch kind="embed" subject=1 x smart jobs=1 ms=2
2026-08-28T11:00:04.178590Z  INFO fs3_daemon::runner: done kind="embed" id=673695 left=29064
2026-08-28T11:00:04.290374Z  INFO fs3_daemon::runner: done kind=summarize subject=docs/plans/059-fix-agents/workshops/002-agent-connect-disconnect-ux.md::Workshop: Agent Connect/Disconnect UX — Seamless Background Agent Interaction::Popover Architecture::Panel Sizes ms=33 left=29064
2026-08-28T11:00:04.295319Z  INFO fs3_daemon::runner: batch kind="embed" subject=1 x smart jobs=1 ms=0
2026-08-28T11:00:04.316073Z  INFO fs3_daemon::runner: done kind="embed" id=673696 left=29063
2026-08-28T11:00:04.427791Z  INFO fs3_daemon::runner: done kind=summarize subject=docs/plans/059-fix-agents/workshops/002-agent-connect-disconnect-ux.md::Workshop: Agent Connect/Disconnect UX — Seamless Background Agent Interaction::Popover Architecture::Panel Type: Fixed Overlay (Not Radix Popover) ms=34 left=29063
2026-08-28T11:00:04.433239Z  INFO fs3_daemon::runner: batch kind="embed" subject=1 x smart jobs=1 ms=0
2026-08-28T11:00:04.453456Z  INFO fs3_daemon::runner: done kind="embed" id=673697 left=29062
2026-08-28T11:00:04.559954Z  INFO fs3_daemon::runner: done kind=summarize subject=docs/plans/059-fix-agents/workshops/002-agent-connect-disconnect-ux.md::Workshop: Agent Connect/Disconnect UX — Seamless Background Agent Interaction::Popover Architecture ms=33 left=29062
2026-08-28T11:00:04.566663Z  INFO fs3_daemon::runner: batch kind="embed" subject=1 x smart jobs=1 ms=2
2026-08-28T11:00:04.591490Z  INFO fs3_daemon::runner: done kind="embed" id=673698 left=29061
2026-08-28T11:00:04.707592Z  INFO fs3_daemon::runner: done kind=summarize subject=docs/plans/059-fix-agents/workshops/002-agent-connect-disconnect-ux.md::Workshop: Agent Connect/Disconnect UX — Seamless Background Agent Interaction::Core Concepts::Connection States ms=31 left=29061
2026-08-28T11:00:04.711416Z  INFO fs3_daemon::runner: batch kind="embed" subject=1 x smart jobs=1 ms=3
2026-08-28T11:00:04.734600Z  INFO fs3_daemon::runner: done kind="embed" id=673699 left=29060
2026-08-28T11:00:04.842950Z  INFO fs3_daemon::runner: done kind=summarize subject=docs/plans/059-fix-agents/workshops/002-agent-connect-disconnect-ux.md::Workshop: Agent Connect/Disconnect UX — Seamless Background Agent Interaction::Core Concepts::What "Connect" Means ms=31 left=29060
2026-08-28T11:00:04.845669Z  INFO fs3_daemon::runner: batch kind="embed" subject=1 x smart jobs=1 ms=0
2026-08-28T11:00:04.863765Z  INFO fs3_daemon::runner: done kind="embed" id=673700 left=29059
2026-08-28T11:00:04.952047Z  INFO fs3_daemon::runner: done kind=summarize subject=docs/plans/059-fix-agents/workshops/002-agent-connect-disconnect-ux.md::Workshop: Agent Connect/Disconnect UX — Seamless Background Agent Interaction::Core Concepts ms=16 left=29059
2026-08-28T11:00:04.961920Z  INFO fs3_daemon::runner: batch kind="embed" subject=1 x smart jobs=1 ms=0
2026-08-28T11:00:04.976426Z  INFO fs3_daemon::runner: done kind="embed" id=673701 left=29058
2026-08-28T11:00:05.063563Z  INFO fs3_daemon::runner: done kind=summarize subject=docs/plans/059-fix-agents/workshops/002-agent-connect-disconnect-ux.md::Workshop: Agent Connect/Disconnect UX — Seamless Background Agent Interaction::Overview ms=17 left=29058
2026-08-28T11:00:05.074895Z  INFO fs3_daemon::runner: batch kind="embed" subject=1 x smart jobs=1 ms=0
2026-08-28T11:00:05.091614Z  INFO fs3_daemon::runner: done kind="embed" id=673702 left=29057
2026-08-28T11:00:05.180493Z  INFO fs3_daemon::runner: done kind=summarize subject=docs/plans/059-fix-agents/workshops/002-agent-connect-disconnect-ux.md::Workshop: Agent Connect/Disconnect UX — Seamless Background Agent Interaction::Key Questions Addressed ms=20 left=29057
2026-08-28T11:00:05.183541Z  INFO fs3_daemon::runner: batch kind="embed" subject=1 x smart jobs=1 ms=0
2026-08-28T11:00:05.193474Z  INFO fs3_daemon::runner: done kind="embed" id=673703 left=29056
2026-08-28T11:00:05.277093Z  INFO fs3_daemon::runner: done kind=summarize subject=docs/plans/059-fix-agents/workshops/002-agent-connect-disconnect-ux.md::Workshop: Agent Connect/Disconnect UX — Seamless Background Agent Interaction ms=18 left=29056
2026-08-28T11:00:05.280895Z  INFO fs3_daemon::runner: batch kind="embed" subject=1 x smart jobs=1 ms=3
2026-08-28T11:00:05.290694Z  INFO fs3_daemon::runner: done kind="embed" id=673704 left=29055
2026-08-28T11:00:05.389260Z  INFO fs3_daemon::runner: done kind=summarize subject=docs/plans/059-fix-agents/workshops/001-top-bar-agent-ux.md::Workshop: Top Bar Agent UX — Persistent Agent Visibility::Summary of Decisions ms=18 left=29055
2026-08-28T11:00:05.397160Z  INFO fs3_daemon::runner: batch kind="embed" subject=1 x smart jobs=1 ms=0
2026-08-28T11:00:05.408509Z  INFO fs3_daemon::runner: done kind="embed" id=673705 left=29054
2026-08-28T11:00:05.495875Z  INFO fs3_daemon::runner: done kind=summarize subject=docs/plans/059-fix-agents/workshops/001-top-bar-agent-ux.md::Workshop: Top Bar Agent UX — Persistent Agent Visibility::Quick Reference::State System Quick Start ms=16 left=29054
2026-08-28T11:00:05.499984Z  INFO fs3_daemon::runner: batch kind="embed" subject=1 x smart jobs=1 ms=1
2026-08-28T11:00:05.511095Z  INFO fs3_daemon::runner: done kind="embed" id=673706 left=29053
2026-08-28T11:00:05.605676Z  INFO fs3_daemon::runner: done kind=summarize subject=docs/plans/059-fix-agents/workshops/001-top-bar-agent-ux.md::Workshop: Top Bar Agent UX — Persistent Agent Visibility::Quick Reference::Key Dimensions ms=19 left=29053
2026-08-28T11:00:05.608700Z  INFO fs3_daemon::runner: batch kind="embed" subject=1 x smart jobs=1 ms=0
2026-08-28T11:00:05.622634Z  INFO fs3_daemon::runner: done kind="embed" id=673707 left=29052
2026-08-28T11:00:05.711469Z  INFO fs3_daemon::runner: done kind=summarize subject=docs/plans/059-fix-agents/workshops/001-top-bar-agent-ux.md::Workshop: Top Bar Agent UX — Persistent Agent Visibility::Quick Reference::Status Colors ms=16 left=29052
2026-08-28T11:00:05.720333Z  INFO fs3_daemon::runner: batch kind="embed" subject=1 x smart jobs=1 ms=4
2026-08-28T11:00:05.734755Z  INFO fs3_daemon::runner: done kind="embed" id=673708 left=29051
2026-08-28T11:00:05.820535Z  INFO fs3_daemon::runner: done kind=summarize subject=docs/plans/059-fix-agents/workshops/001-top-bar-agent-ux.md::Workshop: Top Bar Agent UX — Persistent Agent Visibility::Quick Reference ms=15 left=29051
2026-08-28T11:00:05.830397Z  INFO fs3_daemon::runner: batch kind="embed" subject=1 x smart jobs=1 ms=0
2026-08-28T11:00:05.842614Z  INFO fs3_daemon::runner: done kind="embed" id=673709 left=29050
2026-08-28T11:00:05.923018Z  INFO fs3_daemon::runner: done kind=summarize subject=docs/plans/059-fix-agents/workshops/001-top-bar-agent-ux.md::Workshop: Top Bar Agent UX — Persistent Agent Visibility::Open Questions::Q-OPEN-3: Keyboard Navigation? ms=11 left=29050
2026-08-28T11:00:05.935794Z  INFO fs3_daemon::runner: batch kind="embed" subject=1 x smart jobs=1 ms=0
2026-08-28T11:00:05.951265Z  INFO fs3_daemon::runner: done kind="embed" id=673710 left=29049
2026-08-28T11:00:06.030843Z  INFO fs3_daemon::runner: done kind=summarize subject=docs/plans/059-fix-agents/workshops/001-top-bar-agent-ux.md::Workshop: Top Bar Agent UX — Persistent Agent Visibility::Open Questions::Q-OPEN-1: Completed Agent Auto-Fade Timing? ms=12 left=29049
2026-08-28T11:00:06.040455Z  INFO fs3_daemon::runner: batch kind="embed" subject=1 x smart jobs=1 ms=3
2026-08-28T11:00:06.051138Z  INFO fs3_daemon::runner: done kind="embed" id=673711 left=29048
2026-08-28T11:00:06.130493Z  INFO fs3_daemon::runner: done kind=summarize subject=docs/plans/059-fix-agents/workshops/001-top-bar-agent-ux.md::Workshop: Top Bar Agent UX — Persistent Agent Visibility::Open Questions ms=15 left=29048
2026-08-28T11:00:06.180665Z  INFO fs3_daemon::runner: progress phase="working" scanned=62565 scan_left=33 summarized=129134 summarize_left=29014 embedded=208865 embed_left=1 failed=0
2026-08-28T11:00:06.200789Z  INFO fs3_daemon::runner: batch kind="embed" subject=2 x smart jobs=2 ms=0
2026-08-28T11:00:06.210682Z  INFO fs3_daemon::runner: done kind="embed" id=673712 left=29047
2026-08-28T11:00:06.284631Z  INFO fs3_daemon::runner: done kind="embed" id=673713 left=29046
2026-08-28T11:00:06.365880Z  INFO fs3_daemon::runner: done kind=summarize subject=docs/plans/059-fix-agents/workshops/001-top-bar-agent-ux.md::Workshop: Top Bar Agent UX — Persistent Agent Visibility::Complete State Path Reference ms=17 left=29046
2026-08-28T11:00:06.384688Z  INFO fs3_daemon::runner: done kind=summarize subject=docs/plans/059-fix-agents/workshops/001-top-bar-agent-ux.md::Workshop: Top Bar Agent UX — Persistent Agent Visibility::Mobile Considerations ms=13 left=29046
2026-08-28T11:00:06.391783Z  INFO fs3_daemon::runner: batch kind="embed" subject=1 x smart jobs=1 ms=0
2026-08-28T11:00:06.403957Z  INFO fs3_daemon::runner: done kind="embed" id=673714 left=29045
2026-08-28T11:00:06.487283Z  INFO fs3_daemon::runner: done kind=summarize subject=docs/plans/059-fix-agents/workshops/001-top-bar-agent-ux.md::Workshop: Top Bar Agent UX — Persistent Agent Visibility::Drag-to-Reorder Implementation::Persistence ms=13 left=29045
2026-08-28T11:00:06.494402Z  INFO fs3_daemon::runner: batch kind="embed" subject=1 x smart jobs=1 ms=1
2026-08-28T11:00:06.505841Z  INFO fs3_daemon::runner: done kind="embed" id=673715 left=29044
2026-08-28T11:00:06.591622Z  INFO fs3_daemon::runner: done kind=summarize subject=docs/plans/059-fix-agents/workshops/001-top-bar-agent-ux.md::Workshop: Top Bar Agent UX — Persistent Agent Visibility::Drag-to-Reorder Implementation::Drag UX ms=12 left=29044
2026-08-28T11:00:06.597656Z  INFO fs3_daemon::runner: batch kind="embed" subject=1 x smart jobs=1 ms=0
2026-08-28T11:00:06.610479Z  INFO fs3_daemon::runner: done kind="embed" id=673716 left=29043
2026-08-28T11:00:06.692481Z  INFO fs3_daemon::runner: done kind=summarize subject=docs/plans/059-fix-agents/workshops/001-top-bar-agent-ux.md::Workshop: Top Bar Agent UX — Persistent Agent Visibility::Drag-to-Reorder Implementation ms=15 left=29043
2026-08-28T11:00:06.706252Z  INFO fs3_daemon::runner: batch kind="embed" subject=1 x smart jobs=1 ms=2
2026-08-28T11:00:06.718459Z  INFO fs3_daemon::runner: done kind="embed" id=673717 left=29042
2026-08-28T11:00:06.806385Z  INFO fs3_daemon::runner: done kind=summarize subject=docs/plans/059-fix-agents/workshops/001-top-bar-agent-ux.md::Workshop: Top Bar Agent UX — Persistent Agent Visibility::Layout Integration::Conditional Rendering ms=15 left=29042
2026-08-28T11:00:06.813839Z  INFO fs3_daemon::runner: batch kind="embed" subject=1 x smart jobs=1 ms=0
2026-08-28T11:00:06.823399Z  INFO fs3_daemon::runner: done kind="embed" id=673718 left=29041
2026-08-28T11:00:06.908246Z  INFO fs3_daemon::runner: done kind=summarize subject=docs/plans/059-fix-agents/workshops/001-top-bar-agent-ux.md::Workshop: Top Bar Agent UX — Persistent Agent Visibility::Layout Integration::Top Bar CSS ms=15 left=29041
2026-08-28T11:00:06.913954Z  INFO fs3_daemon::runner: batch kind="embed" subject=1 x smart jobs=1 ms=0
2026-08-28T11:00:06.931082Z  INFO fs3_daemon::runner: done kind="embed" id=673719 left=29040
2026-08-28T11:00:07.017821Z  INFO fs3_daemon::runner: done kind=summarize subject=docs/plans/059-fix-agents/workshops/001-top-bar-agent-ux.md::Workshop: Top Bar Agent UX — Persistent Agent Visibility::Layout Integration::Physical Placement ms=19 left=29040
2026-08-28T11:00:07.020930Z  INFO fs3_daemon::runner: batch kind="embed" subject=1 x smart jobs=1 ms=0
2026-08-28T11:00:07.032455Z  INFO fs3_daemon::runner: done kind="embed" id=673720 left=29039
2026-08-28T11:00:07.115348Z  INFO fs3_daemon::runner: done kind=summarize subject=docs/plans/059-fix-agents/workshops/001-top-bar-agent-ux.md::Workshop: Top Bar Agent UX — Persistent Agent Visibility::Layout Integration ms=15 left=29039
2026-08-28T11:00:07.117709Z  INFO fs3_daemon::runner: batch kind="embed" subject=1 x smart jobs=1 ms=0
2026-08-28T11:00:07.129709Z  INFO fs3_daemon::runner: done kind="embed" id=673721 left=29038
2026-08-28T11:00:07.209091Z  INFO fs3_daemon::runner: done kind=summarize subject=docs/plans/059-fix-agents/workshops/001-top-bar-agent-ux.md::Workshop: Top Bar Agent UX — Persistent Agent Visibility::State System Registration ms=13 left=29038
2026-08-28T11:00:07.217431Z  INFO fs3_daemon::runner: batch kind="embed" subject=1 x smart jobs=1 ms=2
2026-08-28T11:00:07.228953Z  INFO fs3_daemon::runner: done kind="embed" id=673722 left=29037
2026-08-28T11:00:07.319715Z  INFO fs3_daemon::runner: done kind=summarize subject=docs/plans/059-fix-agents/workshops/001-top-bar-agent-ux.md::Workshop: Top Bar Agent UX — Persistent Agent Visibility::Component Architecture::State Wiring ms=15 left=29037
2026-08-28T11:00:07.322749Z  INFO fs3_daemon::runner: batch kind="embed" subject=1 x smart jobs=1 ms=1
2026-08-28T11:00:07.334103Z  INFO fs3_daemon::runner: done kind="embed" id=673723 left=29036
2026-08-28T11:00:07.434139Z  INFO fs3_daemon::runner: batch kind="embed" subject=1 x smart jobs=1 ms=0
2026-08-28T11:00:07.440854Z  INFO fs3_daemon::runner: done kind=summarize subject=docs/plans/059-fix-agents/workshops/001-top-bar-agent-ux.md::Workshop: Top Bar Agent UX — Persistent Agent Visibility::Component Architecture::New Components ms=27 left=29036
2026-08-28T11:00:07.448386Z  INFO fs3_daemon::runner: done kind="embed" id=673724 left=29035
2026-08-28T11:00:07.563023Z  INFO fs3_daemon::runner: done kind=summarize subject=docs/plans/059-fix-agents/workshops/001-top-bar-agent-ux.md::Workshop: Top Bar Agent UX — Persistent Agent Visibility::Component Architecture::Component Tree ms=18 left=29035
2026-08-28T11:00:07.566746Z  INFO fs3_daemon::runner: batch kind="embed" subject=1 x smart jobs=1 ms=0
2026-08-28T11:00:07.578658Z  INFO fs3_daemon::runner: done kind="embed" id=673725 left=29034
2026-08-28T11:00:07.668530Z  INFO fs3_daemon::runner: done kind=summarize subject=docs/plans/059-fix-agents/workshops/001-top-bar-agent-ux.md::Workshop: Top Bar Agent UX — Persistent Agent Visibility::Component Architecture ms=15 left=29034
2026-08-28T11:00:07.670765Z  INFO fs3_daemon::runner: batch kind="embed" subject=1 x smart jobs=1 ms=0
2026-08-28T11:00:07.681581Z  INFO fs3_daemon::runner: done kind="embed" id=673726 left=29033
2026-08-28T11:00:07.766123Z  INFO fs3_daemon::runner: done kind=summarize subject=docs/plans/059-fix-agents/workshops/001-top-bar-agent-ux.md::Workshop: Top Bar Agent UX — Persistent Agent Visibility::Q7: Agent Creator Tracking::RESOLVED: Creator Badge on Chip + State Path ms=14 left=29033
2026-08-28T11:00:07.772507Z  INFO fs3_daemon::runner: batch kind="embed" subject=1 x smart jobs=1 ms=0
2026-08-28T11:00:07.784003Z  INFO fs3_daemon::runner: done kind="embed" id=673727 left=29032
2026-08-28T11:00:07.870158Z  INFO fs3_daemon::runner: done kind=summarize subject=docs/plans/059-fix-agents/workshops/001-top-bar-agent-ux.md::Workshop: Top Bar Agent UX — Persistent Agent Visibility::Q7: Agent Creator Tracking ms=15 left=29032
2026-08-28T11:00:07.873356Z  INFO fs3_daemon::runner: batch kind="embed" subject=1 x smart jobs=1 ms=1
2026-08-28T11:00:07.884391Z  INFO fs3_daemon::runner: done kind="embed" id=673728 left=29031
2026-08-28T11:00:07.999953Z  INFO fs3_daemon::runner: batch kind="embed" subject=1 x smart jobs=1 ms=0
2026-08-28T11:00:08.021791Z  INFO fs3_daemon::runner: done kind=summarize subject=docs/plans/059-fix-agents/workshops/001-top-bar-agent-ux.md::Workshop: Top Bar Agent UX — Persistent Agent Visibility::Q6: Attention-Seeking UX — Screen Flash & Question Badge::CSS for Screen Flash ms=50 left=29031
2026-08-28T11:00:08.034542Z  INFO fs3_daemon::runner: done kind="embed" id=673729 left=29030
2026-08-28T11:00:08.150487Z  INFO fs3_daemon::runner: batch kind="embed" subject=1 x smart jobs=1 ms=1
2026-08-28T11:00:08.181638Z  INFO fs3_daemon::runner: done kind=summarize subject=docs/plans/059-fix-agents/workshops/001-top-bar-agent-ux.md::Workshop: Top Bar Agent UX — Persistent Agent Visibility::Q6: Attention-Seeking UX — Screen Flash & Question Badge::Flash Cooldown Logic ms=61 left=29030
2026-08-28T11:00:08.192412Z  INFO fs3_daemon::runner: done kind="embed" id=673730 left=29029
2026-08-28T11:00:08.295622Z  INFO fs3_daemon::runner: done kind=summarize subject=docs/plans/059-fix-agents/workshops/001-top-bar-agent-ux.md::Workshop: Top Bar Agent UX — Persistent Agent Visibility::Q6: Attention-Seeking UX — Screen Flash & Question Badge::Multiple Simultaneous Questions ms=29 left=29029
2026-08-28T11:00:08.302609Z  INFO fs3_daemon::runner: batch kind="embed" subject=1 x smart jobs=1 ms=2
2026-08-28T11:00:08.330830Z  INFO fs3_daemon::runner: done kind="embed" id=673731 left=29028
2026-08-28T11:00:08.438029Z  INFO fs3_daemon::runner: done kind=summarize subject=docs/plans/059-fix-agents/workshops/001-top-bar-agent-ux.md::Workshop: Top Bar Agent UX — Persistent Agent Visibility::Q6: Attention-Seeking UX — Screen Flash & Question Badge::Layer Details ms=30 left=29028
2026-08-28T11:00:08.445310Z  INFO fs3_daemon::runner: batch kind="embed" subject=1 x smart jobs=1 ms=3
2026-08-28T11:00:08.470981Z  INFO fs3_daemon::runner: done kind="embed" id=673732 left=29027
2026-08-28T11:00:08.579193Z  INFO fs3_daemon::runner: done kind=summarize subject=docs/plans/059-fix-agents/workshops/001-top-bar-agent-ux.md::Workshop: Top Bar Agent UX — Persistent Agent Visibility::Q6: Attention-Seeking UX — Screen Flash & Question Badge::RESOLVED: Layered Attention System ms=33 left=29027
2026-08-28T11:00:08.585451Z  INFO fs3_daemon::runner: batch kind="embed" subject=1 x smart jobs=1 ms=1
2026-08-28T11:00:08.611363Z  INFO fs3_daemon::runner: done kind="embed" id=673733 left=29026
2026-08-28T11:00:08.715531Z  INFO fs3_daemon::runner: batch kind="embed" subject=1 x smart jobs=1 ms=0
2026-08-28T11:00:08.738221Z  INFO fs3_daemon::runner: done kind=summarize subject=docs/plans/059-fix-agents/workshops/001-top-bar-agent-ux.md::Workshop: Top Bar Agent UX — Persistent Agent Visibility::Q6: Attention-Seeking UX — Screen Flash & Question Badge ms=49 left=29026
2026-08-28T11:00:08.742119Z  INFO fs3_daemon::runner: done kind="embed" id=673734 left=29025
2026-08-28T11:00:08.853914Z  INFO fs3_daemon::runner: done kind=summarize subject=docs/plans/059-fix-agents/workshops/001-top-bar-agent-ux.md::Workshop: Top Bar Agent UX — Persistent Agent Visibility::Q5: Cross-Worktree Agent Visibility::State Subscription ms=31 left=29025
2026-08-28T11:00:08.861355Z  INFO fs3_daemon::runner: batch kind="embed" subject=1 x smart jobs=1 ms=4
2026-08-28T11:00:08.883069Z  INFO fs3_daemon::runner: done kind="embed" id=673735 left=29024
2026-08-28T11:00:08.990547Z  INFO fs3_daemon::runner: done kind=summarize subject=docs/plans/059-fix-agents/workshops/001-top-bar-agent-ux.md::Workshop: Top Bar Agent UX — Persistent Agent Visibility::Q5: Cross-Worktree Agent Visibility::Badge Rules ms=32 left=29024
2026-08-28T11:00:08.995396Z  INFO fs3_daemon::runner: batch kind="embed" subject=1 x smart jobs=1 ms=0
2026-08-28T11:00:09.016269Z  INFO fs3_daemon::runner: done kind="embed" id=673736 left=29023
2026-08-28T11:00:09.119746Z  INFO fs3_daemon::runner: batch kind="embed" subject=1 x smart jobs=1 ms=0
2026-08-28T11:00:09.138655Z  INFO fs3_daemon::runner: done kind=summarize subject=docs/plans/059-fix-agents/workshops/001-top-bar-agent-ux.md::Workshop: Top Bar Agent UX — Persistent Agent Visibility::Q5: Cross-Worktree Agent Visibility::RESOLVED: Left Menu Activity Badges ms=49 left=29023
2026-08-28T11:00:09.147567Z  INFO fs3_daemon::runner: done kind="embed" id=673737 left=29022
2026-08-28T11:00:09.263787Z  INFO fs3_daemon::runner: batch kind="embed" subject=1 x smart jobs=1 ms=0
2026-08-28T11:00:09.281452Z  INFO fs3_daemon::runner: done kind=summarize subject=docs/plans/059-fix-agents/workshops/001-top-bar-agent-ux.md::Workshop: Top Bar Agent UX — Persistent Agent Visibility::Q5: Cross-Worktree Agent Visibility ms=49 left=29022
2026-08-28T11:00:09.289653Z  INFO fs3_daemon::runner: done kind="embed" id=673738 left=29021
2026-08-28T11:00:09.393545Z  INFO fs3_daemon::runner: done kind=summarize subject=docs/plans/059-fix-agents/workshops/001-top-bar-agent-ux.md::Workshop: Top Bar Agent UX — Persistent Agent Visibility::Q4: Popover Behavior::Popover Lifecycle ms=32 left=29021
2026-08-28T11:00:09.398647Z  INFO fs3_daemon::runner: batch kind="embed" subject=1 x smart jobs=1 ms=0
2026-08-28T11:00:09.416637Z  INFO fs3_daemon::runner: done kind="embed" id=673739 left=29020
2026-08-28T11:00:09.514553Z  INFO fs3_daemon::runner: done kind=summarize subject=docs/plans/059-fix-agents/workshops/001-top-bar-agent-ux.md::Workshop: Top Bar Agent UX — Persistent Agent Visibility::Q4: Popover Behavior::Popover Component ms=23 left=29020
2026-08-28T11:00:09.518532Z  INFO fs3_daemon::runner: batch kind="embed" subject=1 x smart jobs=1 ms=4
2026-08-28T11:00:09.544278Z  INFO fs3_daemon::runner: done kind="embed" id=673740 left=29019
2026-08-28T11:00:09.637467Z  INFO fs3_daemon::runner: done kind=summarize subject=docs/plans/059-fix-agents/workshops/001-top-bar-agent-ux.md::Workshop: Top Bar Agent UX — Persistent Agent Visibility::Q4: Popover Behavior::Popover Properties ms=19 left=29019
2026-08-28T11:00:09.641510Z  INFO fs3_daemon::runner: batch kind="embed" subject=1 x smart jobs=1 ms=0
2026-08-28T11:00:09.653358Z  INFO fs3_daemon::runner: done kind="embed" id=673741 left=29018
2026-08-28T11:00:09.739952Z  INFO fs3_daemon::runner: done kind=summarize subject=docs/plans/059-fix-agents/workshops/001-top-bar-agent-ux.md::Workshop: Top Bar Agent UX — Persistent Agent Visibility::Q4: Popover Behavior::Popover Specification ms=14 left=29018
2026-08-28T11:00:09.750539Z  INFO fs3_daemon::runner: batch kind="embed" subject=1 x smart jobs=1 ms=0
2026-08-28T11:00:09.770147Z  INFO fs3_daemon::runner: done kind="embed" id=673742 left=29017
2026-08-28T11:00:09.867570Z  INFO fs3_daemon::runner: done kind=summarize subject=docs/plans/059-fix-agents/workshops/001-top-bar-agent-ux.md::Workshop: Top Bar Agent UX — Persistent Agent Visibility::Q4: Popover Behavior ms=17 left=29017
2026-08-28T11:00:09.871458Z  INFO fs3_daemon::runner: batch kind="embed" subject=1 x smart jobs=1 ms=1
2026-08-28T11:00:09.883303Z  INFO fs3_daemon::runner: done kind="embed" id=673743 left=29016
2026-08-28T11:00:09.965182Z  INFO fs3_daemon::runner: done kind=summarize subject=docs/plans/059-fix-agents/workshops/001-top-bar-agent-ux.md::Workshop: Top Bar Agent UX — Persistent Agent Visibility::Q3: Agent Chip Design::Responsive Behavior ms=15 left=29016
2026-08-28T11:00:09.972281Z  INFO fs3_daemon::runner: batch kind="embed" subject=1 x smart jobs=1 ms=2
2026-08-28T11:00:09.986105Z  INFO fs3_daemon::runner: done kind="embed" id=673744 left=29015
2026-08-28T11:00:10.066370Z  INFO fs3_daemon::runner: done kind=summarize subject=docs/plans/059-fix-agents/workshops/001-top-bar-agent-ux.md::Workshop: Top Bar Agent UX — Persistent Agent Visibility::Q3: Agent Chip Design::TypeScript Types ms=15 left=29015
2026-08-28T11:00:10.069088Z  INFO fs3_daemon::runner: batch kind="embed" subject=1 x smart jobs=1 ms=0
2026-08-28T11:00:10.079073Z  INFO fs3_daemon::runner: done kind="embed" id=673745 left=29014
2026-08-28T11:00:10.168412Z  INFO fs3_daemon::runner: done kind=summarize subject=docs/plans/059-fix-agents/workshops/001-top-bar-agent-ux.md::Workshop: Top Bar Agent UX — Persistent Agent Visibility::Q3: Agent Chip Design::Chip States (Visual) ms=18 left=29014
2026-08-28T11:00:10.172278Z  INFO fs3_daemon::runner: batch kind="embed" subject=1 x smart jobs=1 ms=1
2026-08-28T11:00:10.183705Z  INFO fs3_daemon::runner: done kind="embed" id=673746 left=29013
2026-08-28T11:00:10.267843Z  INFO fs3_daemon::runner: done kind=summarize subject=docs/plans/059-fix-agents/workshops/001-top-bar-agent-ux.md::Workshop: Top Bar Agent UX — Persistent Agent Visibility::Q3: Agent Chip Design::Chip Fields ms=16 left=29013
2026-08-28T11:00:10.271401Z  INFO fs3_daemon::runner: batch kind="embed" subject=1 x smart jobs=1 ms=1
2026-08-28T11:00:10.282804Z  INFO fs3_daemon::runner: done kind="embed" id=673747 left=29012
2026-08-28T11:00:10.364655Z  INFO fs3_daemon::runner: done kind=summarize subject=docs/plans/059-fix-agents/workshops/001-top-bar-agent-ux.md::Workshop: Top Bar Agent UX — Persistent Agent Visibility::Q3: Agent Chip Design::Chip Anatomy ms=14 left=29012
2026-08-28T11:00:10.374109Z  INFO fs3_daemon::runner: batch kind="embed" subject=1 x smart jobs=1 ms=0
2026-08-28T11:00:10.388694Z  INFO fs3_daemon::runner: done kind="embed" id=673748 left=29011
2026-08-28T11:00:10.473896Z  INFO fs3_daemon::runner: done kind=summarize subject=docs/plans/059-fix-agents/workshops/001-top-bar-agent-ux.md::Workshop: Top Bar Agent UX — Persistent Agent Visibility::Q3: Agent Chip Design ms=15 left=29011
2026-08-28T11:00:10.485546Z  INFO fs3_daemon::runner: batch kind="embed" subject=1 x smart jobs=1 ms=1
2026-08-28T11:00:10.502120Z  INFO fs3_daemon::runner: done kind="embed" id=673749 left=29010
2026-08-28T11:00:10.587118Z  INFO fs3_daemon::runner: done kind=summarize subject=docs/plans/059-fix-agents/workshops/001-top-bar-agent-ux.md::Workshop: Top Bar Agent UX — Persistent Agent Visibility::Q2: Agent Ordering Strategy::RESOLVED: Stable Creation Order + Drag Override ms=13 left=29010
2026-08-28T11:00:10.593965Z  INFO fs3_daemon::runner: batch kind="embed" subject=1 x smart jobs=1 ms=0
2026-08-28T11:00:10.615598Z  INFO fs3_daemon::runner: done kind="embed" id=673750 left=29009
2026-08-28T11:00:10.701040Z  INFO fs3_daemon::runner: done kind=summarize subject=docs/plans/059-fix-agents/workshops/001-top-bar-agent-ux.md::Workshop: Top Bar Agent UX — Persistent Agent Visibility::Q2: Agent Ordering Strategy ms=15 left=29009
2026-08-28T11:00:10.709866Z  INFO fs3_daemon::runner: batch kind="embed" subject=1 x smart jobs=1 ms=0
2026-08-28T11:00:10.727480Z  INFO fs3_daemon::runner: done kind="embed" id=673751 left=29008
2026-08-28T11:00:10.813062Z  INFO fs3_daemon::runner: done kind=summarize subject=docs/plans/059-fix-agents/workshops/001-top-bar-agent-ux.md::Workshop: Top Bar Agent UX — Persistent Agent Visibility::Q1: Agent Lifecycle & Top Bar Visibility::State Paths (Plan 053 Pattern) ms=15 left=29008
2026-08-28T11:00:10.816267Z  INFO fs3_daemon::runner: batch kind="embed" subject=1 x smart jobs=1 ms=1
2026-08-28T11:00:10.827835Z  INFO fs3_daemon::runner: done kind="embed" id=673752 left=29007
2026-08-28T11:00:10.916228Z  INFO fs3_daemon::runner: done kind=summarize subject=docs/plans/059-fix-agents/workshops/001-top-bar-agent-ux.md::Workshop: Top Bar Agent UX — Persistent Agent Visibility::Q1: Agent Lifecycle & Top Bar Visibility::Status Derivation (Simplified) ms=12 left=29007
2026-08-28T11:00:10.918175Z  INFO fs3_daemon::runner: batch kind="embed" subject=1 x smart jobs=1 ms=0
2026-08-28T11:00:10.927681Z  INFO fs3_daemon::runner: done kind="embed" id=673753 left=29006
2026-08-28T11:00:11.011763Z  INFO fs3_daemon::runner: done kind=summarize subject=docs/plans/059-fix-agents/workshops/001-top-bar-agent-ux.md::Workshop: Top Bar Agent UX — Persistent Agent Visibility::Q1: Agent Lifecycle & Top Bar Visibility::RESOLVED: Extended Status Model ms=16 left=29006
2026-08-28T11:00:11.016957Z  INFO fs3_daemon::runner: batch kind="embed" subject=1 x smart jobs=1 ms=0
2026-08-28T11:00:11.027718Z  INFO fs3_daemon::runner: done kind="embed" id=673754 left=29005
2026-08-28T11:00:11.112059Z  INFO fs3_daemon::runner: done kind=summarize subject=docs/plans/059-fix-agents/workshops/001-top-bar-agent-ux.md::Workshop: Top Bar Agent UX — Persistent Agent Visibility::Q1: Agent Lifecycle & Top Bar Visibility ms=14 left=29005
2026-08-28T11:00:11.118545Z  INFO fs3_daemon::runner: batch kind="embed" subject=1 x smart jobs=1 ms=2
2026-08-28T11:00:11.129499Z  INFO fs3_daemon::runner: done kind="embed" id=673755 left=29004
2026-08-28T11:00:11.226306Z  INFO fs3_daemon::runner: done kind=summarize subject=docs/plans/059-fix-agents/workshops/001-top-bar-agent-ux.md::Workshop: Top Bar Agent UX — Persistent Agent Visibility::Key Questions Addressed ms=22 left=29004
2026-08-28T11:00:11.272245Z  INFO fs3_daemon::runner: progress phase="working" scanned=62565 scan_left=33 summarized=129178 summarize_left=28970 embedded=208909 embed_left=1 failed=0
2026-08-28T11:00:11.295147Z  INFO fs3_daemon::runner: batch kind="embed" subject=2 x smart jobs=2 ms=0
2026-08-28T11:00:11.305255Z  INFO fs3_daemon::runner: done kind="embed" id=673756 left=29003
2026-08-28T11:00:11.377315Z  INFO fs3_daemon::runner: done kind="embed" id=673757 left=29002
2026-08-28T11:00:11.456684Z  INFO fs3_daemon::runner: done kind=summarize subject=docs/plans/059-fix-agents/workshops/001-top-bar-agent-ux.md::Workshop: Top Bar Agent UX — Persistent Agent Visibility ms=13 left=29002
2026-08-28T11:00:11.485928Z  INFO fs3_daemon::runner: done kind=summarize subject=docs/plans/059-fix-agents/tasks/phase-4-cross-worktree-left-menu/tasks.md::Phase 4: Cross-Worktree & Left Menu — Tasks::Directory Layout ms=19 left=29002
2026-08-28T11:00:11.493463Z  INFO fs3_daemon::runner: batch kind="embed" subject=1 x smart jobs=1 ms=0
2026-08-28T11:00:11.509201Z  INFO fs3_daemon::runner: done kind="embed" id=673758 left=29001
2026-08-28T11:00:11.598199Z  INFO fs3_daemon::runner: done kind=summarize subject=docs/plans/059-fix-agents/tasks/phase-4-cross-worktree-left-menu/tasks.md::Phase 4: Cross-Worktree & Left Menu — Tasks::Discoveries & Learnings ms=16 left=29001
2026-08-28T11:00:11.602490Z  INFO fs3_daemon::runner: batch kind="embed" subject=1 x smart jobs=1 ms=2
2026-08-28T11:00:11.613574Z  INFO fs3_daemon::runner: done kind="embed" id=673759 left=29000
2026-08-28T11:00:11.696332Z  INFO fs3_daemon::runner: done kind=summarize subject=docs/plans/059-fix-agents/tasks/phase-4-cross-worktree-left-menu/tasks.md::Phase 4: Cross-Worktree & Left Menu — Tasks::Context Brief::Sequence diagram — badge display ms=15 left=29000
2026-08-28T11:00:11.704663Z  INFO fs3_daemon::runner: batch kind="embed" subject=1 x smart jobs=1 ms=2
2026-08-28T11:00:11.715821Z  INFO fs3_daemon::runner: done kind="embed" id=673760 left=28999
2026-08-28T11:00:11.805470Z  INFO fs3_daemon::runner: done kind=summarize subject=docs/plans/059-fix-agents/tasks/phase-4-cross-worktree-left-menu/tasks.md::Phase 4: Cross-Worktree & Left Menu — Tasks::Context Brief::Data flow diagram ms=15 left=28999
2026-08-28T11:00:11.809037Z  INFO fs3_daemon::runner: batch kind="embed" subject=1 x smart jobs=1 ms=0
2026-08-28T11:00:11.827261Z  INFO fs3_daemon::runner: done kind="embed" id=673761 left=28998
2026-08-28T11:00:11.915924Z  INFO fs3_daemon::runner: done kind=summarize subject=docs/plans/059-fix-agents/tasks/phase-4-cross-worktree-left-menu/tasks.md::Phase 4: Cross-Worktree & Left Menu — Tasks::Context Brief::DYK findings (from didyouknow-v2 analysis) ms=16 left=28998
2026-08-28T11:00:11.917887Z  INFO fs3_daemon::runner: batch kind="embed" subject=1 x smart jobs=1 ms=0
2026-08-28T11:00:11.927700Z  INFO fs3_daemon::runner: done kind="embed" id=673762 left=28997
2026-08-28T11:00:12.006589Z  INFO fs3_daemon::runner: done kind=summarize subject=docs/plans/059-fix-agents/tasks/phase-4-cross-worktree-left-menu/tasks.md::Phase 4: Cross-Worktree & Left Menu — Tasks::Context Brief ms=12 left=28997
2026-08-28T11:00:12.015286Z  INFO fs3_daemon::runner: batch kind="embed" subject=1 x smart jobs=1 ms=0
2026-08-28T11:00:12.024348Z  INFO fs3_daemon::runner: done kind="embed" id=673763 left=28996
2026-08-28T11:00:12.105124Z  INFO fs3_daemon::runner: done kind=summarize subject=docs/plans/059-fix-agents/tasks/phase-4-cross-worktree-left-menu/tasks.md::Phase 4: Cross-Worktree & Left Menu — Tasks::Tasks ms=13 left=28996
2026-08-28T11:00:12.111242Z  INFO fs3_daemon::runner: batch kind="embed" subject=1 x smart jobs=1 ms=0
2026-08-28T11:00:12.122706Z  INFO fs3_daemon::runner: done kind="embed" id=673764 left=28995
2026-08-28T11:00:12.202941Z  INFO fs3_daemon::runner: done kind=summarize subject=docs/plans/059-fix-agents/tasks/phase-4-cross-worktree-left-menu/tasks.md::Phase 4: Cross-Worktree & Left Menu — Tasks::Architecture Map ms=14 left=28995
2026-08-28T11:00:12.205115Z  INFO fs3_daemon::runner: batch kind="embed" subject=1 x smart jobs=1 ms=0
2026-08-28T11:00:12.217524Z  INFO fs3_daemon::runner: done kind="embed" id=673765 left=28994
2026-08-28T11:00:12.306793Z  INFO fs3_daemon::runner: done kind=summarize subject=docs/plans/059-fix-agents/tasks/phase-4-cross-worktree-left-menu/tasks.md::Phase 4: Cross-Worktree & Left Menu — Tasks::Pre-Implementation Check ms=15 left=28994
2026-08-28T11:00:12.310395Z  INFO fs3_daemon::runner: batch kind="embed" subject=1 x smart jobs=1 ms=0
2026-08-28T11:00:12.322974Z  INFO fs3_daemon::runner: done kind="embed" id=673766 left=28993
2026-08-28T11:00:12.406872Z  INFO fs3_daemon::runner: done kind=summarize subject=docs/plans/059-fix-agents/tasks/phase-4-cross-worktree-left-menu/tasks.md::Phase 4: Cross-Worktree & Left Menu — Tasks::Prior Phase Context::Phase 3: Top Bar + Agent Overlay ms=17 left=28993
2026-08-28T11:00:12.418118Z  INFO fs3_daemon::runner: batch kind="embed" subject=1 x smart jobs=1 ms=0
2026-08-28T11:00:12.434857Z  INFO fs3_daemon::runner: done kind="embed" id=673767 left=28992
2026-08-28T11:00:12.520964Z  INFO fs3_daemon::runner: done kind=summarize subject=docs/plans/059-fix-agents/tasks/phase-4-cross-worktree-left-menu/tasks.md::Phase 4: Cross-Worktree & Left Menu — Tasks::Prior Phase Context ms=18 left=28992
2026-08-28T11:00:12.529402Z  INFO fs3_daemon::runner: batch kind="embed" subject=1 x smart jobs=1 ms=0
2026-08-28T11:00:12.548638Z  INFO fs3_daemon::runner: done kind="embed" id=673768 left=28991
2026-08-28T11:00:12.633079Z  INFO fs3_daemon::runner: done kind=summarize subject=docs/plans/059-fix-agents/tasks/phase-4-cross-worktree-left-menu/tasks.md::Phase 4: Cross-Worktree & Left Menu — Tasks::Executive Briefing ms=16 left=28991
2026-08-28T11:00:12.640306Z  INFO fs3_daemon::runner: batch kind="embed" subject=1 x smart jobs=1 ms=4
2026-08-28T11:00:12.651975Z  INFO fs3_daemon::runner: done kind="embed" id=673769 left=28990
2026-08-28T11:00:12.756557Z  INFO fs3_daemon::runner: done kind=summarize subject=docs/plans/059-fix-agents/tasks/phase-4-cross-worktree-left-menu/tasks.md::Phase 4: Cross-Worktree & Left Menu — Tasks ms=29 left=28990
2026-08-28T11:00:12.760650Z  INFO fs3_daemon::runner: batch kind="embed" subject=1 x smart jobs=1 ms=1
2026-08-28T11:00:12.789153Z  INFO fs3_daemon::runner: done kind="embed" id=673770 left=28989
2026-08-28T11:00:12.894089Z  INFO fs3_daemon::runner: done kind=summarize subject=docs/plans/059-fix-agents/tasks/phase-4-cross-worktree-left-menu/tasks.fltplan.md::Flight Plan: Phase 4 — Cross-Worktree & Left Menu::Architecture: Before & After ms=30 left=28989
2026-08-28T11:00:12.899086Z  INFO fs3_daemon::runner: batch kind="embed" subject=1 x smart jobs=1 ms=0
2026-08-28T11:00:12.934314Z  INFO fs3_daemon::runner: done kind="embed" id=673771 left=28988
2026-08-28T11:00:13.030545Z  INFO fs3_daemon::runner: batch kind="embed" subject=1 x smart jobs=1 ms=0
2026-08-28T11:00:13.034620Z  INFO fs3_daemon::runner: done kind=summarize subject=docs/plans/059-fix-agents/tasks/phase-4-cross-worktree-left-menu/tasks.fltplan.md::Flight Plan: Phase 4 — Cross-Worktree & Left Menu::Flight Status ms=27 left=28988
2026-08-28T11:00:13.062341Z  INFO fs3_daemon::runner: done kind="embed" id=673772 left=28987
2026-08-28T11:00:13.176439Z  INFO fs3_daemon::runner: batch kind="embed" subject=1 x smart jobs=1 ms=0
2026-08-28T11:00:13.179802Z  INFO fs3_daemon::runner: done kind=summarize subject=docs/plans/059-fix-agents/tasks/phase-4-cross-worktree-left-menu/tasks.fltplan.md::Flight Plan: Phase 4 — Cross-Worktree & Left Menu::Domain Context::Domains We Depend On (no changes) ms=35 left=28987
2026-08-28T11:00:13.200962Z  INFO fs3_daemon::runner: done kind="embed" id=673773 left=28986
2026-08-28T11:00:13.307611Z  INFO fs3_daemon::runner: done kind=summarize subject=docs/plans/059-fix-agents/tasks/phase-4-cross-worktree-left-menu/tasks.fltplan.md::Flight Plan: Phase 4 — Cross-Worktree & Left Menu::Domain Context ms=31 left=28986
2026-08-28T11:00:13.310643Z  INFO fs3_daemon::runner: batch kind="embed" subject=1 x smart jobs=1 ms=0
2026-08-28T11:00:13.329999Z  INFO fs3_daemon::runner: done kind="embed" id=673774 left=28985
2026-08-28T11:00:13.444118Z  INFO fs3_daemon::runner: done kind=summarize subject=docs/plans/059-fix-agents/tasks/phase-4-cross-worktree-left-menu/tasks.fltplan.md::Flight Plan: Phase 4 — Cross-Worktree & Left Menu ms=31 left=28985
2026-08-28T11:00:13.449110Z  INFO fs3_daemon::runner: batch kind="embed" subject=1 x smart jobs=1 ms=1
2026-08-28T11:00:13.471460Z  INFO fs3_daemon::runner: done kind="embed" id=673775 left=28984
2026-08-28T11:00:13.572063Z  INFO fs3_daemon::runner: batch kind="embed" subject=1 x smart jobs=1 ms=0
2026-08-28T11:00:13.573243Z  INFO fs3_daemon::runner: done kind=summarize subject=docs/plans/059-fix-agents/tasks/phase-4-cross-worktree-left-menu/execution.log.md::Phase 4: Cross-Worktree & Left Menu — Execution Log::Task Log::T005: E2E Verification ms=28 left=28984
2026-08-28T11:00:13.591598Z  INFO fs3_daemon::runner: done kind="embed" id=673776 left=28983
2026-08-28T11:00:13.695252Z  INFO fs3_daemon::runner: done kind=summarize subject=docs/plans/059-fix-agents/tasks/phase-4-cross-worktree-left-menu/execution.log.md::Phase 4: Cross-Worktree & Left Menu — Execution Log::Task Log::T004: Badge Click Navigation ms=29 left=28983
2026-08-28T11:00:13.698599Z  INFO fs3_daemon::runner: batch kind="embed" subject=1 x smart jobs=1 ms=0
2026-08-28T11:00:13.719148Z  INFO fs3_daemon::runner: done kind="embed" id=673777 left=28982
2026-08-28T11:00:13.824182Z  INFO fs3_daemon::runner: batch kind="embed" subject=1 x smart jobs=1 ms=1
2026-08-28T11:00:13.844273Z  INFO fs3_daemon::runner: done kind=summarize subject=docs/plans/059-fix-agents/tasks/phase-4-cross-worktree-left-menu/execution.log.md::Phase 4: Cross-Worktree & Left Menu — Execution Log::Task Log::T003: ActivityDot Component + WorkspaceNav Integration ms=47 left=28982
2026-08-28T11:00:13.862470Z  INFO fs3_daemon::runner: done kind="embed" id=673778 left=28981
2026-08-28T11:00:13.973568Z  INFO fs3_daemon::runner: done kind=summarize subject=docs/plans/059-fix-agents/tasks/phase-4-cross-worktree-left-menu/execution.log.md::Phase 4: Cross-Worktree & Left Menu — Execution Log::Task Log::T002: useWorktreeActivity Polling Hook ms=25 left=28981
2026-08-28T11:00:13.981256Z  INFO fs3_daemon::runner: batch kind="embed" subject=1 x smart jobs=1 ms=2
2026-08-28T11:00:14.007874Z  INFO fs3_daemon::runner: done kind="embed" id=673779 left=28980
2026-08-28T11:00:14.123768Z  INFO fs3_daemon::runner: batch kind="embed" subject=1 x smart jobs=1 ms=0
2026-08-28T11:00:14.142889Z  INFO fs3_daemon::runner: done kind=summarize subject=docs/plans/059-fix-agents/tasks/phase-4-cross-worktree-left-menu/execution.log.md::Phase 4: Cross-Worktree & Left Menu — Execution Log::Task Log::T001: Cross-Worktree Activity API Endpoint ms=57 left=28980
2026-08-28T11:00:14.161072Z  INFO fs3_daemon::runner: done kind="embed" id=673780 left=28979
2026-08-28T11:00:14.271118Z  INFO fs3_daemon::runner: done kind=summarize subject=docs/plans/059-fix-agents/tasks/phase-4-cross-worktree-left-menu/execution.log.md::Phase 4: Cross-Worktree & Left Menu — Execution Log::Task Log ms=29 left=28979
2026-08-28T11:00:14.274796Z  INFO fs3_daemon::runner: batch kind="embed" subject=1 x smart jobs=1 ms=4
2026-08-28T11:00:14.302866Z  INFO fs3_daemon::runner: done kind="embed" id=673781 left=28978
2026-08-28T11:00:14.394647Z  INFO fs3_daemon::runner: done kind=summarize subject=docs/plans/059-fix-agents/tasks/phase-4-cross-worktree-left-menu/execution.log.md::Phase 4: Cross-Worktree & Left Menu — Execution Log ms=20 left=28978
2026-08-28T11:00:14.398891Z  INFO fs3_daemon::runner: batch kind="embed" subject=1 x smart jobs=1 ms=0
2026-08-28T11:00:14.417504Z  INFO fs3_daemon::runner: done kind="embed" id=673782 left=28977
2026-08-28T11:00:14.505566Z  INFO fs3_daemon::runner: done kind=summarize subject=docs/plans/059-fix-agents/tasks/phase-3-top-bar-agent-overlay/tasks.md::Phase 3: Top Bar + Agent Overlay — Tasks::Directory Layout ms=13 left=28977
2026-08-28T11:00:14.514953Z  INFO fs3_daemon::runner: batch kind="embed" subject=1 x smart jobs=1 ms=0
2026-08-28T11:00:14.523814Z  INFO fs3_daemon::runner: done kind="embed" id=673783 left=28976
2026-08-28T11:00:14.613931Z  INFO fs3_daemon::runner: done kind=summarize subject=docs/plans/059-fix-agents/tasks/phase-3-top-bar-agent-overlay/tasks.md::Phase 3: Top Bar + Agent Overlay — Tasks::Discoveries & Learnings ms=18 left=28976
2026-08-28T11:00:14.614631Z  INFO fs3_daemon::runner: batch kind="embed" subject=1 x smart jobs=1 ms=0
2026-08-28T11:00:14.624373Z  INFO fs3_daemon::runner: done kind="embed" id=673784 left=28975
2026-08-28T11:00:14.709786Z  INFO fs3_daemon::runner: done kind=summarize subject=docs/plans/059-fix-agents/tasks/phase-3-top-bar-agent-overlay/tasks.md::Phase 3: Top Bar + Agent Overlay — Tasks::Context Brief::Sequence diagram — chip click → overlay ms=18 left=28975
2026-08-28T11:00:14.712574Z  INFO fs3_daemon::runner: batch kind="embed" subject=1 x smart jobs=1 ms=0
2026-08-28T11:00:14.724566Z  INFO fs3_daemon::runner: done kind="embed" id=673785 left=28974
2026-08-28T11:00:14.822463Z  INFO fs3_daemon::runner: batch kind="embed" subject=1 x smart jobs=1 ms=0
2026-08-28T11:00:14.824616Z  INFO fs3_daemon::runner: done kind=summarize subject=docs/plans/059-fix-agents/tasks/phase-3-top-bar-agent-overlay/tasks.md::Phase 3: Top Bar + Agent Overlay — Tasks::Context Brief::Data flow diagram ms=21 left=28974
2026-08-28T11:00:14.835015Z  INFO fs3_daemon::runner: done kind="embed" id=673786 left=28973
2026-08-28T11:00:14.916175Z  INFO fs3_daemon::runner: done kind=summarize subject=docs/plans/059-fix-agents/tasks/phase-3-top-bar-agent-overlay/tasks.md::Phase 3: Top Bar + Agent Overlay — Tasks::Context Brief::Reusable from prior phases ms=10 left=28973
2026-08-28T11:00:14.927391Z  INFO fs3_daemon::runner: batch kind="embed" subject=1 x smart jobs=1 ms=0
2026-08-28T11:00:14.945073Z  INFO fs3_daemon::runner: done kind="embed" id=673787 left=28972
2026-08-28T11:00:15.030540Z  INFO fs3_daemon::runner: done kind=summarize subject=docs/plans/059-fix-agents/tasks/phase-3-top-bar-agent-overlay/tasks.md::Phase 3: Top Bar + Agent Overlay — Tasks::Context Brief ms=12 left=28972
2026-08-28T11:00:15.037198Z  INFO fs3_daemon::runner: batch kind="embed" subject=1 x smart jobs=1 ms=0
2026-08-28T11:00:15.048350Z  INFO fs3_daemon::runner: done kind="embed" id=673788 left=28971
2026-08-28T11:00:15.131763Z  INFO fs3_daemon::runner: done kind=summarize subject=docs/plans/059-fix-agents/tasks/phase-3-top-bar-agent-overlay/tasks.md::Phase 3: Top Bar + Agent Overlay — Tasks::Tasks ms=15 left=28971
2026-08-28T11:00:15.137519Z  INFO fs3_daemon::runner: batch kind="embed" subject=1 x smart jobs=1 ms=1
2026-08-28T11:00:15.147861Z  INFO fs3_daemon::runner: done kind="embed" id=673789 left=28970
2026-08-28T11:00:15.233925Z  INFO fs3_daemon::runner: done kind=summarize subject=docs/plans/059-fix-agents/tasks/phase-3-top-bar-agent-overlay/tasks.md::Phase 3: Top Bar + Agent Overlay — Tasks::Architecture Map ms=17 left=28970
2026-08-28T11:00:15.234045Z  INFO fs3_daemon::runner: batch kind="embed" subject=1 x smart jobs=1 ms=0
2026-08-28T11:00:15.251012Z  INFO fs3_daemon::runner: done kind="embed" id=673790 left=28969
2026-08-28T11:00:15.345160Z  INFO fs3_daemon::runner: done kind=summarize subject=docs/plans/059-fix-agents/tasks/phase-3-top-bar-agent-overlay/tasks.md::Phase 3: Top Bar + Agent Overlay — Tasks::Pre-Implementation Check ms=22 left=28969
2026-08-28T11:00:15.346279Z  INFO fs3_daemon::runner: batch kind="embed" subject=1 x smart jobs=1 ms=0
2026-08-28T11:00:15.362071Z  INFO fs3_daemon::runner: done kind="embed" id=673791 left=28968
2026-08-28T11:00:15.472732Z  INFO fs3_daemon::runner: done kind=summarize subject=docs/plans/059-fix-agents/tasks/phase-3-top-bar-agent-overlay/tasks.md::Phase 3: Top Bar + Agent Overlay — Tasks::Prior Phase Context::Phase 2: WorkUnit State System ms=22 left=28968
2026-08-28T11:00:15.472868Z  INFO fs3_daemon::runner: batch kind="embed" subject=1 x smart jobs=1 ms=0
2026-08-28T11:00:15.484184Z  INFO fs3_daemon::runner: done kind="embed" id=673792 left=28967
2026-08-28T11:00:15.577040Z  INFO fs3_daemon::runner: done kind=summarize subject=docs/plans/059-fix-agents/tasks/phase-3-top-bar-agent-overlay/tasks.md::Phase 3: Top Bar + Agent Overlay — Tasks::Prior Phase Context::Phase 1: Fix Agent Foundation ms=19 left=28967
2026-08-28T11:00:15.578317Z  INFO fs3_daemon::runner: batch kind="embed" subject=1 x smart jobs=1 ms=0
2026-08-28T11:00:15.597388Z  INFO fs3_daemon::runner: done kind="embed" id=673793 left=28966
2026-08-28T11:00:15.681784Z  INFO fs3_daemon::runner: done kind=summarize subject=docs/plans/059-fix-agents/tasks/phase-3-top-bar-agent-overlay/tasks.md::Phase 3: Top Bar + Agent Overlay — Tasks::Prior Phase Context ms=14 left=28966
2026-08-28T11:00:15.686284Z  INFO fs3_daemon::runner: batch kind="embed" subject=1 x smart jobs=1 ms=0
2026-08-28T11:00:15.701682Z  INFO fs3_daemon::runner: done kind="embed" id=673794 left=28965
2026-08-28T11:00:15.792584Z  INFO fs3_daemon::runner: done kind=summarize subject=docs/plans/059-fix-agents/tasks/phase-3-top-bar-agent-overlay/tasks.md::Phase 3: Top Bar + Agent Overlay — Tasks::Executive Briefing ms=17 left=28965
2026-08-28T11:00:15.794829Z  INFO fs3_daemon::runner: batch kind="embed" subject=1 x smart jobs=1 ms=0
2026-08-28T11:00:15.806455Z  INFO fs3_daemon::runner: done kind="embed" id=673795 left=28964
2026-08-28T11:00:15.899555Z  INFO fs3_daemon::runner: done kind=summarize subject=docs/plans/059-fix-agents/tasks/phase-3-top-bar-agent-overlay/tasks.md::Phase 3: Top Bar + Agent Overlay — Tasks ms=19 left=28964
2026-08-28T11:00:15.902274Z  INFO fs3_daemon::runner: batch kind="embed" subject=1 x smart jobs=1 ms=2
2026-08-28T11:00:15.916459Z  INFO fs3_daemon::runner: done kind="embed" id=673796 left=28963
2026-08-28T11:00:16.015518Z  INFO fs3_daemon::runner: batch kind="embed" subject=1 x smart jobs=1 ms=0
2026-08-28T11:00:16.018168Z  INFO fs3_daemon::runner: done kind=summarize subject=docs/plans/059-fix-agents/tasks/phase-3-top-bar-agent-overlay/tasks.fltplan.md::Flight Plan: Phase 3 — Top Bar + Agent Overlay::Checklist ms=28 left=28963
2026-08-28T11:00:16.035484Z  INFO fs3_daemon::runner: done kind="embed" id=673797 left=28962
2026-08-28T11:00:16.142398Z  INFO fs3_daemon::runner: done kind=summarize subject=docs/plans/059-fix-agents/tasks/phase-3-top-bar-agent-overlay/tasks.fltplan.md::Flight Plan: Phase 3 — Top Bar + Agent Overlay::Acceptance Criteria ms=18 left=28962
2026-08-28T11:00:16.144172Z  INFO fs3_daemon::runner: batch kind="embed" subject=1 x smart jobs=1 ms=1
2026-08-28T11:00:16.154959Z  INFO fs3_daemon::runner: done kind="embed" id=673798 left=28961
2026-08-28T11:00:16.236795Z  INFO fs3_daemon::runner: done kind=summarize subject=docs/plans/059-fix-agents/tasks/phase-3-top-bar-agent-overlay/tasks.fltplan.md::Flight Plan: Phase 3 — Top Bar + Agent Overlay::Architecture: Before & After ms=14 left=28961
2026-08-28T11:00:16.243747Z  INFO fs3_daemon::runner: batch kind="embed" subject=1 x smart jobs=1 ms=0
2026-08-28T11:00:16.256634Z  INFO fs3_daemon::runner: done kind="embed" id=673799 left=28960
2026-08-28T11:00:16.344990Z  INFO fs3_daemon::runner: done kind=summarize subject=docs/plans/059-fix-agents/tasks/phase-3-top-bar-agent-overlay/tasks.fltplan.md::Flight Plan: Phase 3 — Top Bar + Agent Overlay::Stages ms=16 left=28960
2026-08-28T11:00:16.397090Z  INFO fs3_daemon::runner: progress phase="working" scanned=62565 scan_left=33 summarized=129222 summarize_left=28926 embedded=208953 embed_left=1 failed=0
2026-08-28T11:00:16.417507Z  INFO fs3_daemon::runner: batch kind="embed" subject=2 x smart jobs=2 ms=0
2026-08-28T11:00:16.432036Z  INFO fs3_daemon::runner: done kind="embed" id=673800 left=28959
2026-08-28T11:00:16.504753Z  INFO fs3_daemon::runner: done kind="embed" id=673801 left=28958
2026-08-28T11:00:16.585949Z  INFO fs3_daemon::runner: done kind=summarize subject=docs/plans/059-fix-agents/tasks/phase-3-top-bar-agent-overlay/tasks.fltplan.md::Flight Plan: Phase 3 — Top Bar + Agent Overlay::Flight Status ms=16 left=28958
2026-08-28T11:00:16.618465Z  INFO fs3_daemon::runner: done kind=summarize subject=docs/plans/059-fix-agents/tasks/phase-3-top-bar-agent-overlay/tasks.fltplan.md::Flight Plan: Phase 3 — Top Bar + Agent Overlay::Domain Context::Domains We Depend On (no changes) ms=21 left=28958
2026-08-28T11:00:16.621404Z  INFO fs3_daemon::runner: batch kind="embed" subject=1 x smart jobs=1 ms=0
2026-08-28T11:00:16.636190Z  INFO fs3_daemon::runner: done kind="embed" id=673802 left=28957
2026-08-28T11:00:16.721646Z  INFO fs3_daemon::runner: done kind=summarize subject=docs/plans/059-fix-agents/tasks/phase-3-top-bar-agent-overlay/tasks.fltplan.md::Flight Plan: Phase 3 — Top Bar + Agent Overlay::Domain Context ms=13 left=28957
2026-08-28T11:00:16.736500Z  INFO fs3_daemon::runner: batch kind="embed" subject=1 x smart jobs=1 ms=0
2026-08-28T11:00:16.752260Z  INFO fs3_daemon::runner: done kind="embed" id=673803 left=28956
2026-08-28T11:00:16.855652Z  INFO fs3_daemon::runner: batch kind="embed" subject=1 x smart jobs=1 ms=0
2026-08-28T11:00:16.861326Z  INFO fs3_daemon::runner: done kind=summarize subject=docs/plans/059-fix-agents/tasks/phase-3-top-bar-agent-overlay/tasks.fltplan.md::Flight Plan: Phase 3 — Top Bar + Agent Overlay ms=28 left=28956
2026-08-28T11:00:16.872586Z  INFO fs3_daemon::runner: done kind="embed" id=673804 left=28955
2026-08-28T11:00:16.965362Z  INFO fs3_daemon::runner: done kind=summarize subject=docs/plans/059-fix-agents/tasks/phase-3-top-bar-agent-overlay/execution.log.md::Execution Log: Phase 3 — Top Bar + Agent Overlay ms=17 left=28955
2026-08-28T11:00:16.968557Z  INFO fs3_daemon::runner: batch kind="embed" subject=1 x smart jobs=1 ms=0
2026-08-28T11:00:16.979997Z  INFO fs3_daemon::runner: done kind="embed" id=673805 left=28954
2026-08-28T11:00:17.075132Z  INFO fs3_daemon::runner: done kind=summarize subject=docs/plans/059-fix-agents/tasks/phase-2-workunit-state-system/tasks.md::Phase 2: WorkUnit State System — Tasks::Directory Layout ms=19 left=28954
2026-08-28T11:00:17.077207Z  INFO fs3_daemon::runner: batch kind="embed" subject=1 x smart jobs=1 ms=0
2026-08-28T11:00:17.089990Z  INFO fs3_daemon::runner: done kind="embed" id=673806 left=28953
2026-08-28T11:00:17.170977Z  INFO fs3_daemon::runner: done kind=summarize subject=docs/plans/059-fix-agents/tasks/phase-2-workunit-state-system/tasks.md::Phase 2: WorkUnit State System — Tasks::Discoveries & Learnings ms=13 left=28953
2026-08-28T11:00:17.179220Z  INFO fs3_daemon::runner: batch kind="embed" subject=1 x smart jobs=1 ms=0
2026-08-28T11:00:17.190857Z  INFO fs3_daemon::runner: done kind="embed" id=673807 left=28952
2026-08-28T11:00:17.273799Z  INFO fs3_daemon::runner: done kind=summarize subject=docs/plans/059-fix-agents/tasks/phase-2-workunit-state-system/tasks.md::Phase 2: WorkUnit State System — Tasks::Context Brief::Sequence diagram — question flow ms=14 left=28952
2026-08-28T11:00:17.282601Z  INFO fs3_daemon::runner: batch kind="embed" subject=1 x smart jobs=1 ms=2
2026-08-28T11:00:17.301945Z  INFO fs3_daemon::runner: done kind="embed" id=673808 left=28951
2026-08-28T11:00:17.385898Z  INFO fs3_daemon::runner: done kind=summarize subject=docs/plans/059-fix-agents/tasks/phase-2-workunit-state-system/tasks.md::Phase 2: WorkUnit State System — Tasks::Context Brief::Data flow diagram ms=15 left=28951
2026-08-28T11:00:17.388576Z  INFO fs3_daemon::runner: batch kind="embed" subject=1 x smart jobs=1 ms=0
2026-08-28T11:00:17.398546Z  INFO fs3_daemon::runner: done kind="embed" id=673809 left=28950
2026-08-28T11:00:17.503180Z  INFO fs3_daemon::runner: done kind=summarize subject=docs/plans/059-fix-agents/tasks/phase-2-workunit-state-system/tasks.md::Phase 2: WorkUnit State System — Tasks::Context Brief ms=16 left=28950
2026-08-28T11:00:17.505134Z  INFO fs3_daemon::runner: batch kind="embed" subject=1 x smart jobs=1 ms=0
2026-08-28T11:00:17.516941Z  INFO fs3_daemon::runner: done kind="embed" id=673810 left=28949
2026-08-28T11:00:17.701281Z  INFO fs3_daemon::runner: done kind=summarize subject=docs/plans/059-fix-agents/tasks/phase-2-workunit-state-system/tasks.md::Phase 2: WorkUnit State System — Tasks::Tasks ms=58 left=28949
2026-08-28T11:00:17.721036Z  INFO fs3_daemon::runner: batch kind="embed" subject=1 x smart jobs=1 ms=0
2026-08-28T11:00:17.742174Z  INFO fs3_daemon::runner: done kind="embed" id=673811 left=28948
2026-08-28T11:00:17.936562Z  INFO fs3_daemon::runner: batch kind="embed" subject=1 x smart jobs=1 ms=3
2026-08-28T11:00:17.941659Z  INFO fs3_daemon::runner: done kind=summarize subject=docs/plans/059-fix-agents/tasks/phase-2-workunit-state-system/tasks.md::Phase 2: WorkUnit State System — Tasks::Architecture Map ms=99 left=28948
2026-08-28T11:00:18.008673Z  INFO fs3_daemon::runner: done kind="embed" id=673812 left=28947
2026-08-28T11:00:18.138323Z  INFO fs3_daemon::runner: batch kind="embed" subject=1 x smart jobs=1 ms=0
2026-08-28T11:00:18.190538Z  INFO fs3_daemon::runner: done kind=summarize subject=docs/plans/059-fix-agents/tasks/phase-2-workunit-state-system/tasks.md::Phase 2: WorkUnit State System — Tasks::Pre-Implementation Check ms=85 left=28947
2026-08-28T11:00:18.207281Z  INFO fs3_daemon::runner: done kind="embed" id=673813 left=28946
2026-08-28T11:00:18.356590Z  INFO fs3_daemon::runner: batch kind="embed" subject=1 x smart jobs=1 ms=0
2026-08-28T11:00:18.370420Z  INFO fs3_daemon::runner: done kind=summarize subject=docs/plans/059-fix-agents/tasks/phase-2-workunit-state-system/tasks.md::Phase 2: WorkUnit State System — Tasks::Prior Phase Context::Phase 1: Fix Agent Foundation ms=69 left=28946
2026-08-28T11:00:18.382323Z  INFO fs3_daemon::runner: done kind="embed" id=673814 left=28945
2026-08-28T11:00:18.552192Z  INFO fs3_daemon::runner: batch kind="embed" subject=1 x smart jobs=1 ms=5
2026-08-28T11:00:18.581927Z  INFO fs3_daemon::runner: done kind=summarize subject=docs/plans/059-fix-agents/tasks/phase-2-workunit-state-system/tasks.md::Phase 2: WorkUnit State System — Tasks::Prior Phase Context ms=103 left=28945
2026-08-28T11:00:18.601716Z  INFO fs3_daemon::runner: done kind="embed" id=673815 left=28944
2026-08-28T11:00:18.722579Z  INFO fs3_daemon::runner: batch kind="embed" subject=1 x smart jobs=1 ms=0
2026-08-28T11:00:18.753510Z  INFO fs3_daemon::runner: done kind="embed" id=673816 left=28944
2026-08-28T11:00:18.756211Z  INFO fs3_daemon::runner: done kind=summarize subject=docs/plans/059-fix-agents/tasks/phase-2-workunit-state-system/tasks.md::Phase 2: WorkUnit State System — Tasks::Executive Briefing ms=64 left=28943
2026-08-28T11:00:18.905378Z  INFO fs3_daemon::runner: batch kind="embed" subject=1 x smart jobs=1 ms=0
2026-08-28T11:00:18.935294Z  INFO fs3_daemon::runner: done kind="embed" id=673817 left=28942
2026-08-28T11:00:18.936233Z  INFO fs3_daemon::runner: done kind=summarize subject=docs/plans/059-fix-agents/tasks/phase-2-workunit-state-system/tasks.md::Phase 2: WorkUnit State System — Tasks ms=71 left=28942
2026-08-28T11:00:19.079709Z  INFO fs3_daemon::runner: batch kind="embed" subject=1 x smart jobs=1 ms=0
2026-08-28T11:00:19.111589Z  INFO fs3_daemon::runner: done kind=summarize subject=docs/plans/059-fix-agents/tasks/phase-2-workunit-state-system/tasks.fltplan.md::Flight Plan: Phase 2 — WorkUnit State System::Checklist ms=90 left=28942
2026-08-28T11:00:19.136911Z  INFO fs3_daemon::runner: done kind="embed" id=673818 left=28941
2026-08-28T11:00:19.272341Z  INFO fs3_daemon::runner: batch kind="embed" subject=1 x smart jobs=1 ms=0
2026-08-28T11:00:19.292935Z  INFO fs3_daemon::runner: done kind=summarize subject=docs/plans/059-fix-agents/tasks/phase-2-workunit-state-system/tasks.fltplan.md::Flight Plan: Phase 2 — WorkUnit State System::Acceptance Criteria ms=57 left=28941
2026-08-28T11:00:19.313349Z  INFO fs3_daemon::runner: done kind="embed" id=673819 left=28940
2026-08-28T11:00:19.407252Z  INFO fs3_daemon::runner: batch kind="embed" subject=1 x smart jobs=1 ms=0
2026-08-28T11:00:19.420120Z  INFO fs3_daemon::runner: done kind=summarize subject=docs/plans/059-fix-agents/tasks/phase-2-workunit-state-system/tasks.fltplan.md::Flight Plan: Phase 2 — WorkUnit State System::Architecture: Before & After ms=32 left=28940
2026-08-28T11:00:19.421332Z  INFO fs3_daemon::runner: done kind="embed" id=673820 left=28939
2026-08-28T11:00:19.509015Z  INFO fs3_daemon::runner: done kind=summarize subject=docs/plans/059-fix-agents/tasks/phase-2-workunit-state-system/tasks.fltplan.md::Flight Plan: Phase 2 — WorkUnit State System::Stages ms=13 left=28939
2026-08-28T11:00:19.518872Z  INFO fs3_daemon::runner: batch kind="embed" subject=1 x smart jobs=1 ms=0
2026-08-28T11:00:19.538032Z  INFO fs3_daemon::runner: done kind="embed" id=673821 left=28938
2026-08-28T11:00:19.632336Z  INFO fs3_daemon::runner: done kind=summarize subject=docs/plans/059-fix-agents/tasks/phase-2-workunit-state-system/tasks.fltplan.md::Flight Plan: Phase 2 — WorkUnit State System::Flight Status ms=19 left=28938
2026-08-28T11:00:19.632556Z  INFO fs3_daemon::runner: batch kind="embed" subject=1 x smart jobs=1 ms=1
2026-08-28T11:00:19.645968Z  INFO fs3_daemon::runner: done kind="embed" id=673822 left=28937
2026-08-28T11:00:19.737289Z  INFO fs3_daemon::runner: batch kind="embed" subject=1 x smart jobs=1 ms=2
2026-08-28T11:00:19.739059Z  INFO fs3_daemon::runner: done kind=summarize subject=docs/plans/059-fix-agents/tasks/phase-2-workunit-state-system/tasks.fltplan.md::Flight Plan: Phase 2 — WorkUnit State System::Domain Context ms=25 left=28937
2026-08-28T11:00:19.748883Z  INFO fs3_daemon::runner: done kind="embed" id=673823 left=28936
2026-08-28T11:00:19.847254Z  INFO fs3_daemon::runner: done kind=summarize subject=docs/plans/059-fix-agents/tasks/phase-2-workunit-state-system/tasks.fltplan.md::Flight Plan: Phase 2 — WorkUnit State System ms=21 left=28936
2026-08-28T11:00:19.850330Z  INFO fs3_daemon::runner: batch kind="embed" subject=1 x smart jobs=1 ms=0
2026-08-28T11:00:19.862040Z  INFO fs3_daemon::runner: done kind="embed" id=673824 left=28935
2026-08-28T11:00:19.960324Z  INFO fs3_daemon::runner: done kind=summarize subject=docs/plans/059-fix-agents/tasks/phase-2-workunit-state-system/subtask-001-execution.log.md::Execution Log: Subtask 001 — Server Event Router::Task Log::ST004: GlobalStateConnector mount routes ms=16 left=28935
2026-08-28T11:00:19.967439Z  INFO fs3_daemon::runner: batch kind="embed" subject=1 x smart jobs=1 ms=0
2026-08-28T11:00:19.983943Z  INFO fs3_daemon::runner: done kind="embed" id=673825 left=28934
2026-08-28T11:00:20.071141Z  INFO fs3_daemon::runner: done kind=summarize subject=docs/plans/059-fix-agents/tasks/phase-2-workunit-state-system/subtask-001-execution.log.md::Execution Log: Subtask 001 — Server Event Router::Task Log::ST002: ServerEventRouteDescriptor type + ServerEventRoute component ms=13 left=28934
2026-08-28T11:00:20.077638Z  INFO fs3_daemon::runner: batch kind="embed" subject=1 x smart jobs=1 ms=0
2026-08-28T11:00:20.106420Z  INFO fs3_daemon::runner: done kind="embed" id=673826 left=28933
2026-08-28T11:00:20.201261Z  INFO fs3_daemon::runner: batch kind="embed" subject=1 x smart jobs=1 ms=1
2026-08-28T11:00:20.203145Z  INFO fs3_daemon::runner: done kind=summarize subject=docs/plans/059-fix-agents/tasks/phase-2-workunit-state-system/subtask-001-execution.log.md::Execution Log: Subtask 001 — Server Event Router::Task Log::ST001: StateEntrySource type + publish() extension ms=23 left=28933
2026-08-28T11:00:20.211324Z  INFO fs3_daemon::runner: done kind="embed" id=673827 left=28932
2026-08-28T11:00:20.315608Z  INFO fs3_daemon::runner: done kind=summarize subject=docs/plans/059-fix-agents/tasks/phase-2-workunit-state-system/subtask-001-execution.log.md::Execution Log: Subtask 001 — Server Event Router::Task Log ms=20 left=28932
2026-08-28T11:00:20.324294Z  INFO fs3_daemon::runner: batch kind="embed" subject=1 x smart jobs=1 ms=0
2026-08-28T11:00:20.336999Z  INFO fs3_daemon::runner: done kind="embed" id=673828 left=28931
2026-08-28T11:00:20.451160Z  INFO fs3_daemon::runner: batch kind="embed" subject=1 x smart jobs=1 ms=0
2026-08-28T11:00:20.457154Z  INFO fs3_daemon::runner: done kind=summarize subject=docs/plans/059-fix-agents/tasks/phase-2-workunit-state-system/subtask-001-execution.log.md::Execution Log: Subtask 001 — Server Event Router ms=21 left=28931
2026-08-28T11:00:20.468471Z  INFO fs3_daemon::runner: done kind="embed" id=673829 left=28930
2026-08-28T11:00:20.558271Z  INFO fs3_daemon::runner: done kind=summarize subject=docs/plans/059-fix-agents/tasks/phase-2-workunit-state-system/execution.log.md::Execution Log: Phase 2 — WorkUnit State System ms=17 left=28930
2026-08-28T11:00:20.567310Z  INFO fs3_daemon::runner: batch kind="embed" subject=1 x smart jobs=1 ms=0
2026-08-28T11:00:20.598448Z  INFO fs3_daemon::runner: done kind="embed" id=673830 left=28929
2026-08-28T11:00:20.679971Z  INFO fs3_daemon::runner: done kind=summarize subject=docs/plans/059-fix-agents/tasks/phase-2-workunit-state-system/001-subtask-server-event-router.md::Subtask 001: Server Event Router — Central Events → GlobalStateSystem Bridge::Discoveries & Learnings ms=15 left=28929
2026-08-28T11:00:20.686934Z  INFO fs3_daemon::runner: batch kind="embed" subject=1 x smart jobs=1 ms=0
2026-08-28T11:00:20.696964Z  INFO fs3_daemon::runner: done kind="embed" id=673831 left=28928
2026-08-28T11:00:20.778389Z  INFO fs3_daemon::runner: done kind=summarize subject=docs/plans/059-fix-agents/tasks/phase-2-workunit-state-system/001-subtask-server-event-router.md::Subtask 001: Server Event Router — Central Events → GlobalStateSystem Bridge::Context Brief::Data flow diagram ms=12 left=28928
2026-08-28T11:00:20.782808Z  INFO fs3_daemon::runner: batch kind="embed" subject=1 x smart jobs=1 ms=0
2026-08-28T11:00:20.793225Z  INFO fs3_daemon::runner: done kind="embed" id=673832 left=28927
2026-08-28T11:00:20.875033Z  INFO fs3_daemon::runner: done kind=summarize subject=docs/plans/059-fix-agents/tasks/phase-2-workunit-state-system/001-subtask-server-event-router.md::Subtask 001: Server Event Router — Central Events → GlobalStateSystem Bridge::Context Brief ms=13 left=28927
2026-08-28T11:00:20.881818Z  INFO fs3_daemon::runner: batch kind="embed" subject=1 x smart jobs=1 ms=0
2026-08-28T11:00:20.893905Z  INFO fs3_daemon::runner: done kind="embed" id=673833 left=28926
2026-08-28T11:00:20.974312Z  INFO fs3_daemon::runner: done kind=summarize subject=docs/plans/059-fix-agents/tasks/phase-2-workunit-state-system/001-subtask-server-event-router.md::Subtask 001: Server Event Router — Central Events → GlobalStateSystem Bridge::Tasks ms=14 left=28926
2026-08-28T11:00:20.977833Z  INFO fs3_daemon::runner: batch kind="embed" subject=1 x smart jobs=1 ms=0
2026-08-28T11:00:20.989395Z  INFO fs3_daemon::runner: done kind="embed" id=673834 left=28925
2026-08-28T11:00:21.080287Z  INFO fs3_daemon::runner: done kind=summarize subject=docs/plans/059-fix-agents/tasks/phase-2-workunit-state-system/001-subtask-server-event-router.md::Subtask 001: Server Event Router — Central Events → GlobalStateSystem Bridge::Architecture Map ms=15 left=28925
2026-08-28T11:00:21.087132Z  INFO fs3_daemon::runner: batch kind="embed" subject=1 x smart jobs=1 ms=0
2026-08-28T11:00:21.103691Z  INFO fs3_daemon::runner: done kind="embed" id=673835 left=28924
2026-08-28T11:00:21.192417Z  INFO fs3_daemon::runner: done kind=summarize subject=docs/plans/059-fix-agents/tasks/phase-2-workunit-state-system/001-subtask-server-event-router.md::Subtask 001: Server Event Router — Central Events → GlobalStateSystem Bridge::Pre-Implementation Check ms=18 left=28924
2026-08-28T11:00:21.199959Z  INFO fs3_daemon::runner: batch kind="embed" subject=1 x smart jobs=1 ms=0
2026-08-28T11:00:21.211746Z  INFO fs3_daemon::runner: done kind="embed" id=673836 left=28923
2026-08-28T11:00:21.297624Z  INFO fs3_daemon::runner: done kind=summarize subject=docs/plans/059-fix-agents/tasks/phase-2-workunit-state-system/001-subtask-server-event-router.md::Subtask 001: Server Event Router — Central Events → GlobalStateSystem Bridge::Executive Briefing ms=16 left=28923
2026-08-28T11:00:21.304395Z  INFO fs3_daemon::runner: batch kind="embed" subject=1 x smart jobs=1 ms=1
2026-08-28T11:00:21.314502Z  INFO fs3_daemon::runner: done kind="embed" id=673837 left=28922
2026-08-28T11:00:21.403229Z  INFO fs3_daemon::runner: done kind=summarize subject=docs/plans/059-fix-agents/tasks/phase-2-workunit-state-system/001-subtask-server-event-router.md::Subtask 001: Server Event Router — Central Events → GlobalStateSystem Bridge ms=18 left=28922
2026-08-28T11:00:21.408509Z  INFO fs3_daemon::runner: batch kind="embed" subject=1 x smart jobs=1 ms=0
2026-08-28T11:00:21.420760Z  INFO fs3_daemon::runner: done kind="embed" id=673838 left=28921
2026-08-28T11:00:21.504918Z  INFO fs3_daemon::runner: done kind=summarize subject=docs/plans/059-fix-agents/tasks/phase-1-fix-agent-foundation/tasks.md::Phase 1: Fix Agent Foundation — Tasks::Directory Layout ms=19 left=28921
2026-08-28T11:00:21.554819Z  INFO fs3_daemon::runner: progress phase="working" scanned=62565 scan_left=33 summarized=129261 summarize_left=28887 embedded=208992 embed_left=1 failed=0
2026-08-28T11:00:21.574965Z  INFO fs3_daemon::runner: batch kind="embed" subject=2 x smart jobs=2 ms=0
2026-08-28T11:00:21.586941Z  INFO fs3_daemon::runner: done kind="embed" id=673840 left=28920
2026-08-28T11:00:21.665040Z  INFO fs3_daemon::runner: done kind="embed" id=673839 left=28919
2026-08-28T11:00:21.742448Z  INFO fs3_daemon::runner: done kind=summarize subject=docs/plans/059-fix-agents/tasks/phase-1-fix-agent-foundation/tasks.md::Phase 1: Fix Agent Foundation — Tasks::Context Brief::Sequence diagram — agent creation (fixed) ms=15 left=28919
2026-08-28T11:00:21.773724Z  INFO fs3_daemon::runner: done kind=summarize subject=docs/plans/059-fix-agents/tasks/phase-1-fix-agent-foundation/tasks.md::Phase 1: Fix Agent Foundation — Tasks::Context Brief::Data flow diagram ms=20 left=28919
2026-08-28T11:00:21.774674Z  INFO fs3_daemon::runner: batch kind="embed" subject=1 x smart jobs=1 ms=0
2026-08-28T11:00:21.791536Z  INFO fs3_daemon::runner: done kind="embed" id=673841 left=28918
2026-08-28T11:00:21.879917Z  INFO fs3_daemon::runner: done kind=summarize subject=docs/plans/059-fix-agents/tasks/phase-1-fix-agent-foundation/tasks.md::Phase 1: Fix Agent Foundation — Tasks::Context Brief ms=14 left=28918
2026-08-28T11:00:21.883804Z  INFO fs3_daemon::runner: batch kind="embed" subject=1 x smart jobs=1 ms=0
2026-08-28T11:00:21.900754Z  INFO fs3_daemon::runner: done kind="embed" id=673842 left=28917
2026-08-28T11:00:21.983578Z  INFO fs3_daemon::runner: done kind=summarize subject=docs/plans/059-fix-agents/tasks/phase-1-fix-agent-foundation/tasks.md::Phase 1: Fix Agent Foundation — Tasks::Tasks::Task Details::T008: Regression tests ms=14 left=28917
2026-08-28T11:00:21.990242Z  INFO fs3_daemon::runner: batch kind="embed" subject=1 x smart jobs=1 ms=1
2026-08-28T11:00:22.007799Z  INFO fs3_daemon::runner: done kind="embed" id=673843 left=28916
2026-08-28T11:00:22.088188Z  INFO fs3_daemon::runner: done kind=summarize subject=docs/plans/059-fix-agents/tasks/phase-1-fix-agent-foundation/tasks.md::Phase 1: Fix Agent Foundation — Tasks::Tasks::Task Details::T001: Add copilot-cli to AgentType ms=15 left=28916
2026-08-28T11:00:22.089852Z  INFO fs3_daemon::runner: batch kind="embed" subject=1 x smart jobs=1 ms=0
2026-08-28T11:00:22.099663Z  INFO fs3_daemon::runner: done kind="embed" id=673844 left=28915
2026-08-28T11:00:22.179791Z  INFO fs3_daemon::runner: done kind=summarize subject=docs/plans/059-fix-agents/tasks/phase-1-fix-agent-foundation/tasks.md::Phase 1: Fix Agent Foundation — Tasks::Tasks::Task Details::T000: Add @github/copilot-sdk to serverExternalPackages ms=11 left=28915
2026-08-28T11:00:22.189316Z  INFO fs3_daemon::runner: batch kind="embed" subject=1 x smart jobs=1 ms=0
2026-08-28T11:00:22.203069Z  INFO fs3_daemon::runner: done kind="embed" id=673845 left=28914
2026-08-28T11:00:22.283485Z  INFO fs3_daemon::runner: done kind=summarize subject=docs/plans/059-fix-agents/tasks/phase-1-fix-agent-foundation/tasks.md::Phase 1: Fix Agent Foundation — Tasks::Tasks::Task Details ms=16 left=28914
2026-08-28T11:00:22.306447Z  INFO fs3_daemon::runner: batch kind="embed" subject=1 x smart jobs=1 ms=2
2026-08-28T11:00:22.320223Z  INFO fs3_daemon::runner: done kind="embed" id=673846 left=28913
2026-08-28T11:00:22.446860Z  INFO fs3_daemon::runner: done kind=summarize subject=docs/plans/059-fix-agents/tasks/phase-1-fix-agent-foundation/tasks.md::Phase 1: Fix Agent Foundation — Tasks::Tasks ms=39 left=28913
2026-08-28T11:00:22.448686Z  INFO fs3_daemon::runner: batch kind="embed" subject=1 x smart jobs=1 ms=1
2026-08-28T11:00:22.478341Z  INFO fs3_daemon::runner: done kind="embed" id=673847 left=28912
2026-08-28T11:00:22.588289Z  INFO fs3_daemon::runner: done kind=summarize subject=docs/plans/059-fix-agents/tasks/phase-1-fix-agent-foundation/tasks.md::Phase 1: Fix Agent Foundation — Tasks::Architecture Map ms=33 left=28912
2026-08-28T11:00:22.595493Z  INFO fs3_daemon::runner: batch kind="embed" subject=1 x smart jobs=1 ms=3
2026-08-28T11:00:22.613817Z  INFO fs3_daemon::runner: done kind="embed" id=673848 left=28911
2026-08-28T11:00:22.719657Z  INFO fs3_daemon::runner: batch kind="embed" subject=1 x smart jobs=1 ms=0
2026-08-28T11:00:22.738890Z  INFO fs3_daemon::runner: done kind=summarize subject=docs/plans/059-fix-agents/tasks/phase-1-fix-agent-foundation/tasks.md::Phase 1: Fix Agent Foundation — Tasks::Pre-Implementation Check ms=49 left=28911
2026-08-28T11:00:22.749105Z  INFO fs3_daemon::runner: done kind="embed" id=673849 left=28910
2026-08-28T11:00:22.854769Z  INFO fs3_daemon::runner: done kind=summarize subject=docs/plans/059-fix-agents/tasks/phase-1-fix-agent-foundation/tasks.md::Phase 1: Fix Agent Foundation — Tasks::Executive Briefing ms=28 left=28910
2026-08-28T11:00:22.857524Z  INFO fs3_daemon::runner: batch kind="embed" subject=1 x smart jobs=1 ms=0
2026-08-28T11:00:22.878568Z  INFO fs3_daemon::runner: done kind="embed" id=673850 left=28909
2026-08-28T11:00:22.983461Z  INFO fs3_daemon::runner: batch kind="embed" subject=1 x smart jobs=1 ms=0
2026-08-28T11:00:22.999927Z  INFO fs3_daemon::runner: done kind=summarize subject=docs/plans/059-fix-agents/tasks/phase-1-fix-agent-foundation/tasks.md::Phase 1: Fix Agent Foundation — Tasks ms=37 left=28909
2026-08-28T11:00:23.008992Z  INFO fs3_daemon::runner: done kind="embed" id=673851 left=28908
2026-08-28T11:00:23.114282Z  INFO fs3_daemon::runner: done kind=summarize subject=docs/plans/059-fix-agents/tasks/phase-1-fix-agent-foundation/tasks.fltplan.md::Flight Plan: Phase 1 — Fix Agent Foundation::Checklist ms=31 left=28908
2026-08-28T11:00:23.118496Z  INFO fs3_daemon::runner: batch kind="embed" subject=1 x smart jobs=1 ms=0
2026-08-28T11:00:23.139193Z  INFO fs3_daemon::runner: done kind="embed" id=673852 left=28907
2026-08-28T11:00:23.249515Z  INFO fs3_daemon::runner: done kind=summarize subject=docs/plans/059-fix-agents/tasks/phase-1-fix-agent-foundation/tasks.fltplan.md::Flight Plan: Phase 1 — Fix Agent Foundation::Acceptance Criteria ms=34 left=28907
2026-08-28T11:00:23.255451Z  INFO fs3_daemon::runner: batch kind="embed" subject=1 x smart jobs=1 ms=2
2026-08-28T11:00:23.287069Z  INFO fs3_daemon::runner: done kind="embed" id=673853 left=28906
2026-08-28T11:00:23.386368Z  INFO fs3_daemon::runner: done kind=summarize subject=docs/plans/059-fix-agents/tasks/phase-1-fix-agent-foundation/tasks.fltplan.md::Flight Plan: Phase 1 — Fix Agent Foundation::Architecture: Before & After ms=28 left=28906
2026-08-28T11:00:23.393056Z  INFO fs3_daemon::runner: batch kind="embed" subject=1 x smart jobs=1 ms=3
2026-08-28T11:00:23.422634Z  INFO fs3_daemon::runner: done kind="embed" id=673854 left=28905
2026-08-28T11:00:23.526102Z  INFO fs3_daemon::runner: done kind=summarize subject=docs/plans/059-fix-agents/tasks/phase-1-fix-agent-foundation/tasks.fltplan.md::Flight Plan: Phase 1 — Fix Agent Foundation::Stages ms=32 left=28905
2026-08-28T11:00:23.530222Z  INFO fs3_daemon::runner: batch kind="embed" subject=1 x smart jobs=1 ms=0
2026-08-28T11:00:23.558625Z  INFO fs3_daemon::runner: done kind="embed" id=673855 left=28904
2026-08-28T11:00:23.669835Z  INFO fs3_daemon::runner: done kind=summarize subject=docs/plans/059-fix-agents/tasks/phase-1-fix-agent-foundation/tasks.fltplan.md::Flight Plan: Phase 1 — Fix Agent Foundation::Flight Status ms=35 left=28904
2026-08-28T11:00:23.674870Z  INFO fs3_daemon::runner: batch kind="embed" subject=1 x smart jobs=1 ms=0
2026-08-28T11:00:23.699117Z  INFO fs3_daemon::runner: done kind="embed" id=673856 left=28903
2026-08-28T11:00:23.833124Z  INFO fs3_daemon::runner: batch kind="embed" subject=1 x smart jobs=1 ms=0
2026-08-28T11:00:23.851542Z  INFO fs3_daemon::runner: done kind=summarize subject=docs/plans/059-fix-agents/tasks/phase-1-fix-agent-foundation/tasks.fltplan.md::Flight Plan: Phase 1 — Fix Agent Foundation::Domain Context ms=55 left=28903
2026-08-28T11:00:23.860461Z  INFO fs3_daemon::runner: done kind="embed" id=673857 left=28902
2026-08-28T11:00:24.067827Z  INFO fs3_daemon::runner: done kind=summarize subject=docs/plans/059-fix-agents/tasks/phase-1-fix-agent-foundation/tasks.fltplan.md::Flight Plan: Phase 1 — Fix Agent Foundation ms=28 left=28902
2026-08-28T11:00:24.072401Z  INFO fs3_daemon::runner: batch kind="embed" subject=1 x smart jobs=1 ms=0
2026-08-28T11:00:24.093169Z  INFO fs3_daemon::runner: done kind="embed" id=673858 left=28901
2026-08-28T11:00:24.224739Z  INFO fs3_daemon::runner: done kind=summarize subject=docs/plans/059-fix-agents/reviews/review.phase-4-cross-worktree-left-menu.md::Code Review: Phase 4: Cross-Worktree & Left Menu::H) Handover Brief::Files Reviewed ms=35 left=28901
2026-08-28T11:00:24.229924Z  INFO fs3_daemon::runner: batch kind="embed" subject=1 x smart jobs=1 ms=2
2026-08-28T11:00:24.247558Z  INFO fs3_daemon::runner: done kind="embed" id=673859 left=28900
2026-08-28T11:00:24.350934Z  INFO fs3_daemon::runner: done kind=summarize subject=docs/plans/059-fix-agents/reviews/review.phase-4-cross-worktree-left-menu.md::Code Review: Phase 4: Cross-Worktree & Left Menu::H) Handover Brief ms=27 left=28900
2026-08-28T11:00:24.356813Z  INFO fs3_daemon::runner: batch kind="embed" subject=1 x smart jobs=1 ms=1
2026-08-28T11:00:24.372308Z  INFO fs3_daemon::runner: done kind="embed" id=673860 left=28899
2026-08-28T11:00:24.473323Z  INFO fs3_daemon::runner: done kind=summarize subject=docs/plans/059-fix-agents/reviews/review.phase-4-cross-worktree-left-menu.md::Code Review: Phase 4: Cross-Worktree & Left Menu::G) Commands Executed ms=17 left=28899
2026-08-28T11:00:24.478218Z  INFO fs3_daemon::runner: batch kind="embed" subject=1 x smart jobs=1 ms=0
2026-08-28T11:00:24.494435Z  INFO fs3_daemon::runner: done kind="embed" id=673861 left=28898
2026-08-28T11:00:24.622313Z  INFO fs3_daemon::runner: done kind=summarize subject=docs/plans/059-fix-agents/reviews/review.phase-4-cross-worktree-left-menu.md::Code Review: Phase 4: Cross-Worktree & Left Menu::F) Coverage Map ms=31 left=28898
2026-08-28T11:00:24.631046Z  INFO fs3_daemon::runner: batch kind="embed" subject=1 x smart jobs=1 ms=0
2026-08-28T11:00:24.651634Z  INFO fs3_daemon::runner: done kind="embed" id=673862 left=28897
2026-08-28T11:00:24.771307Z  INFO fs3_daemon::runner: batch kind="embed" subject=1 x smart jobs=1 ms=0
2026-08-28T11:00:24.776538Z  INFO fs3_daemon::runner: done kind=summarize subject=docs/plans/059-fix-agents/reviews/review.phase-4-cross-worktree-left-menu.md::Code Review: Phase 4: Cross-Worktree & Left Menu::E) Detailed Findings::E.4) Testing & Evidence ms=24 left=28897
2026-08-28T11:00:24.786409Z  INFO fs3_daemon::runner: done kind="embed" id=673863 left=28896
2026-08-28T11:00:24.902770Z  INFO fs3_daemon::runner: done kind=summarize subject=docs/plans/059-fix-agents/reviews/review.phase-4-cross-worktree-left-menu.md::Code Review: Phase 4: Cross-Worktree & Left Menu::E) Detailed Findings::E.2) Domain Compliance ms=14 left=28896
2026-08-28T11:00:24.909765Z  INFO fs3_daemon::runner: batch kind="embed" subject=1 x smart jobs=1 ms=0
2026-08-28T11:00:24.922734Z  INFO fs3_daemon::runner: done kind="embed" id=673864 left=28895
2026-08-28T11:00:25.013517Z  INFO fs3_daemon::runner: done kind=summarize subject=docs/plans/059-fix-agents/reviews/review.phase-4-cross-worktree-left-menu.md::Code Review: Phase 4: Cross-Worktree & Left Menu::E) Detailed Findings ms=15 left=28895
2026-08-28T11:00:25.016561Z  INFO fs3_daemon::runner: batch kind="embed" subject=1 x smart jobs=1 ms=0
2026-08-28T11:00:25.029032Z  INFO fs3_daemon::runner: done kind="embed" id=673865 left=28894
2026-08-28T11:00:25.115267Z  INFO fs3_daemon::runner: done kind=summarize subject=docs/plans/059-fix-agents/reviews/review.phase-4-cross-worktree-left-menu.md::Code Review: Phase 4: Cross-Worktree & Left Menu::D) Findings Table ms=17 left=28894
2026-08-28T11:00:25.119496Z  INFO fs3_daemon::runner: batch kind="embed" subject=1 x smart jobs=1 ms=2
2026-08-28T11:00:25.133361Z  INFO fs3_daemon::runner: done kind="embed" id=673866 left=28893
2026-08-28T11:00:25.212508Z  INFO fs3_daemon::runner: done kind=summarize subject=docs/plans/059-fix-agents/reviews/review.phase-4-cross-worktree-left-menu.md::Code Review: Phase 4: Cross-Worktree & Left Menu::C) Checklist ms=13 left=28893
2026-08-28T11:00:25.221248Z  INFO fs3_daemon::runner: batch kind="embed" subject=1 x smart jobs=1 ms=0
2026-08-28T11:00:25.235800Z  INFO fs3_daemon::runner: done kind="embed" id=673867 left=28892
2026-08-28T11:00:25.315768Z  INFO fs3_daemon::runner: done kind=summarize subject=docs/plans/059-fix-agents/reviews/review.phase-4-cross-worktree-left-menu.md::Code Review: Phase 4: Cross-Worktree & Left Menu::A) Verdict ms=13 left=28892
2026-08-28T11:00:25.320941Z  INFO fs3_daemon::runner: batch kind="embed" subject=1 x smart jobs=1 ms=0
2026-08-28T11:00:25.331608Z  INFO fs3_daemon::runner: done kind="embed" id=673868 left=28891
2026-08-28T11:00:25.413898Z  INFO fs3_daemon::runner: done kind=summarize subject=docs/plans/059-fix-agents/reviews/review.phase-4-cross-worktree-left-menu.md::Code Review: Phase 4: Cross-Worktree & Left Menu ms=14 left=28891
2026-08-28T11:00:25.414796Z  INFO fs3_daemon::runner: batch kind="embed" subject=1 x smart jobs=1 ms=0
2026-08-28T11:00:25.431103Z  INFO fs3_daemon::runner: done kind="embed" id=673869 left=28890
2026-08-28T11:00:25.517078Z  INFO fs3_daemon::runner: done kind=summarize subject=docs/plans/059-fix-agents/reviews/review.phase-3-top-bar-agent-overlay.md::Code Review: Phase 3: Top Bar + Agent Overlay::H) Handover Brief::Required Fixes (if REQUEST_CHANGES) ms=16 left=28890
2026-08-28T11:00:25.520636Z  INFO fs3_daemon::runner: batch kind="embed" subject=1 x smart jobs=1 ms=1
2026-08-28T11:00:25.531623Z  INFO fs3_daemon::runner: done kind="embed" id=673870 left=28889
2026-08-28T11:00:25.618765Z  INFO fs3_daemon::runner: done kind=summarize subject=docs/plans/059-fix-agents/reviews/review.phase-3-top-bar-agent-overlay.md::Code Review: Phase 3: Top Bar + Agent Overlay::H) Handover Brief::Files Reviewed ms=17 left=28889
2026-08-28T11:00:25.623719Z  INFO fs3_daemon::runner: batch kind="embed" subject=1 x smart jobs=1 ms=0
2026-08-28T11:00:25.657192Z  INFO fs3_daemon::runner: done kind="embed" id=673871 left=28888
2026-08-28T11:00:25.739471Z  INFO fs3_daemon::runner: done kind=summarize subject=docs/plans/059-fix-agents/reviews/review.phase-3-top-bar-agent-overlay.md::Code Review: Phase 3: Top Bar + Agent Overlay::H) Handover Brief ms=14 left=28888
2026-08-28T11:00:25.745533Z  INFO fs3_daemon::runner: batch kind="embed" subject=1 x smart jobs=1 ms=0
2026-08-28T11:00:25.757985Z  INFO fs3_daemon::runner: done kind="embed" id=673872 left=28887
2026-08-28T11:00:25.840089Z  INFO fs3_daemon::runner: done kind=summarize subject=docs/plans/059-fix-agents/reviews/review.phase-3-top-bar-agent-overlay.md::Code Review: Phase 3: Top Bar + Agent Overlay::G) Commands Executed ms=14 left=28887
2026-08-28T11:00:25.847444Z  INFO fs3_daemon::runner: batch kind="embed" subject=1 x smart jobs=1 ms=0
2026-08-28T11:00:25.861012Z  INFO fs3_daemon::runner: done kind="embed" id=673873 left=28886
2026-08-28T11:00:25.989876Z  INFO fs3_daemon::runner: batch kind="embed" subject=1 x smart jobs=1 ms=0
2026-08-28T11:00:26.000254Z  INFO fs3_daemon::runner: done kind="embed" id=673874 left=28885
2026-08-28T11:00:26.000334Z  INFO fs3_daemon::runner: done kind=summarize subject=docs/plans/059-fix-agents/reviews/review.phase-3-top-bar-agent-overlay.md::Code Review: Phase 3: Top Bar + Agent Overlay::F) Coverage Map ms=61 left=28886
2026-08-28T11:00:26.108538Z  INFO fs3_daemon::runner: done kind=summarize subject=docs/plans/059-fix-agents/reviews/review.phase-3-top-bar-agent-overlay.md::Code Review: Phase 3: Top Bar + Agent Overlay::E) Detailed Findings::E.4) Testing & Evidence ms=28 left=28885
2026-08-28T11:00:26.122761Z  INFO fs3_daemon::runner: batch kind="embed" subject=1 x smart jobs=1 ms=3
2026-08-28T11:00:26.141434Z  INFO fs3_daemon::runner: done kind="embed" id=673875 left=28884
2026-08-28T11:00:26.242789Z  INFO fs3_daemon::runner: batch kind="embed" subject=1 x smart jobs=1 ms=2
2026-08-28T11:00:26.288543Z  INFO fs3_daemon::runner: done kind="embed" id=673876 left=28883
2026-08-28T11:00:26.289563Z  INFO fs3_daemon::runner: done kind=summarize subject=docs/plans/059-fix-agents/reviews/review.phase-3-top-bar-agent-overlay.md::Code Review: Phase 3: Top Bar + Agent Overlay::E) Detailed Findings::E.3) Anti-Reinvention ms=70 left=28884
2026-08-28T11:00:26.385080Z  INFO fs3_daemon::runner: done kind=summarize subject=docs/plans/059-fix-agents/reviews/review.phase-3-top-bar-agent-overlay.md::Code Review: Phase 3: Top Bar + Agent Overlay::E) Detailed Findings::E.2) Domain Compliance ms=17 left=28883
2026-08-28T11:00:26.392019Z  INFO fs3_daemon::runner: batch kind="embed" subject=1 x smart jobs=1 ms=0
2026-08-28T11:00:26.410055Z  INFO fs3_daemon::runner: done kind="embed" id=673877 left=28882
2026-08-28T11:00:26.521209Z  INFO fs3_daemon::runner: done kind=summarize subject=docs/plans/059-fix-agents/reviews/review.phase-3-top-bar-agent-overlay.md::Code Review: Phase 3: Top Bar + Agent Overlay::E) Detailed Findings ms=22 left=28882
2026-08-28T11:00:26.541870Z  INFO fs3_daemon::runner: batch kind="embed" subject=1 x smart jobs=1 ms=2
2026-08-28T11:00:26.555568Z  INFO fs3_daemon::runner: done kind="embed" id=673878 left=28881
2026-08-28T11:00:26.721520Z  INFO fs3_daemon::runner: progress phase="working" scanned=62565 scan_left=33 summarized=129301 summarize_left=28847 embedded=209032 embed_left=1 failed=0
2026-08-28T11:00:26.724169Z  INFO fs3_daemon::runner: done kind=summarize subject=docs/plans/059-fix-agents/reviews/review.phase-3-top-bar-agent-overlay.md::Code Review: Phase 3: Top Bar + Agent Overlay::D) Findings Table ms=67 left=28881
2026-08-28T11:00:26.769921Z  INFO fs3_daemon::runner: batch kind="embed" subject=2 x smart jobs=2 ms=0
2026-08-28T11:00:26.843075Z  INFO fs3_daemon::runner: done kind="embed" id=673880 left=28880
2026-08-28T11:00:27.030742Z  INFO fs3_daemon::runner: done kind="embed" id=673879 left=28879
2026-08-28T11:00:27.166335Z  INFO fs3_daemon::runner: done kind=summarize subject=docs/plans/059-fix-agents/reviews/review.phase-3-top-bar-agent-overlay.md::Code Review: Phase 3: Top Bar + Agent Overlay::C) Checklist ms=54 left=28879
2026-08-28T11:00:27.185292Z  INFO fs3_daemon::runner: batch kind="embed" subject=1 x smart jobs=1 ms=1
2026-08-28T11:00:27.224058Z  INFO fs3_daemon::runner: done kind=summarize subject=docs/plans/059-fix-agents/reviews/review.phase-3-top-bar-agent-overlay.md::Code Review: Phase 3: Top Bar + Agent Overlay::A) Verdict ms=68 left=28879
2026-08-28T11:00:27.230395Z  INFO fs3_daemon::runner: done kind="embed" id=673881 left=28878
2026-08-28T11:00:27.358016Z  INFO fs3_daemon::runner: batch kind="embed" subject=1 x smart jobs=1 ms=0
2026-08-28T11:00:27.401394Z  INFO fs3_daemon::runner: done kind="embed" id=673882 left=28877
2026-08-28T11:00:27.401509Z  INFO fs3_daemon::runner: done kind=summarize subject=docs/plans/059-fix-agents/reviews/review.phase-3-top-bar-agent-overlay.md::Code Review: Phase 3: Top Bar + Agent Overlay ms=92 left=28877
2026-08-28T11:00:27.522133Z  INFO fs3_daemon::runner: batch kind="embed" subject=1 x smart jobs=1 ms=3
2026-08-28T11:00:27.554331Z  INFO fs3_daemon::runner: done kind=summarize subject=docs/plans/059-fix-agents/reviews/review.phase-2-workunit-state-system.md::Code Review: Phase 2: WorkUnit State System::H) Handover Brief::Required Fixes (if REQUEST_CHANGES) ms=61 left=28876
2026-08-28T11:00:27.558247Z  INFO fs3_daemon::runner: done kind="embed" id=673883 left=28876
2026-08-28T11:00:27.671535Z  INFO fs3_daemon::runner: batch kind="embed" subject=1 x smart jobs=1 ms=0
2026-08-28T11:00:27.708098Z  INFO fs3_daemon::runner: done kind=summarize subject=docs/plans/059-fix-agents/reviews/review.phase-2-workunit-state-system.md::Code Review: Phase 2: WorkUnit State System::H) Handover Brief::Files Reviewed ms=72 left=28875
2026-08-28T11:00:27.708715Z  INFO fs3_daemon::runner: done kind="embed" id=673884 left=28875
2026-08-28T11:00:27.824246Z  INFO fs3_daemon::runner: batch kind="embed" subject=1 x smart jobs=1 ms=0
2026-08-28T11:00:27.843690Z  INFO fs3_daemon::runner: done kind=summarize subject=docs/plans/059-fix-agents/reviews/review.phase-2-workunit-state-system.md::Code Review: Phase 2: WorkUnit State System::H) Handover Brief ms=51 left=28875
2026-08-28T11:00:27.852181Z  INFO fs3_daemon::runner: done kind="embed" id=673885 left=28874
2026-08-28T11:00:27.975224Z  INFO fs3_daemon::runner: batch kind="embed" subject=1 x smart jobs=1 ms=0
2026-08-28T11:00:27.986636Z  INFO fs3_daemon::runner: done kind=summarize subject=docs/plans/059-fix-agents/reviews/review.phase-2-workunit-state-system.md::Code Review: Phase 2: WorkUnit State System::G) Commands Executed ms=52 left=28874
2026-08-28T11:00:28.010406Z  INFO fs3_daemon::runner: done kind="embed" id=673886 left=28873
2026-08-28T11:00:28.138327Z  INFO fs3_daemon::runner: batch kind="embed" subject=1 x smart jobs=1 ms=1
2026-08-28T11:00:28.173659Z  INFO fs3_daemon::runner: done kind="embed" id=673887 left=28872
2026-08-28T11:00:28.177244Z  INFO fs3_daemon::runner: done kind=summarize subject=docs/plans/059-fix-agents/reviews/review.phase-2-workunit-state-system.md::Code Review: Phase 2: WorkUnit State System::F) Coverage Map ms=85 left=28872
2026-08-28T11:00:28.294164Z  INFO fs3_daemon::runner: batch kind="embed" subject=1 x smart jobs=1 ms=0
2026-08-28T11:00:28.315787Z  INFO fs3_daemon::runner: done kind=summarize subject=docs/plans/059-fix-agents/reviews/review.phase-1-fix-agent-foundation.md::Code Review: Phase 1: Fix Agent Foundation::H) Handover Brief::Required Fixes (if REQUEST_CHANGES) ms=57 left=28872
2026-08-28T11:00:28.326140Z  INFO fs3_daemon::runner: done kind="embed" id=673888 left=28871
2026-08-28T11:00:28.448243Z  INFO fs3_daemon::runner: batch kind="embed" subject=1 x smart jobs=1 ms=0
2026-08-28T11:00:28.467981Z  INFO fs3_daemon::runner: done kind=summarize subject=docs/plans/059-fix-agents/reviews/review.phase-2-workunit-state-system.md::Code Review: Phase 2: WorkUnit State System::E) Detailed Findings::E.4) Testing & Evidence ms=44 left=28871
2026-08-28T11:00:28.479717Z  INFO fs3_daemon::runner: done kind="embed" id=673889 left=28870
2026-08-28T11:00:28.598498Z  INFO fs3_daemon::runner: batch kind="embed" subject=1 x smart jobs=1 ms=0
2026-08-28T11:00:28.609904Z  INFO fs3_daemon::runner: done kind=summarize subject=docs/plans/059-fix-agents/reviews/review.phase-2-workunit-state-system.md::Code Review: Phase 2: WorkUnit State System::E) Detailed Findings::E.3) Anti-Reinvention ms=39 left=28870
2026-08-28T11:00:28.616265Z  INFO fs3_daemon::runner: done kind="embed" id=673890 left=28869
2026-08-28T11:00:28.777118Z  INFO fs3_daemon::runner: done kind=summarize subject=docs/plans/059-fix-agents/reviews/review.phase-1-fix-agent-foundation.md::Code Review: Phase 1: Fix Agent Foundation::H) Handover Brief::Files Reviewed ms=31 left=28870
2026-08-28T11:00:28.781330Z  INFO fs3_daemon::runner: batch kind="embed" subject=1 x smart jobs=1 ms=0
2026-08-28T11:00:28.796236Z  INFO fs3_daemon::runner: done kind="embed" id=673891 left=28869
2026-08-28T11:00:28.912158Z  INFO fs3_daemon::runner: batch kind="embed" subject=1 x smart jobs=1 ms=0
2026-08-28T11:00:28.940277Z  INFO fs3_daemon::watch: re-listed a changed directory directory=/Users/jordanknight/substrate/flowspace/fs3-ddocs-u4/crates/cli/src events=2 enqueued=1 settled=Quiet
2026-08-28T11:00:28.955382Z  INFO fs3_daemon::runner: done kind="embed" id=673893 left=28868
2026-08-28T11:00:29.048550Z  INFO fs3_daemon::runner: done kind=scan_file subject=crates/cli/src/main.rs ms=173 left=28872
2026-08-28T11:00:29.146108Z  INFO fs3_daemon::watch: re-listed a changed directory directory=/Users/jordanknight/substrate/flowspace/fs3-ddocs-u4/crates/daemon/src events=4 enqueued=2 settled=Quiet
2026-08-28T11:00:29.357817Z  INFO fs3_daemon::runner: batch kind="embed" subject=24 x raw jobs=2 ms=285
2026-08-28T11:00:29.372637Z  INFO fs3_daemon::runner: done kind="embed" id=673911 left=28871
2026-08-28T11:00:29.453891Z  INFO fs3_daemon::runner: done kind="embed" id=673905 left=28870
2026-08-28T11:00:29.587342Z  INFO fs3_daemon::runner: done kind=summarize subject=crates/cli/src/main.rs::Command ms=35 left=28870
2026-08-28T11:00:29.606781Z  INFO fs3_daemon::runner: batch kind="embed" subject=1 x smart jobs=1 ms=1
2026-08-28T11:00:29.613360Z  INFO fs3_daemon::runner: done kind=summarize subject=docs/plans/059-fix-agents/reviews/review.phase-2-workunit-state-system.md::Code Review: Phase 2: WorkUnit State System::E) Detailed Findings::E.2) Domain Compliance ms=31 left=28870
2026-08-28T11:00:29.621238Z  INFO fs3_daemon::runner: done kind="embed" id=673912 left=28871
2026-08-28T11:00:29.678947Z  INFO fs3_daemon::runner: done kind=scan_file subject=crates/daemon/src/roots.rs ms=158 left=28871
2026-08-28T11:00:29.722861Z  INFO fs3_daemon::runner: batch kind="embed" subject=1 x smart jobs=1 ms=0
2026-08-28T11:00:30.047550Z  INFO fs3_daemon::runner: batch kind="embed" subject=26 x raw jobs=2 ms=325
2026-08-28T11:00:30.068096Z  INFO fs3_daemon::runner: done kind="embed" id=673920 left=28870
2026-08-28T11:00:30.162198Z  INFO fs3_daemon::runner: done kind="embed" id=673929 left=28869
2026-08-28T11:00:30.240626Z  INFO fs3_daemon::runner: done kind="embed" id=673917 left=28868
2026-08-28T11:00:30.324992Z  INFO fs3_daemon::runner: done kind=summarize subject=docs/plans/059-fix-agents/reviews/review.phase-1-fix-agent-foundation.md::Code Review: Phase 1: Fix Agent Foundation::H) Handover Brief ms=12 left=28868
2026-08-28T11:00:30.349597Z  INFO fs3_daemon::runner: done kind=summarize subject=docs/plans/059-fix-agents/reviews/review.phase-2-workunit-state-system.md::Code Review: Phase 2: WorkUnit State System::E) Detailed Findings ms=16 left=28868
2026-08-28T11:00:30.356302Z  INFO fs3_daemon::runner: batch kind="embed" subject=1 x smart jobs=1 ms=0
2026-08-28T11:00:30.373006Z  INFO fs3_daemon::runner: done kind="embed" id=673930 left=28867
2026-08-28T11:00:30.469601Z  INFO fs3_daemon::runner: done kind=summarize subject=docs/plans/059-fix-agents/reviews/review.phase-1-fix-agent-foundation.md::Code Review: Phase 1: Fix Agent Foundation::G) Commands Executed ms=21 left=28867
2026-08-28T11:00:30.471312Z  INFO fs3_daemon::runner: batch kind="embed" subject=1 x smart jobs=1 ms=1
2026-08-28T11:00:30.485942Z  INFO fs3_daemon::runner: done kind="embed" id=673931 left=28866
2026-08-28T11:00:30.570672Z  INFO fs3_daemon::runner: done kind=summarize subject=docs/plans/059-fix-agents/reviews/review.phase-2-workunit-state-system.md::Code Review: Phase 2: WorkUnit State System::D) Findings Table ms=14 left=28866
2026-08-28T11:00:30.579334Z  INFO fs3_daemon::runner: batch kind="embed" subject=1 x smart jobs=1 ms=0
2026-08-28T11:00:30.591843Z  INFO fs3_daemon::runner: done kind="embed" id=673932 left=28865
2026-08-28T11:00:30.671502Z  INFO fs3_daemon::runner: done kind=summarize subject=docs/plans/059-fix-agents/reviews/review.phase-1-fix-agent-foundation.md::Code Review: Phase 1: Fix Agent Foundation::F) Coverage Map ms=11 left=28865
2026-08-28T11:00:30.678369Z  INFO fs3_daemon::runner: batch kind="embed" subject=1 x smart jobs=1 ms=1
2026-08-28T11:00:30.688101Z  INFO fs3_daemon::runner: done kind="embed" id=673933 left=28864
2026-08-28T11:00:30.768591Z  INFO fs3_daemon::runner: done kind=summarize subject=docs/plans/059-fix-agents/reviews/review.phase-2-workunit-state-system.md::Code Review: Phase 2: WorkUnit State System::C) Checklist ms=13 left=28864
2026-08-28T11:00:30.776436Z  INFO fs3_daemon::runner: batch kind="embed" subject=1 x smart jobs=1 ms=2
2026-08-28T11:00:30.788203Z  INFO fs3_daemon::runner: done kind="embed" id=673934 left=28863
2026-08-28T11:00:30.868104Z  INFO fs3_daemon::runner: done kind=summarize subject=docs/plans/059-fix-agents/reviews/review.phase-1-fix-agent-foundation.md::Code Review: Phase 1: Fix Agent Foundation::E) Detailed Findings::E.4) Testing & Evidence ms=12 left=28863
2026-08-28T11:00:30.875631Z  INFO fs3_daemon::runner: batch kind="embed" subject=1 x smart jobs=1 ms=0
2026-08-28T11:00:30.934509Z  INFO fs3_daemon::runner: done kind="embed" id=673935 left=28862
2026-08-28T11:00:31.014567Z  INFO fs3_daemon::runner: done kind=summarize subject=docs/plans/059-fix-agents/reviews/review.phase-1-fix-agent-foundation.md::Code Review: Phase 1: Fix Agent Foundation::E) Detailed Findings::E.2) Domain Compliance ms=16 left=28862
2026-08-28T11:00:31.017360Z  INFO fs3_daemon::runner: batch kind="embed" subject=1 x smart jobs=1 ms=0
2026-08-28T11:00:31.030874Z  INFO fs3_daemon::runner: done kind="embed" id=673936 left=28861
2026-08-28T11:00:31.119126Z  INFO fs3_daemon::runner: done kind=summarize subject=docs/plans/059-fix-agents/reviews/review.phase-2-workunit-state-system.md::Code Review: Phase 2: WorkUnit State System::A) Verdict ms=18 left=28861
2026-08-28T11:00:31.122754Z  INFO fs3_daemon::runner: batch kind="embed" subject=1 x smart jobs=1 ms=0
2026-08-28T11:00:31.135473Z  INFO fs3_daemon::runner: done kind="embed" id=673937 left=28860
2026-08-28T11:00:31.225594Z  INFO fs3_daemon::runner: done kind=summarize subject=docs/plans/059-fix-agents/reviews/review.phase-2-workunit-state-system.md::Code Review: Phase 2: WorkUnit State System ms=16 left=28860
2026-08-28T11:00:31.229607Z  INFO fs3_daemon::runner: batch kind="embed" subject=1 x smart jobs=1 ms=0
2026-08-28T11:00:31.239702Z  INFO fs3_daemon::runner: done kind="embed" id=673938 left=28859
2026-08-28T11:00:31.330798Z  INFO fs3_daemon::runner: done kind=summarize subject=docs/plans/059-fix-agents/reviews/review.phase-1-fix-agent-foundation.md::Code Review: Phase 1: Fix Agent Foundation::E) Detailed Findings ms=19 left=28859
2026-08-28T11:00:31.331218Z  INFO fs3_daemon::runner: batch kind="embed" subject=1 x smart jobs=1 ms=0
2026-08-28T11:00:31.342577Z  INFO fs3_daemon::runner: done kind="embed" id=673939 left=28858
2026-08-28T11:00:31.429739Z  INFO fs3_daemon::runner: done kind=summarize subject=docs/plans/059-fix-agents/reviews/review.phase-1-fix-agent-foundation.md::Code Review: Phase 1: Fix Agent Foundation::D) Findings Table ms=17 left=28858
2026-08-28T11:00:31.433514Z  INFO fs3_daemon::runner: batch kind="embed" subject=1 x smart jobs=1 ms=0
2026-08-28T11:00:31.444560Z  INFO fs3_daemon::runner: done kind="embed" id=673940 left=28857
2026-08-28T11:00:31.528803Z  INFO fs3_daemon::runner: done kind=summarize subject=docs/plans/059-fix-agents/reviews/review.phase-1-fix-agent-foundation.md::Code Review: Phase 1: Fix Agent Foundation::C) Checklist ms=13 left=28857
2026-08-28T11:00:31.542050Z  INFO fs3_daemon::runner: batch kind="embed" subject=1 x smart jobs=1 ms=0
2026-08-28T11:00:31.570034Z  INFO fs3_daemon::runner: done kind="embed" id=673941 left=28856
2026-08-28T11:00:31.642673Z  INFO fs3_daemon::runner: done kind=summarize subject=crates/cli/src/main.rs::run ms=2599 left=28856
2026-08-28T11:00:31.681249Z  INFO fs3_daemon::runner: done kind=summarize subject=docs/plans/059-fix-agents/reviews/review.fx001-wire-agent-workunit-registration.md::Code Review: FX001: Wire Agent Lifecycle into WorkUnitStateService::H) Handover Brief::Required Fixes (if REQUEST_CHANGES) ms=33 left=28856
2026-08-28T11:00:31.683293Z  INFO fs3_daemon::runner: batch kind="embed" subject=1 x smart jobs=1 ms=1
2026-08-28T11:00:31.994550Z  INFO fs3_daemon::runner: batch kind="embed" subject=1 x smart jobs=1 ms=312
2026-08-28T11:00:31.996366Z  INFO fs3_daemon::runner: done kind=summarize subject=crates/daemon/src/roots.rs::scan_root ms=2294 left=28856
2026-08-28T11:00:32.020623Z  INFO fs3_daemon::runner: done kind="embed" id=673942 left=28855
2026-08-28T11:00:32.103143Z  INFO fs3_daemon::runner: done kind="embed" id=673943 left=28854
2026-08-28T11:00:32.209066Z  INFO fs3_daemon::runner: done kind=summarize subject=docs/plans/059-fix-agents/reviews/review.phase-1-fix-agent-foundation.md::Code Review: Phase 1: Fix Agent Foundation::A) Verdict ms=32 left=28854
2026-08-28T11:00:32.242421Z  INFO fs3_daemon::runner: progress phase="working" scanned=62567 scan_left=33 summarized=129332 summarize_left=28819 embedded=209066 embed_left=2 failed=0
2026-08-28T11:00:32.272381Z  INFO fs3_daemon::runner: batch kind="embed" subject=2 x smart jobs=2 ms=0
2026-08-28T11:00:32.391555Z  INFO fs3_daemon::runner: batch kind="embed" subject=1 x smart jobs=1 ms=119
2026-08-28T11:00:32.413549Z  INFO fs3_daemon::runner: done kind="embed" id=673946 left=28853
2026-08-28T11:00:32.498633Z  INFO fs3_daemon::runner: done kind="embed" id=673944 left=28852
2026-08-28T11:00:32.583363Z  INFO fs3_daemon::runner: done kind="embed" id=673945 left=28851
2026-08-28T11:00:32.692974Z  INFO fs3_daemon::runner: done kind=summarize subject=docs/plans/059-fix-agents/reviews/review.phase-1-fix-agent-foundation.md::Code Review: Phase 1: Fix Agent Foundation ms=34 left=28851
2026-08-28T11:00:32.734424Z  INFO fs3_daemon::runner: done kind=summarize subject=docs/plans/059-fix-agents/reviews/review.fx001-wire-agent-workunit-registration.md::Code Review: FX001: Wire Agent Lifecycle into WorkUnitStateService::H) Handover Brief::Files Reviewed ms=36 left=28851
2026-08-28T11:00:32.738675Z  INFO fs3_daemon::runner: batch kind="embed" subject=1 x smart jobs=1 ms=0
2026-08-28T11:00:32.765801Z  INFO fs3_daemon::runner: done kind="embed" id=673947 left=28850
2026-08-28T11:00:32.877669Z  INFO fs3_daemon::runner: done kind=summarize subject=docs/plans/059-fix-agents/reviews/review.fx001-wire-agent-workunit-registration.md::Code Review: FX001: Wire Agent Lifecycle into WorkUnitStateService::H) Handover Brief ms=30 left=28850
2026-08-28T11:00:32.886290Z  INFO fs3_daemon::runner: batch kind="embed" subject=1 x smart jobs=1 ms=3
2026-08-28T11:00:32.911049Z  INFO fs3_daemon::runner: done kind="embed" id=673948 left=28849
2026-08-28T11:00:33.027773Z  INFO fs3_daemon::runner: done kind=summarize subject=docs/plans/059-fix-agents/reviews/review.fx001-wire-agent-workunit-registration.md::Code Review: FX001: Wire Agent Lifecycle into WorkUnitStateService::G) Commands Executed ms=33 left=28849
2026-08-28T11:00:33.034942Z  INFO fs3_daemon::runner: batch kind="embed" subject=1 x smart jobs=1 ms=3
2026-08-28T11:00:33.061907Z  INFO fs3_daemon::runner: done kind="embed" id=673949 left=28848
2026-08-28T11:00:33.178952Z  INFO fs3_daemon::runner: done kind=summarize subject=docs/plans/059-fix-agents/reviews/review.fx001-wire-agent-workunit-registration.md::Code Review: FX001: Wire Agent Lifecycle into WorkUnitStateService::F) Coverage Map ms=35 left=28848
2026-08-28T11:00:33.184253Z  INFO fs3_daemon::runner: batch kind="embed" subject=1 x smart jobs=1 ms=0
2026-08-28T11:00:33.210702Z  INFO fs3_daemon::runner: done kind="embed" id=673950 left=28847
2026-08-28T11:00:33.303717Z  INFO fs3_daemon::runner: done kind=summarize subject=docs/plans/059-fix-agents/reviews/review.fx001-wire-agent-workunit-registration.md::Code Review: FX001: Wire Agent Lifecycle into WorkUnitStateService::E) Detailed Findings::E.4) Testing & Evidence ms=18 left=28847
2026-08-28T11:00:33.307191Z  INFO fs3_daemon::runner: batch kind="embed" subject=1 x smart jobs=1 ms=0
2026-08-28T11:00:33.319997Z  INFO fs3_daemon::runner: done kind="embed" id=673951 left=28846
2026-08-28T11:00:33.414404Z  INFO fs3_daemon::runner: done kind=summarize subject=docs/plans/059-fix-agents/reviews/review.fx001-wire-agent-workunit-registration.md::Code Review: FX001: Wire Agent Lifecycle into WorkUnitStateService::E) Detailed Findings::E.2) Domain Compliance ms=19 left=28846
2026-08-28T11:00:33.417941Z  INFO fs3_daemon::runner: batch kind="embed" subject=1 x smart jobs=1 ms=0
2026-08-28T11:00:33.428875Z  INFO fs3_daemon::runner: done kind="embed" id=673952 left=28845
2026-08-28T11:00:33.520160Z  INFO fs3_daemon::runner: done kind=summarize subject=docs/plans/059-fix-agents/reviews/review.fx001-wire-agent-workunit-registration.md::Code Review: FX001: Wire Agent Lifecycle into WorkUnitStateService::E) Detailed Findings ms=21 left=28845
2026-08-28T11:00:33.523486Z  INFO fs3_daemon::runner: batch kind="embed" subject=1 x smart jobs=1 ms=1
2026-08-28T11:00:33.533715Z  INFO fs3_daemon::runner: done kind="embed" id=673953 left=28844
2026-08-28T11:00:33.621428Z  INFO fs3_daemon::runner: batch kind="embed" subject=1 x smart jobs=1 ms=0
2026-08-28T11:00:33.626735Z  INFO fs3_daemon::runner: done kind=summarize subject=docs/plans/059-fix-agents/reviews/review.fx001-wire-agent-workunit-registration.md::Code Review: FX001: Wire Agent Lifecycle into WorkUnitStateService::D) Findings Table ms=23 left=28844
2026-08-28T11:00:33.632377Z  INFO fs3_daemon::runner: done kind="embed" id=673954 left=28843
2026-08-28T11:00:33.819443Z  INFO fs3_daemon::runner: done kind=summarize subject=docs/plans/059-fix-agents/reviews/review.fx001-wire-agent-workunit-registration.md::Code Review: FX001: Wire Agent Lifecycle into WorkUnitStateService::C) Checklist ms=21 left=28843
2026-08-28T11:00:33.821101Z  INFO fs3_daemon::runner: batch kind="embed" subject=1 x smart jobs=1 ms=0
2026-08-28T11:00:33.838119Z  INFO fs3_daemon::runner: done kind="embed" id=673955 left=28842
2026-08-28T11:00:33.935306Z  INFO fs3_daemon::runner: done kind=summarize subject=docs/plans/059-fix-agents/reviews/review.fx001-wire-agent-workunit-registration.md::Code Review: FX001: Wire Agent Lifecycle into WorkUnitStateService::A) Verdict ms=15 left=28842
2026-08-28T11:00:33.937223Z  INFO fs3_daemon::runner: batch kind="embed" subject=1 x smart jobs=1 ms=0
2026-08-28T11:00:33.952568Z  INFO fs3_daemon::runner: done kind="embed" id=673956 left=28841
2026-08-28T11:00:34.036867Z  INFO fs3_daemon::runner: done kind=summarize subject=docs/plans/059-fix-agents/reviews/review.fx001-wire-agent-workunit-registration.md::Code Review: FX001: Wire Agent Lifecycle into WorkUnitStateService ms=13 left=28841
2026-08-28T11:00:34.041483Z  INFO fs3_daemon::runner: batch kind="embed" subject=1 x smart jobs=1 ms=1
2026-08-28T11:00:34.052944Z  INFO fs3_daemon::runner: done kind="embed" id=673957 left=28840
2026-08-28T11:00:34.140399Z  INFO fs3_daemon::runner: done kind=summarize subject=docs/plans/059-fix-agents/reviews/fix-tasks.phase-4-cross-worktree-left-menu.md::Fix Tasks: Phase 4: Cross-Worktree & Left Menu::Medium / Low Fixes::FT-006: Align flight plan acceptance status with checklist ms=15 left=28840
2026-08-28T11:00:34.141307Z  INFO fs3_daemon::runner: batch kind="embed" subject=1 x smart jobs=1 ms=0
2026-08-28T11:00:34.155756Z  INFO fs3_daemon::runner: done kind="embed" id=673958 left=28839
2026-08-28T11:00:34.249098Z  INFO fs3_daemon::runner: done kind=summarize subject=docs/plans/059-fix-agents/reviews/fix-tasks.phase-4-cross-worktree-left-menu.md::Fix Tasks: Phase 4: Cross-Worktree & Left Menu::Medium / Low Fixes::FT-005: Reduce polling endpoint blocking I/O ms=19 left=28839
2026-08-28T11:00:34.251642Z  INFO fs3_daemon::runner: batch kind="embed" subject=1 x smart jobs=1 ms=0
2026-08-28T11:00:34.265328Z  INFO fs3_daemon::runner: done kind="embed" id=673959 left=28838
2026-08-28T11:00:34.365893Z  INFO fs3_daemon::runner: done kind=summarize subject=docs/plans/059-fix-agents/reviews/fix-tasks.phase-4-cross-worktree-left-menu.md::Fix Tasks: Phase 4: Cross-Worktree & Left Menu::Medium / Low Fixes::FT-004: Synchronize domain artifacts and phase manifest ms=16 left=28838
2026-08-28T11:00:34.370264Z  INFO fs3_daemon::runner: batch kind="embed" subject=1 x smart jobs=1 ms=1
2026-08-28T11:00:34.381978Z  INFO fs3_daemon::runner: done kind="embed" id=673960 left=28837
2026-08-28T11:00:34.477760Z  INFO fs3_daemon::runner: done kind=summarize subject=docs/plans/059-fix-agents/reviews/fix-tasks.phase-4-cross-worktree-left-menu.md::Fix Tasks: Phase 4: Cross-Worktree & Left Menu::Medium / Low Fixes ms=16 left=28837
2026-08-28T11:00:34.480733Z  INFO fs3_daemon::runner: batch kind="embed" subject=1 x smart jobs=1 ms=0
2026-08-28T11:00:34.496940Z  INFO fs3_daemon::runner: done kind="embed" id=673961 left=28836
2026-08-28T11:00:34.584459Z  INFO fs3_daemon::runner: done kind=summarize subject=docs/plans/059-fix-agents/reviews/fix-tasks.phase-4-cross-worktree-left-menu.md::Fix Tasks: Phase 4: Cross-Worktree & Left Menu::Critical / High Fixes::FT-003: Add direct AC-29/30/31 verification with deterministic tests ms=17 left=28836
2026-08-28T11:00:34.587585Z  INFO fs3_daemon::runner: batch kind="embed" subject=1 x smart jobs=1 ms=0
2026-08-28T11:00:34.599000Z  INFO fs3_daemon::runner: done kind="embed" id=673962 left=28835
2026-08-28T11:00:34.690776Z  INFO fs3_daemon::runner: done kind=summarize subject=docs/plans/059-fix-agents/reviews/fix-tasks.phase-4-cross-worktree-left-menu.md::Fix Tasks: Phase 4: Cross-Worktree & Left Menu::Critical / High Fixes::FT-002: Remove infra → business coupling in workspace badge path ms=19 left=28835
2026-08-28T11:00:34.696084Z  INFO fs3_daemon::runner: batch kind="embed" subject=1 x smart jobs=1 ms=0
2026-08-28T11:00:34.715196Z  INFO fs3_daemon::runner: done kind="embed" id=673963 left=28834
2026-08-28T11:00:34.798694Z  INFO fs3_daemon::runner: done kind=summarize subject=docs/plans/059-fix-agents/reviews/fix-tasks.phase-4-cross-worktree-left-menu.md::Fix Tasks: Phase 4: Cross-Worktree & Left Menu::Critical / High Fixes::FT-001: Restrict badge aggregation to agent-owned entries ms=16 left=28834
2026-08-28T11:00:34.807979Z  INFO fs3_daemon::runner: batch kind="embed" subject=1 x smart jobs=1 ms=0
2026-08-28T11:00:34.820453Z  INFO fs3_daemon::runner: done kind="embed" id=673964 left=28833
2026-08-28T11:00:34.904422Z  INFO fs3_daemon::runner: done kind=summarize subject=docs/plans/059-fix-agents/reviews/fix-tasks.phase-4-cross-worktree-left-menu.md::Fix Tasks: Phase 4: Cross-Worktree & Left Menu::Critical / High Fixes ms=14 left=28833
2026-08-28T11:00:34.910048Z  INFO fs3_daemon::runner: batch kind="embed" subject=1 x smart jobs=1 ms=0
2026-08-28T11:00:34.920527Z  INFO fs3_daemon::runner: done kind="embed" id=673965 left=28832
2026-08-28T11:00:35.012451Z  INFO fs3_daemon::runner: batch kind="embed" subject=1 x smart jobs=1 ms=2
2026-08-28T11:00:35.017552Z  INFO fs3_daemon::runner: done kind=summarize subject=docs/plans/059-fix-agents/reviews/fix-tasks.phase-4-cross-worktree-left-menu.md::Fix Tasks: Phase 4: Cross-Worktree & Left Menu ms=28 left=28832
2026-08-28T11:00:35.024336Z  INFO fs3_daemon::runner: done kind="embed" id=673966 left=28831
2026-08-28T11:00:35.118422Z  INFO fs3_daemon::runner: done kind=summarize subject=docs/plans/059-fix-agents/reviews/fix-tasks.phase-3-top-bar-agent-overlay.md::Fix Tasks: Phase 3: Top Bar + Agent Overlay::Medium / Low Fixes::FT-009: Align z-index contract constants ms=19 left=28831
2026-08-28T11:00:35.121261Z  INFO fs3_daemon::runner: batch kind="embed" subject=1 x smart jobs=1 ms=1
2026-08-28T11:00:35.137290Z  INFO fs3_daemon::runner: done kind="embed" id=673967 left=28830
2026-08-28T11:00:35.225664Z  INFO fs3_daemon::runner: done kind=summarize subject=docs/plans/059-fix-agents/reviews/fix-tasks.phase-3-top-bar-agent-overlay.md::Fix Tasks: Phase 3: Top Bar + Agent Overlay::Medium / Low Fixes::FT-008: Conform hook filenames to kebab-case doctrine ms=16 left=28830
2026-08-28T11:00:35.230166Z  INFO fs3_daemon::runner: batch kind="embed" subject=1 x smart jobs=1 ms=0
2026-08-28T11:00:35.244087Z  INFO fs3_daemon::runner: done kind="embed" id=673968 left=28829
2026-08-28T11:00:35.334710Z  INFO fs3_daemon::runner: done kind=summarize subject=docs/plans/059-fix-agents/reviews/fix-tasks.phase-3-top-bar-agent-overlay.md::Fix Tasks: Phase 3: Top Bar + Agent Overlay::Medium / Low Fixes::FT-007: Implement toast escalation and correct waiting filter ms=17 left=28829
2026-08-28T11:00:35.340381Z  INFO fs3_daemon::runner: batch kind="embed" subject=1 x smart jobs=1 ms=0
2026-08-28T11:00:35.360734Z  INFO fs3_daemon::runner: done kind="embed" id=673969 left=28828
2026-08-28T11:00:35.447422Z  INFO fs3_daemon::runner: done kind=summarize subject=docs/plans/059-fix-agents/reviews/fix-tasks.phase-3-top-bar-agent-overlay.md::Fix Tasks: Phase 3: Top Bar + Agent Overlay::Medium / Low Fixes::FT-006: Match overlay dimensions to AC-21 ms=13 left=28828
2026-08-28T11:00:35.451436Z  INFO fs3_daemon::runner: batch kind="embed" subject=1 x smart jobs=1 ms=0
2026-08-28T11:00:35.465159Z  INFO fs3_daemon::runner: done kind="embed" id=673970 left=28827
2026-08-28T11:00:35.570673Z  INFO fs3_daemon::runner: batch kind="embed" subject=1 x smart jobs=1 ms=0
2026-08-28T11:00:35.577804Z  INFO fs3_daemon::runner: done kind=summarize subject=docs/plans/059-fix-agents/reviews/fix-tasks.phase-3-top-bar-agent-overlay.md::Fix Tasks: Phase 3: Top Bar + Agent Overlay::Medium / Low Fixes ms=33 left=28827
2026-08-28T11:00:35.581757Z  INFO fs3_daemon::runner: done kind="embed" id=673971 left=28826
2026-08-28T11:00:35.672327Z  INFO fs3_daemon::runner: batch kind="embed" subject=1 x smart jobs=1 ms=0
2026-08-28T11:00:35.673850Z  INFO fs3_daemon::runner: done kind=summarize subject=docs/plans/059-fix-agents/reviews/fix-tasks.phase-3-top-bar-agent-overlay.md::Fix Tasks: Phase 3: Top Bar + Agent Overlay::Critical / High Fixes::FT-005: Remove/realign reinvention in workspace composition ms=23 left=28826
2026-08-28T11:00:35.693085Z  INFO fs3_daemon::runner: done kind="embed" id=673972 left=28825
2026-08-28T11:00:35.780770Z  INFO fs3_daemon::runner: done kind=summarize subject=docs/plans/059-fix-agents/reviews/fix-tasks.phase-3-top-bar-agent-overlay.md::Fix Tasks: Phase 3: Top Bar + Agent Overlay::Critical / High Fixes::FT-004: Update Domain Manifest + agents domain docs + domain map ms=17 left=28825
2026-08-28T11:00:35.783645Z  INFO fs3_daemon::runner: batch kind="embed" subject=1 x smart jobs=1 ms=0
2026-08-28T11:00:35.793716Z  INFO fs3_daemon::runner: done kind="embed" id=673973 left=28824
2026-08-28T11:00:35.882076Z  INFO fs3_daemon::runner: done kind=summarize subject=docs/plans/059-fix-agents/reviews/fix-tasks.phase-3-top-bar-agent-overlay.md::Fix Tasks: Phase 3: Top Bar + Agent Overlay::Critical / High Fixes::FT-003: Complete Hybrid testing gate and execution evidence ms=19 left=28824
2026-08-28T11:00:35.882544Z  INFO fs3_daemon::runner: batch kind="embed" subject=1 x smart jobs=1 ms=0
2026-08-28T11:00:35.893032Z  INFO fs3_daemon::runner: done kind="embed" id=673974 left=28823
2026-08-28T11:00:35.977830Z  INFO fs3_daemon::runner: done kind=summarize subject=docs/plans/059-fix-agents/reviews/fix-tasks.phase-3-top-bar-agent-overlay.md::Fix Tasks: Phase 3: Top Bar + Agent Overlay::Critical / High Fixes::FT-002: Implement workflow node → overlay open path (AC-24) ms=17 left=28823
2026-08-28T11:00:35.982168Z  INFO fs3_daemon::runner: batch kind="embed" subject=1 x smart jobs=1 ms=0
2026-08-28T11:00:35.992129Z  INFO fs3_daemon::runner: done kind="embed" id=673975 left=28822
2026-08-28T11:00:36.075719Z  INFO fs3_daemon::runner: batch kind="embed" subject=1 x smart jobs=1 ms=0
2026-08-28T11:00:36.077788Z  INFO fs3_daemon::runner: done kind=summarize subject=docs/plans/059-fix-agents/reviews/fix-tasks.phase-3-top-bar-agent-overlay.md::Fix Tasks: Phase 3: Top Bar + Agent Overlay::Critical / High Fixes::FT-001: Restore live recent-agent status updates ms=18 left=28822
2026-08-28T11:00:36.087590Z  INFO fs3_daemon::runner: done kind="embed" id=673976 left=28821
2026-08-28T11:00:36.175949Z  INFO fs3_daemon::runner: done kind=summarize subject=docs/plans/059-fix-agents/reviews/fix-tasks.phase-3-top-bar-agent-overlay.md::Fix Tasks: Phase 3: Top Bar + Agent Overlay::Critical / High Fixes ms=16 left=28821
2026-08-28T11:00:36.177742Z  INFO fs3_daemon::runner: batch kind="embed" subject=1 x smart jobs=1 ms=1
2026-08-28T11:00:36.212109Z  INFO fs3_daemon::runner: done kind="embed" id=673977 left=28820
2026-08-28T11:00:36.329345Z  INFO fs3_daemon::runner: batch kind="embed" subject=1 x smart jobs=1 ms=4
2026-08-28T11:00:36.359055Z  INFO fs3_daemon::runner: done kind=summarize subject=docs/plans/059-fix-agents/reviews/fix-tasks.phase-3-top-bar-agent-overlay.md::Fix Tasks: Phase 3: Top Bar + Agent Overlay ms=67 left=28820
2026-08-28T11:00:36.389143Z  INFO fs3_daemon::runner: done kind="embed" id=673978 left=28819
2026-08-28T11:00:36.524913Z  INFO fs3_daemon::runner: batch kind="embed" subject=1 x smart jobs=1 ms=0
2026-08-28T11:00:36.542695Z  INFO fs3_daemon::runner: done kind=summarize subject=docs/plans/059-fix-agents/reviews/fix-tasks.phase-2-workunit-state-system.md::Fix Tasks: Phase 2: WorkUnit State System::Medium / Low Fixes::FT-009: Add required Test Doc blocks in new tests ms=67 left=28819
2026-08-28T11:00:36.554589Z  INFO fs3_daemon::runner: done kind="embed" id=673979 left=28818
2026-08-28T11:00:36.670018Z  INFO fs3_daemon::runner: done kind=summarize subject=docs/plans/059-fix-agents/reviews/fix-tasks.phase-2-workunit-state-system.md::Fix Tasks: Phase 2: WorkUnit State System::Medium / Low Fixes::FT-008: Strengthen real-implementation persistence evidence and timestamp assertions ms=26 left=28818
2026-08-28T11:00:36.671386Z  INFO fs3_daemon::runner: batch kind="embed" subject=1 x smart jobs=1 ms=0
2026-08-28T11:00:36.698031Z  INFO fs3_daemon::runner: done kind="embed" id=673980 left=28817
2026-08-28T11:00:36.808680Z  INFO fs3_daemon::runner: done kind=summarize subject=docs/plans/059-fix-agents/reviews/fix-tasks.phase-2-workunit-state-system.md::Fix Tasks: Phase 2: WorkUnit State System::Medium / Low Fixes::FT-007: Refresh domain-map labels and health summary ms=29 left=28817
2026-08-28T11:00:36.814909Z  INFO fs3_daemon::runner: batch kind="embed" subject=1 x smart jobs=1 ms=1
2026-08-28T11:00:36.860003Z  INFO fs3_daemon::runner: done kind="embed" id=673981 left=28816
2026-08-28T11:00:37.001624Z  INFO fs3_daemon::runner: batch kind="embed" subject=1 x smart jobs=1 ms=0
2026-08-28T11:00:37.028897Z  INFO fs3_daemon::runner: done kind=summarize subject=docs/plans/059-fix-agents/reviews/fix-tasks.phase-2-workunit-state-system.md::Fix Tasks: Phase 2: WorkUnit State System::Medium / Low Fixes::FT-006: Update agents domain doc currency ms=62 left=28816
2026-08-28T11:00:37.054962Z  INFO fs3_daemon::runner: done kind="embed" id=673982 left=28815
2026-08-28T11:00:37.162759Z  INFO fs3_daemon::runner: batch kind="embed" subject=1 x smart jobs=1 ms=2
2026-08-28T11:00:37.183646Z  INFO fs3_daemon::runner: done kind=summarize subject=docs/plans/059-fix-agents/reviews/fix-tasks.phase-2-workunit-state-system.md::Fix Tasks: Phase 2: WorkUnit State System::Medium / Low Fixes::FT-005: Reconcile Domain Manifest with touched files ms=51 left=28815
2026-08-28T11:00:37.192453Z  INFO fs3_daemon::runner: done kind="embed" id=673983 left=28814
2026-08-28T11:00:37.316727Z  INFO fs3_daemon::runner: done kind=summarize subject=docs/plans/059-fix-agents/reviews/fix-tasks.phase-2-workunit-state-system.md::Fix Tasks: Phase 2: WorkUnit State System::Medium / Low Fixes::FT-004: Use workspace resolver output for persistence path ms=41 left=28814
2026-08-28T11:00:37.337357Z  INFO fs3_daemon::runner: progress phase="working" scanned=62567 scan_left=33 summarized=129371 summarize_left=28780 embedded=209106 embed_left=1 failed=0
2026-08-28T11:00:37.378652Z  INFO fs3_daemon::runner: batch kind="embed" subject=2 x smart jobs=2 ms=0
2026-08-28T11:00:37.396020Z  INFO fs3_daemon::runner: done kind="embed" id=673984 left=28813
2026-08-28T11:00:37.495198Z  INFO fs3_daemon::runner: done kind="embed" id=673985 left=28812
2026-08-28T11:00:37.637612Z  INFO fs3_daemon::runner: done kind=summarize subject=docs/plans/059-fix-agents/reviews/fix-tasks.phase-2-workunit-state-system.md::Fix Tasks: Phase 2: WorkUnit State System::Medium / Low Fixes ms=64 left=28812
2026-08-28T11:00:37.644803Z  INFO fs3_daemon::runner: batch kind="embed" subject=1 x smart jobs=1 ms=0
2026-08-28T11:00:37.674315Z  INFO fs3_daemon::runner: done kind=summarize subject=docs/plans/059-fix-agents/reviews/fix-tasks.phase-2-workunit-state-system.md::Fix Tasks: Phase 2: WorkUnit State System::Critical / High Fixes::FT-003: Remove direct filesystem dependencies from service layer (or codify exception) ms=67 left=28812
2026-08-28T11:00:37.683610Z  INFO fs3_daemon::runner: done kind="embed" id=673986 left=28811
2026-08-28T11:00:37.798675Z  INFO fs3_daemon::runner: done kind=summarize subject=docs/plans/059-fix-agents/reviews/fix-tasks.phase-2-workunit-state-system.md::Fix Tasks: Phase 2: WorkUnit State System::Critical / High Fixes::FT-002: Reconcile spec/phase acceptance criteria with delivered status-only contract ms=33 left=28811
2026-08-28T11:00:37.805892Z  INFO fs3_daemon::runner: batch kind="embed" subject=1 x smart jobs=1 ms=3
2026-08-28T11:00:37.835254Z  INFO fs3_daemon::runner: done kind="embed" id=673987 left=28810
2026-08-28T11:00:37.949082Z  INFO fs3_daemon::runner: done kind=summarize subject=docs/plans/059-fix-agents/reviews/fix-tasks.phase-2-workunit-state-system.md::Fix Tasks: Phase 2: WorkUnit State System::Critical / High Fixes::FT-001: Wire AgentWorkUnitBridge into production lifecycle ms=36 left=28810
2026-08-28T11:00:37.957282Z  INFO fs3_daemon::runner: batch kind="embed" subject=1 x smart jobs=1 ms=3
2026-08-28T11:00:37.991750Z  INFO fs3_daemon::runner: done kind="embed" id=673988 left=28809
2026-08-28T11:00:38.114991Z  INFO fs3_daemon::runner: done kind=summarize subject=docs/plans/059-fix-agents/reviews/fix-tasks.phase-2-workunit-state-system.md::Fix Tasks: Phase 2: WorkUnit State System::Critical / High Fixes ms=40 left=28809
2026-08-28T11:00:38.121012Z  INFO fs3_daemon::runner: batch kind="embed" subject=1 x smart jobs=1 ms=3
2026-08-28T11:00:38.149275Z  INFO fs3_daemon::runner: done kind="embed" id=673989 left=28808
2026-08-28T11:00:38.251412Z  INFO fs3_daemon::runner: done kind=summarize subject=docs/plans/059-fix-agents/reviews/fix-tasks.phase-2-workunit-state-system.md::Fix Tasks: Phase 2: WorkUnit State System ms=18 left=28808
2026-08-28T11:00:38.258371Z  INFO fs3_daemon::runner: batch kind="embed" subject=1 x smart jobs=1 ms=3
2026-08-28T11:00:38.268521Z  INFO fs3_daemon::runner: done kind="embed" id=673990 left=28807
2026-08-28T11:00:38.352468Z  INFO fs3_daemon::runner: batch kind="embed" subject=1 x smart jobs=1 ms=3
2026-08-28T11:00:38.353186Z  INFO fs3_daemon::runner: done kind=summarize subject=docs/plans/059-fix-agents/reviews/fix-tasks.phase-1-fix-agent-foundation.md::Fix Tasks: Phase 1: Fix Agent Foundation::Medium / Low Fixes ms=21 left=28807
2026-08-28T11:00:38.362798Z  INFO fs3_daemon::runner: done kind="embed" id=673991 left=28806
2026-08-28T11:00:38.446857Z  INFO fs3_daemon::runner: done kind=summarize subject=docs/plans/059-fix-agents/reviews/fix-tasks.phase-1-fix-agent-foundation.md::Fix Tasks: Phase 1: Fix Agent Foundation::Critical / High Fixes::FT-007: Bring plan/spec/tasks into doctrine compliance ms=20 left=28806
2026-08-28T11:00:38.448932Z  INFO fs3_daemon::runner: batch kind="embed" subject=1 x smart jobs=1 ms=0
2026-08-28T11:00:38.459626Z  INFO fs3_daemon::runner: done kind="embed" id=673992 left=28805
2026-08-28T11:00:38.547330Z  INFO fs3_daemon::runner: done kind=summarize subject=docs/plans/059-fix-agents/reviews/fix-tasks.phase-1-fix-agent-foundation.md::Fix Tasks: Phase 1: Fix Agent Foundation::Critical / High Fixes::FT-006: Fix domain-map dependency direction violation ms=16 left=28805
2026-08-28T11:00:38.551233Z  INFO fs3_daemon::runner: batch kind="embed" subject=1 x smart jobs=1 ms=2
2026-08-28T11:00:38.563923Z  INFO fs3_daemon::runner: done kind="embed" id=673993 left=28804
2026-08-28T11:00:38.645544Z  INFO fs3_daemon::runner: done kind=summarize subject=docs/plans/059-fix-agents/reviews/fix-tasks.phase-1-fix-agent-foundation.md::Fix Tasks: Phase 1: Fix Agent Foundation::Critical / High Fixes::FT-005: Add targeted regression tests (T008) ms=15 left=28804
2026-08-28T11:00:38.647553Z  INFO fs3_daemon::runner: batch kind="embed" subject=1 x smart jobs=1 ms=0
2026-08-28T11:00:38.660357Z  INFO fs3_daemon::runner: done kind="embed" id=673994 left=28803
2026-08-28T11:00:38.750092Z  INFO fs3_daemon::runner: done kind=summarize subject=docs/plans/059-fix-agents/reviews/fix-tasks.phase-1-fix-agent-foundation.md::Fix Tasks: Phase 1: Fix Agent Foundation::Critical / High Fixes::FT-004: Add execution evidence log for Phase 1 ms=21 left=28803
2026-08-28T11:00:38.751264Z  INFO fs3_daemon::runner: batch kind="embed" subject=1 x smart jobs=1 ms=2
2026-08-28T11:00:38.767052Z  INFO fs3_daemon::runner: done kind="embed" id=673995 left=28802
2026-08-28T11:00:38.847673Z  INFO fs3_daemon::runner: done kind=summarize subject=docs/plans/059-fix-agents/reviews/fix-tasks.phase-1-fix-agent-foundation.md::Fix Tasks: Phase 1: Fix Agent Foundation::Critical / High Fixes::FT-003: Align SSE lifecycle contract with consumers ms=14 left=28802
2026-08-28T11:00:38.851110Z  INFO fs3_daemon::runner: batch kind="embed" subject=1 x smart jobs=1 ms=0
2026-08-28T11:00:38.862684Z  INFO fs3_daemon::runner: done kind="embed" id=673996 left=28801
2026-08-28T11:00:38.943305Z  INFO fs3_daemon::runner: done kind=summarize subject=docs/plans/059-fix-agents/reviews/fix-tasks.phase-1-fix-agent-foundation.md::Fix Tasks: Phase 1: Fix Agent Foundation::Critical / High Fixes::FT-002: Fix CopilotCLIAdapter DI wiring for Enter/tmux target ms=15 left=28801
2026-08-28T11:00:38.946802Z  INFO fs3_daemon::runner: batch kind="embed" subject=1 x smart jobs=1 ms=1
2026-08-28T11:00:38.957986Z  INFO fs3_daemon::runner: done kind="embed" id=673997 left=28800
2026-08-28T11:00:39.036273Z  INFO fs3_daemon::runner: batch kind="embed" subject=1 x smart jobs=1 ms=0
2026-08-28T11:00:39.036355Z  INFO fs3_daemon::runner: done kind=summarize subject=docs/plans/059-fix-agents/reviews/fix-tasks.phase-1-fix-agent-foundation.md::Fix Tasks: Phase 1: Fix Agent Foundation::Critical / High Fixes::FT-001: Propagate copilot-cli creation fields end-to-end ms=13 left=28800
2026-08-28T11:00:39.045401Z  INFO fs3_daemon::runner: done kind="embed" id=673998 left=28799
2026-08-28T11:00:39.124372Z  INFO fs3_daemon::runner: done kind=summarize subject=docs/plans/059-fix-agents/reviews/fix-tasks.phase-1-fix-agent-foundation.md::Fix Tasks: Phase 1: Fix Agent Foundation::Critical / High Fixes ms=17 left=28799
2026-08-28T11:00:39.128124Z  INFO fs3_daemon::runner: batch kind="embed" subject=1 x smart jobs=1 ms=0
2026-08-28T11:00:39.140580Z  INFO fs3_daemon::runner: done kind="embed" id=673999 left=28798
2026-08-28T11:00:39.228224Z  INFO fs3_daemon::runner: done kind=summarize subject=docs/plans/059-fix-agents/reviews/fix-tasks.phase-1-fix-agent-foundation.md::Fix Tasks: Phase 1: Fix Agent Foundation ms=17 left=28798
2026-08-28T11:00:39.228390Z  INFO fs3_daemon::runner: batch kind="embed" subject=1 x smart jobs=1 ms=0
2026-08-28T11:00:39.237658Z  INFO fs3_daemon::runner: done kind="embed" id=674000 left=28797
2026-08-28T11:00:39.325759Z  INFO fs3_daemon::runner: done kind=summarize subject=docs/plans/059-fix-agents/reviews/fix-tasks.fx001-wire-agent-workunit-registration.md::Fix Tasks: FX001: Wire Agent Lifecycle into WorkUnitStateService::Medium / Low Fixes::FT-004: Restore domain traceability for FX001 scope ms=19 left=28797
2026-08-28T11:00:39.330567Z  INFO fs3_daemon::runner: batch kind="embed" subject=1 x smart jobs=1 ms=3
2026-08-28T11:00:39.343498Z  INFO fs3_daemon::runner: done kind="embed" id=674001 left=28796
2026-08-28T11:00:39.430096Z  INFO fs3_daemon::runner: done kind=summarize subject=docs/plans/059-fix-agents/reviews/fix-tasks.fx001-wire-agent-workunit-registration.md::Fix Tasks: FX001: Wire Agent Lifecycle into WorkUnitStateService::Medium / Low Fixes::FT-003: Align FX001 dossier with implemented behavior ms=14 left=28796
2026-08-28T11:00:39.436602Z  INFO fs3_daemon::runner: batch kind="embed" subject=1 x smart jobs=1 ms=2
2026-08-28T11:00:39.449021Z  INFO fs3_daemon::runner: done kind="embed" id=674002 left=28795
2026-08-28T11:00:39.539098Z  INFO fs3_daemon::runner: done kind=summarize subject=docs/plans/059-fix-agents/reviews/fix-tasks.fx001-wire-agent-workunit-registration.md::Fix Tasks: FX001: Wire Agent Lifecycle into WorkUnitStateService::Medium / Low Fixes ms=20 left=28795
2026-08-28T11:00:39.540393Z  INFO fs3_daemon::runner: batch kind="embed" subject=1 x smart jobs=1 ms=0
2026-08-28T11:00:39.550301Z  INFO fs3_daemon::runner: done kind="embed" id=674003 left=28794
2026-08-28T11:00:39.643883Z  INFO fs3_daemon::runner: done kind=summarize subject=docs/plans/059-fix-agents/reviews/fix-tasks.fx001-wire-agent-workunit-registration.md::Fix Tasks: FX001: Wire Agent Lifecycle into WorkUnitStateService::Critical / High Fixes::FT-002: Add direct verification for FX001 lifecycle wiring ms=18 left=28794
2026-08-28T11:00:39.644597Z  INFO fs3_daemon::runner: batch kind="embed" subject=1 x smart jobs=1 ms=0
2026-08-28T11:00:39.657418Z  INFO fs3_daemon::runner: done kind="embed" id=674004 left=28793
2026-08-28T11:00:39.752794Z  INFO fs3_daemon::runner: done kind=summarize subject=docs/plans/059-fix-agents/reviews/fix-tasks.fx001-wire-agent-workunit-registration.md::Fix Tasks: FX001: Wire Agent Lifecycle into WorkUnitStateService::Critical / High Fixes::FT-001: Eliminate silent bridge-failure paths ms=13 left=28793
2026-08-28T11:00:39.757819Z  INFO fs3_daemon::runner: batch kind="embed" subject=1 x smart jobs=1 ms=0
2026-08-28T11:00:39.767726Z  INFO fs3_daemon::runner: done kind="embed" id=674005 left=28792
2026-08-28T11:00:39.855742Z  INFO fs3_daemon::runner: batch kind="embed" subject=1 x smart jobs=1 ms=0
2026-08-28T11:00:39.859235Z  INFO fs3_daemon::runner: done kind=summarize subject=docs/plans/059-fix-agents/reviews/fix-tasks.fx001-wire-agent-workunit-registration.md::Fix Tasks: FX001: Wire Agent Lifecycle into WorkUnitStateService::Critical / High Fixes ms=22 left=28792
2026-08-28T11:00:39.867079Z  INFO fs3_daemon::runner: done kind="embed" id=674006 left=28791
2026-08-28T11:00:39.954802Z  INFO fs3_daemon::runner: done kind=summarize subject=docs/plans/059-fix-agents/reviews/fix-tasks.fx001-wire-agent-workunit-registration.md::Fix Tasks: FX001: Wire Agent Lifecycle into WorkUnitStateService ms=17 left=28791
2026-08-28T11:00:39.958292Z  INFO fs3_daemon::runner: batch kind="embed" subject=1 x smart jobs=1 ms=0
2026-08-28T11:00:39.969777Z  INFO fs3_daemon::runner: done kind="embed" id=674007 left=28790
2026-08-28T11:00:40.056227Z  INFO fs3_daemon::runner: done kind=summarize subject=docs/plans/059-fix-agents/research-dossier.md::Research Report: Fix Agents in Web::Next Steps ms=14 left=28790
2026-08-28T11:00:40.062061Z  INFO fs3_daemon::runner: batch kind="embed" subject=1 x smart jobs=1 ms=0
2026-08-28T11:00:40.074396Z  INFO fs3_daemon::runner: done kind="embed" id=674008 left=28789
2026-08-28T11:00:40.165165Z  INFO fs3_daemon::runner: batch kind="embed" subject=1 x smart jobs=1 ms=0
2026-08-28T11:00:40.168213Z  INFO fs3_daemon::runner: done kind=summarize subject=docs/plans/059-fix-agents/research-dossier.md::Research Report: Fix Agents in Web::Appendix: File Inventory::Core Files ms=20 left=28789
2026-08-28T11:00:40.176598Z  INFO fs3_daemon::runner: done kind="embed" id=674009 left=28788
2026-08-28T11:00:40.255059Z  INFO fs3_daemon::runner: done kind=summarize subject=docs/plans/059-fix-agents/research-dossier.md::Research Report: Fix Agents in Web::Appendix: File Inventory ms=13 left=28788
2026-08-28T11:00:40.261318Z  INFO fs3_daemon::runner: batch kind="embed" subject=1 x smart jobs=1 ms=0
2026-08-28T11:00:40.272606Z  INFO fs3_daemon::runner: done kind="embed" id=674010 left=28787
2026-08-28T11:00:40.362519Z  INFO fs3_daemon::runner: done kind=summarize subject=docs/plans/059-fix-agents/research-dossier.md::Research Report: Fix Agents in Web::Recommendations::Phased Approach (Per User Request) ms=16 left=28787
2026-08-28T11:00:40.366477Z  INFO fs3_daemon::runner: batch kind="embed" subject=1 x smart jobs=1 ms=0
2026-08-28T11:00:40.382457Z  INFO fs3_daemon::runner: done kind="embed" id=674011 left=28786
2026-08-28T11:00:40.467794Z  INFO fs3_daemon::runner: done kind=summarize subject=docs/plans/059-fix-agents/research-dossier.md::Research Report: Fix Agents in Web::Recommendations ms=15 left=28786
2026-08-28T11:00:40.472149Z  INFO fs3_daemon::runner: batch kind="embed" subject=1 x smart jobs=1 ms=0
2026-08-28T11:00:40.486027Z  INFO fs3_daemon::runner: done kind="embed" id=674012 left=28785
2026-08-28T11:00:40.575690Z  INFO fs3_daemon::runner: done kind=summarize subject=docs/plans/059-fix-agents/research-dossier.md::Research Report: Fix Agents in Web::External Research Opportunities::Research Opportunity 2: Agent Question/Interrupt UX ms=16 left=28785
2026-08-28T11:00:40.580309Z  INFO fs3_daemon::runner: batch kind="embed" subject=1 x smart jobs=1 ms=3
2026-08-28T11:00:40.593057Z  INFO fs3_daemon::runner: done kind="embed" id=674013 left=28784
2026-08-28T11:00:40.679243Z  INFO fs3_daemon::runner: done kind=summarize subject=docs/plans/059-fix-agents/research-dossier.md::Research Report: Fix Agents in Web::External Research Opportunities::Research Opportunity 1: Top Bar Agent UX Patterns ms=17 left=28784
2026-08-28T11:00:40.683745Z  INFO fs3_daemon::runner: batch kind="embed" subject=1 x smart jobs=1 ms=0
2026-08-28T11:00:40.696442Z  INFO fs3_daemon::runner: done kind="embed" id=674014 left=28783
2026-08-28T11:00:40.780815Z  INFO fs3_daemon::runner: done kind=summarize subject=docs/plans/059-fix-agents/research-dossier.md::Research Report: Fix Agents in Web::External Research Opportunities ms=15 left=28783
2026-08-28T11:00:40.784192Z  INFO fs3_daemon::runner: batch kind="embed" subject=1 x smart jobs=1 ms=1
2026-08-28T11:00:40.793825Z  INFO fs3_daemon::runner: done kind="embed" id=674015 left=28782
2026-08-28T11:00:40.874601Z  INFO fs3_daemon::runner: done kind=summarize subject=docs/plans/059-fix-agents/research-dossier.md::Research Report: Fix Agents in Web::Critical Discoveries ms=13 left=28782
2026-08-28T11:00:40.881537Z  INFO fs3_daemon::runner: batch kind="embed" subject=1 x smart jobs=1 ms=0
2026-08-28T11:00:40.894536Z  INFO fs3_daemon::runner: done kind="embed" id=674016 left=28781
2026-08-28T11:00:40.973483Z  INFO fs3_daemon::runner: done kind=summarize subject=docs/plans/059-fix-agents/research-dossier.md::Research Report: Fix Agents in Web::Domain Context::State Publisher Pattern (From WorktreeStatePublisher Exemplar) ms=11 left=28781
2026-08-28T11:00:40.980689Z  INFO fs3_daemon::runner: batch kind="embed" subject=1 x smart jobs=1 ms=0
2026-08-28T11:00:40.993261Z  INFO fs3_daemon::runner: done kind="embed" id=674017 left=28780
2026-08-28T11:00:41.070493Z  INFO fs3_daemon::runner: done kind=summarize subject=docs/plans/059-fix-agents/research-dossier.md::Research Report: Fix Agents in Web::Domain Context::Proposed Agent State Paths (Following Plan 053 Pattern) ms=13 left=28780
2026-08-28T11:00:41.075587Z  INFO fs3_daemon::runner: batch kind="embed" subject=1 x smart jobs=1 ms=0
2026-08-28T11:00:41.086098Z  INFO fs3_daemon::runner: done kind="embed" id=674018 left=28779
2026-08-28T11:00:41.161254Z  INFO fs3_daemon::runner: done kind=summarize subject=docs/plans/059-fix-agents/research-dossier.md::Research Report: Fix Agents in Web::Domain Context::Existing Domains Relevant to This Research ms=12 left=28779
2026-08-28T11:00:41.171348Z  INFO fs3_daemon::runner: batch kind="embed" subject=1 x smart jobs=1 ms=2
2026-08-28T11:00:41.186839Z  INFO fs3_daemon::runner: done kind="embed" id=674019 left=28778
2026-08-28T11:00:41.298488Z  INFO fs3_daemon::runner: done kind=summarize subject=docs/plans/059-fix-agents/research-dossier.md::Research Report: Fix Agents in Web::Domain Context ms=35 left=28778
2026-08-28T11:00:41.302792Z  INFO fs3_daemon::runner: batch kind="embed" subject=1 x smart jobs=1 ms=0
2026-08-28T11:00:41.326584Z  INFO fs3_daemon::runner: done kind="embed" id=674020 left=28777
2026-08-28T11:00:41.430987Z  INFO fs3_daemon::runner: done kind=summarize subject=docs/plans/059-fix-agents/research-dossier.md::Research Report: Fix Agents in Web::Prior Learnings (From Previous Implementations)::Prior Learnings Summary ms=30 left=28777
2026-08-28T11:00:41.437704Z  INFO fs3_daemon::runner: batch kind="embed" subject=1 x smart jobs=1 ms=1
2026-08-28T11:00:41.462281Z  INFO fs3_daemon::runner: done kind="embed" id=674021 left=28776
2026-08-28T11:00:41.566919Z  INFO fs3_daemon::runner: done kind=summarize subject=docs/plans/059-fix-agents/research-dossier.md::Research Report: Fix Agents in Web::Prior Learnings (From Previous Implementations) ms=31 left=28776
2026-08-28T11:00:41.572262Z  INFO fs3_daemon::runner: batch kind="embed" subject=1 x smart jobs=1 ms=1
2026-08-28T11:00:41.594642Z  INFO fs3_daemon::runner: done kind="embed" id=674022 left=28775
2026-08-28T11:00:41.709424Z  INFO fs3_daemon::runner: done kind=summarize subject=docs/plans/059-fix-agents/research-dossier.md::Research Report: Fix Agents in Web::Modification Considerations ms=35 left=28775
2026-08-28T11:00:41.711034Z  INFO fs3_daemon::runner: batch kind="embed" subject=1 x smart jobs=1 ms=0
2026-08-28T11:00:41.737462Z  INFO fs3_daemon::runner: done kind="embed" id=674023 left=28774
2026-08-28T11:00:41.845291Z  INFO fs3_daemon::runner: batch kind="embed" subject=1 x smart jobs=1 ms=0
2026-08-28T11:00:41.863397Z  INFO fs3_daemon::runner: done kind=summarize subject=docs/plans/059-fix-agents/research-dossier.md::Research Report: Fix Agents in Web::Quality & Testing::Known Issues & Technical Debt ms=43 left=28774
2026-08-28T11:00:41.880862Z  INFO fs3_daemon::runner: done kind="embed" id=674024 left=28773
2026-08-28T11:00:41.996383Z  INFO fs3_daemon::runner: done kind=summarize subject=docs/plans/059-fix-agents/research-dossier.md::Research Report: Fix Agents in Web::Quality & Testing ms=36 left=28773
2026-08-28T11:00:42.003528Z  INFO fs3_daemon::runner: batch kind="embed" subject=1 x smart jobs=1 ms=3
2026-08-28T11:00:42.029709Z  INFO fs3_daemon::runner: done kind="embed" id=674025 left=28772
2026-08-28T11:00:42.133190Z  INFO fs3_daemon::runner: done kind=summarize subject=docs/plans/059-fix-agents/research-dossier.md::Research Report: Fix Agents in Web::Dependencies & Integration::What This Depends On ms=27 left=28772
2026-08-28T11:00:42.141469Z  INFO fs3_daemon::runner: batch kind="embed" subject=1 x smart jobs=1 ms=4
2026-08-28T11:00:42.168655Z  INFO fs3_daemon::runner: done kind="embed" id=674026 left=28771
2026-08-28T11:00:42.264822Z  INFO fs3_daemon::runner: done kind=summarize subject=docs/plans/059-fix-agents/research-dossier.md::Research Report: Fix Agents in Web::Dependencies & Integration ms=24 left=28771
2026-08-28T11:00:42.270443Z  INFO fs3_daemon::runner: batch kind="embed" subject=1 x smart jobs=1 ms=0
2026-08-28T11:00:42.294465Z  INFO fs3_daemon::runner: done kind="embed" id=674027 left=28770
2026-08-28T11:00:42.416436Z  INFO fs3_daemon::runner: done kind=summarize subject=docs/plans/059-fix-agents/research-dossier.md::Research Report: Fix Agents in Web::Architecture & Design::Component Map::UI Components (apps/web/src/components/agents/) ms=47 left=28770
2026-08-28T11:00:42.432633Z  INFO fs3_daemon::runner: progress phase="working" scanned=62567 scan_left=33 summarized=129415 summarize_left=28736 embedded=209150 embed_left=1 failed=0
2026-08-28T11:00:42.460113Z  INFO fs3_daemon::runner: batch kind="embed" subject=2 x smart jobs=2 ms=0
2026-08-28T11:00:42.483184Z  INFO fs3_daemon::runner: done kind="embed" id=674028 left=28769
2026-08-28T11:00:42.561187Z  INFO fs3_daemon::runner: done kind="embed" id=674029 left=28768
2026-08-28T11:00:42.680882Z  INFO fs3_daemon::runner: done kind=summarize subject=docs/plans/059-fix-agents/research-dossier.md::Research Report: Fix Agents in Web::Architecture & Design::Component Map::Core Components ms=48 left=28768
2026-08-28T11:00:42.692019Z  INFO fs3_daemon::runner: batch kind="embed" subject=1 x smart jobs=1 ms=0
2026-08-28T11:00:42.709832Z  INFO fs3_daemon::runner: done kind=summarize subject=docs/plans/059-fix-agents/research-dossier.md::Research Report: Fix Agents in Web::Architecture & Design::Component Map ms=47 left=28768
2026-08-28T11:00:42.722615Z  INFO fs3_daemon::runner: done kind="embed" id=674030 left=28767
2026-08-28T11:00:42.812493Z  INFO fs3_daemon::runner: done kind=summarize subject=docs/plans/059-fix-agents/research-dossier.md::Research Report: Fix Agents in Web::Architecture & Design ms=10 left=28767
2026-08-28T11:00:42.823621Z  INFO fs3_daemon::runner: batch kind="embed" subject=1 x smart jobs=1 ms=0
2026-08-28T11:00:42.837830Z  INFO fs3_daemon::runner: done kind="embed" id=674031 left=28766
2026-08-28T11:00:42.917773Z  INFO fs3_daemon::runner: done kind=summarize subject=docs/plans/059-fix-agents/research-dossier.md::Research Report: Fix Agents in Web::How It Currently Works::Data Flow ms=18 left=28766
2026-08-28T11:00:42.920631Z  INFO fs3_daemon::runner: batch kind="embed" subject=1 x smart jobs=1 ms=0
2026-08-28T11:00:42.932253Z  INFO fs3_daemon::runner: done kind="embed" id=674032 left=28765
2026-08-28T11:00:43.010095Z  INFO fs3_daemon::runner: done kind=summarize subject=docs/plans/059-fix-agents/research-dossier.md::Research Report: Fix Agents in Web::How It Currently Works::Core Execution Flow ms=13 left=28765
2026-08-28T11:00:43.013969Z  INFO fs3_daemon::runner: batch kind="embed" subject=1 x smart jobs=1 ms=0
2026-08-28T11:00:43.025163Z  INFO fs3_daemon::runner: done kind="embed" id=674033 left=28764
2026-08-28T11:00:43.115589Z  INFO fs3_daemon::runner: batch kind="embed" subject=1 x smart jobs=1 ms=0
2026-08-28T11:00:43.117147Z  INFO fs3_daemon::runner: done kind=summarize subject=docs/plans/059-fix-agents/research-dossier.md::Research Report: Fix Agents in Web::How It Currently Works::Entry Points ms=21 left=28764
2026-08-28T11:00:43.124517Z  INFO fs3_daemon::runner: done kind="embed" id=674034 left=28763
2026-08-28T11:00:43.206894Z  INFO fs3_daemon::runner: done kind=summarize subject=docs/plans/059-fix-agents/research-dossier.md::Research Report: Fix Agents in Web::How It Currently Works ms=20 left=28763
2026-08-28T11:00:43.213351Z  INFO fs3_daemon::runner: batch kind="embed" subject=1 x smart jobs=1 ms=0
2026-08-28T11:00:43.224753Z  INFO fs3_daemon::runner: done kind="embed" id=674035 left=28762
2026-08-28T11:00:43.312173Z  INFO fs3_daemon::runner: done kind=summarize subject=docs/plans/059-fix-agents/research-dossier.md::Research Report: Fix Agents in Web::Executive Summary ms=18 left=28762
2026-08-28T11:00:43.314883Z  INFO fs3_daemon::runner: batch kind="embed" subject=1 x smart jobs=1 ms=0
2026-08-28T11:00:43.327188Z  INFO fs3_daemon::runner: done kind="embed" id=674036 left=28761
2026-08-28T11:00:43.416621Z  INFO fs3_daemon::runner: done kind=summarize subject=docs/plans/059-fix-agents/research-dossier.md::Research Report: Fix Agents in Web ms=18 left=28761
2026-08-28T11:00:43.421274Z  INFO fs3_daemon::runner: batch kind="embed" subject=1 x smart jobs=1 ms=1
2026-08-28T11:00:43.435074Z  INFO fs3_daemon::runner: done kind="embed" id=674037 left=28760
2026-08-28T11:00:43.516765Z  INFO fs3_daemon::runner: done kind=summarize subject=docs/plans/059-fix-agents/merge/2026-03-05/merge-plan.md::Merge Plan: Integrating Upstream Changes::Merge Execution Plan::Phase 2: Post-merge validation ms=14 left=28760
2026-08-28T11:00:43.519988Z  INFO fs3_daemon::runner: batch kind="embed" subject=1 x smart jobs=1 ms=0
2026-08-28T11:00:43.533661Z  INFO fs3_daemon::runner: done kind="embed" id=674038 left=28759
2026-08-28T11:00:43.622137Z  INFO fs3_daemon::runner: done kind=summarize subject=docs/plans/059-fix-agents/merge/2026-03-05/merge-plan.md::Merge Plan: Integrating Upstream Changes::Merge Execution Plan::Phase 1: Merge with conflict resolution ms=19 left=28759
2026-08-28T11:00:43.625423Z  INFO fs3_daemon::runner: batch kind="embed" subject=1 x smart jobs=1 ms=0
2026-08-28T11:00:43.637325Z  INFO fs3_daemon::runner: done kind="embed" id=674039 left=28758
2026-08-28T11:00:43.726697Z  INFO fs3_daemon::runner: done kind=summarize subject=docs/plans/059-fix-agents/merge/2026-03-05/merge-plan.md::Merge Plan: Integrating Upstream Changes::Merge Execution Plan ms=18 left=28758
2026-08-28T11:00:43.729210Z  INFO fs3_daemon::runner: batch kind="embed" subject=1 x smart jobs=1 ms=1
2026-08-28T11:00:43.742279Z  INFO fs3_daemon::runner: done kind="embed" id=674040 left=28757
2026-08-28T11:00:43.823226Z  INFO fs3_daemon::runner: done kind=summarize subject=docs/plans/059-fix-agents/merge/2026-03-05/merge-plan.md::Merge Plan: Integrating Upstream Changes::Regression Risk Analysis ms=16 left=28757
2026-08-28T11:00:43.828279Z  INFO fs3_daemon::runner: batch kind="embed" subject=1 x smart jobs=1 ms=0
2026-08-28T11:00:43.839559Z  INFO fs3_daemon::runner: done kind="embed" id=674041 left=28756
2026-08-28T11:00:43.924777Z  INFO fs3_daemon::runner: done kind=summarize subject=docs/plans/059-fix-agents/merge/2026-03-05/merge-plan.md::Merge Plan: Integrating Upstream Changes::Conflict Analysis::Auto-Merged Files (No Action Needed) ms=14 left=28756
2026-08-28T11:00:43.936051Z  INFO fs3_daemon::runner: batch kind="embed" subject=1 x smart jobs=1 ms=0
2026-08-28T11:00:43.949534Z  INFO fs3_daemon::runner: done kind="embed" id=674042 left=28755
2026-08-28T11:00:44.026465Z  INFO fs3_daemon::runner: done kind=summarize subject=docs/plans/059-fix-agents/merge/2026-03-05/merge-plan.md::Merge Plan: Integrating Upstream Changes::Conflict Analysis::Conflict 4: `docs/domains/registry.md` ms=13 left=28755
2026-08-28T11:00:44.028896Z  INFO fs3_daemon::runner: batch kind="embed" subject=1 x smart jobs=1 ms=0
2026-08-28T11:00:44.038467Z  INFO fs3_daemon::runner: done kind="embed" id=674043 left=28754
2026-08-28T11:00:44.119793Z  INFO fs3_daemon::runner: done kind=summarize subject=docs/plans/059-fix-agents/merge/2026-03-05/merge-plan.md::Merge Plan: Integrating Upstream Changes::Conflict Analysis::Conflict 3: `docs/domains/domain-map.md` ms=15 left=28754
2026-08-28T11:00:44.126567Z  INFO fs3_daemon::runner: batch kind="embed" subject=1 x smart jobs=1 ms=0
2026-08-28T11:00:44.138529Z  INFO fs3_daemon::runner: done kind="embed" id=674044 left=28753
2026-08-28T11:00:44.221398Z  INFO fs3_daemon::runner: done kind=summarize subject=docs/plans/059-fix-agents/merge/2026-03-05/merge-plan.md::Merge Plan: Integrating Upstream Changes::Conflict Analysis::Conflict 2: `apps/web/next.config.mjs` ms=12 left=28753
2026-08-28T11:00:44.226274Z  INFO fs3_daemon::runner: batch kind="embed" subject=1 x smart jobs=1 ms=0
2026-08-28T11:00:44.238187Z  INFO fs3_daemon::runner: done kind="embed" id=674045 left=28752
2026-08-28T11:00:44.317242Z  INFO fs3_daemon::runner: done kind=summarize subject=docs/plans/059-fix-agents/merge/2026-03-05/merge-plan.md::Merge Plan: Integrating Upstream Changes::Conflict Analysis::Conflict 1: `apps/web/app/(dashboard)/workspaces/[slug]/layout.tsx` ms=13 left=28752
2026-08-28T11:00:44.324250Z  INFO fs3_daemon::runner: batch kind="embed" subject=1 x smart jobs=1 ms=0
2026-08-28T11:00:44.339474Z  INFO fs3_daemon::runner: done kind="embed" id=674046 left=28751
2026-08-28T11:00:44.423308Z  INFO fs3_daemon::runner: done kind=summarize subject=docs/plans/059-fix-agents/merge/2026-03-05/merge-plan.md::Merge Plan: Integrating Upstream Changes::Conflict Analysis ms=15 left=28751
2026-08-28T11:00:44.427309Z  INFO fs3_daemon::runner: batch kind="embed" subject=1 x smart jobs=1 ms=3
2026-08-28T11:00:44.439516Z  INFO fs3_daemon::runner: done kind="embed" id=674047 left=28750
2026-08-28T11:00:44.530970Z  INFO fs3_daemon::runner: done kind=summarize subject=docs/plans/059-fix-agents/merge/2026-03-05/merge-plan.md::Merge Plan: Integrating Upstream Changes::Upstream Plan Analysis::Plan 064-tmux: Terminal Integration via tmux ms=16 left=28750
2026-08-28T11:00:44.534710Z  INFO fs3_daemon::runner: batch kind="embed" subject=1 x smart jobs=1 ms=0
2026-08-28T11:00:44.545778Z  INFO fs3_daemon::runner: done kind="embed" id=674048 left=28749
2026-08-28T11:00:44.628035Z  INFO fs3_daemon::runner: done kind=summarize subject=docs/plans/059-fix-agents/merge/2026-03-05/merge-plan.md::Merge Plan: Integrating Upstream Changes::Upstream Plan Analysis ms=18 left=28749
2026-08-28T11:00:44.629682Z  INFO fs3_daemon::runner: batch kind="embed" subject=1 x smart jobs=1 ms=0
2026-08-28T11:00:44.640871Z  INFO fs3_daemon::runner: done kind="embed" id=674049 left=28748
2026-08-28T11:00:44.722239Z  INFO fs3_daemon::runner: done kind=summarize subject=docs/plans/059-fix-agents/merge/2026-03-05/merge-plan.md::Merge Plan: Integrating Upstream Changes::Timeline ms=16 left=28748
2026-08-28T11:00:44.727461Z  INFO fs3_daemon::runner: batch kind="embed" subject=1 x smart jobs=1 ms=0
2026-08-28T11:00:44.740384Z  INFO fs3_daemon::runner: done kind="embed" id=674050 left=28747
2026-08-28T11:00:44.819983Z  INFO fs3_daemon::runner: done kind=summarize subject=docs/plans/059-fix-agents/merge/2026-03-05/merge-plan.md::Merge Plan: Integrating Upstream Changes::Executive Summary ms=14 left=28747
2026-08-28T11:00:44.822728Z  INFO fs3_daemon::runner: batch kind="embed" subject=1 x smart jobs=1 ms=0
2026-08-28T11:00:44.834370Z  INFO fs3_daemon::runner: done kind="embed" id=674051 left=28746
2026-08-28T11:00:44.929271Z  INFO fs3_daemon::runner: done kind=summarize subject=docs/plans/059-fix-agents/merge/2026-03-05/merge-plan.md::Merge Plan: Integrating Upstream Changes ms=20 left=28746
2026-08-28T11:00:44.933487Z  INFO fs3_daemon::runner: batch kind="embed" subject=1 x smart jobs=1 ms=1
2026-08-28T11:00:44.946094Z  INFO fs3_daemon::runner: done kind="embed" id=674052 left=28745
2026-08-28T11:00:45.021191Z  INFO fs3_daemon::runner: batch kind="embed" subject=1 x smart jobs=1 ms=0
2026-08-28T11:00:45.032488Z  INFO fs3_daemon::runner: done kind="embed" id=674053 left=28744
2026-08-28T11:00:45.032548Z  INFO fs3_daemon::runner: done kind=summarize subject=docs/plans/059-fix-agents/merge/2026-03-04/merge-plan.md::Merge Plan: Integrating Upstream Changes::Merge Execution Plan ms=29 left=28745
2026-08-28T11:00:45.117489Z  INFO fs3_daemon::runner: done kind=summarize subject=docs/plans/059-fix-agents/merge/2026-03-04/merge-plan.md::Merge Plan: Integrating Upstream Changes::Conflict Analysis ms=14 left=28744
2026-08-28T11:00:45.127017Z  INFO fs3_daemon::runner: batch kind="embed" subject=1 x smart jobs=1 ms=0
2026-08-28T11:00:45.140697Z  INFO fs3_daemon::runner: done kind="embed" id=674054 left=28743
2026-08-28T11:00:45.222540Z  INFO fs3_daemon::runner: done kind=summarize subject=docs/plans/059-fix-agents/merge/2026-03-04/merge-plan.md::Merge Plan: Integrating Upstream Changes::Upstream Plans Analysis::Plan 063-login ms=18 left=28743
2026-08-28T11:00:45.225693Z  INFO fs3_daemon::runner: batch kind="embed" subject=1 x smart jobs=1 ms=1
2026-08-28T11:00:45.236275Z  INFO fs3_daemon::runner: done kind="embed" id=674055 left=28742
2026-08-28T11:00:45.326001Z  INFO fs3_daemon::runner: done kind=summarize subject=docs/plans/059-fix-agents/merge/2026-03-04/merge-plan.md::Merge Plan: Integrating Upstream Changes::Upstream Plans Analysis::Plan 063-c4-models ms=16 left=28742
2026-08-28T11:00:45.330724Z  INFO fs3_daemon::runner: batch kind="embed" subject=1 x smart jobs=1 ms=0
2026-08-28T11:00:45.343217Z  INFO fs3_daemon::runner: done kind="embed" id=674056 left=28741
2026-08-28T11:00:45.440511Z  INFO fs3_daemon::runner: done kind=summarize subject=docs/plans/059-fix-agents/merge/2026-03-04/merge-plan.md::Merge Plan: Integrating Upstream Changes::Upstream Plans Analysis ms=17 left=28741
2026-08-28T11:00:45.449035Z  INFO fs3_daemon::runner: batch kind="embed" subject=1 x smart jobs=1 ms=0
2026-08-28T11:00:45.461468Z  INFO fs3_daemon::runner: done kind="embed" id=674057 left=28740
2026-08-28T11:00:45.546169Z  INFO fs3_daemon::runner: done kind=summarize subject=docs/plans/059-fix-agents/merge/2026-03-04/merge-plan.md::Merge Plan: Integrating Upstream Changes::Executive Summary ms=16 left=28740
2026-08-28T11:00:45.549204Z  INFO fs3_daemon::runner: batch kind="embed" subject=1 x smart jobs=1 ms=1
2026-08-28T11:00:45.559744Z  INFO fs3_daemon::runner: done kind="embed" id=674058 left=28739
2026-08-28T11:00:45.644016Z  INFO fs3_daemon::runner: done kind=summarize subject=docs/plans/059-fix-agents/merge/2026-03-04/merge-plan.md::Merge Plan: Integrating Upstream Changes ms=16 left=28739
2026-08-28T11:00:45.649405Z  INFO fs3_daemon::runner: batch kind="embed" subject=1 x smart jobs=1 ms=0
2026-08-28T11:00:45.660668Z  INFO fs3_daemon::runner: done kind="embed" id=674059 left=28738
2026-08-28T11:00:45.769702Z  INFO fs3_daemon::runner: done kind=summarize subject=docs/plans/059-fix-agents/fixes/FX006-copilot-sdk-permissions.md::Fix FX006: Copilot SDK Permissions + Upgrade::Acceptance ms=31 left=28738
2026-08-28T11:00:45.772429Z  INFO fs3_daemon::runner: batch kind="embed" subject=1 x smart jobs=1 ms=0
2026-08-28T11:00:45.798174Z  INFO fs3_daemon::runner: done kind="embed" id=674060 left=28737
2026-08-28T11:00:45.906456Z  INFO fs3_daemon::runner: done kind=summarize subject=docs/plans/059-fix-agents/fixes/FX006-copilot-sdk-permissions.md::Fix FX006: Copilot SDK Permissions + Upgrade::Tasks ms=32 left=28737
2026-08-28T11:00:45.912054Z  INFO fs3_daemon::runner: batch kind="embed" subject=1 x smart jobs=1 ms=1
2026-08-28T11:00:45.943125Z  INFO fs3_daemon::runner: done kind="embed" id=674061 left=28736
2026-08-28T11:00:46.055180Z  INFO fs3_daemon::runner: done kind=summarize subject=docs/plans/059-fix-agents/fixes/FX006-copilot-sdk-permissions.md::Fix FX006: Copilot SDK Permissions + Upgrade ms=29 left=28736
2026-08-28T11:00:46.057335Z  INFO fs3_daemon::runner: batch kind="embed" subject=1 x smart jobs=1 ms=0
2026-08-28T11:00:46.075414Z  INFO fs3_daemon::runner: done kind="embed" id=674062 left=28735
2026-08-28T11:00:46.181343Z  INFO fs3_daemon::runner: batch kind="embed" subject=1 x smart jobs=1 ms=0
2026-08-28T11:00:46.215319Z  INFO fs3_daemon::runner: done kind=summarize subject=docs/plans/059-fix-agents/fixes/FX006-copilot-sdk-permissions.log.md::Execution Log: Fix FX006 — Copilot SDK Permissions + Upgrade::FX006-5: report_intent as first-class intent source (DONE) ms=61 left=28734
2026-08-28T11:00:46.215707Z  INFO fs3_daemon::runner: done kind="embed" id=674063 left=28734
2026-08-28T11:00:46.324066Z  INFO fs3_daemon::runner: batch kind="embed" subject=1 x smart jobs=1 ms=0
2026-08-28T11:00:46.343038Z  INFO fs3_daemon::runner: done kind=summarize subject=docs/plans/059-fix-agents/fixes/FX006-copilot-sdk-permissions.log.md::Execution Log: Fix FX006 — Copilot SDK Permissions + Upgrade ms=48 left=28734
2026-08-28T11:00:46.353119Z  INFO fs3_daemon::runner: done kind="embed" id=674064 left=28733
2026-08-28T11:00:46.457273Z  INFO fs3_daemon::runner: batch kind="embed" subject=1 x smart jobs=1 ms=0
2026-08-28T11:00:46.474936Z  INFO fs3_daemon::runner: done kind=summarize subject=docs/plans/059-fix-agents/fixes/FX006-copilot-sdk-permissions.fltplan.md::Flight Plan: Fix FX006 — Copilot SDK Permissions + Upgrade::Flight Status ms=47 left=28733
2026-08-28T11:00:46.486696Z  INFO fs3_daemon::runner: done kind="embed" id=674065 left=28732
2026-08-28T11:00:46.589729Z  INFO fs3_daemon::runner: done kind=summarize subject=docs/plans/059-fix-agents/fixes/FX006-copilot-sdk-permissions.fltplan.md::Flight Plan: Fix FX006 — Copilot SDK Permissions + Upgrade ms=34 left=28732
2026-08-28T11:00:46.594248Z  INFO fs3_daemon::runner: batch kind="embed" subject=1 x smart jobs=1 ms=1
2026-08-28T11:00:46.620956Z  INFO fs3_daemon::runner: done kind="embed" id=674066 left=28731
2026-08-28T11:00:46.738265Z  INFO fs3_daemon::runner: done kind=summarize subject=docs/plans/059-fix-agents/fixes/FX005-agent-topbar-redesign.md::Fix FX005: Agent Top Bar Redesign — Summary Strip + Expandable Grid::Acceptance ms=32 left=28731
2026-08-28T11:00:46.741536Z  INFO fs3_daemon::runner: batch kind="embed" subject=1 x smart jobs=1 ms=0
2026-08-28T11:00:46.763447Z  INFO fs3_daemon::runner: done kind="embed" id=674067 left=28730
2026-08-28T11:00:46.866411Z  INFO fs3_daemon::runner: done kind=summarize subject=docs/plans/059-fix-agents/fixes/FX005-agent-topbar-redesign.md::Fix FX005: Agent Top Bar Redesign — Summary Strip + Expandable Grid::Tasks ms=32 left=28730
2026-08-28T11:00:46.873387Z  INFO fs3_daemon::runner: batch kind="embed" subject=1 x smart jobs=1 ms=0
2026-08-28T11:00:46.903564Z  INFO fs3_daemon::runner: done kind="embed" id=674068 left=28729
2026-08-28T11:00:47.014686Z  INFO fs3_daemon::runner: batch kind="embed" subject=1 x smart jobs=1 ms=1
2026-08-28T11:00:47.037036Z  INFO fs3_daemon::runner: done kind=summarize subject=docs/plans/059-fix-agents/fixes/FX005-agent-topbar-redesign.md::Fix FX005: Agent Top Bar Redesign — Summary Strip + Expandable Grid::Architecture Map ms=54 left=28729
2026-08-28T11:00:47.047581Z  INFO fs3_daemon::runner: done kind="embed" id=674069 left=28728
2026-08-28T11:00:47.148740Z  INFO fs3_daemon::runner: done kind=summarize subject=docs/plans/059-fix-agents/fixes/FX005-agent-topbar-redesign.md::Fix FX005: Agent Top Bar Redesign — Summary Strip + Expandable Grid::Pre-Implementation Check ms=29 left=28728
2026-08-28T11:00:47.153586Z  INFO fs3_daemon::runner: batch kind="embed" subject=1 x smart jobs=1 ms=0
2026-08-28T11:00:47.179240Z  INFO fs3_daemon::runner: done kind="embed" id=674070 left=28727
2026-08-28T11:00:47.262708Z  INFO fs3_daemon::runner: done kind=summarize subject=docs/plans/059-fix-agents/fixes/FX005-agent-topbar-redesign.md::Fix FX005: Agent Top Bar Redesign — Summary Strip + Expandable Grid ms=14 left=28727
2026-08-28T11:00:47.267485Z  INFO fs3_daemon::runner: batch kind="embed" subject=1 x smart jobs=1 ms=1
2026-08-28T11:00:47.279583Z  INFO fs3_daemon::runner: done kind="embed" id=674071 left=28726
2026-08-28T11:00:47.367189Z  INFO fs3_daemon::runner: done kind=summarize subject=docs/plans/059-fix-agents/fixes/FX005-agent-topbar-redesign.log.md::Execution Log: Fix FX005 — Agent Top Bar Redesign ms=20 left=28726
2026-08-28T11:00:47.372794Z  INFO fs3_daemon::runner: batch kind="embed" subject=1 x smart jobs=1 ms=0
2026-08-28T11:00:47.385495Z  INFO fs3_daemon::runner: done kind="embed" id=674072 left=28725
2026-08-28T11:00:47.479605Z  INFO fs3_daemon::runner: done kind=summarize subject=docs/plans/059-fix-agents/fixes/FX005-agent-topbar-redesign.fltplan.md::Flight Plan: Fix FX005 — Agent Top Bar Redesign::Acceptance ms=21 left=28725
2026-08-28T11:00:47.526409Z  INFO fs3_daemon::runner: progress phase="working" scanned=62567 scan_left=33 summarized=129460 summarize_left=28691 embedded=209195 embed_left=1 failed=0
2026-08-28T11:00:47.560672Z  INFO fs3_daemon::runner: batch kind="embed" subject=2 x smart jobs=2 ms=0
2026-08-28T11:00:47.586871Z  INFO fs3_daemon::runner: done kind="embed" id=674073 left=28724
2026-08-28T11:00:47.674056Z  INFO fs3_daemon::runner: done kind="embed" id=674074 left=28723
2026-08-28T11:00:47.783889Z  INFO fs3_daemon::runner: done kind=summarize subject=docs/plans/059-fix-agents/fixes/FX005-agent-topbar-redesign.fltplan.md::Flight Plan: Fix FX005 — Agent Top Bar Redesign::Architecture: Before & After ms=19 left=28723
2026-08-28T11:00:47.795664Z  INFO fs3_daemon::runner: done kind=summarize subject=docs/plans/059-fix-agents/fixes/FX005-agent-topbar-redesign.fltplan.md::Flight Plan: Fix FX005 — Agent Top Bar Redesign::Flight Status ms=14 left=28723
2026-08-28T11:00:47.806434Z  INFO fs3_daemon::runner: batch kind="embed" subject=1 x smart jobs=1 ms=2
2026-08-28T11:00:47.820906Z  INFO fs3_daemon::runner: done kind="embed" id=674075 left=28722
2026-08-28T11:00:47.925309Z  INFO fs3_daemon::runner: batch kind="embed" subject=1 x smart jobs=1 ms=0
2026-08-28T11:00:47.938585Z  INFO fs3_daemon::runner: done kind="embed" id=674076 left=28721
2026-08-28T11:00:47.942354Z  INFO fs3_daemon::runner: done kind=summarize subject=docs/plans/059-fix-agents/fixes/FX005-agent-topbar-redesign.fltplan.md::Flight Plan: Fix FX005 — Agent Top Bar Redesign ms=34 left=28722
2026-08-28T11:00:48.039443Z  INFO fs3_daemon::runner: done kind=summarize subject=docs/plans/059-fix-agents/fixes/FX004-extract-display-agent-intents.md::Fix FX004: Extract and Display Agent Intents from Event Stream ms=20 left=28721
2026-08-28T11:00:48.040180Z  INFO fs3_daemon::runner: batch kind="embed" subject=1 x smart jobs=1 ms=0
2026-08-28T11:00:48.052407Z  INFO fs3_daemon::runner: done kind="embed" id=674077 left=28720
2026-08-28T11:00:48.148185Z  INFO fs3_daemon::runner: batch kind="embed" subject=1 x smart jobs=1 ms=0
2026-08-28T11:00:48.155979Z  INFO fs3_daemon::runner: done kind=summarize subject=docs/plans/059-fix-agents/fixes/FX004-extract-display-agent-intents.fltplan.md::Flight Plan: Fix FX004 — Extract and Display Agent Intents::Architecture: Before & After ms=27 left=28720
2026-08-28T11:00:48.161723Z  INFO fs3_daemon::runner: done kind="embed" id=674078 left=28719
2026-08-28T11:00:48.244854Z  INFO fs3_daemon::runner: done kind=summarize subject=docs/plans/059-fix-agents/fixes/FX004-extract-display-agent-intents.fltplan.md::Flight Plan: Fix FX004 — Extract and Display Agent Intents::Flight Status ms=15 left=28719
2026-08-28T11:00:48.250113Z  INFO fs3_daemon::runner: batch kind="embed" subject=1 x smart jobs=1 ms=0
2026-08-28T11:00:48.264248Z  INFO fs3_daemon::runner: done kind="embed" id=674079 left=28718
2026-08-28T11:00:48.346130Z  INFO fs3_daemon::runner: done kind=summarize subject=docs/plans/059-fix-agents/fixes/FX004-extract-display-agent-intents.fltplan.md::Flight Plan: Fix FX004 — Extract and Display Agent Intents ms=16 left=28718
2026-08-28T11:00:48.347858Z  INFO fs3_daemon::runner: batch kind="embed" subject=1 x smart jobs=1 ms=0
2026-08-28T11:00:48.357797Z  INFO fs3_daemon::runner: done kind="embed" id=674080 left=28717
2026-08-28T11:00:48.445851Z  INFO fs3_daemon::runner: done kind=summarize subject=docs/plans/059-fix-agents/fixes/FX001-wire-agent-workunit-registration.md::Fix FX001: Wire Agent Lifecycle into WorkUnitStateService::DYK Findings ms=18 left=28717
2026-08-28T11:00:48.447638Z  INFO fs3_daemon::runner: batch kind="embed" subject=1 x smart jobs=1 ms=0
2026-08-28T11:00:48.459066Z  INFO fs3_daemon::runner: done kind="embed" id=674081 left=28716
2026-08-28T11:00:48.539747Z  INFO fs3_daemon::runner: done kind=summarize subject=docs/plans/059-fix-agents/fixes/FX001-wire-agent-workunit-registration.md::Fix FX001: Wire Agent Lifecycle into WorkUnitStateService ms=14 left=28716
2026-08-28T11:00:48.542055Z  INFO fs3_daemon::runner: batch kind="embed" subject=1 x smart jobs=1 ms=0
2026-08-28T11:00:48.551817Z  INFO fs3_daemon::runner: done kind="embed" id=674082 left=28715
2026-08-28T11:00:48.631552Z  INFO fs3_daemon::runner: done kind=summarize subject=docs/plans/059-fix-agents/fixes/FX001-wire-agent-workunit-registration.log.md::Fix FX001 — Execution Log ms=17 left=28715
2026-08-28T11:00:48.638150Z  INFO fs3_daemon::runner: batch kind="embed" subject=1 x smart jobs=1 ms=0
2026-08-28T11:00:48.649834Z  INFO fs3_daemon::runner: done kind="embed" id=674083 left=28714
2026-08-28T11:00:48.734040Z  INFO fs3_daemon::runner: done kind=summarize subject=docs/plans/059-fix-agents/fixes/FX001-wire-agent-workunit-registration.fltplan.md::Flight Plan: Fix FX001 — Wire Agent Lifecycle into WorkUnitStateService::Acceptance ms=15 left=28714
2026-08-28T11:00:48.737679Z  INFO fs3_daemon::runner: batch kind="embed" subject=1 x smart jobs=1 ms=0
2026-08-28T11:00:48.749826Z  INFO fs3_daemon::runner: done kind="embed" id=674084 left=28713
2026-08-28T11:00:48.836164Z  INFO fs3_daemon::runner: done kind=summarize subject=docs/plans/059-fix-agents/fixes/FX001-wire-agent-workunit-registration.fltplan.md::Flight Plan: Fix FX001 — Wire Agent Lifecycle into WorkUnitStateService::DYK Findings ms=18 left=28713
2026-08-28T11:00:48.839933Z  INFO fs3_daemon::runner: batch kind="embed" subject=1 x smart jobs=1 ms=0
2026-08-28T11:00:48.853372Z  INFO fs3_daemon::runner: done kind="embed" id=674085 left=28712
2026-08-28T11:00:48.938000Z  INFO fs3_daemon::runner: done kind=summarize subject=docs/plans/059-fix-agents/fixes/FX001-wire-agent-workunit-registration.fltplan.md::Flight Plan: Fix FX001 — Wire Agent Lifecycle into WorkUnitStateService::Architecture: Before & After ms=17 left=28712
2026-08-28T11:00:48.939619Z  INFO fs3_daemon::runner: batch kind="embed" subject=1 x smart jobs=1 ms=0
2026-08-28T11:00:48.958159Z  INFO fs3_daemon::runner: done kind="embed" id=674086 left=28711
2026-08-28T11:00:49.042665Z  INFO fs3_daemon::runner: done kind=summarize subject=docs/plans/059-fix-agents/fixes/FX001-wire-agent-workunit-registration.fltplan.md::Flight Plan: Fix FX001 — Wire Agent Lifecycle into WorkUnitStateService::Flight Status ms=14 left=28711
2026-08-28T11:00:49.045574Z  INFO fs3_daemon::runner: batch kind="embed" subject=1 x smart jobs=1 ms=0
2026-08-28T11:00:49.057223Z  INFO fs3_daemon::runner: done kind="embed" id=674087 left=28710
2026-08-28T11:00:49.138094Z  INFO fs3_daemon::runner: done kind=summarize subject=docs/plans/059-fix-agents/fixes/FX001-wire-agent-workunit-registration.fltplan.md::Flight Plan: Fix FX001 — Wire Agent Lifecycle into WorkUnitStateService ms=12 left=28710
2026-08-28T11:00:49.144068Z  INFO fs3_daemon::runner: batch kind="embed" subject=1 x smart jobs=1 ms=0
2026-08-28T11:00:49.156135Z  INFO fs3_daemon::runner: done kind="embed" id=674088 left=28709
2026-08-28T11:00:49.239633Z  INFO fs3_daemon::runner: done kind=summarize subject=docs/plans/059-fix-agents/fix-agents-spec.md::Fix Agents — Web Agent System Overhaul::Clarifications::Session 2025-07-21 ms=15 left=28709
2026-08-28T11:00:49.242470Z  INFO fs3_daemon::runner: batch kind="embed" subject=1 x smart jobs=1 ms=0
2026-08-28T11:00:49.254219Z  INFO fs3_daemon::runner: done kind="embed" id=674089 left=28708
2026-08-28T11:00:49.332930Z  INFO fs3_daemon::runner: done kind=summarize subject=docs/plans/059-fix-agents/fix-agents-spec.md::Fix Agents — Web Agent System Overhaul::Clarifications ms=15 left=28708
2026-08-28T11:00:49.345450Z  INFO fs3_daemon::runner: batch kind="embed" subject=1 x smart jobs=1 ms=0
2026-08-28T11:00:49.356184Z  INFO fs3_daemon::runner: done kind="embed" id=674090 left=28707
2026-08-28T11:00:49.439920Z  INFO fs3_daemon::runner: done kind=summarize subject=docs/plans/059-fix-agents/fix-agents-spec.md::Fix Agents — Web Agent System Overhaul::Testing Strategy ms=15 left=28707
2026-08-28T11:00:49.443863Z  INFO fs3_daemon::runner: batch kind="embed" subject=1 x smart jobs=1 ms=0
2026-08-28T11:00:49.455427Z  INFO fs3_daemon::runner: done kind="embed" id=674091 left=28706
2026-08-28T11:00:49.556594Z  INFO fs3_daemon::runner: done kind=summarize subject=docs/plans/059-fix-agents/fix-agents-spec.md::Fix Agents — Web Agent System Overhaul::Workshop Opportunities ms=16 left=28706
2026-08-28T11:00:49.560432Z  INFO fs3_daemon::runner: batch kind="embed" subject=1 x smart jobs=1 ms=3
2026-08-28T11:00:49.576707Z  INFO fs3_daemon::runner: done kind="embed" id=674092 left=28705
2026-08-28T11:00:49.661834Z  INFO fs3_daemon::runner: done kind=summarize subject=docs/plans/059-fix-agents/fix-agents-spec.md::Fix Agents — Web Agent System Overhaul::Risks & Assumptions ms=14 left=28705
2026-08-28T11:00:49.666320Z  INFO fs3_daemon::runner: batch kind="embed" subject=1 x smart jobs=1 ms=3
2026-08-28T11:00:49.677810Z  INFO fs3_daemon::runner: done kind="embed" id=674093 left=28704
2026-08-28T11:00:49.756322Z  INFO fs3_daemon::runner: done kind=summarize subject=docs/plans/059-fix-agents/fix-agents-spec.md::Fix Agents — Web Agent System Overhaul::Acceptance Criteria::Phase C — Top Bar + Agent Overlay ms=12 left=28704
2026-08-28T11:00:49.761727Z  INFO fs3_daemon::runner: batch kind="embed" subject=1 x smart jobs=1 ms=0
2026-08-28T11:00:49.772643Z  INFO fs3_daemon::runner: done kind="embed" id=674094 left=28703
2026-08-28T11:00:49.850319Z  INFO fs3_daemon::runner: done kind=summarize subject=docs/plans/059-fix-agents/fix-agents-spec.md::Fix Agents — Web Agent System Overhaul::Acceptance Criteria::Phase B — WorkUnit State System ms=14 left=28703
2026-08-28T11:00:49.855350Z  INFO fs3_daemon::runner: batch kind="embed" subject=1 x smart jobs=1 ms=3
2026-08-28T11:00:49.866076Z  INFO fs3_daemon::runner: done kind="embed" id=674095 left=28702
2026-08-28T11:00:49.952683Z  INFO fs3_daemon::runner: done kind=summarize subject=docs/plans/059-fix-agents/fix-agents-spec.md::Fix Agents — Web Agent System Overhaul::Acceptance Criteria::Phase A — Fix Agent Foundation ms=13 left=28702
2026-08-28T11:00:49.959187Z  INFO fs3_daemon::runner: batch kind="embed" subject=1 x smart jobs=1 ms=1
2026-08-28T11:00:49.973947Z  INFO fs3_daemon::runner: done kind="embed" id=674096 left=28701
2026-08-28T11:00:50.065409Z  INFO fs3_daemon::runner: done kind=summarize subject=docs/plans/059-fix-agents/fix-agents-spec.md::Fix Agents — Web Agent System Overhaul::Acceptance Criteria ms=16 left=28701
2026-08-28T11:00:50.072691Z  INFO fs3_daemon::runner: batch kind="embed" subject=1 x smart jobs=1 ms=0
2026-08-28T11:00:50.086581Z  INFO fs3_daemon::runner: done kind="embed" id=674097 left=28700
2026-08-28T11:00:50.171310Z  INFO fs3_daemon::runner: batch kind="embed" subject=1 x smart jobs=1 ms=2
2026-08-28T11:00:50.172280Z  INFO fs3_daemon::runner: done kind=summarize subject=docs/plans/059-fix-agents/fix-agents-spec.md::Fix Agents — Web Agent System Overhaul::Complexity ms=15 left=28700
2026-08-28T11:00:50.182097Z  INFO fs3_daemon::runner: done kind="embed" id=674098 left=28699
2026-08-28T11:00:50.295718Z  INFO fs3_daemon::runner: batch kind="embed" subject=1 x smart jobs=1 ms=0
2026-08-28T11:00:50.314360Z  INFO fs3_daemon::runner: done kind=summarize subject=docs/plans/059-fix-agents/fix-agents-spec.md::Fix Agents — Web Agent System Overhaul::Target Domains::New Domain Sketches ms=63 left=28699
2026-08-28T11:00:50.326242Z  INFO fs3_daemon::runner: done kind="embed" id=674099 left=28698
2026-08-28T11:00:50.434462Z  INFO fs3_daemon::runner: done kind=summarize subject=docs/plans/059-fix-agents/fix-agents-spec.md::Fix Agents — Web Agent System Overhaul::Target Domains ms=31 left=28698
2026-08-28T11:00:50.437102Z  INFO fs3_daemon::runner: batch kind="embed" subject=1 x smart jobs=1 ms=0
2026-08-28T11:00:50.464917Z  INFO fs3_daemon::runner: done kind="embed" id=674100 left=28697
2026-08-28T11:00:50.571954Z  INFO fs3_daemon::runner: done kind=summarize subject=docs/plans/059-fix-agents/fix-agents-spec.md::Fix Agents — Web Agent System Overhaul::Non-Goals ms=28 left=28697
2026-08-28T11:00:50.579248Z  INFO fs3_daemon::runner: batch kind="embed" subject=1 x smart jobs=1 ms=2
2026-08-28T11:00:50.601518Z  INFO fs3_daemon::runner: done kind="embed" id=674101 left=28696
2026-08-28T11:00:50.711861Z  INFO fs3_daemon::runner: done kind=summarize subject=docs/plans/059-fix-agents/fix-agents-spec.md::Fix Agents — Web Agent System Overhaul::Goals ms=38 left=28696
2026-08-28T11:00:50.718915Z  INFO fs3_daemon::runner: batch kind="embed" subject=1 x smart jobs=1 ms=0
2026-08-28T11:00:50.744271Z  INFO fs3_daemon::runner: done kind="embed" id=674102 left=28695
2026-08-28T11:00:50.846228Z  INFO fs3_daemon::runner: done kind=summarize subject=docs/plans/059-fix-agents/fix-agents-spec.md::Fix Agents — Web Agent System Overhaul::Summary ms=26 left=28695
2026-08-28T11:00:50.853656Z  INFO fs3_daemon::runner: batch kind="embed" subject=1 x smart jobs=1 ms=1
2026-08-28T11:00:50.884533Z  INFO fs3_daemon::runner: done kind="embed" id=674103 left=28694
2026-08-28T11:00:50.985514Z  INFO fs3_daemon::runner: batch kind="embed" subject=1 x smart jobs=1 ms=0
2026-08-28T11:00:51.004842Z  INFO fs3_daemon::runner: done kind=summarize subject=docs/plans/059-fix-agents/fix-agents-spec.md::Fix Agents — Web Agent System Overhaul ms=47 left=28694
2026-08-28T11:00:51.017206Z  INFO fs3_daemon::runner: done kind="embed" id=674104 left=28693
2026-08-28T11:00:51.122938Z  INFO fs3_daemon::runner: done kind=summarize subject=docs/plans/059-fix-agents/fix-agents-plan.md::Fix Agents — Implementation Plan::Fixes ms=31 left=28693
2026-08-28T11:00:51.128664Z  INFO fs3_daemon::runner: batch kind="embed" subject=1 x smart jobs=1 ms=1
2026-08-28T11:00:51.155365Z  INFO fs3_daemon::runner: done kind="embed" id=674105 left=28692
2026-08-28T11:00:51.269382Z  INFO fs3_daemon::runner: done kind=summarize subject=docs/plans/059-fix-agents/fix-agents-plan.md::Fix Agents — Implementation Plan::Phases::Phase D: Cross-Worktree & Left Menu ms=35 left=28692
2026-08-28T11:00:51.281581Z  INFO fs3_daemon::runner: batch kind="embed" subject=1 x smart jobs=1 ms=3
2026-08-28T11:00:51.310021Z  INFO fs3_daemon::runner: done kind="embed" id=674106 left=28691
2026-08-28T11:00:51.413155Z  INFO fs3_daemon::runner: done kind=summarize subject=docs/plans/059-fix-agents/fix-agents-plan.md::Fix Agents — Implementation Plan::Phases::Phase C: Top Bar + Agent Overlay::Risks ms=30 left=28691
2026-08-28T11:00:51.418172Z  INFO fs3_daemon::runner: batch kind="embed" subject=1 x smart jobs=1 ms=1
2026-08-28T11:00:51.453936Z  INFO fs3_daemon::runner: done kind="embed" id=674107 left=28690
2026-08-28T11:00:51.559214Z  INFO fs3_daemon::runner: batch kind="embed" subject=1 x smart jobs=1 ms=0
2026-08-28T11:00:51.578228Z  INFO fs3_daemon::runner: done kind=summarize subject=docs/plans/059-fix-agents/fix-agents-plan.md::Fix Agents — Implementation Plan::Phases::Phase C: Top Bar + Agent Overlay::Acceptance Criteria ms=45 left=28690
2026-08-28T11:00:51.594408Z  INFO fs3_daemon::runner: done kind="embed" id=674108 left=28689
2026-08-28T11:00:51.705698Z  INFO fs3_daemon::runner: batch kind="embed" subject=1 x smart jobs=1 ms=0
2026-08-28T11:00:51.724651Z  INFO fs3_daemon::runner: done kind=summarize subject=docs/plans/059-fix-agents/fix-agents-plan.md::Fix Agents — Implementation Plan::Phases::Phase C: Top Bar + Agent Overlay ms=46 left=28689
2026-08-28T11:00:51.738425Z  INFO fs3_daemon::runner: done kind="embed" id=674109 left=28688
2026-08-28T11:00:51.824402Z  INFO fs3_daemon::runner: done kind=summarize subject=docs/plans/059-fix-agents/fix-agents-plan.md::Fix Agents — Implementation Plan::Phases::Phase B: WorkUnit State System::Risks ms=19 left=28688
2026-08-28T11:00:51.824645Z  INFO fs3_daemon::runner: batch kind="embed" subject=1 x smart jobs=1 ms=0
2026-08-28T11:00:51.835656Z  INFO fs3_daemon::runner: done kind="embed" id=674110 left=28687
2026-08-28T11:00:51.930626Z  INFO fs3_daemon::runner: batch kind="embed" subject=1 x smart jobs=1 ms=0
2026-08-28T11:00:51.932955Z  INFO fs3_daemon::runner: done kind=summarize subject=docs/plans/059-fix-agents/fix-agents-plan.md::Fix Agents — Implementation Plan::Phases::Phase B: WorkUnit State System::Acceptance Criteria ms=23 left=28687
2026-08-28T11:00:51.942756Z  INFO fs3_daemon::runner: done kind="embed" id=674111 left=28686
2026-08-28T11:00:52.024394Z  INFO fs3_daemon::runner: done kind=summarize subject=docs/plans/059-fix-agents/fix-agents-plan.md::Fix Agents — Implementation Plan::Phases::Phase B: WorkUnit State System ms=17 left=28686
2026-08-28T11:00:52.027701Z  INFO fs3_daemon::runner: batch kind="embed" subject=1 x smart jobs=1 ms=0
2026-08-28T11:00:52.044257Z  INFO fs3_daemon::runner: done kind="embed" id=674112 left=28685
2026-08-28T11:00:52.141806Z  INFO fs3_daemon::runner: done kind=summarize subject=docs/plans/059-fix-agents/fix-agents-plan.md::Fix Agents — Implementation Plan::Phases::Phase A: Fix Agent Foundation::Acceptance Criteria ms=18 left=28685
2026-08-28T11:00:52.143847Z  INFO fs3_daemon::runner: batch kind="embed" subject=1 x smart jobs=1 ms=0
2026-08-28T11:00:52.158416Z  INFO fs3_daemon::runner: done kind="embed" id=674113 left=28684
2026-08-28T11:00:52.238740Z  INFO fs3_daemon::runner: done kind=summarize subject=docs/plans/059-fix-agents/fix-agents-plan.md::Fix Agents — Implementation Plan::Phases::Phase A: Fix Agent Foundation ms=13 left=28684
2026-08-28T11:00:52.247333Z  INFO fs3_daemon::runner: batch kind="embed" subject=1 x smart jobs=1 ms=0
2026-08-28T11:00:52.258907Z  INFO fs3_daemon::runner: done kind="embed" id=674114 left=28683
2026-08-28T11:00:52.356292Z  INFO fs3_daemon::runner: done kind=summarize subject=docs/plans/059-fix-agents/fix-agents-plan.md::Fix Agents — Implementation Plan::Phases ms=23 left=28683
2026-08-28T11:00:52.356350Z  INFO fs3_daemon::runner: batch kind="embed" subject=1 x smart jobs=1 ms=1
2026-08-28T11:00:52.374424Z  INFO fs3_daemon::runner: done kind="embed" id=674115 left=28682
2026-08-28T11:00:52.474654Z  INFO fs3_daemon::runner: done kind=summarize subject=docs/plans/059-fix-agents/fix-agents-plan.md::Fix Agents — Implementation Plan::Constitution Compliance ms=18 left=28682
2026-08-28T11:00:52.477449Z  INFO fs3_daemon::runner: batch kind="embed" subject=1 x smart jobs=1 ms=0
2026-08-28T11:00:52.488736Z  INFO fs3_daemon::runner: done kind="embed" id=674116 left=28681
2026-08-28T11:00:52.570897Z  INFO fs3_daemon::runner: done kind=summarize subject=docs/plans/059-fix-agents/fix-agents-plan.md::Fix Agents — Implementation Plan::Key Findings ms=15 left=28681
2026-08-28T11:00:52.620320Z  INFO fs3_daemon::runner: progress phase="working" scanned=62567 scan_left=33 summarized=129504 summarize_left=28647 embedded=209239 embed_left=1 failed=0
2026-08-28T11:00:52.638801Z  INFO fs3_daemon::runner: batch kind="embed" subject=2 x smart jobs=2 ms=0
2026-08-28T11:00:52.649088Z  INFO fs3_daemon::runner: done kind="embed" id=674117 left=28680
2026-08-28T11:00:52.722897Z  INFO fs3_daemon::runner: done kind="embed" id=674118 left=28679
2026-08-28T11:00:52.798974Z  INFO fs3_daemon::runner: done kind=summarize subject=docs/plans/059-fix-agents/fix-agents-plan.md::Fix Agents — Implementation Plan::Domain Manifest ms=14 left=28679
2026-08-28T11:00:52.824647Z  INFO fs3_daemon::runner: batch kind="embed" subject=1 x smart jobs=1 ms=0
2026-08-28T11:00:52.831999Z  INFO fs3_daemon::runner: done kind=summarize subject=docs/plans/059-fix-agents/fix-agents-plan.md::Fix Agents — Implementation Plan::Target Domains ms=25 left=28679
2026-08-28T11:00:52.838503Z  INFO fs3_daemon::runner: done kind="embed" id=674119 left=28678
2026-08-28T11:00:52.924991Z  INFO fs3_daemon::runner: done kind=summarize subject=docs/plans/059-fix-agents/fix-agents-plan.md::Fix Agents — Implementation Plan ms=18 left=28678
2026-08-28T11:00:52.927348Z  INFO fs3_daemon::runner: batch kind="embed" subject=1 x smart jobs=1 ms=1
2026-08-28T11:00:52.943734Z  INFO fs3_daemon::runner: done kind="embed" id=674120 left=28677
2026-08-28T11:00:53.027487Z  INFO fs3_daemon::runner: done kind=summarize subject=docs/plans/058-workunit-editor/workunit-editor-spec.md::Work Unit Creator & Editor::Workshop Opportunities ms=14 left=28677
2026-08-28T11:00:53.035745Z  INFO fs3_daemon::runner: batch kind="embed" subject=1 x smart jobs=1 ms=0
2026-08-28T11:00:53.048102Z  INFO fs3_daemon::runner: done kind="embed" id=674121 left=28676
2026-08-28T11:00:53.134000Z  INFO fs3_daemon::runner: batch kind="embed" subject=1 x smart jobs=1 ms=0
2026-08-28T11:00:53.139797Z  INFO fs3_daemon::runner: done kind=summarize subject=docs/plans/058-workunit-editor/workunit-editor-spec.md::Work Unit Creator & Editor::Clarifications::Session 2026-02-28 ms=20 left=28676
2026-08-28T11:00:53.146564Z  INFO fs3_daemon::runner: done kind="embed" id=674122 left=28675
2026-08-28T11:00:53.233961Z  INFO fs3_daemon::runner: done kind=summarize subject=docs/plans/058-workunit-editor/workunit-editor-spec.md::Work Unit Creator & Editor::Clarifications ms=17 left=28675
2026-08-28T11:00:53.237566Z  INFO fs3_daemon::runner: batch kind="embed" subject=1 x smart jobs=1 ms=0
2026-08-28T11:00:53.252774Z  INFO fs3_daemon::runner: done kind="embed" id=674123 left=28674
2026-08-28T11:00:53.339430Z  INFO fs3_daemon::runner: done kind=summarize subject=docs/plans/058-workunit-editor/workunit-editor-spec.md::Work Unit Creator & Editor::Testing Strategy ms=16 left=28674
2026-08-28T11:00:53.343218Z  INFO fs3_daemon::runner: batch kind="embed" subject=1 x smart jobs=1 ms=1
2026-08-28T11:00:53.364264Z  INFO fs3_daemon::runner: done kind="embed" id=674124 left=28673
2026-08-28T11:00:53.455902Z  INFO fs3_daemon::runner: done kind=summarize subject=docs/plans/058-workunit-editor/workunit-editor-spec.md::Work Unit Creator & Editor::Risks & Assumptions ms=14 left=28673
2026-08-28T11:00:53.462484Z  INFO fs3_daemon::runner: batch kind="embed" subject=1 x smart jobs=1 ms=0
2026-08-28T11:00:53.475299Z  INFO fs3_daemon::runner: done kind="embed" id=674125 left=28672
2026-08-28T11:00:53.558557Z  INFO fs3_daemon::runner: done kind=summarize subject=docs/plans/058-workunit-editor/workunit-editor-spec.md::Work Unit Creator & Editor::Acceptance Criteria ms=14 left=28672
2026-08-28T11:00:53.565403Z  INFO fs3_daemon::runner: batch kind="embed" subject=1 x smart jobs=1 ms=0
2026-08-28T11:00:53.581841Z  INFO fs3_daemon::runner: done kind="embed" id=674126 left=28671
2026-08-28T11:00:53.662756Z  INFO fs3_daemon::runner: done kind=summarize subject=docs/plans/058-workunit-editor/workunit-editor-spec.md::Work Unit Creator & Editor::Complexity ms=16 left=28671
2026-08-28T11:00:53.665384Z  INFO fs3_daemon::runner: batch kind="embed" subject=1 x smart jobs=1 ms=0
2026-08-28T11:00:53.675110Z  INFO fs3_daemon::runner: done kind="embed" id=674127 left=28670
2026-08-28T11:00:53.760344Z  INFO fs3_daemon::runner: done kind=summarize subject=docs/plans/058-workunit-editor/workunit-editor-spec.md::Work Unit Creator & Editor::Target Domains ms=14 left=28670
2026-08-28T11:00:53.764155Z  INFO fs3_daemon::runner: batch kind="embed" subject=1 x smart jobs=1 ms=0
2026-08-28T11:00:53.776178Z  INFO fs3_daemon::runner: done kind="embed" id=674128 left=28669
2026-08-28T11:00:53.862136Z  INFO fs3_daemon::runner: done kind=summarize subject=docs/plans/058-workunit-editor/workunit-editor-spec.md::Work Unit Creator & Editor::Non-Goals ms=16 left=28669
2026-08-28T11:00:53.866214Z  INFO fs3_daemon::runner: batch kind="embed" subject=1 x smart jobs=1 ms=2
2026-08-28T11:00:53.880984Z  INFO fs3_daemon::runner: done kind="embed" id=674129 left=28668
