2026-08-28T10:58:26.980206Z  INFO fs3_daemon::runner: done kind=summarize subject=docs/plans/063-login/login-plan.md::GitHub Authentication & Login Screen — Implementation Plan::Phases ms=15 left=29750
2026-08-28T10:58:26.985224Z  INFO fs3_daemon::runner: batch kind="embed" subject=1 x smart jobs=1 ms=1
2026-08-28T10:58:26.995544Z  INFO fs3_daemon::runner: done kind="embed" id=672894 left=29749
2026-08-28T10:58:27.100790Z  INFO fs3_daemon::runner: done kind=summarize subject=docs/plans/063-login/login-plan.md::GitHub Authentication & Login Screen — Implementation Plan::Key Findings ms=30 left=29749
2026-08-28T10:58:27.106543Z  INFO fs3_daemon::runner: batch kind="embed" subject=1 x smart jobs=1 ms=3
2026-08-28T10:58:27.127707Z  INFO fs3_daemon::runner: done kind="embed" id=672895 left=29748
2026-08-28T10:58:27.261924Z  INFO fs3_daemon::runner: batch kind="embed" subject=1 x smart jobs=1 ms=0
2026-08-28T10:58:27.279042Z  INFO fs3_daemon::runner: done kind=summarize subject=docs/plans/063-login/login-plan.md::GitHub Authentication & Login Screen — Implementation Plan::Domain Manifest ms=50 left=29748
2026-08-28T10:58:27.286875Z  INFO fs3_daemon::runner: done kind="embed" id=672896 left=29747
2026-08-28T10:58:27.412782Z  INFO fs3_daemon::runner: done kind=summarize subject=docs/plans/063-login/login-plan.md::GitHub Authentication & Login Screen — Implementation Plan::Target Domains ms=46 left=29747
2026-08-28T10:58:27.414349Z  INFO fs3_daemon::runner: batch kind="embed" subject=1 x smart jobs=1 ms=1
2026-08-28T10:58:27.435272Z  INFO fs3_daemon::runner: done kind="embed" id=672897 left=29746
2026-08-28T10:58:27.546484Z  INFO fs3_daemon::runner: batch kind="embed" subject=1 x smart jobs=1 ms=0
2026-08-28T10:58:27.567656Z  INFO fs3_daemon::runner: done kind=summarize subject=docs/plans/063-login/login-plan.md::GitHub Authentication & Login Screen — Implementation Plan ms=53 left=29746
2026-08-28T10:58:27.588812Z  INFO fs3_daemon::runner: done kind="embed" id=672898 left=29745
2026-08-28T10:58:27.790359Z  INFO fs3_daemon::runner: batch kind="embed" subject=1 x smart jobs=1 ms=4
2026-08-28T10:58:27.807617Z  INFO fs3_daemon::runner: done kind=summarize subject=docs/plans/063-c4-models/workshops/001-c4-design-and-layout.md::Workshop: C4 Design Process and Layout::Summary ms=64 left=29745
2026-08-28T10:58:27.814404Z  INFO fs3_daemon::runner: done kind="embed" id=672899 left=29744
2026-08-28T10:58:27.928679Z  INFO fs3_daemon::runner: batch kind="embed" subject=1 x smart jobs=1 ms=0
2026-08-28T10:58:27.935638Z  INFO fs3_daemon::runner: done kind=summarize subject=docs/plans/063-c4-models/workshops/001-c4-design-and-layout.md::Workshop: C4 Design Process and Layout::Open Questions ms=34 left=29744
2026-08-28T10:58:27.950642Z  INFO fs3_daemon::runner: done kind="embed" id=672900 left=29743
2026-08-28T10:58:28.064959Z  INFO fs3_daemon::runner: done kind=summarize subject=docs/plans/063-c4-models/workshops/001-c4-design-and-layout.md::Workshop: C4 Design Process and Layout::Part 8: Implementation Approach::Phasing Summary ms=29 left=29743
2026-08-28T10:58:28.068242Z  INFO fs3_daemon::runner: batch kind="embed" subject=1 x smart jobs=1 ms=0
2026-08-28T10:58:28.088933Z  INFO fs3_daemon::runner: done kind="embed" id=672901 left=29742
2026-08-28T10:58:28.195193Z  INFO fs3_daemon::runner: done kind=summarize subject=docs/plans/063-c4-models/workshops/001-c4-design-and-layout.md::Workshop: C4 Design Process and Layout::Part 8: Implementation Approach ms=30 left=29742
2026-08-28T10:58:28.201655Z  INFO fs3_daemon::runner: batch kind="embed" subject=1 x smart jobs=1 ms=4
2026-08-28T10:58:28.229167Z  INFO fs3_daemon::runner: done kind="embed" id=672902 left=29741
2026-08-28T10:58:28.353950Z  INFO fs3_daemon::runner: done kind=summarize subject=docs/plans/063-c4-models/workshops/001-c4-design-and-layout.md::Workshop: C4 Design Process and Layout::Part 7: README.md Hub Design ms=41 left=29741
2026-08-28T10:58:28.378087Z  INFO fs3_daemon::runner: progress phase="working" scanned=62551 scan_left=33 summarized=128441 summarize_left=29707 embedded=208152 embed_left=1 failed=0
2026-08-28T10:58:28.407425Z  INFO fs3_daemon::runner: batch kind="embed" subject=2 x smart jobs=2 ms=0
2026-08-28T10:58:28.425651Z  INFO fs3_daemon::runner: done kind="embed" id=672904 left=29740
2026-08-28T10:58:28.509962Z  INFO fs3_daemon::runner: done kind="embed" id=672903 left=29739
2026-08-28T10:58:28.618908Z  INFO fs3_daemon::runner: done kind=summarize subject=docs/plans/063-c4-models/workshops/001-c4-design-and-layout.md::Workshop: C4 Design Process and Layout::Part 6: C4 Design Principles::Principle 10: Use `<br/>` for Newlines in Labels ms=35 left=29739
2026-08-28T10:58:28.649871Z  INFO fs3_daemon::runner: done kind=summarize subject=docs/plans/063-c4-models/workshops/001-c4-design-and-layout.md::Workshop: C4 Design Process and Layout::Part 6: C4 Design Principles::Principle 7: Navigation Footer Required ms=25 left=29739
2026-08-28T10:58:28.650526Z  INFO fs3_daemon::runner: batch kind="embed" subject=1 x smart jobs=1 ms=0
2026-08-28T10:58:28.660344Z  INFO fs3_daemon::runner: done kind="embed" id=672905 left=29738
2026-08-28T10:58:28.753993Z  INFO fs3_daemon::runner: done kind=summarize subject=docs/plans/063-c4-models/workshops/001-c4-design-and-layout.md::Workshop: C4 Design Process and Layout::Part 6: C4 Design Principles::Principle 6: Cross-Reference Block Required ms=17 left=29738
2026-08-28T10:58:28.762985Z  INFO fs3_daemon::runner: batch kind="embed" subject=1 x smart jobs=1 ms=0
2026-08-28T10:58:28.777946Z  INFO fs3_daemon::runner: done kind="embed" id=672906 left=29737
2026-08-28T10:58:28.857984Z  INFO fs3_daemon::runner: done kind=summarize subject=docs/plans/063-c4-models/workshops/001-c4-design-and-layout.md::Workshop: C4 Design Process and Layout::Part 6: C4 Design Principles::Principle 4: Actionable Descriptions ms=12 left=29737
2026-08-28T10:58:28.864904Z  INFO fs3_daemon::runner: batch kind="embed" subject=1 x smart jobs=1 ms=0
2026-08-28T10:58:28.875137Z  INFO fs3_daemon::runner: done kind="embed" id=672907 left=29736
2026-08-28T10:58:28.971151Z  INFO fs3_daemon::runner: done kind=summarize subject=docs/plans/063-c4-models/workshops/001-c4-design-and-layout.md::Workshop: C4 Design Process and Layout::Part 6: C4 Design Principles::Principle 2: Contracts on Edges ms=17 left=29736
2026-08-28T10:58:28.973971Z  INFO fs3_daemon::runner: batch kind="embed" subject=1 x smart jobs=1 ms=0
2026-08-28T10:58:28.992945Z  INFO fs3_daemon::runner: done kind="embed" id=672908 left=29735
2026-08-28T10:58:29.083798Z  INFO fs3_daemon::runner: done kind=summarize subject=docs/plans/063-c4-models/workshops/001-c4-design-and-layout.md::Workshop: C4 Design Process and Layout::Part 6: C4 Design Principles ms=19 left=29735
2026-08-28T10:58:29.086368Z  INFO fs3_daemon::runner: batch kind="embed" subject=1 x smart jobs=1 ms=0
2026-08-28T10:58:29.098070Z  INFO fs3_daemon::runner: done kind="embed" id=672909 left=29734
2026-08-28T10:58:29.182995Z  INFO fs3_daemon::runner: done kind=summarize subject=docs/plans/063-c4-models/workshops/001-c4-design-and-layout.md::Workshop: C4 Design Process and Layout::Part 5: Exemplar C4 Diagrams::L3 — Component (Single Domain: Viewer) ms=14 left=29734
2026-08-28T10:58:29.193486Z  INFO fs3_daemon::runner: batch kind="embed" subject=1 x smart jobs=1 ms=1
2026-08-28T10:58:29.206786Z  INFO fs3_daemon::runner: done kind="embed" id=672910 left=29733
2026-08-28T10:58:29.303400Z  INFO fs3_daemon::runner: done kind=summarize subject=docs/plans/063-c4-models/workshops/001-c4-design-and-layout.md::Workshop: C4 Design Process and Layout::Part 5: Exemplar C4 Diagrams::L3 — Component (Web App: Domain Decomposition) ms=16 left=29733
2026-08-28T10:58:29.314601Z  INFO fs3_daemon::runner: batch kind="embed" subject=1 x smart jobs=1 ms=0
2026-08-28T10:58:29.331403Z  INFO fs3_daemon::runner: done kind="embed" id=672911 left=29732
2026-08-28T10:58:29.422484Z  INFO fs3_daemon::runner: done kind=summarize subject=docs/plans/063-c4-models/workshops/001-c4-design-and-layout.md::Workshop: C4 Design Process and Layout::Part 5: Exemplar C4 Diagrams::L2 — Container (Web App Focus) ms=17 left=29732
2026-08-28T10:58:29.423511Z  INFO fs3_daemon::runner: batch kind="embed" subject=1 x smart jobs=1 ms=0
2026-08-28T10:58:29.433752Z  INFO fs3_daemon::runner: done kind="embed" id=672912 left=29731
2026-08-28T10:58:29.518146Z  INFO fs3_daemon::runner: done kind=summarize subject=docs/plans/063-c4-models/workshops/001-c4-design-and-layout.md::Workshop: C4 Design Process and Layout::Part 5: Exemplar C4 Diagrams::L1 — System Context ms=12 left=29731
2026-08-28T10:58:29.528496Z  INFO fs3_daemon::runner: batch kind="embed" subject=1 x smart jobs=1 ms=0
2026-08-28T10:58:29.545036Z  INFO fs3_daemon::runner: done kind="embed" id=672913 left=29730
2026-08-28T10:58:29.632822Z  INFO fs3_daemon::runner: done kind=summarize subject=docs/plans/063-c4-models/workshops/001-c4-design-and-layout.md::Workshop: C4 Design Process and Layout::Part 5: Exemplar C4 Diagrams ms=16 left=29730
2026-08-28T10:58:29.643242Z  INFO fs3_daemon::runner: batch kind="embed" subject=1 x smart jobs=1 ms=0
2026-08-28T10:58:29.656035Z  INFO fs3_daemon::runner: done kind="embed" id=672914 left=29729
2026-08-28T10:58:29.743967Z  INFO fs3_daemon::runner: done kind=summarize subject=docs/plans/063-c4-models/workshops/001-c4-design-and-layout.md::Workshop: C4 Design Process and Layout::Level 3: Viewer Components::Option C: React Flow Interactive Canvas (Phase 3) ms=18 left=29729
2026-08-28T10:58:29.751084Z  INFO fs3_daemon::runner: batch kind="embed" subject=1 x smart jobs=1 ms=0
2026-08-28T10:58:29.763318Z  INFO fs3_daemon::runner: done kind="embed" id=672915 left=29728
2026-08-28T10:58:29.850290Z  INFO fs3_daemon::runner: done kind=summarize subject=docs/plans/063-c4-models/workshops/001-c4-design-and-layout.md::Workshop: C4 Design Process and Layout::Level 3: Viewer Components ms=17 left=29728
2026-08-28T10:58:29.857172Z  INFO fs3_daemon::runner: batch kind="embed" subject=1 x smart jobs=1 ms=0
2026-08-28T10:58:29.867685Z  INFO fs3_daemon::runner: done kind="embed" id=672916 left=29727
2026-08-28T10:58:29.955989Z  INFO fs3_daemon::runner: done kind=summarize subject=docs/plans/063-c4-models/workshops/001-c4-design-and-layout.md::Workshop: C4 Design Process and Layout::Level 2: Web App Containers ms=19 left=29727
2026-08-28T10:58:29.960904Z  INFO fs3_daemon::runner: batch kind="embed" subject=1 x smart jobs=1 ms=0
2026-08-28T10:58:29.978887Z  INFO fs3_daemon::runner: done kind="embed" id=672917 left=29726
2026-08-28T10:58:30.070094Z  INFO fs3_daemon::runner: done kind=summarize subject=docs/plans/063-c4-models/workshops/001-c4-design-and-layout.md::Workshop: C4 Design Process and Layout::Part 4: Rendering and Preview::Phase 1: Mermaid C4 (No Code Changes Required) ms=19 left=29726
2026-08-28T10:58:30.071236Z  INFO fs3_daemon::runner: batch kind="embed" subject=1 x smart jobs=1 ms=0
2026-08-28T10:58:30.083186Z  INFO fs3_daemon::runner: done kind="embed" id=672918 left=29725
2026-08-28T10:58:30.174821Z  INFO fs3_daemon::runner: done kind=summarize subject=docs/plans/063-c4-models/workshops/001-c4-design-and-layout.md::Workshop: C4 Design Process and Layout::Part 4: Rendering and Preview ms=19 left=29725
2026-08-28T10:58:30.175303Z  INFO fs3_daemon::runner: batch kind="embed" subject=1 x smart jobs=1 ms=0
2026-08-28T10:58:30.186051Z  INFO fs3_daemon::runner: done kind="embed" id=672919 left=29724
2026-08-28T10:58:30.269520Z  INFO fs3_daemon::runner: done kind=summarize subject=docs/plans/063-c4-models/workshops/001-c4-design-and-layout.md::Workshop: C4 Design Process and Layout::Part 3: .instruction.md Design::Placement ms=11 left=29724
2026-08-28T10:58:30.275248Z  INFO fs3_daemon::runner: batch kind="embed" subject=1 x smart jobs=1 ms=0
2026-08-28T10:58:30.284507Z  INFO fs3_daemon::runner: done kind="embed" id=672920 left=29723
2026-08-28T10:58:30.373909Z  INFO fs3_daemon::runner: done kind=summarize subject=docs/plans/063-c4-models/workshops/001-c4-design-and-layout.md::Workshop: C4 Design Process and Layout::Part 3: .instruction.md Design::How applyTo Works ms=18 left=29723
2026-08-28T10:58:30.374078Z  INFO fs3_daemon::runner: batch kind="embed" subject=1 x smart jobs=1 ms=0
2026-08-28T10:58:30.384066Z  INFO fs3_daemon::runner: done kind="embed" id=672921 left=29722
2026-08-28T10:58:30.468915Z  INFO fs3_daemon::runner: done kind=summarize subject=docs/plans/063-c4-models/workshops/001-c4-design-and-layout.md::Workshop: C4 Design Process and Layout::Part 3: .instruction.md Design::Format Design ms=16 left=29722
2026-08-28T10:58:30.477235Z  INFO fs3_daemon::runner: batch kind="embed" subject=1 x smart jobs=1 ms=1
2026-08-28T10:58:30.496905Z  INFO fs3_daemon::runner: done kind="embed" id=672922 left=29721
2026-08-28T10:58:30.585354Z  INFO fs3_daemon::runner: done kind=summarize subject=docs/plans/063-c4-models/workshops/001-c4-design-and-layout.md::Workshop: C4 Design Process and Layout::Part 3: .instruction.md Design ms=20 left=29721
2026-08-28T10:58:30.589661Z  INFO fs3_daemon::runner: batch kind="embed" subject=1 x smart jobs=1 ms=0
2026-08-28T10:58:30.601982Z  INFO fs3_daemon::runner: done kind="embed" id=672923 left=29720
2026-08-28T10:58:30.688993Z  INFO fs3_daemon::runner: done kind=summarize subject=docs/plans/063-c4-models/workshops/001-c4-design-and-layout.md::Workshop: C4 Design Process and Layout::Part 2: File Layout::Navigation Links ms=19 left=29720
2026-08-28T10:58:30.697309Z  INFO fs3_daemon::runner: batch kind="embed" subject=1 x smart jobs=1 ms=0
2026-08-28T10:58:30.713302Z  INFO fs3_daemon::runner: done kind="embed" id=672924 left=29719
2026-08-28T10:58:30.799527Z  INFO fs3_daemon::runner: batch kind="embed" subject=1 x smart jobs=1 ms=0
2026-08-28T10:58:30.806979Z  INFO fs3_daemon::runner: done kind=summarize subject=docs/plans/063-c4-models/workshops/001-c4-design-and-layout.md::Workshop: C4 Design Process and Layout::Part 2: File Layout::Cross-Reference Pattern ms=24 left=29719
2026-08-28T10:58:30.809298Z  INFO fs3_daemon::runner: done kind="embed" id=672925 left=29718
2026-08-28T10:58:30.895149Z  INFO fs3_daemon::runner: done kind=summarize subject=docs/plans/063-c4-models/workshops/001-c4-design-and-layout.md::Workshop: C4 Design Process and Layout::Part 2: File Layout::Why This Layout ms=16 left=29718
2026-08-28T10:58:30.900751Z  INFO fs3_daemon::runner: batch kind="embed" subject=1 x smart jobs=1 ms=0
2026-08-28T10:58:30.910532Z  INFO fs3_daemon::runner: done kind="embed" id=672926 left=29717
2026-08-28T10:58:30.994820Z  INFO fs3_daemon::runner: done kind=summarize subject=docs/plans/063-c4-models/workshops/001-c4-design-and-layout.md::Workshop: C4 Design Process and Layout::Part 2: File Layout::Proposed Structure ms=15 left=29717
2026-08-28T10:58:31.000558Z  INFO fs3_daemon::runner: batch kind="embed" subject=1 x smart jobs=1 ms=0
2026-08-28T10:58:31.010973Z  INFO fs3_daemon::runner: done kind="embed" id=672927 left=29716
2026-08-28T10:58:31.094898Z  INFO fs3_daemon::runner: done kind=summarize subject=docs/plans/063-c4-models/workshops/001-c4-design-and-layout.md::Workshop: C4 Design Process and Layout::Part 2: File Layout ms=17 left=29716
2026-08-28T10:58:31.096731Z  INFO fs3_daemon::runner: batch kind="embed" subject=1 x smart jobs=1 ms=0
2026-08-28T10:58:31.106526Z  INFO fs3_daemon::runner: done kind="embed" id=672928 left=29715
2026-08-28T10:58:31.187458Z  INFO fs3_daemon::runner: done kind=summarize subject=docs/plans/063-c4-models/workshops/001-c4-design-and-layout.md::Workshop: C4 Design Process and Layout::Part 1: Domain → C4 Layer Mapping::What Each Level Contains ms=13 left=29715
2026-08-28T10:58:31.197431Z  INFO fs3_daemon::runner: batch kind="embed" subject=1 x smart jobs=1 ms=0
2026-08-28T10:58:31.209748Z  INFO fs3_daemon::runner: done kind="embed" id=672929 left=29714
2026-08-28T10:58:31.296740Z  INFO fs3_daemon::runner: done kind=summarize subject=docs/plans/063-c4-models/workshops/001-c4-design-and-layout.md::Workshop: C4 Design Process and Layout::Part 1: Domain → C4 Layer Mapping::Why This Mapping Works ms=13 left=29714
2026-08-28T10:58:31.303748Z  INFO fs3_daemon::runner: batch kind="embed" subject=1 x smart jobs=1 ms=0
2026-08-28T10:58:31.319131Z  INFO fs3_daemon::runner: done kind="embed" id=672930 left=29713
2026-08-28T10:58:31.411257Z  INFO fs3_daemon::runner: done kind=summarize subject=docs/plans/063-c4-models/workshops/001-c4-design-and-layout.md::Workshop: C4 Design Process and Layout::Part 1: Domain → C4 Layer Mapping::The Natural Mapping ms=17 left=29713
2026-08-28T10:58:31.414734Z  INFO fs3_daemon::runner: batch kind="embed" subject=1 x smart jobs=1 ms=0
2026-08-28T10:58:31.427875Z  INFO fs3_daemon::runner: done kind="embed" id=672931 left=29712
2026-08-28T10:58:31.517267Z  INFO fs3_daemon::runner: done kind=summarize subject=docs/plans/063-c4-models/workshops/001-c4-design-and-layout.md::Workshop: C4 Design Process and Layout::Part 1: Domain → C4 Layer Mapping ms=19 left=29712
2026-08-28T10:58:31.520746Z  INFO fs3_daemon::runner: batch kind="embed" subject=1 x smart jobs=1 ms=1
2026-08-28T10:58:31.534336Z  INFO fs3_daemon::runner: done kind="embed" id=672932 left=29711
2026-08-28T10:58:31.615214Z  INFO fs3_daemon::runner: done kind=summarize subject=docs/plans/063-c4-models/workshops/001-c4-design-and-layout.md::Workshop: C4 Design Process and Layout::Key Questions Addressed ms=11 left=29711
2026-08-28T10:58:31.623801Z  INFO fs3_daemon::runner: batch kind="embed" subject=1 x smart jobs=1 ms=0
2026-08-28T10:58:31.634917Z  INFO fs3_daemon::runner: done kind="embed" id=672933 left=29710
2026-08-28T10:58:31.726667Z  INFO fs3_daemon::runner: done kind=summarize subject=docs/plans/063-c4-models/workshops/001-c4-design-and-layout.md::Workshop: C4 Design Process and Layout ms=23 left=29710
2026-08-28T10:58:31.731262Z  INFO fs3_daemon::runner: batch kind="embed" subject=1 x smart jobs=1 ms=0
2026-08-28T10:58:31.749814Z  INFO fs3_daemon::runner: done kind="embed" id=672934 left=29709
2026-08-28T10:58:31.855463Z  INFO fs3_daemon::runner: done kind=summarize subject=docs/plans/063-c4-models/tasks/phase-5-rendering-verification/tasks.md::Phase 5: Rendering Verification — Tasks Dossier::Directory Layout ms=35 left=29709
2026-08-28T10:58:31.863289Z  INFO fs3_daemon::runner: batch kind="embed" subject=1 x smart jobs=1 ms=3
2026-08-28T10:58:31.889477Z  INFO fs3_daemon::runner: done kind="embed" id=672935 left=29708
2026-08-28T10:58:32.003336Z  INFO fs3_daemon::runner: done kind=summarize subject=docs/plans/063-c4-models/tasks/phase-5-rendering-verification/tasks.md::Phase 5: Rendering Verification — Tasks Dossier::Context Brief ms=28 left=29708
2026-08-28T10:58:32.006489Z  INFO fs3_daemon::runner: batch kind="embed" subject=1 x smart jobs=1 ms=0
2026-08-28T10:58:32.030243Z  INFO fs3_daemon::runner: done kind="embed" id=672936 left=29707
2026-08-28T10:58:32.140877Z  INFO fs3_daemon::runner: done kind=summarize subject=docs/plans/063-c4-models/tasks/phase-5-rendering-verification/tasks.md::Phase 5: Rendering Verification — Tasks Dossier::Tasks ms=31 left=29707
2026-08-28T10:58:32.144795Z  INFO fs3_daemon::runner: batch kind="embed" subject=1 x smart jobs=1 ms=0
2026-08-28T10:58:32.168897Z  INFO fs3_daemon::runner: done kind="embed" id=672937 left=29706
2026-08-28T10:58:32.286505Z  INFO fs3_daemon::runner: done kind=summarize subject=docs/plans/063-c4-models/tasks/phase-5-rendering-verification/tasks.md::Phase 5: Rendering Verification — Tasks Dossier::Architecture Map ms=36 left=29706
2026-08-28T10:58:32.293078Z  INFO fs3_daemon::runner: batch kind="embed" subject=1 x smart jobs=1 ms=2
2026-08-28T10:58:32.317361Z  INFO fs3_daemon::runner: done kind="embed" id=672938 left=29705
2026-08-28T10:58:32.435040Z  INFO fs3_daemon::runner: done kind=summarize subject=docs/plans/063-c4-models/tasks/phase-5-rendering-verification/tasks.md::Phase 5: Rendering Verification — Tasks Dossier::Pre-Implementation Check ms=26 left=29705
2026-08-28T10:58:32.443882Z  INFO fs3_daemon::runner: batch kind="embed" subject=1 x smart jobs=1 ms=4
2026-08-28T10:58:32.467418Z  INFO fs3_daemon::runner: done kind="embed" id=672939 left=29704
2026-08-28T10:58:32.574930Z  INFO fs3_daemon::runner: done kind=summarize subject=docs/plans/063-c4-models/tasks/phase-5-rendering-verification/tasks.md::Phase 5: Rendering Verification — Tasks Dossier::Prior Phase Context ms=30 left=29704
2026-08-28T10:58:32.577954Z  INFO fs3_daemon::runner: batch kind="embed" subject=1 x smart jobs=1 ms=0
2026-08-28T10:58:32.600545Z  INFO fs3_daemon::runner: done kind="embed" id=672940 left=29703
2026-08-28T10:58:32.714050Z  INFO fs3_daemon::runner: done kind=summarize subject=docs/plans/063-c4-models/tasks/phase-5-rendering-verification/tasks.md::Phase 5: Rendering Verification — Tasks Dossier ms=36 left=29703
2026-08-28T10:58:32.716215Z  INFO fs3_daemon::runner: batch kind="embed" subject=1 x smart jobs=1 ms=0
2026-08-28T10:58:32.734456Z  INFO fs3_daemon::runner: done kind="embed" id=672941 left=29702
2026-08-28T10:58:32.852233Z  INFO fs3_daemon::runner: batch kind="embed" subject=1 x smart jobs=1 ms=0
2026-08-28T10:58:32.869078Z  INFO fs3_daemon::runner: done kind=summarize subject=docs/plans/063-c4-models/tasks/phase-5-rendering-verification/tasks.fltplan.md::Flight Plan: Phase 5 — Rendering Verification::Goals & Non-Goals ms=47 left=29702
2026-08-28T10:58:32.879557Z  INFO fs3_daemon::runner: done kind="embed" id=672942 left=29701
2026-08-28T10:58:32.999444Z  INFO fs3_daemon::runner: done kind=summarize subject=docs/plans/063-c4-models/tasks/phase-5-rendering-verification/tasks.fltplan.md::Flight Plan: Phase 5 — Rendering Verification::Architecture: Before & After ms=32 left=29701
2026-08-28T10:58:33.006944Z  INFO fs3_daemon::runner: batch kind="embed" subject=1 x smart jobs=1 ms=1
2026-08-28T10:58:33.039125Z  INFO fs3_daemon::runner: done kind="embed" id=672943 left=29700
2026-08-28T10:58:33.158607Z  INFO fs3_daemon::runner: batch kind="embed" subject=1 x smart jobs=1 ms=0
2026-08-28T10:58:33.189859Z  INFO fs3_daemon::runner: done kind=summarize subject=docs/plans/063-c4-models/tasks/phase-5-rendering-verification/tasks.fltplan.md::Flight Plan: Phase 5 — Rendering Verification::Stages ms=72 left=29700
2026-08-28T10:58:33.213985Z  INFO fs3_daemon::runner: done kind="embed" id=672944 left=29699
2026-08-28T10:58:33.326233Z  INFO fs3_daemon::runner: done kind=summarize subject=docs/plans/063-c4-models/tasks/phase-5-rendering-verification/tasks.fltplan.md::Flight Plan: Phase 5 — Rendering Verification::Flight Status ms=34 left=29699
2026-08-28T10:58:33.338020Z  INFO fs3_daemon::runner: batch kind="embed" subject=1 x smart jobs=1 ms=0
2026-08-28T10:58:33.347806Z  INFO fs3_daemon::runner: done kind="embed" id=672945 left=29698
2026-08-28T10:58:33.442059Z  INFO fs3_daemon::runner: done kind=summarize subject=docs/plans/063-c4-models/tasks/phase-5-rendering-verification/tasks.fltplan.md::Flight Plan: Phase 5 — Rendering Verification::Domain Context::Domains We Depend On (no changes) ms=23 left=29698
2026-08-28T10:58:33.488305Z  INFO fs3_daemon::runner: progress phase="working" scanned=62551 scan_left=33 summarized=128484 summarize_left=29664 embedded=208195 embed_left=1 failed=0
2026-08-28T10:58:33.513760Z  INFO fs3_daemon::runner: batch kind="embed" subject=2 x smart jobs=2 ms=0
2026-08-28T10:58:33.529635Z  INFO fs3_daemon::runner: done kind="embed" id=672946 left=29697
2026-08-28T10:58:33.603020Z  INFO fs3_daemon::runner: done kind="embed" id=672947 left=29696
2026-08-28T10:58:33.692017Z  INFO fs3_daemon::runner: done kind=summarize subject=docs/plans/063-c4-models/tasks/phase-5-rendering-verification/tasks.fltplan.md::Flight Plan: Phase 5 — Rendering Verification::Domain Context ms=22 left=29696
2026-08-28T10:58:33.794573Z  INFO fs3_daemon::runner: batch kind="embed" subject=1 x smart jobs=1 ms=0
2026-08-28T10:58:33.811492Z  INFO fs3_daemon::runner: done kind=summarize subject=docs/plans/063-c4-models/tasks/phase-5-rendering-verification/tasks.fltplan.md::Flight Plan: Phase 5 — Rendering Verification ms=121 left=29695
2026-08-28T10:58:33.818121Z  INFO fs3_daemon::runner: done kind="embed" id=672948 left=29696
2026-08-28T10:58:33.914620Z  INFO fs3_daemon::runner: done kind=summarize subject=docs/plans/063-c4-models/tasks/phase-5-rendering-verification/execution.log.md::Phase 5: Rendering Verification — Execution Log::Task Execution ms=18 left=29695
2026-08-28T10:58:33.918306Z  INFO fs3_daemon::runner: batch kind="embed" subject=1 x smart jobs=1 ms=0
2026-08-28T10:58:33.931048Z  INFO fs3_daemon::runner: done kind="embed" id=672949 left=29694
2026-08-28T10:58:34.018898Z  INFO fs3_daemon::runner: done kind=summarize subject=docs/plans/063-c4-models/tasks/phase-5-rendering-verification/execution.log.md::Phase 5: Rendering Verification — Execution Log ms=12 left=29694
2026-08-28T10:58:34.027367Z  INFO fs3_daemon::runner: batch kind="embed" subject=1 x smart jobs=1 ms=0
2026-08-28T10:58:34.040911Z  INFO fs3_daemon::runner: done kind="embed" id=672950 left=29693
2026-08-28T10:58:34.123309Z  INFO fs3_daemon::runner: done kind=summarize subject=docs/plans/063-c4-models/tasks/phase-4-l3-business-domains-and-navigation/tasks.md::Phase 4: L3 Business Domains & Navigation Polish — Tasks::Context Brief ms=12 left=29693
2026-08-28T10:58:34.133549Z  INFO fs3_daemon::runner: batch kind="embed" subject=1 x smart jobs=1 ms=0
2026-08-28T10:58:34.145493Z  INFO fs3_daemon::runner: done kind="embed" id=672951 left=29692
2026-08-28T10:58:34.234160Z  INFO fs3_daemon::runner: done kind=summarize subject=docs/plans/063-c4-models/tasks/phase-4-l3-business-domains-and-navigation/tasks.md::Phase 4: L3 Business Domains & Navigation Polish — Tasks::Tasks ms=21 left=29692
2026-08-28T10:58:34.243228Z  INFO fs3_daemon::runner: batch kind="embed" subject=1 x smart jobs=1 ms=0
2026-08-28T10:58:34.266440Z  INFO fs3_daemon::runner: done kind="embed" id=672952 left=29691
2026-08-28T10:58:34.356524Z  INFO fs3_daemon::runner: done kind=summarize subject=docs/plans/063-c4-models/tasks/phase-4-l3-business-domains-and-navigation/tasks.md::Phase 4: L3 Business Domains & Navigation Polish — Tasks::Pre-Implementation Check ms=16 left=29691
2026-08-28T10:58:34.359054Z  INFO fs3_daemon::runner: batch kind="embed" subject=1 x smart jobs=1 ms=0
2026-08-28T10:58:34.372743Z  INFO fs3_daemon::runner: done kind="embed" id=672953 left=29690
2026-08-28T10:58:34.473197Z  INFO fs3_daemon::runner: done kind=summarize subject=docs/plans/063-c4-models/tasks/phase-4-l3-business-domains-and-navigation/tasks.md::Phase 4: L3 Business Domains & Navigation Polish — Tasks::Prior Phase Context::Phase 3: L3 Infrastructure Domains (Complete) ms=15 left=29690
2026-08-28T10:58:34.478751Z  INFO fs3_daemon::runner: batch kind="embed" subject=1 x smart jobs=1 ms=0
2026-08-28T10:58:34.489334Z  INFO fs3_daemon::runner: done kind="embed" id=672954 left=29689
2026-08-28T10:58:34.580850Z  INFO fs3_daemon::runner: done kind=summarize subject=docs/plans/063-c4-models/tasks/phase-4-l3-business-domains-and-navigation/tasks.md::Phase 4: L3 Business Domains & Navigation Polish — Tasks::Prior Phase Context ms=15 left=29689
2026-08-28T10:58:34.585600Z  INFO fs3_daemon::runner: batch kind="embed" subject=1 x smart jobs=1 ms=0
2026-08-28T10:58:34.597256Z  INFO fs3_daemon::runner: done kind="embed" id=672955 left=29688
2026-08-28T10:58:34.696274Z  INFO fs3_daemon::runner: done kind=summarize subject=docs/plans/063-c4-models/tasks/phase-4-l3-business-domains-and-navigation/tasks.md::Phase 4: L3 Business Domains & Navigation Polish — Tasks::Executive Briefing ms=16 left=29688
2026-08-28T10:58:34.702383Z  INFO fs3_daemon::runner: batch kind="embed" subject=1 x smart jobs=1 ms=0
2026-08-28T10:58:34.720700Z  INFO fs3_daemon::runner: done kind="embed" id=672956 left=29687
2026-08-28T10:58:34.821133Z  INFO fs3_daemon::runner: done kind=summarize subject=docs/plans/063-c4-models/tasks/phase-4-l3-business-domains-and-navigation/tasks.md::Phase 4: L3 Business Domains & Navigation Polish — Tasks ms=19 left=29687
2026-08-28T10:58:34.830722Z  INFO fs3_daemon::runner: batch kind="embed" subject=1 x smart jobs=1 ms=0
2026-08-28T10:58:34.849011Z  INFO fs3_daemon::runner: done kind="embed" id=672957 left=29686
2026-08-28T10:58:34.980338Z  INFO fs3_daemon::runner: done kind=summarize subject=docs/plans/063-c4-models/tasks/phase-4-l3-business-domains-and-navigation/tasks.fltplan.md::Flight Plan: Phase 4 — L3 Business Domains & Navigation Polish::Architecture: Before & After ms=21 left=29686
2026-08-28T10:58:34.987201Z  INFO fs3_daemon::runner: batch kind="embed" subject=1 x smart jobs=1 ms=0
2026-08-28T10:58:35.003504Z  INFO fs3_daemon::runner: done kind="embed" id=672958 left=29685
2026-08-28T10:58:35.121664Z  INFO fs3_daemon::runner: done kind=summarize subject=docs/plans/063-c4-models/tasks/phase-4-l3-business-domains-and-navigation/tasks.fltplan.md::Flight Plan: Phase 4 — L3 Business Domains & Navigation Polish::Flight Status ms=23 left=29685
2026-08-28T10:58:35.129978Z  INFO fs3_daemon::runner: batch kind="embed" subject=1 x smart jobs=1 ms=0
2026-08-28T10:58:35.146271Z  INFO fs3_daemon::runner: done kind="embed" id=672959 left=29684
2026-08-28T10:58:35.267634Z  INFO fs3_daemon::runner: done kind=summarize subject=docs/plans/063-c4-models/tasks/phase-4-l3-business-domains-and-navigation/tasks.fltplan.md::Flight Plan: Phase 4 — L3 Business Domains & Navigation Polish::Domain Context ms=22 left=29684
2026-08-28T10:58:35.280989Z  INFO fs3_daemon::runner: batch kind="embed" subject=1 x smart jobs=1 ms=0
2026-08-28T10:58:35.299018Z  INFO fs3_daemon::runner: done kind="embed" id=672960 left=29683
2026-08-28T10:58:35.409553Z  INFO fs3_daemon::runner: done kind=summarize subject=docs/plans/063-c4-models/tasks/phase-4-l3-business-domains-and-navigation/tasks.fltplan.md::Flight Plan: Phase 4 — L3 Business Domains & Navigation Polish ms=17 left=29683
2026-08-28T10:58:35.416239Z  INFO fs3_daemon::runner: batch kind="embed" subject=1 x smart jobs=1 ms=0
2026-08-28T10:58:35.436077Z  INFO fs3_daemon::runner: done kind="embed" id=672961 left=29682
2026-08-28T10:58:35.564551Z  INFO fs3_daemon::runner: done kind=summarize subject=docs/plans/063-c4-models/tasks/phase-4-l3-business-domains-and-navigation/execution.log.md::Phase 4: L3 Business Domains & Navigation Polish — Execution Log::Acceptance Criteria Verification ms=16 left=29682
2026-08-28T10:58:35.571341Z  INFO fs3_daemon::runner: batch kind="embed" subject=1 x smart jobs=1 ms=0
2026-08-28T10:58:35.584939Z  INFO fs3_daemon::runner: done kind="embed" id=672962 left=29681
2026-08-28T10:58:35.702149Z  INFO fs3_daemon::runner: done kind=summarize subject=docs/plans/063-c4-models/tasks/phase-4-l3-business-domains-and-navigation/execution.log.md::Phase 4: L3 Business Domains & Navigation Polish — Execution Log::T004: Add bidirectional C4 Diagram links to 13 domain.md files ms=19 left=29681
2026-08-28T10:58:35.709590Z  INFO fs3_daemon::runner: batch kind="embed" subject=1 x smart jobs=1 ms=0
2026-08-28T10:58:35.724979Z  INFO fs3_daemon::runner: done kind="embed" id=672963 left=29680
2026-08-28T10:58:35.846034Z  INFO fs3_daemon::runner: done kind=summarize subject=docs/plans/063-c4-models/tasks/phase-4-l3-business-domains-and-navigation/execution.log.md::Phase 4: L3 Business Domains & Navigation Polish — Execution Log ms=16 left=29680
2026-08-28T10:58:35.860309Z  INFO fs3_daemon::runner: batch kind="embed" subject=1 x smart jobs=1 ms=1
2026-08-28T10:58:35.881042Z  INFO fs3_daemon::runner: done kind="embed" id=672964 left=29679
2026-08-28T10:58:35.971969Z  INFO fs3_daemon::runner: done kind=summarize subject=docs/plans/063-c4-models/tasks/phase-3-l3-infrastructure-domains/tasks.md::Phase 3: L3 Component Diagrams — Infrastructure Domains — Tasks::Directory Layout ms=15 left=29679
2026-08-28T10:58:35.980023Z  INFO fs3_daemon::runner: batch kind="embed" subject=1 x smart jobs=1 ms=0
2026-08-28T10:58:36.001321Z  INFO fs3_daemon::runner: done kind="embed" id=672965 left=29678
2026-08-28T10:58:36.116736Z  INFO fs3_daemon::runner: done kind=summarize subject=docs/plans/063-c4-models/tasks/phase-3-l3-infrastructure-domains/tasks.md::Phase 3: L3 Component Diagrams — Infrastructure Domains — Tasks::Navigation ms=22 left=29678
2026-08-28T10:58:36.120783Z  INFO fs3_daemon::runner: batch kind="embed" subject=1 x smart jobs=1 ms=0
2026-08-28T10:58:36.135995Z  INFO fs3_daemon::runner: done kind="embed" id=672966 left=29677
2026-08-28T10:58:36.242229Z  INFO fs3_daemon::runner: done kind=summarize subject=docs/plans/063-c4-models/tasks/phase-3-l3-infrastructure-domains/tasks.md::Phase 3: L3 Component Diagrams — Infrastructure Domains — Tasks::L3 Component File Template ms=23 left=29677
2026-08-28T10:58:36.248390Z  INFO fs3_daemon::runner: batch kind="embed" subject=1 x smart jobs=1 ms=0
2026-08-28T10:58:36.266544Z  INFO fs3_daemon::runner: done kind="embed" id=672967 left=29676
2026-08-28T10:58:36.380195Z  INFO fs3_daemon::runner: done kind=summarize subject=docs/plans/063-c4-models/tasks/phase-3-l3-infrastructure-domains/tasks.md::Phase 3: L3 Component Diagrams — Infrastructure Domains — Tasks::Prior Phase Context::Phase 2: L1 System Context & L2 Containers (Complete) ms=21 left=29676
2026-08-28T10:58:36.400730Z  INFO fs3_daemon::runner: batch kind="embed" subject=1 x smart jobs=1 ms=0
2026-08-28T10:58:36.419091Z  INFO fs3_daemon::runner: done kind="embed" id=672968 left=29675
2026-08-28T10:58:36.571827Z  INFO fs3_daemon::runner: batch kind="embed" subject=1 x smart jobs=1 ms=1
2026-08-28T10:58:36.573686Z  INFO fs3_daemon::runner: done kind=summarize subject=docs/plans/063-c4-models/tasks/phase-3-l3-infrastructure-domains/tasks.md::Phase 3: L3 Component Diagrams — Infrastructure Domains — Tasks::Prior Phase Context ms=33 left=29675
2026-08-28T10:58:36.588017Z  INFO fs3_daemon::runner: done kind="embed" id=672969 left=29674
2026-08-28T10:58:36.697777Z  INFO fs3_daemon::runner: done kind=summarize subject=docs/plans/063-c4-models/tasks/phase-3-l3-infrastructure-domains/tasks.md::Phase 3: L3 Component Diagrams — Infrastructure Domains — Tasks::Executive Briefing ms=16 left=29674
2026-08-28T10:58:36.708267Z  INFO fs3_daemon::runner: batch kind="embed" subject=1 x smart jobs=1 ms=0
2026-08-28T10:58:36.727320Z  INFO fs3_daemon::runner: done kind="embed" id=672970 left=29673
2026-08-28T10:58:36.851306Z  INFO fs3_daemon::runner: batch kind="embed" subject=1 x smart jobs=1 ms=0
2026-08-28T10:58:36.853267Z  INFO fs3_daemon::runner: done kind=summarize subject=docs/plans/063-c4-models/tasks/phase-3-l3-infrastructure-domains/tasks.md::Phase 3: L3 Component Diagrams — Infrastructure Domains — Tasks ms=27 left=29673
2026-08-28T10:58:36.868243Z  INFO fs3_daemon::runner: done kind="embed" id=672971 left=29672
2026-08-28T10:58:36.982747Z  INFO fs3_daemon::runner: done kind=summarize subject=docs/plans/063-c4-models/tasks/phase-3-l3-infrastructure-domains/tasks.fltplan.md::Flight Plan: Phase 3 — L3 Infrastructure Domains::Checklist ms=19 left=29672
2026-08-28T10:58:36.991496Z  INFO fs3_daemon::runner: batch kind="embed" subject=1 x smart jobs=1 ms=1
2026-08-28T10:58:37.007455Z  INFO fs3_daemon::runner: done kind="embed" id=672972 left=29671
2026-08-28T10:58:37.122487Z  INFO fs3_daemon::runner: done kind=summarize subject=docs/plans/063-c4-models/tasks/phase-3-l3-infrastructure-domains/tasks.fltplan.md::Flight Plan: Phase 3 — L3 Infrastructure Domains::Architecture: Before & After ms=18 left=29671
2026-08-28T10:58:37.132394Z  INFO fs3_daemon::runner: batch kind="embed" subject=1 x smart jobs=1 ms=0
2026-08-28T10:58:37.146430Z  INFO fs3_daemon::runner: done kind="embed" id=672973 left=29670
2026-08-28T10:58:37.261651Z  INFO fs3_daemon::runner: done kind=summarize subject=docs/plans/063-c4-models/tasks/phase-3-l3-infrastructure-domains/tasks.fltplan.md::Flight Plan: Phase 3 — L3 Infrastructure Domains::Stages ms=20 left=29670
2026-08-28T10:58:37.271435Z  INFO fs3_daemon::runner: batch kind="embed" subject=1 x smart jobs=1 ms=0
2026-08-28T10:58:37.287455Z  INFO fs3_daemon::runner: done kind="embed" id=672974 left=29669
2026-08-28T10:58:37.391244Z  INFO fs3_daemon::runner: done kind=summarize subject=docs/plans/063-c4-models/tasks/phase-3-l3-infrastructure-domains/tasks.fltplan.md::Flight Plan: Phase 3 — L3 Infrastructure Domains::Flight Status ms=18 left=29669
2026-08-28T10:58:37.400353Z  INFO fs3_daemon::runner: batch kind="embed" subject=1 x smart jobs=1 ms=0
2026-08-28T10:58:37.419015Z  INFO fs3_daemon::runner: done kind="embed" id=672975 left=29668
2026-08-28T10:58:37.532610Z  INFO fs3_daemon::runner: done kind=summarize subject=docs/plans/063-c4-models/tasks/phase-3-l3-infrastructure-domains/tasks.fltplan.md::Flight Plan: Phase 3 — L3 Infrastructure Domains::Domain Context::Domains We Depend On (no changes) ms=23 left=29668
2026-08-28T10:58:37.537490Z  INFO fs3_daemon::runner: batch kind="embed" subject=1 x smart jobs=1 ms=4
2026-08-28T10:58:37.562978Z  INFO fs3_daemon::runner: done kind="embed" id=672976 left=29667
2026-08-28T10:58:37.685049Z  INFO fs3_daemon::runner: done kind=summarize subject=docs/plans/063-c4-models/tasks/phase-3-l3-infrastructure-domains/tasks.fltplan.md::Flight Plan: Phase 3 — L3 Infrastructure Domains::Domain Context ms=22 left=29667
2026-08-28T10:58:37.695841Z  INFO fs3_daemon::runner: batch kind="embed" subject=1 x smart jobs=1 ms=1
2026-08-28T10:58:37.715500Z  INFO fs3_daemon::runner: done kind="embed" id=672977 left=29666
2026-08-28T10:58:37.868500Z  INFO fs3_daemon::runner: batch kind="embed" subject=1 x smart jobs=1 ms=2
2026-08-28T10:58:37.883716Z  INFO fs3_daemon::runner: done kind=summarize subject=docs/plans/063-c4-models/tasks/phase-3-l3-infrastructure-domains/tasks.fltplan.md::Flight Plan: Phase 3 — L3 Infrastructure Domains ms=53 left=29666
2026-08-28T10:58:37.908778Z  INFO fs3_daemon::runner: done kind="embed" id=672978 left=29665
2026-08-28T10:58:38.147451Z  INFO fs3_daemon::runner: batch kind="embed" subject=1 x smart jobs=1 ms=1
2026-08-28T10:58:38.156225Z  INFO fs3_daemon::runner: done kind=summarize subject=docs/plans/063-c4-models/tasks/phase-3-l3-infrastructure-domains/execution.log.md::Phase 3: L3 Infrastructure Domains — Execution Log::Acceptance Criteria Verification ms=127 left=29665
2026-08-28T10:58:38.163023Z  INFO fs3_daemon::runner: done kind="embed" id=672979 left=29664
2026-08-28T10:58:38.358361Z  INFO fs3_daemon::runner: batch kind="embed" subject=1 x smart jobs=1 ms=1
2026-08-28T10:58:38.368216Z  INFO fs3_daemon::runner: done kind=summarize subject=docs/plans/063-c4-models/tasks/phase-3-l3-infrastructure-domains/execution.log.md::Phase 3: L3 Infrastructure Domains — Execution Log::T001-T010: Infrastructure Domain Files::Per-File Summary ms=40 left=29664
2026-08-28T10:58:38.380679Z  INFO fs3_daemon::runner: done kind="embed" id=672980 left=29663
2026-08-28T10:58:38.546769Z  INFO fs3_daemon::runner: done kind=summarize subject=docs/plans/063-c4-models/tasks/phase-3-l3-infrastructure-domains/execution.log.md::Phase 3: L3 Infrastructure Domains — Execution Log::T001-T010: Infrastructure Domain Files ms=53 left=29663
2026-08-28T10:58:38.616303Z  INFO fs3_daemon::runner: progress phase="working" scanned=62551 scan_left=33 summarized=128519 summarize_left=29629 embedded=208230 embed_left=1 failed=0
2026-08-28T10:58:38.658942Z  INFO fs3_daemon::runner: batch kind="embed" subject=2 x smart jobs=2 ms=2
2026-08-28T10:58:38.681986Z  INFO fs3_daemon::runner: done kind="embed" id=672982 left=29662
2026-08-28T10:58:39.086523Z  INFO fs3_daemon::runner: done kind="embed" id=672981 left=29661
2026-08-28T10:58:39.217256Z  INFO fs3_daemon::runner: done kind=scan_file subject=docs/plans/006-worktree-diff/assets/probes/out/run-20260828T105601Z/p1-noop-jobs.txt ms=27 left=29662
2026-08-28T10:58:39.237648Z  INFO fs3_daemon::runner: done kind=summarize subject=docs/plans/063-c4-models/tasks/phase-3-l3-infrastructure-domains/execution.log.md::Phase 3: L3 Infrastructure Domains — Execution Log ms=24 left=29662
2026-08-28T10:58:39.240126Z  INFO fs3_daemon::runner: batch kind="embed" subject=1 x raw jobs=1 ms=0
2026-08-28T10:58:39.262351Z  INFO fs3_daemon::runner: done kind="embed" id=672984 left=29661
2026-08-28T10:58:39.330302Z  INFO fs3_daemon::watch: re-listed a changed directory directory=/Users/jordanknight/substrate/flowspace/fs3-worktree-diff/docs/plans/006-worktree-diff/assets/probes/out/run-20260828T105601Z events=36 enqueued=1 settled=Quiet
2026-08-28T10:58:39.377207Z  INFO fs3_daemon::runner: done kind=summarize subject=docs/plans/063-c4-models/tasks/phase-2-l1-system-context-and-l2-containers/tasks.md::Phase 2: L1 System Context & L2 Containers — Tasks::Directory Layout ms=16 left=29661
2026-08-28T10:58:39.392465Z  INFO fs3_daemon::runner: batch kind="embed" subject=1 x smart jobs=1 ms=1
2026-08-28T10:58:39.411061Z  INFO fs3_daemon::runner: done kind="embed" id=672985 left=29660
2026-08-28T10:58:39.549262Z  INFO fs3_daemon::runner: done kind=summarize subject=docs/plans/063-c4-models/tasks/phase-2-l1-system-context-and-l2-containers/tasks.md::Phase 2: L1 System Context & L2 Containers — Tasks::Context Brief ms=39 left=29660
2026-08-28T10:58:39.557472Z  INFO fs3_daemon::runner: batch kind="embed" subject=1 x smart jobs=1 ms=4
2026-08-28T10:58:39.585322Z  INFO fs3_daemon::runner: done kind="embed" id=672986 left=29659
2026-08-28T10:58:39.741421Z  INFO fs3_daemon::runner: batch kind="embed" subject=1 x smart jobs=1 ms=0
2026-08-28T10:58:39.746693Z  INFO fs3_daemon::runner: done kind=summarize subject=docs/plans/063-c4-models/tasks/phase-2-l1-system-context-and-l2-containers/tasks.md::Phase 2: L1 System Context & L2 Containers — Tasks::Tasks ms=48 left=29659
2026-08-28T10:58:39.776900Z  INFO fs3_daemon::runner: done kind="embed" id=672987 left=29658
2026-08-28T10:58:39.928053Z  INFO fs3_daemon::runner: done kind=summarize subject=docs/plans/063-c4-models/tasks/phase-2-l1-system-context-and-l2-containers/tasks.md::Phase 2: L1 System Context & L2 Containers — Tasks::Architecture Map ms=35 left=29658
2026-08-28T10:58:39.932176Z  INFO fs3_daemon::runner: batch kind="embed" subject=1 x smart jobs=1 ms=4
2026-08-28T10:58:39.960394Z  INFO fs3_daemon::runner: done kind="embed" id=672988 left=29657
2026-08-28T10:58:40.117016Z  INFO fs3_daemon::runner: done kind=summarize subject=docs/plans/063-c4-models/tasks/phase-2-l1-system-context-and-l2-containers/tasks.md::Phase 2: L1 System Context & L2 Containers — Tasks::Pre-Implementation Check ms=36 left=29657
2026-08-28T10:58:40.129506Z  INFO fs3_daemon::runner: batch kind="embed" subject=1 x smart jobs=1 ms=3
2026-08-28T10:58:40.157493Z  INFO fs3_daemon::runner: done kind="embed" id=672989 left=29656
2026-08-28T10:58:40.311148Z  INFO fs3_daemon::runner: done kind=summarize subject=docs/plans/063-c4-models/tasks/phase-2-l1-system-context-and-l2-containers/tasks.md::Phase 2: L1 System Context & L2 Containers — Tasks::Prior Phase Context::Phase 1: Foundation & Design Principles (Complete) ms=39 left=29656
2026-08-28T10:58:40.316982Z  INFO fs3_daemon::runner: batch kind="embed" subject=1 x smart jobs=1 ms=5
2026-08-28T10:58:40.364060Z  INFO fs3_daemon::runner: done kind="embed" id=672990 left=29655
2026-08-28T10:58:40.540156Z  INFO fs3_daemon::runner: done kind=summarize subject=docs/plans/063-c4-models/tasks/phase-2-l1-system-context-and-l2-containers/tasks.md::Phase 2: L1 System Context & L2 Containers — Tasks::Prior Phase Context ms=42 left=29655
2026-08-28T10:58:40.542210Z  INFO fs3_daemon::runner: batch kind="embed" subject=1 x smart jobs=1 ms=0
2026-08-28T10:58:40.576259Z  INFO fs3_daemon::runner: done kind="embed" id=672991 left=29654
2026-08-28T10:58:40.722972Z  INFO fs3_daemon::runner: batch kind="embed" subject=1 x smart jobs=1 ms=1
2026-08-28T10:58:40.726976Z  INFO fs3_daemon::runner: done kind=summarize subject=docs/plans/063-c4-models/tasks/phase-2-l1-system-context-and-l2-containers/tasks.md::Phase 2: L1 System Context & L2 Containers — Tasks::Executive Briefing ms=43 left=29654
2026-08-28T10:58:40.750167Z  INFO fs3_daemon::runner: done kind="embed" id=672992 left=29653
2026-08-28T10:58:40.900956Z  INFO fs3_daemon::runner: done kind=summarize subject=docs/plans/063-c4-models/tasks/phase-2-l1-system-context-and-l2-containers/tasks.md::Phase 2: L1 System Context & L2 Containers — Tasks ms=47 left=29653
2026-08-28T10:58:40.905832Z  INFO fs3_daemon::runner: batch kind="embed" subject=1 x smart jobs=1 ms=5
2026-08-28T10:58:40.938008Z  INFO fs3_daemon::runner: done kind="embed" id=672993 left=29652
2026-08-28T10:58:41.108290Z  INFO fs3_daemon::runner: batch kind="embed" subject=1 x smart jobs=1 ms=1
2026-08-28T10:58:41.114003Z  INFO fs3_daemon::runner: done kind=summarize subject=docs/plans/063-c4-models/tasks/phase-2-l1-system-context-and-l2-containers/tasks.fltplan.md::Flight Plan: Phase 2 — L1 System Context & L2 Containers::Architecture: Before & After ms=50 left=29652
2026-08-28T10:58:41.128349Z  INFO fs3_daemon::runner: done kind="embed" id=672994 left=29651
2026-08-28T10:58:41.255030Z  INFO fs3_daemon::runner: done kind=summarize subject=docs/plans/063-c4-models/tasks/phase-2-l1-system-context-and-l2-containers/tasks.fltplan.md::Flight Plan: Phase 2 — L1 System Context & L2 Containers::Stages ms=29 left=29651
2026-08-28T10:58:41.258452Z  INFO fs3_daemon::runner: batch kind="embed" subject=1 x smart jobs=1 ms=1
2026-08-28T10:58:41.281497Z  INFO fs3_daemon::runner: done kind="embed" id=672995 left=29650
2026-08-28T10:58:41.406641Z  INFO fs3_daemon::runner: done kind=summarize subject=docs/plans/063-c4-models/tasks/phase-2-l1-system-context-and-l2-containers/tasks.fltplan.md::Flight Plan: Phase 2 — L1 System Context & L2 Containers::Flight Status ms=20 left=29650
2026-08-28T10:58:41.416688Z  INFO fs3_daemon::runner: batch kind="embed" subject=1 x smart jobs=1 ms=0
2026-08-28T10:58:41.438216Z  INFO fs3_daemon::runner: done kind="embed" id=672996 left=29649
2026-08-28T10:58:41.578702Z  INFO fs3_daemon::runner: done kind=summarize subject=docs/plans/063-c4-models/tasks/phase-2-l1-system-context-and-l2-containers/tasks.fltplan.md::Flight Plan: Phase 2 — L1 System Context & L2 Containers::Domain Context::Domains We Depend On (no changes) ms=25 left=29649
2026-08-28T10:58:41.594258Z  INFO fs3_daemon::runner: batch kind="embed" subject=1 x smart jobs=1 ms=1
2026-08-28T10:58:41.614083Z  INFO fs3_daemon::runner: done kind="embed" id=672997 left=29648
2026-08-28T10:58:41.747509Z  INFO fs3_daemon::runner: done kind=summarize subject=docs/plans/063-c4-models/tasks/phase-2-l1-system-context-and-l2-containers/tasks.fltplan.md::Flight Plan: Phase 2 — L1 System Context & L2 Containers::Domain Context ms=27 left=29648
2026-08-28T10:58:41.753702Z  INFO fs3_daemon::runner: batch kind="embed" subject=1 x smart jobs=1 ms=1
2026-08-28T10:58:41.775312Z  INFO fs3_daemon::runner: done kind="embed" id=672998 left=29647
2026-08-28T10:58:41.904090Z  INFO fs3_daemon::runner: done kind=summarize subject=docs/plans/063-c4-models/tasks/phase-2-l1-system-context-and-l2-containers/tasks.fltplan.md::Flight Plan: Phase 2 — L1 System Context & L2 Containers ms=25 left=29647
2026-08-28T10:58:41.904646Z  INFO fs3_daemon::runner: batch kind="embed" subject=1 x smart jobs=1 ms=0
2026-08-28T10:58:41.922660Z  INFO fs3_daemon::runner: done kind="embed" id=672999 left=29646
2026-08-28T10:58:42.043449Z  INFO fs3_daemon::runner: done kind=summarize subject=docs/plans/063-c4-models/tasks/phase-2-l1-system-context-and-l2-containers/execution.log.md::Phase 2: L1 System Context & L2 Containers — Execution Log::Acceptance Criteria Verification ms=23 left=29646
2026-08-28T10:58:42.048171Z  INFO fs3_daemon::runner: batch kind="embed" subject=1 x smart jobs=1 ms=0
2026-08-28T10:58:42.070260Z  INFO fs3_daemon::runner: done kind="embed" id=673000 left=29645
2026-08-28T10:58:42.178519Z  INFO fs3_daemon::runner: done kind=summarize subject=docs/plans/063-c4-models/tasks/phase-2-l1-system-context-and-l2-containers/execution.log.md::Phase 2: L1 System Context & L2 Containers — Execution Log ms=18 left=29645
2026-08-28T10:58:42.190467Z  INFO fs3_daemon::runner: batch kind="embed" subject=1 x smart jobs=1 ms=0
2026-08-28T10:58:42.206956Z  INFO fs3_daemon::runner: done kind="embed" id=673001 left=29644
2026-08-28T10:58:42.316151Z  INFO fs3_daemon::runner: batch kind="embed" subject=1 x smart jobs=1 ms=0
2026-08-28T10:58:42.319213Z  INFO fs3_daemon::runner: done kind=summarize subject=docs/plans/063-c4-models/tasks/phase-1-foundation-and-design-principles/tasks.md::Phase 1: Foundation & Design Principles — Tasks::Directory Layout ms=30 left=29644
2026-08-28T10:58:42.327703Z  INFO fs3_daemon::runner: done kind="embed" id=673002 left=29643
2026-08-28T10:58:42.449765Z  INFO fs3_daemon::runner: done kind=summarize subject=docs/plans/063-c4-models/tasks/phase-1-foundation-and-design-principles/tasks.md::Phase 1: Foundation & Design Principles — Tasks::Context Brief ms=29 left=29643
2026-08-28T10:58:42.450821Z  INFO fs3_daemon::runner: batch kind="embed" subject=1 x smart jobs=1 ms=0
2026-08-28T10:58:42.479228Z  INFO fs3_daemon::runner: done kind="embed" id=673003 left=29642
2026-08-28T10:58:42.604930Z  INFO fs3_daemon::runner: done kind=summarize subject=docs/plans/063-c4-models/tasks/phase-1-foundation-and-design-principles/tasks.md::Phase 1: Foundation & Design Principles — Tasks::Tasks ms=23 left=29642
2026-08-28T10:58:42.609583Z  INFO fs3_daemon::runner: batch kind="embed" subject=1 x smart jobs=1 ms=0
2026-08-28T10:58:42.628621Z  INFO fs3_daemon::runner: done kind="embed" id=673004 left=29641
2026-08-28T10:58:42.749522Z  INFO fs3_daemon::runner: done kind=summarize subject=docs/plans/063-c4-models/tasks/phase-1-foundation-and-design-principles/tasks.md::Phase 1: Foundation & Design Principles — Tasks::Architecture Map ms=36 left=29641
2026-08-28T10:58:42.752576Z  INFO fs3_daemon::runner: batch kind="embed" subject=1 x smart jobs=1 ms=0
2026-08-28T10:58:42.782885Z  INFO fs3_daemon::runner: done kind="embed" id=673005 left=29640
2026-08-28T10:58:42.907564Z  INFO fs3_daemon::runner: done kind=summarize subject=docs/plans/063-c4-models/tasks/phase-1-foundation-and-design-principles/tasks.md::Phase 1: Foundation & Design Principles — Tasks::Pre-Implementation Check ms=22 left=29640
2026-08-28T10:58:42.920569Z  INFO fs3_daemon::runner: batch kind="embed" subject=1 x smart jobs=1 ms=0
2026-08-28T10:58:42.934469Z  INFO fs3_daemon::runner: done kind="embed" id=673006 left=29639
2026-08-28T10:58:43.055088Z  INFO fs3_daemon::runner: done kind=summarize subject=docs/plans/063-c4-models/tasks/phase-1-foundation-and-design-principles/tasks.md::Phase 1: Foundation & Design Principles — Tasks::Executive Briefing ms=22 left=29639
2026-08-28T10:58:43.062244Z  INFO fs3_daemon::runner: batch kind="embed" subject=1 x smart jobs=1 ms=1
2026-08-28T10:58:43.089235Z  INFO fs3_daemon::runner: done kind="embed" id=673007 left=29638
2026-08-28T10:58:43.220976Z  INFO fs3_daemon::runner: done kind=summarize subject=docs/plans/063-c4-models/tasks/phase-1-foundation-and-design-principles/tasks.md::Phase 1: Foundation & Design Principles — Tasks ms=21 left=29638
2026-08-28T10:58:43.230787Z  INFO fs3_daemon::runner: batch kind="embed" subject=1 x smart jobs=1 ms=1
2026-08-28T10:58:43.255016Z  INFO fs3_daemon::runner: done kind="embed" id=673008 left=29637
2026-08-28T10:58:43.380730Z  INFO fs3_daemon::runner: done kind=summarize subject=docs/plans/063-c4-models/tasks/phase-1-foundation-and-design-principles/tasks.fltplan.md::Flight Plan: Phase 1 — Foundation & Design Principles::Architecture: Before & After ms=24 left=29637
2026-08-28T10:58:43.389973Z  INFO fs3_daemon::runner: batch kind="embed" subject=1 x smart jobs=1 ms=1
2026-08-28T10:58:43.417005Z  INFO fs3_daemon::runner: done kind="embed" id=673009 left=29636
2026-08-28T10:58:43.536921Z  INFO fs3_daemon::runner: done kind=summarize subject=docs/plans/063-c4-models/tasks/phase-1-foundation-and-design-principles/tasks.fltplan.md::Flight Plan: Phase 1 — Foundation & Design Principles::Stages ms=18 left=29636
2026-08-28T10:58:43.545121Z  INFO fs3_daemon::runner: batch kind="embed" subject=1 x smart jobs=1 ms=1
2026-08-28T10:58:43.565681Z  INFO fs3_daemon::runner: done kind="embed" id=673010 left=29635
2026-08-28T10:58:43.682837Z  INFO fs3_daemon::runner: done kind=summarize subject=docs/plans/063-c4-models/tasks/phase-1-foundation-and-design-principles/tasks.fltplan.md::Flight Plan: Phase 1 — Foundation & Design Principles::Flight Status ms=26 left=29635
2026-08-28T10:58:43.731873Z  INFO fs3_daemon::runner: progress phase="working" scanned=62552 scan_left=33 summarized=128547 summarize_left=29601 embedded=208259 embed_left=1 failed=0
2026-08-28T10:58:43.761959Z  INFO fs3_daemon::runner: batch kind="embed" subject=2 x smart jobs=2 ms=0
2026-08-28T10:58:43.776308Z  INFO fs3_daemon::runner: done kind="embed" id=673011 left=29634
2026-08-28T10:58:43.860881Z  INFO fs3_daemon::runner: done kind="embed" id=673012 left=29633
2026-08-28T10:58:43.979681Z  INFO fs3_daemon::runner: done kind=summarize subject=docs/plans/063-c4-models/tasks/phase-1-foundation-and-design-principles/tasks.fltplan.md::Flight Plan: Phase 1 — Foundation & Design Principles::Domain Context ms=28 left=29633
2026-08-28T10:58:44.009983Z  INFO fs3_daemon::runner: done kind=summarize subject=docs/plans/063-c4-models/tasks/phase-1-foundation-and-design-principles/tasks.fltplan.md::Flight Plan: Phase 1 — Foundation & Design Principles ms=27 left=29633
2026-08-28T10:58:44.013741Z  INFO fs3_daemon::runner: batch kind="embed" subject=1 x smart jobs=1 ms=3
2026-08-28T10:58:44.038632Z  INFO fs3_daemon::runner: done kind="embed" id=673013 left=29632
2026-08-28T10:58:44.157631Z  INFO fs3_daemon::runner: done kind=summarize subject=docs/plans/063-c4-models/tasks/phase-1-foundation-and-design-principles/execution.log.md::Phase 1: Foundation & Design Principles — Execution Log::Acceptance Criteria Verification ms=30 left=29632
2026-08-28T10:58:44.160526Z  INFO fs3_daemon::runner: batch kind="embed" subject=1 x smart jobs=1 ms=2
2026-08-28T10:58:44.177467Z  INFO fs3_daemon::runner: done kind="embed" id=673014 left=29631
2026-08-28T10:58:44.289629Z  INFO fs3_daemon::runner: done kind=summarize subject=docs/plans/063-c4-models/tasks/phase-1-foundation-and-design-principles/execution.log.md::Phase 1: Foundation & Design Principles — Execution Log::T002: Create `docs/c4/README.md` navigation hub ms=21 left=29631
2026-08-28T10:58:44.300687Z  INFO fs3_daemon::runner: batch kind="embed" subject=1 x smart jobs=1 ms=1
2026-08-28T10:58:44.318470Z  INFO fs3_daemon::runner: done kind="embed" id=673015 left=29630
2026-08-28T10:58:44.420280Z  INFO fs3_daemon::runner: done kind=summarize subject=docs/plans/063-c4-models/tasks/phase-1-foundation-and-design-principles/execution.log.md::Phase 1: Foundation & Design Principles — Execution Log::T001: Create `.github/instructions/c4-authoring.instructions.md` ms=18 left=29630
2026-08-28T10:58:44.432308Z  INFO fs3_daemon::runner: batch kind="embed" subject=1 x smart jobs=1 ms=3
2026-08-28T10:58:44.458845Z  INFO fs3_daemon::runner: done kind="embed" id=673016 left=29629
2026-08-28T10:58:44.588130Z  INFO fs3_daemon::runner: done kind=summarize subject=docs/plans/063-c4-models/tasks/phase-1-foundation-and-design-principles/execution.log.md::Phase 1: Foundation & Design Principles — Execution Log ms=43 left=29629
2026-08-28T10:58:44.592129Z  INFO fs3_daemon::runner: batch kind="embed" subject=1 x smart jobs=1 ms=0
2026-08-28T10:58:44.617185Z  INFO fs3_daemon::runner: done kind="embed" id=673017 left=29628
2026-08-28T10:58:44.749048Z  INFO fs3_daemon::runner: batch kind="embed" subject=1 x smart jobs=1 ms=0
2026-08-28T10:58:44.756970Z  INFO fs3_daemon::runner: done kind=summarize subject=docs/plans/063-c4-models/research-dossier.md::Research Report: C4 Diagram First-Class Support::Next Steps ms=31 left=29628
2026-08-28T10:58:44.763001Z  INFO fs3_daemon::runner: done kind="embed" id=673018 left=29627
2026-08-28T10:58:44.888035Z  INFO fs3_daemon::runner: done kind=summarize subject=docs/plans/063-c4-models/research-dossier.md::Research Report: C4 Diagram First-Class Support::Recommendations ms=23 left=29627
2026-08-28T10:58:44.888721Z  INFO fs3_daemon::runner: batch kind="embed" subject=1 x smart jobs=1 ms=0
2026-08-28T10:58:44.902364Z  INFO fs3_daemon::runner: done kind="embed" id=673019 left=29626
2026-08-28T10:58:45.017998Z  INFO fs3_daemon::runner: done kind=summarize subject=docs/plans/063-c4-models/reviews/review.phase-4-l3-business-domains-and-navigation.md::Code Review: Phase 4: L3 Business Domains & Navigation Polish::H) Handover Brief::Required Fixes (if REQUEST_CHANGES) ms=20 left=29626
2026-08-28T10:58:45.022680Z  INFO fs3_daemon::runner: batch kind="embed" subject=1 x smart jobs=1 ms=2
2026-08-28T10:58:45.035038Z  INFO fs3_daemon::runner: done kind="embed" id=673020 left=29625
2026-08-28T10:58:45.148602Z  INFO fs3_daemon::runner: done kind=summarize subject=docs/plans/063-c4-models/research-dossier.md::Research Report: C4 Diagram First-Class Support::Appendix: File Inventory::Domain Files ms=19 left=29625
2026-08-28T10:58:45.156549Z  INFO fs3_daemon::runner: batch kind="embed" subject=1 x smart jobs=1 ms=1
2026-08-28T10:58:45.173363Z  INFO fs3_daemon::runner: done kind="embed" id=673021 left=29624
2026-08-28T10:58:45.279122Z  INFO fs3_daemon::runner: done kind=summarize subject=docs/plans/063-c4-models/reviews/review.phase-4-l3-business-domains-and-navigation.md::Code Review: Phase 4: L3 Business Domains & Navigation Polish::H) Handover Brief::Files Reviewed ms=17 left=29624
2026-08-28T10:58:45.293405Z  INFO fs3_daemon::runner: batch kind="embed" subject=1 x smart jobs=1 ms=0
2026-08-28T10:58:45.310956Z  INFO fs3_daemon::runner: done kind="embed" id=673022 left=29623
2026-08-28T10:58:45.401400Z  INFO fs3_daemon::runner: done kind=summarize subject=docs/plans/063-c4-models/research-dossier.md::Research Report: C4 Diagram First-Class Support::Appendix: File Inventory::Core Rendering Files ms=18 left=29623
2026-08-28T10:58:45.406844Z  INFO fs3_daemon::runner: batch kind="embed" subject=1 x smart jobs=1 ms=1
2026-08-28T10:58:45.424085Z  INFO fs3_daemon::runner: done kind="embed" id=673023 left=29622
2026-08-28T10:58:45.555359Z  INFO fs3_daemon::runner: done kind=summarize subject=docs/plans/063-c4-models/reviews/review.phase-4-l3-business-domains-and-navigation.md::Code Review: Phase 4: L3 Business Domains & Navigation Polish::H) Handover Brief ms=21 left=29622
2026-08-28T10:58:45.568535Z  INFO fs3_daemon::runner: batch kind="embed" subject=1 x smart jobs=1 ms=0
2026-08-28T10:58:45.587787Z  INFO fs3_daemon::runner: done kind="embed" id=673024 left=29621
2026-08-28T10:58:45.738977Z  INFO fs3_daemon::runner: done kind=summarize subject=docs/plans/063-c4-models/research-dossier.md::Research Report: C4 Diagram First-Class Support::Appendix: File Inventory ms=22 left=29621
2026-08-28T10:58:45.743660Z  INFO fs3_daemon::runner: batch kind="embed" subject=1 x smart jobs=1 ms=1
2026-08-28T10:58:45.762965Z  INFO fs3_daemon::runner: done kind="embed" id=673025 left=29620
2026-08-28T10:58:45.888555Z  INFO fs3_daemon::runner: batch kind="embed" subject=1 x smart jobs=1 ms=2
2026-08-28T10:58:45.898746Z  INFO fs3_daemon::runner: done kind=summarize subject=docs/plans/063-c4-models/reviews/review.phase-4-l3-business-domains-and-navigation.md::Code Review: Phase 4: L3 Business Domains & Navigation Polish::G) Commands Executed ms=43 left=29620
2026-08-28T10:58:45.907616Z  INFO fs3_daemon::runner: done kind="embed" id=673026 left=29619
2026-08-28T10:58:46.013177Z  INFO fs3_daemon::runner: done kind=summarize subject=docs/plans/063-c4-models/research-dossier.md::Research Report: C4 Diagram First-Class Support::External Research Opportunities::Research Opportunity 3: .instruction.md Pattern Design ms=18 left=29619
2026-08-28T10:58:46.024655Z  INFO fs3_daemon::runner: batch kind="embed" subject=1 x smart jobs=1 ms=1
2026-08-28T10:58:46.041100Z  INFO fs3_daemon::runner: done kind="embed" id=673027 left=29618
2026-08-28T10:58:46.161007Z  INFO fs3_daemon::runner: done kind=summarize subject=docs/plans/063-c4-models/reviews/review.phase-4-l3-business-domains-and-navigation.md::Code Review: Phase 4: L3 Business Domains & Navigation Polish::F) Coverage Map ms=21 left=29618
2026-08-28T10:58:46.170891Z  INFO fs3_daemon::runner: batch kind="embed" subject=1 x smart jobs=1 ms=0
2026-08-28T10:58:46.188314Z  INFO fs3_daemon::runner: done kind="embed" id=673028 left=29617
2026-08-28T10:58:46.310132Z  INFO fs3_daemon::runner: done kind=summarize subject=docs/plans/063-c4-models/research-dossier.md::Research Report: C4 Diagram First-Class Support::External Research Opportunities::Research Opportunity 2: C4 Syntax Highlighting in Shiki ms=24 left=29617
2026-08-28T10:58:46.319038Z  INFO fs3_daemon::runner: batch kind="embed" subject=1 x smart jobs=1 ms=1
2026-08-28T10:58:46.338770Z  INFO fs3_daemon::runner: done kind="embed" id=673029 left=29616
2026-08-28T10:58:46.454897Z  INFO fs3_daemon::runner: done kind=summarize subject=docs/plans/063-c4-models/reviews/review.phase-4-l3-business-domains-and-navigation.md::Code Review: Phase 4: L3 Business Domains & Navigation Polish::E) Detailed Findings::E.4) Testing & Evidence ms=23 left=29616
2026-08-28T10:58:46.460431Z  INFO fs3_daemon::runner: batch kind="embed" subject=1 x smart jobs=1 ms=0
2026-08-28T10:58:46.479073Z  INFO fs3_daemon::runner: done kind="embed" id=673030 left=29615
2026-08-28T10:58:46.585027Z  INFO fs3_daemon::runner: done kind=summarize subject=docs/plans/063-c4-models/research-dossier.md::Research Report: C4 Diagram First-Class Support::External Research Opportunities::Research Opportunity 1: LikeC4 Integration Feasibility ms=18 left=29615
2026-08-28T10:58:46.605843Z  INFO fs3_daemon::runner: batch kind="embed" subject=1 x smart jobs=1 ms=0
2026-08-28T10:58:46.631887Z  INFO fs3_daemon::runner: done kind="embed" id=673031 left=29614
2026-08-28T10:58:46.756229Z  INFO fs3_daemon::runner: done kind=summarize subject=docs/plans/063-c4-models/reviews/review.phase-4-l3-business-domains-and-navigation.md::Code Review: Phase 4: L3 Business Domains & Navigation Polish::E) Detailed Findings::E.2) Domain Compliance ms=19 left=29614
2026-08-28T10:58:46.762794Z  INFO fs3_daemon::runner: batch kind="embed" subject=1 x smart jobs=1 ms=1
2026-08-28T10:58:46.785807Z  INFO fs3_daemon::runner: done kind="embed" id=673032 left=29613
2026-08-28T10:58:46.907979Z  INFO fs3_daemon::runner: done kind=summarize subject=docs/plans/063-c4-models/research-dossier.md::Research Report: C4 Diagram First-Class Support::External Research Opportunities ms=18 left=29613
2026-08-28T10:58:46.916659Z  INFO fs3_daemon::runner: batch kind="embed" subject=1 x smart jobs=1 ms=0
2026-08-28T10:58:46.937938Z  INFO fs3_daemon::runner: done kind="embed" id=673033 left=29612
2026-08-28T10:58:47.065258Z  INFO fs3_daemon::runner: done kind=summarize subject=docs/plans/063-c4-models/reviews/review.phase-4-l3-business-domains-and-navigation.md::Code Review: Phase 4: L3 Business Domains & Navigation Polish::E) Detailed Findings ms=17 left=29612
2026-08-28T10:58:47.077797Z  INFO fs3_daemon::runner: batch kind="embed" subject=1 x smart jobs=1 ms=0
2026-08-28T10:58:47.093916Z  INFO fs3_daemon::runner: done kind="embed" id=673034 left=29611
2026-08-28T10:58:47.210712Z  INFO fs3_daemon::runner: batch kind="embed" subject=1 x smart jobs=1 ms=0
2026-08-28T10:58:47.219758Z  INFO fs3_daemon::runner: done kind=summarize subject=docs/plans/063-c4-models/research-dossier.md::Research Report: C4 Diagram First-Class Support::C4 Model Overview (From External Research)::C4 for Domain Decomposition ms=45 left=29611
2026-08-28T10:58:47.223497Z  INFO fs3_daemon::runner: done kind="embed" id=673035 left=29610
2026-08-28T10:58:47.330932Z  INFO fs3_daemon::runner: done kind=summarize subject=docs/plans/063-c4-models/reviews/review.phase-4-l3-business-domains-and-navigation.md::Code Review: Phase 4: L3 Business Domains & Navigation Polish::D) Findings Table ms=20 left=29610
2026-08-28T10:58:47.336010Z  INFO fs3_daemon::runner: batch kind="embed" subject=1 x smart jobs=1 ms=1
2026-08-28T10:58:47.359681Z  INFO fs3_daemon::runner: done kind="embed" id=673036 left=29609
2026-08-28T10:58:47.465518Z  INFO fs3_daemon::runner: done kind=summarize subject=docs/plans/063-c4-models/research-dossier.md::Research Report: C4 Diagram First-Class Support::C4 Model Overview (From External Research)::Interactive Zoom Approaches ms=24 left=29609
2026-08-28T10:58:47.466208Z  INFO fs3_daemon::runner: batch kind="embed" subject=1 x smart jobs=1 ms=0
2026-08-28T10:58:47.499241Z  INFO fs3_daemon::runner: done kind="embed" id=673037 left=29608
2026-08-28T10:58:47.655054Z  INFO fs3_daemon::runner: done kind=summarize subject=docs/plans/063-c4-models/reviews/review.phase-4-l3-business-domains-and-navigation.md::Code Review: Phase 4: L3 Business Domains & Navigation Polish::C) Checklist ms=52 left=29608
2026-08-28T10:58:47.670879Z  INFO fs3_daemon::runner: batch kind="embed" subject=1 x smart jobs=1 ms=3
2026-08-28T10:58:47.710421Z  INFO fs3_daemon::runner: done kind="embed" id=673038 left=29607
2026-08-28T10:58:47.845676Z  INFO fs3_daemon::runner: batch kind="embed" subject=1 x smart jobs=1 ms=0
2026-08-28T10:58:47.849525Z  INFO fs3_daemon::runner: done kind=summarize subject=docs/plans/063-c4-models/research-dossier.md::Research Report: C4 Diagram First-Class Support::C4 Model Overview (From External Research)::Best Practice File Layout for Multi-Layer C4 ms=38 left=29607
2026-08-28T10:58:47.870444Z  INFO fs3_daemon::runner: done kind="embed" id=673039 left=29606
2026-08-28T10:58:47.979617Z  INFO fs3_daemon::runner: done kind=summarize subject=docs/plans/063-c4-models/reviews/review.phase-4-l3-business-domains-and-navigation.md::Code Review: Phase 4: L3 Business Domains & Navigation Polish::A) Verdict ms=30 left=29606
2026-08-28T10:58:47.982165Z  INFO fs3_daemon::runner: batch kind="embed" subject=1 x smart jobs=1 ms=0
2026-08-28T10:58:48.001611Z  INFO fs3_daemon::runner: done kind="embed" id=673040 left=29605
2026-08-28T10:58:48.107915Z  INFO fs3_daemon::runner: done kind=summarize subject=docs/plans/063-c4-models/research-dossier.md::Research Report: C4 Diagram First-Class Support::C4 Model Overview (From External Research)::Structurizr DSL vs Mermaid C4 ms=27 left=29605
2026-08-28T10:58:48.113911Z  INFO fs3_daemon::runner: batch kind="embed" subject=1 x smart jobs=1 ms=3
2026-08-28T10:58:48.141703Z  INFO fs3_daemon::runner: done kind="embed" id=673041 left=29604
2026-08-28T10:58:48.252912Z  INFO fs3_daemon::runner: done kind=summarize subject=docs/plans/063-c4-models/reviews/review.phase-4-l3-business-domains-and-navigation.md::Code Review: Phase 4: L3 Business Domains & Navigation Polish ms=31 left=29604
2026-08-28T10:58:48.255779Z  INFO fs3_daemon::runner: batch kind="embed" subject=1 x smart jobs=1 ms=0
2026-08-28T10:58:48.280252Z  INFO fs3_daemon::runner: done kind="embed" id=673042 left=29603
2026-08-28T10:58:48.391615Z  INFO fs3_daemon::runner: done kind=summarize subject=docs/plans/063-c4-models/research-dossier.md::Research Report: C4 Diagram First-Class Support::C4 Model Overview (From External Research)::Mermaid C4 Syntax (Native Support) ms=30 left=29603
2026-08-28T10:58:48.395075Z  INFO fs3_daemon::runner: batch kind="embed" subject=1 x smart jobs=1 ms=0
2026-08-28T10:58:48.416144Z  INFO fs3_daemon::runner: done kind="embed" id=673043 left=29602
2026-08-28T10:58:48.537079Z  INFO fs3_daemon::runner: done kind=summarize subject=docs/plans/063-c4-models/research-dossier.md::Research Report: C4 Diagram First-Class Support::C4 Model Overview (From External Research) ms=38 left=29602
2026-08-28T10:58:48.542064Z  INFO fs3_daemon::runner: batch kind="embed" subject=1 x smart jobs=1 ms=0
2026-08-28T10:58:48.570808Z  INFO fs3_daemon::runner: done kind="embed" id=673044 left=29601
2026-08-28T10:58:48.680455Z  INFO fs3_daemon::runner: done kind=summarize subject=docs/plans/063-c4-models/research-dossier.md::Research Report: C4 Diagram First-Class Support::Critical Discoveries ms=28 left=29601
2026-08-28T10:58:48.685432Z  INFO fs3_daemon::runner: batch kind="embed" subject=1 x smart jobs=1 ms=0
2026-08-28T10:58:48.708318Z  INFO fs3_daemon::runner: done kind="embed" id=673045 left=29600
2026-08-28T10:58:48.827843Z  INFO fs3_daemon::runner: done kind=summarize subject=docs/plans/063-c4-models/reviews/fix-tasks.phase-4-l3-business-domains-and-navigation.md::Fix Tasks: Phase 4: L3 Business Domains & Navigation Polish::Medium / Low Fixes::FT-006: Improve manual evidence specificity for AC-06 ms=36 left=29600
2026-08-28T10:58:48.862392Z  INFO fs3_daemon::runner: progress phase="working" scanned=62552 scan_left=33 summarized=128582 summarize_left=29566 embedded=208294 embed_left=1 failed=0
2026-08-28T10:58:48.887224Z  INFO fs3_daemon::runner: batch kind="embed" subject=2 x smart jobs=2 ms=0
2026-08-28T10:58:48.911298Z  INFO fs3_daemon::runner: done kind="embed" id=673046 left=29599
2026-08-28T10:58:48.999591Z  INFO fs3_daemon::runner: done kind="embed" id=673047 left=29598
2026-08-28T10:58:49.090979Z  INFO fs3_daemon::runner: done kind=summarize subject=docs/plans/063-c4-models/research-dossier.md::Research Report: C4 Diagram First-Class Support::Domain Context::Existing Domains Relevant to C4 ms=21 left=29598
2026-08-28T10:58:49.119508Z  INFO fs3_daemon::runner: done kind=summarize subject=docs/plans/063-c4-models/reviews/fix-tasks.phase-4-l3-business-domains-and-navigation.md::Fix Tasks: Phase 4: L3 Business Domains & Navigation Polish::Medium / Low Fixes::FT-005: Sync workflow-ui dependency table with domain map ms=18 left=29598
2026-08-28T10:58:49.123956Z  INFO fs3_daemon::runner: batch kind="embed" subject=1 x smart jobs=1 ms=3
2026-08-28T10:58:49.142890Z  INFO fs3_daemon::runner: done kind="embed" id=673048 left=29597
2026-08-28T10:58:49.234442Z  INFO fs3_daemon::runner: done kind=summarize subject=docs/plans/063-c4-models/research-dossier.md::Research Report: C4 Diagram First-Class Support::Domain Context ms=15 left=29597
2026-08-28T10:58:49.238120Z  INFO fs3_daemon::runner: batch kind="embed" subject=1 x smart jobs=1 ms=1
2026-08-28T10:58:49.258445Z  INFO fs3_daemon::runner: done kind="embed" id=673049 left=29596
2026-08-28T10:58:49.345728Z  INFO fs3_daemon::runner: done kind=summarize subject=docs/plans/063-c4-models/reviews/fix-tasks.phase-4-l3-business-domains-and-navigation.md::Fix Tasks: Phase 4: L3 Business Domains & Navigation Polish::Medium / Low Fixes::FT-004: Reconcile viewer contract naming in workunit-editor external dependencies ms=15 left=29596
2026-08-28T10:58:49.351729Z  INFO fs3_daemon::runner: batch kind="embed" subject=1 x smart jobs=1 ms=0
2026-08-28T10:58:49.366210Z  INFO fs3_daemon::runner: done kind="embed" id=673050 left=29595
2026-08-28T10:58:49.453216Z  INFO fs3_daemon::runner: done kind=summarize subject=docs/plans/063-c4-models/research-dossier.md::Research Report: C4 Diagram First-Class Support::Prior Learnings (From Previous Implementations)::Prior Learnings Summary ms=14 left=29595
2026-08-28T10:58:49.460830Z  INFO fs3_daemon::runner: batch kind="embed" subject=1 x smart jobs=1 ms=0
2026-08-28T10:58:49.473596Z  INFO fs3_daemon::runner: done kind="embed" id=673051 left=29594
2026-08-28T10:58:49.566560Z  INFO fs3_daemon::runner: done kind=summarize subject=docs/plans/063-c4-models/reviews/fix-tasks.phase-4-l3-business-domains-and-navigation.md::Fix Tasks: Phase 4: L3 Business Domains & Navigation Polish::Medium / Low Fixes ms=14 left=29594
2026-08-28T10:58:49.573399Z  INFO fs3_daemon::runner: batch kind="embed" subject=1 x smart jobs=1 ms=0
2026-08-28T10:58:49.589167Z  INFO fs3_daemon::runner: done kind="embed" id=673052 left=29593
2026-08-28T10:58:49.676140Z  INFO fs3_daemon::runner: done kind=summarize subject=docs/plans/063-c4-models/reviews/fix-tasks.phase-4-l3-business-domains-and-navigation.md::Fix Tasks: Phase 4: L3 Business Domains & Navigation Polish::Critical / High Fixes::FT-003: Fix broken domain/registry links in `workunit-editor.md` ms=15 left=29593
2026-08-28T10:58:49.682393Z  INFO fs3_daemon::runner: batch kind="embed" subject=1 x smart jobs=1 ms=1
2026-08-28T10:58:49.695129Z  INFO fs3_daemon::runner: done kind="embed" id=673053 left=29592
2026-08-28T10:58:49.798298Z  INFO fs3_daemon::runner: done kind=summarize subject=docs/plans/063-c4-models/research-dossier.md::Research Report: C4 Diagram First-Class Support::Prior Learnings (From Previous Implementations) ms=20 left=29592
2026-08-28T10:58:49.803324Z  INFO fs3_daemon::runner: batch kind="embed" subject=1 x smart jobs=1 ms=1
2026-08-28T10:58:49.815030Z  INFO fs3_daemon::runner: done kind="embed" id=673054 left=29591
2026-08-28T10:58:49.905306Z  INFO fs3_daemon::runner: done kind=summarize subject=docs/plans/063-c4-models/reviews/fix-tasks.phase-4-l3-business-domains-and-navigation.md::Fix Tasks: Phase 4: L3 Business Domains & Navigation Polish::Critical / High Fixes::FT-002: Fix broken domain/registry links in `workflow-ui.md` ms=17 left=29591
2026-08-28T10:58:49.915742Z  INFO fs3_daemon::runner: batch kind="embed" subject=1 x smart jobs=1 ms=1
2026-08-28T10:58:49.931402Z  INFO fs3_daemon::runner: done kind="embed" id=673055 left=29590
2026-08-28T10:58:50.036752Z  INFO fs3_daemon::runner: done kind=summarize subject=docs/plans/063-c4-models/research-dossier.md::Research Report: C4 Diagram First-Class Support::Modification Considerations ms=20 left=29590
2026-08-28T10:58:50.041181Z  INFO fs3_daemon::runner: batch kind="embed" subject=1 x smart jobs=1 ms=0
2026-08-28T10:58:50.057064Z  INFO fs3_daemon::runner: done kind="embed" id=673056 left=29589
2026-08-28T10:58:50.142354Z  INFO fs3_daemon::runner: done kind=summarize subject=docs/plans/063-c4-models/reviews/fix-tasks.phase-4-l3-business-domains-and-navigation.md::Fix Tasks: Phase 4: L3 Business Domains & Navigation Polish::Critical / High Fixes::FT-001: Fix broken domain/registry links in `file-browser.md` ms=14 left=29589
2026-08-28T10:58:50.154321Z  INFO fs3_daemon::runner: batch kind="embed" subject=1 x smart jobs=1 ms=2
2026-08-28T10:58:50.170973Z  INFO fs3_daemon::runner: done kind="embed" id=673057 left=29588
2026-08-28T10:58:50.268418Z  INFO fs3_daemon::runner: done kind=summarize subject=docs/plans/063-c4-models/research-dossier.md::Research Report: C4 Diagram First-Class Support::Quality & Testing ms=19 left=29588
2026-08-28T10:58:50.275800Z  INFO fs3_daemon::runner: batch kind="embed" subject=1 x smart jobs=1 ms=0
2026-08-28T10:58:50.290963Z  INFO fs3_daemon::runner: done kind="embed" id=673058 left=29587
2026-08-28T10:58:50.378110Z  INFO fs3_daemon::runner: done kind=summarize subject=docs/plans/063-c4-models/reviews/fix-tasks.phase-4-l3-business-domains-and-navigation.md::Fix Tasks: Phase 4: L3 Business Domains & Navigation Polish::Critical / High Fixes ms=12 left=29587
2026-08-28T10:58:50.382498Z  INFO fs3_daemon::runner: batch kind="embed" subject=1 x smart jobs=1 ms=0
2026-08-28T10:58:50.403716Z  INFO fs3_daemon::runner: done kind="embed" id=673059 left=29586
2026-08-28T10:58:50.493536Z  INFO fs3_daemon::runner: done kind=summarize subject=docs/plans/063-c4-models/research-dossier.md::Research Report: C4 Diagram First-Class Support::Dependencies & Integration::What C4 Would Depend On::Internal Dependencies ms=20 left=29586
2026-08-28T10:58:50.497842Z  INFO fs3_daemon::runner: batch kind="embed" subject=1 x smart jobs=1 ms=1
2026-08-28T10:58:50.513508Z  INFO fs3_daemon::runner: done kind="embed" id=673060 left=29585
2026-08-28T10:58:50.601384Z  INFO fs3_daemon::runner: done kind=summarize subject=docs/plans/063-c4-models/reviews/fix-tasks.phase-4-l3-business-domains-and-navigation.md::Fix Tasks: Phase 4: L3 Business Domains & Navigation Polish ms=12 left=29585
2026-08-28T10:58:50.610490Z  INFO fs3_daemon::runner: batch kind="embed" subject=1 x smart jobs=1 ms=2
2026-08-28T10:58:50.621212Z  INFO fs3_daemon::runner: done kind="embed" id=673061 left=29584
2026-08-28T10:58:50.709931Z  INFO fs3_daemon::runner: done kind=summarize subject=docs/plans/063-c4-models/research-dossier.md::Research Report: C4 Diagram First-Class Support::Dependencies & Integration::What C4 Would Depend On ms=14 left=29584
2026-08-28T10:58:50.712602Z  INFO fs3_daemon::runner: batch kind="embed" subject=1 x smart jobs=1 ms=0
2026-08-28T10:58:50.722627Z  INFO fs3_daemon::runner: done kind="embed" id=673062 left=29583
2026-08-28T10:58:50.814362Z  INFO fs3_daemon::runner: batch kind="embed" subject=1 x smart jobs=1 ms=0
2026-08-28T10:58:50.830636Z  INFO fs3_daemon::runner: done kind=summarize subject=docs/plans/063-c4-models/research-dossier.md::Research Report: C4 Diagram First-Class Support::Dependencies & Integration ms=41 left=29583
2026-08-28T10:58:50.830710Z  INFO fs3_daemon::runner: done kind="embed" id=673063 left=29582
2026-08-28T10:58:50.926057Z  INFO fs3_daemon::runner: done kind=summarize subject=docs/plans/063-c4-models/research-dossier.md::Research Report: C4 Diagram First-Class Support::Architecture & Design::Design Patterns Identified ms=20 left=29582
2026-08-28T10:58:50.927171Z  INFO fs3_daemon::runner: batch kind="embed" subject=1 x smart jobs=1 ms=1
2026-08-28T10:58:50.939961Z  INFO fs3_daemon::runner: done kind="embed" id=673064 left=29581
2026-08-28T10:58:51.043780Z  INFO fs3_daemon::runner: done kind=summarize subject=docs/plans/063-c4-models/research-dossier.md::Research Report: C4 Diagram First-Class Support::Architecture & Design::Component Map ms=19 left=29581
2026-08-28T10:58:51.051139Z  INFO fs3_daemon::runner: batch kind="embed" subject=1 x smart jobs=1 ms=3
2026-08-28T10:58:51.061665Z  INFO fs3_daemon::runner: done kind="embed" id=673065 left=29580
2026-08-28T10:58:51.148449Z  INFO fs3_daemon::runner: done kind=summarize subject=docs/plans/063-c4-models/research-dossier.md::Research Report: C4 Diagram First-Class Support::Architecture & Design ms=18 left=29580
2026-08-28T10:58:51.156572Z  INFO fs3_daemon::runner: batch kind="embed" subject=1 x smart jobs=1 ms=0
2026-08-28T10:58:51.168119Z  INFO fs3_daemon::runner: done kind="embed" id=673066 left=29579
2026-08-28T10:58:51.259080Z  INFO fs3_daemon::runner: done kind=summarize subject=docs/plans/063-c4-models/research-dossier.md::Research Report: C4 Diagram First-Class Support::How It Currently Works::Data Flow ms=17 left=29579
2026-08-28T10:58:51.267500Z  INFO fs3_daemon::runner: batch kind="embed" subject=1 x smart jobs=1 ms=1
2026-08-28T10:58:51.285983Z  INFO fs3_daemon::runner: done kind="embed" id=673067 left=29578
2026-08-28T10:58:51.383543Z  INFO fs3_daemon::runner: done kind=summarize subject=docs/plans/063-c4-models/research-dossier.md::Research Report: C4 Diagram First-Class Support::How It Currently Works::Core Rendering Pipeline ms=18 left=29578
2026-08-28T10:58:51.391320Z  INFO fs3_daemon::runner: batch kind="embed" subject=1 x smart jobs=1 ms=1
2026-08-28T10:58:51.408870Z  INFO fs3_daemon::runner: done kind="embed" id=673068 left=29577
2026-08-28T10:58:51.532586Z  INFO fs3_daemon::runner: done kind=summarize subject=docs/plans/063-c4-models/research-dossier.md::Research Report: C4 Diagram First-Class Support::How It Currently Works::Entry Points ms=19 left=29577
2026-08-28T10:58:51.541792Z  INFO fs3_daemon::runner: batch kind="embed" subject=1 x smart jobs=1 ms=0
2026-08-28T10:58:51.559825Z  INFO fs3_daemon::runner: done kind="embed" id=673069 left=29576
2026-08-28T10:58:51.672450Z  INFO fs3_daemon::runner: done kind=summarize subject=docs/plans/063-c4-models/research-dossier.md::Research Report: C4 Diagram First-Class Support::How It Currently Works ms=22 left=29576
2026-08-28T10:58:51.677857Z  INFO fs3_daemon::runner: batch kind="embed" subject=1 x smart jobs=1 ms=0
2026-08-28T10:58:51.693883Z  INFO fs3_daemon::runner: done kind="embed" id=673070 left=29575
2026-08-28T10:58:51.804685Z  INFO fs3_daemon::runner: done kind=summarize subject=docs/plans/063-c4-models/research-dossier.md::Research Report: C4 Diagram First-Class Support::Executive Summary ms=14 left=29575
2026-08-28T10:58:51.811833Z  INFO fs3_daemon::runner: batch kind="embed" subject=1 x smart jobs=1 ms=0
2026-08-28T10:58:51.825198Z  INFO fs3_daemon::runner: done kind="embed" id=673071 left=29574
2026-08-28T10:58:51.946759Z  INFO fs3_daemon::runner: done kind=summarize subject=docs/plans/063-c4-models/research-dossier.md::Research Report: C4 Diagram First-Class Support ms=16 left=29574
2026-08-28T10:58:51.956248Z  INFO fs3_daemon::runner: batch kind="embed" subject=1 x smart jobs=1 ms=2
2026-08-28T10:58:51.971317Z  INFO fs3_daemon::runner: done kind="embed" id=673072 left=29573
2026-08-28T10:58:52.102781Z  INFO fs3_daemon::runner: done kind=summarize subject=docs/plans/063-c4-models/fixes/FX001-markdown-link-interception.md::Fix FX001: Intercept relative markdown links in viewer preview::Design Notes::Option A: MarkdownServer component override (Recommended) ms=23 left=29573
2026-08-28T10:58:52.108700Z  INFO fs3_daemon::runner: batch kind="embed" subject=1 x smart jobs=1 ms=0
2026-08-28T10:58:52.130045Z  INFO fs3_daemon::runner: done kind="embed" id=673073 left=29572
2026-08-28T10:58:52.253099Z  INFO fs3_daemon::runner: done kind=summarize subject=docs/plans/063-c4-models/fixes/FX001-markdown-link-interception.md::Fix FX001: Intercept relative markdown links in viewer preview::Design Notes ms=15 left=29572
2026-08-28T10:58:52.262321Z  INFO fs3_daemon::runner: batch kind="embed" subject=1 x smart jobs=1 ms=0
2026-08-28T10:58:52.280793Z  INFO fs3_daemon::runner: done kind="embed" id=673074 left=29571
2026-08-28T10:58:52.391442Z  INFO fs3_daemon::runner: done kind=summarize subject=docs/plans/063-c4-models/fixes/FX001-markdown-link-interception.md::Fix FX001: Intercept relative markdown links in viewer preview::Tasks ms=18 left=29571
2026-08-28T10:58:52.395137Z  INFO fs3_daemon::runner: batch kind="embed" subject=1 x smart jobs=1 ms=0
2026-08-28T10:58:52.409788Z  INFO fs3_daemon::runner: done kind="embed" id=673075 left=29570
2026-08-28T10:58:52.520116Z  INFO fs3_daemon::runner: done kind=summarize subject=docs/plans/063-c4-models/fixes/FX001-markdown-link-interception.md::Fix FX001: Intercept relative markdown links in viewer preview ms=16 left=29570
2026-08-28T10:58:52.530526Z  INFO fs3_daemon::runner: batch kind="embed" subject=1 x smart jobs=1 ms=0
2026-08-28T10:58:52.559412Z  INFO fs3_daemon::runner: done kind="embed" id=673076 left=29569
2026-08-28T10:58:52.679050Z  INFO fs3_daemon::runner: done kind=summarize subject=docs/plans/063-c4-models/fixes/FX001-markdown-link-interception.fltplan.md::Flight Plan: Fix FX001 — Markdown Link Interception ms=20 left=29569
2026-08-28T10:58:52.683778Z  INFO fs3_daemon::runner: batch kind="embed" subject=1 x smart jobs=1 ms=0
2026-08-28T10:58:52.698517Z  INFO fs3_daemon::runner: done kind="embed" id=673077 left=29568
2026-08-28T10:58:52.834835Z  INFO fs3_daemon::runner: done kind=summarize subject=docs/plans/063-c4-models/c4-models-spec.md::C4 Architecture Diagrams — First-Class Support::Clarifications::Session 2026-03-02 ms=36 left=29568
2026-08-28T10:58:52.839686Z  INFO fs3_daemon::runner: batch kind="embed" subject=1 x smart jobs=1 ms=3
2026-08-28T10:58:52.871924Z  INFO fs3_daemon::runner: done kind="embed" id=673078 left=29567
2026-08-28T10:58:52.995212Z  INFO fs3_daemon::runner: done kind=summarize subject=docs/plans/063-c4-models/c4-models-spec.md::C4 Architecture Diagrams — First-Class Support::Clarifications ms=44 left=29567
2026-08-28T10:58:53.004372Z  INFO fs3_daemon::runner: batch kind="embed" subject=1 x smart jobs=1 ms=1
2026-08-28T10:58:53.036832Z  INFO fs3_daemon::runner: done kind="embed" id=673079 left=29566
2026-08-28T10:58:53.145860Z  INFO fs3_daemon::runner: done kind=summarize subject=docs/plans/063-c4-models/c4-models-spec.md::C4 Architecture Diagrams — First-Class Support::Workshop Opportunities ms=27 left=29566
2026-08-28T10:58:53.156237Z  INFO fs3_daemon::runner: batch kind="embed" subject=1 x smart jobs=1 ms=1
2026-08-28T10:58:53.185203Z  INFO fs3_daemon::runner: done kind="embed" id=673080 left=29565
2026-08-28T10:58:53.338790Z  INFO fs3_daemon::runner: batch kind="embed" subject=1 x smart jobs=1 ms=1
2026-08-28T10:58:53.370692Z  INFO fs3_daemon::runner: done kind=summarize subject=docs/plans/063-c4-models/c4-models-spec.md::C4 Architecture Diagrams — First-Class Support::Risks & Assumptions ms=82 left=29565
2026-08-28T10:58:53.400845Z  INFO fs3_daemon::runner: done kind="embed" id=673081 left=29564
2026-08-28T10:58:53.536827Z  INFO fs3_daemon::runner: batch kind="embed" subject=1 x smart jobs=1 ms=0
2026-08-28T10:58:53.561804Z  INFO fs3_daemon::runner: done kind=summarize subject=docs/plans/063-c4-models/c4-models-spec.md::C4 Architecture Diagrams — First-Class Support::Testing Strategy ms=70 left=29564
2026-08-28T10:58:53.582966Z  INFO fs3_daemon::runner: done kind="embed" id=673082 left=29563
2026-08-28T10:58:53.741896Z  INFO fs3_daemon::runner: batch kind="embed" subject=1 x smart jobs=1 ms=1
2026-08-28T10:58:53.773126Z  INFO fs3_daemon::runner: done kind=summarize subject=docs/plans/063-c4-models/c4-models-spec.md::C4 Architecture Diagrams — First-Class Support::Acceptance Criteria ms=80 left=29563
2026-08-28T10:58:53.789031Z  INFO fs3_daemon::runner: done kind="embed" id=673083 left=29562
2026-08-28T10:58:53.938552Z  INFO fs3_daemon::runner: done kind=summarize subject=docs/plans/063-c4-models/c4-models-spec.md::C4 Architecture Diagrams — First-Class Support::Complexity ms=36 left=29562
2026-08-28T10:58:53.995102Z  INFO fs3_daemon::runner: progress phase="working" scanned=62552 scan_left=33 summarized=128620 summarize_left=29528 embedded=208332 embed_left=1 failed=0
2026-08-28T10:58:54.028590Z  INFO fs3_daemon::runner: batch kind="embed" subject=2 x smart jobs=2 ms=1
2026-08-28T10:58:54.050875Z  INFO fs3_daemon::runner: done kind="embed" id=673084 left=29561
2026-08-28T10:58:54.152429Z  INFO fs3_daemon::runner: done kind="embed" id=673085 left=29560
2026-08-28T10:58:54.293812Z  INFO fs3_daemon::runner: done kind=summarize subject=docs/plans/063-c4-models/c4-models-spec.md::C4 Architecture Diagrams — First-Class Support::Target Domains ms=50 left=29560
2026-08-28T10:58:54.343019Z  INFO fs3_daemon::runner: done kind=summarize subject=docs/plans/063-c4-models/c4-models-spec.md::C4 Architecture Diagrams — First-Class Support::Non-Goals ms=56 left=29560
2026-08-28T10:58:54.349726Z  INFO fs3_daemon::runner: batch kind="embed" subject=1 x smart jobs=1 ms=4
2026-08-28T10:58:54.390766Z  INFO fs3_daemon::runner: done kind="embed" id=673086 left=29559
2026-08-28T10:58:54.520682Z  INFO fs3_daemon::runner: done kind=summarize subject=docs/plans/063-c4-models/c4-models-spec.md::C4 Architecture Diagrams — First-Class Support::Goals ms=38 left=29559
2026-08-28T10:58:54.527644Z  INFO fs3_daemon::runner: batch kind="embed" subject=1 x smart jobs=1 ms=1
2026-08-28T10:58:54.561486Z  INFO fs3_daemon::runner: done kind="embed" id=673087 left=29558
2026-08-28T10:58:54.681253Z  INFO fs3_daemon::runner: done kind=summarize subject=docs/plans/063-c4-models/c4-models-spec.md::C4 Architecture Diagrams — First-Class Support::Summary ms=25 left=29558
2026-08-28T10:58:54.693011Z  INFO fs3_daemon::runner: batch kind="embed" subject=1 x smart jobs=1 ms=7
2026-08-28T10:58:54.709323Z  INFO fs3_daemon::runner: done kind="embed" id=673088 left=29557
2026-08-28T10:58:54.827086Z  INFO fs3_daemon::runner: batch kind="embed" subject=1 x smart jobs=1 ms=0
2026-08-28T10:58:54.836656Z  INFO fs3_daemon::runner: done kind=summarize subject=docs/plans/063-c4-models/c4-models-spec.md::C4 Architecture Diagrams — First-Class Support::Research Context ms=33 left=29557
2026-08-28T10:58:54.839031Z  INFO fs3_daemon::runner: done kind="embed" id=673089 left=29556
2026-08-28T10:58:54.947695Z  INFO fs3_daemon::runner: batch kind="embed" subject=1 x smart jobs=1 ms=2
2026-08-28T10:58:54.954526Z  INFO fs3_daemon::runner: done kind=summarize subject=docs/plans/063-c4-models/c4-models-spec.md::C4 Architecture Diagrams — First-Class Support ms=33 left=29556
2026-08-28T10:58:54.965914Z  INFO fs3_daemon::runner: done kind="embed" id=673090 left=29555
2026-08-28T10:58:55.071715Z  INFO fs3_daemon::runner: done kind=summarize subject=docs/plans/063-c4-models/c4-models-plan.md::C4 Architecture Diagrams — Implementation Plan::Risks ms=15 left=29555
2026-08-28T10:58:55.081285Z  INFO fs3_daemon::runner: batch kind="embed" subject=1 x smart jobs=1 ms=0
2026-08-28T10:58:55.109676Z  INFO fs3_daemon::runner: done kind="embed" id=673091 left=29554
2026-08-28T10:58:55.258427Z  INFO fs3_daemon::runner: done kind=summarize subject=docs/plans/063-c4-models/c4-models-plan.md::C4 Architecture Diagrams — Implementation Plan::Acceptance Criteria ms=26 left=29554
2026-08-28T10:58:55.268319Z  INFO fs3_daemon::runner: batch kind="embed" subject=1 x smart jobs=1 ms=0
2026-08-28T10:58:55.291537Z  INFO fs3_daemon::runner: done kind="embed" id=673092 left=29553
2026-08-28T10:58:55.394300Z  INFO fs3_daemon::runner: done kind=summarize subject=docs/plans/063-c4-models/c4-models-plan.md::C4 Architecture Diagrams — Implementation Plan::Phases::Phase 5: Rendering Verification ms=22 left=29553
2026-08-28T10:58:55.398307Z  INFO fs3_daemon::runner: batch kind="embed" subject=1 x smart jobs=1 ms=1
2026-08-28T10:58:55.410891Z  INFO fs3_daemon::runner: done kind="embed" id=673093 left=29552
2026-08-28T10:58:55.499658Z  INFO fs3_daemon::runner: done kind=summarize subject=docs/plans/063-c4-models/c4-models-plan.md::C4 Architecture Diagrams — Implementation Plan::Phases::Phase 4: L3 Business Domains & Navigation Polish ms=13 left=29552
2026-08-28T10:58:55.507505Z  INFO fs3_daemon::runner: batch kind="embed" subject=1 x smart jobs=1 ms=1
2026-08-28T10:58:55.518693Z  INFO fs3_daemon::runner: done kind="embed" id=673094 left=29551
2026-08-28T10:58:55.621067Z  INFO fs3_daemon::runner: done kind=summarize subject=docs/plans/063-c4-models/c4-models-plan.md::C4 Architecture Diagrams — Implementation Plan::Phases::Phase 3: L3 Component Diagrams — Infrastructure Domains ms=17 left=29551
2026-08-28T10:58:55.628084Z  INFO fs3_daemon::runner: batch kind="embed" subject=1 x smart jobs=1 ms=0
2026-08-28T10:58:55.641781Z  INFO fs3_daemon::runner: done kind="embed" id=673095 left=29550
2026-08-28T10:58:55.738267Z  INFO fs3_daemon::runner: done kind=summarize subject=docs/plans/063-c4-models/c4-models-plan.md::C4 Architecture Diagrams — Implementation Plan::Phases::Phase 2: L1 System Context & L2 Containers ms=19 left=29550
2026-08-28T10:58:55.742182Z  INFO fs3_daemon::runner: batch kind="embed" subject=1 x smart jobs=1 ms=0
2026-08-28T10:58:55.754203Z  INFO fs3_daemon::runner: done kind="embed" id=673096 left=29549
2026-08-28T10:58:55.843759Z  INFO fs3_daemon::runner: done kind=summarize subject=docs/plans/063-c4-models/c4-models-plan.md::C4 Architecture Diagrams — Implementation Plan::Phases::Phase 1: Foundation & Design Principles ms=18 left=29549
2026-08-28T10:58:55.846900Z  INFO fs3_daemon::runner: batch kind="embed" subject=1 x smart jobs=1 ms=1
2026-08-28T10:58:55.859417Z  INFO fs3_daemon::runner: done kind="embed" id=673097 left=29548
2026-08-28T10:58:55.945437Z  INFO fs3_daemon::runner: done kind=summarize subject=docs/plans/063-c4-models/c4-models-plan.md::C4 Architecture Diagrams — Implementation Plan::Phases ms=15 left=29548
2026-08-28T10:58:55.949799Z  INFO fs3_daemon::runner: batch kind="embed" subject=1 x smart jobs=1 ms=0
2026-08-28T10:58:55.959882Z  INFO fs3_daemon::runner: done kind="embed" id=673098 left=29547
2026-08-28T10:58:56.044006Z  INFO fs3_daemon::runner: done kind=summarize subject=docs/plans/063-c4-models/c4-models-plan.md::C4 Architecture Diagrams — Implementation Plan::Constitution Compliance ms=13 left=29547
2026-08-28T10:58:56.051282Z  INFO fs3_daemon::runner: batch kind="embed" subject=1 x smart jobs=1 ms=0
2026-08-28T10:58:56.061427Z  INFO fs3_daemon::runner: done kind="embed" id=673099 left=29546
2026-08-28T10:58:56.149795Z  INFO fs3_daemon::runner: done kind=summarize subject=docs/plans/063-c4-models/c4-models-plan.md::C4 Architecture Diagrams — Implementation Plan::Key Findings ms=18 left=29546
2026-08-28T10:58:56.151596Z  INFO fs3_daemon::runner: batch kind="embed" subject=1 x smart jobs=1 ms=0
2026-08-28T10:58:56.162815Z  INFO fs3_daemon::runner: done kind="embed" id=673100 left=29545
2026-08-28T10:58:56.251484Z  INFO fs3_daemon::runner: done kind=summarize subject=docs/plans/063-c4-models/c4-models-plan.md::C4 Architecture Diagrams — Implementation Plan::Domain Manifest ms=14 left=29545
2026-08-28T10:58:56.272539Z  INFO fs3_daemon::runner: batch kind="embed" subject=1 x smart jobs=1 ms=3
2026-08-28T10:58:56.287086Z  INFO fs3_daemon::runner: done kind="embed" id=673101 left=29544
2026-08-28T10:58:56.382333Z  INFO fs3_daemon::runner: done kind=summarize subject=docs/plans/063-c4-models/c4-models-plan.md::C4 Architecture Diagrams — Implementation Plan ms=24 left=29544
2026-08-28T10:58:56.387265Z  INFO fs3_daemon::runner: batch kind="embed" subject=1 x smart jobs=1 ms=1
2026-08-28T10:58:56.402291Z  INFO fs3_daemon::runner: done kind="embed" id=673102 left=29543
2026-08-28T10:58:56.497327Z  INFO fs3_daemon::runner: done kind=summarize subject=docs/plans/062-workunit-worktree-resolution/workunit-worktree-resolution-spec.md::Work Unit Worktree Resolution::Clarifications::Session 2026-03-01 ms=14 left=29543
2026-08-28T10:58:56.507218Z  INFO fs3_daemon::runner: batch kind="embed" subject=1 x smart jobs=1 ms=1
2026-08-28T10:58:56.528581Z  INFO fs3_daemon::runner: done kind="embed" id=673103 left=29542
2026-08-28T10:58:56.612297Z  INFO fs3_daemon::runner: done kind=summarize subject=docs/plans/062-workunit-worktree-resolution/workunit-worktree-resolution-spec.md::Work Unit Worktree Resolution::Clarifications ms=13 left=29542
2026-08-28T10:58:56.624433Z  INFO fs3_daemon::runner: batch kind="embed" subject=1 x smart jobs=1 ms=1
2026-08-28T10:58:56.638702Z  INFO fs3_daemon::runner: done kind="embed" id=673104 left=29541
2026-08-28T10:58:56.730248Z  INFO fs3_daemon::runner: done kind=summarize subject=docs/plans/062-workunit-worktree-resolution/workunit-worktree-resolution-spec.md::Work Unit Worktree Resolution::Testing Strategy ms=14 left=29541
2026-08-28T10:58:56.736728Z  INFO fs3_daemon::runner: batch kind="embed" subject=1 x smart jobs=1 ms=0
2026-08-28T10:58:56.748420Z  INFO fs3_daemon::runner: done kind="embed" id=673105 left=29540
2026-08-28T10:58:56.834997Z  INFO fs3_daemon::runner: done kind=summarize subject=docs/plans/062-workunit-worktree-resolution/workunit-worktree-resolution-spec.md::Work Unit Worktree Resolution::Risks & Assumptions ms=13 left=29540
2026-08-28T10:58:56.844019Z  INFO fs3_daemon::runner: batch kind="embed" subject=1 x smart jobs=1 ms=0
2026-08-28T10:58:56.855863Z  INFO fs3_daemon::runner: done kind="embed" id=673106 left=29539
2026-08-28T10:58:56.950225Z  INFO fs3_daemon::runner: done kind=summarize subject=docs/plans/062-workunit-worktree-resolution/workunit-worktree-resolution-spec.md::Work Unit Worktree Resolution::Acceptance Criteria ms=16 left=29539
2026-08-28T10:58:56.957842Z  INFO fs3_daemon::runner: batch kind="embed" subject=1 x smart jobs=1 ms=0
2026-08-28T10:58:56.972763Z  INFO fs3_daemon::runner: done kind="embed" id=673107 left=29538
2026-08-28T10:58:57.078371Z  INFO fs3_daemon::runner: done kind=summarize subject=docs/plans/062-workunit-worktree-resolution/workunit-worktree-resolution-spec.md::Work Unit Worktree Resolution::Complexity ms=24 left=29538
2026-08-28T10:58:57.091545Z  INFO fs3_daemon::runner: batch kind="embed" subject=1 x smart jobs=1 ms=0
2026-08-28T10:58:57.106750Z  INFO fs3_daemon::runner: done kind="embed" id=673108 left=29537
2026-08-28T10:58:57.227194Z  INFO fs3_daemon::runner: done kind=summarize subject=docs/plans/062-workunit-worktree-resolution/workunit-worktree-resolution-spec.md::Work Unit Worktree Resolution::Target Domains ms=26 left=29537
2026-08-28T10:58:57.228488Z  INFO fs3_daemon::runner: batch kind="embed" subject=1 x smart jobs=1 ms=0
2026-08-28T10:58:57.242722Z  INFO fs3_daemon::runner: done kind="embed" id=673109 left=29536
2026-08-28T10:58:57.346966Z  INFO fs3_daemon::runner: done kind=summarize subject=docs/plans/062-workunit-worktree-resolution/workunit-worktree-resolution-spec.md::Work Unit Worktree Resolution::Non-Goals ms=17 left=29536
2026-08-28T10:58:57.351046Z  INFO fs3_daemon::runner: batch kind="embed" subject=1 x smart jobs=1 ms=1
2026-08-28T10:58:57.364510Z  INFO fs3_daemon::runner: done kind="embed" id=673110 left=29535
2026-08-28T10:58:57.465947Z  INFO fs3_daemon::runner: done kind=summarize subject=docs/plans/062-workunit-worktree-resolution/workunit-worktree-resolution-spec.md::Work Unit Worktree Resolution::Goals ms=15 left=29535
2026-08-28T10:58:57.471890Z  INFO fs3_daemon::runner: batch kind="embed" subject=1 x smart jobs=1 ms=0
2026-08-28T10:58:57.485771Z  INFO fs3_daemon::runner: done kind="embed" id=673111 left=29534
2026-08-28T10:58:57.590177Z  INFO fs3_daemon::runner: done kind=summarize subject=docs/plans/062-workunit-worktree-resolution/workunit-worktree-resolution-spec.md::Work Unit Worktree Resolution::Research Context ms=16 left=29534
2026-08-28T10:58:57.598091Z  INFO fs3_daemon::runner: batch kind="embed" subject=1 x smart jobs=1 ms=1
2026-08-28T10:58:57.614190Z  INFO fs3_daemon::runner: done kind="embed" id=673112 left=29533
2026-08-28T10:58:57.724756Z  INFO fs3_daemon::runner: done kind=summarize subject=docs/plans/062-workunit-worktree-resolution/workunit-worktree-resolution-spec.md::Work Unit Worktree Resolution ms=18 left=29533
2026-08-28T10:58:57.734659Z  INFO fs3_daemon::runner: batch kind="embed" subject=1 x smart jobs=1 ms=0
2026-08-28T10:58:57.748809Z  INFO fs3_daemon::runner: done kind="embed" id=673113 left=29532
2026-08-28T10:58:57.854014Z  INFO fs3_daemon::runner: done kind=summarize subject=docs/plans/062-workunit-worktree-resolution/workunit-worktree-resolution-plan.md::Work Unit Worktree Resolution — Implementation Plan::Implementation::Acceptance Criteria ms=14 left=29532
2026-08-28T10:58:57.861178Z  INFO fs3_daemon::runner: batch kind="embed" subject=1 x smart jobs=1 ms=0
2026-08-28T10:58:57.880790Z  INFO fs3_daemon::runner: done kind="embed" id=673114 left=29531
2026-08-28T10:58:58.014882Z  INFO fs3_daemon::runner: done kind=summarize subject=docs/plans/062-workunit-worktree-resolution/workunit-worktree-resolution-plan.md::Work Unit Worktree Resolution — Implementation Plan::Implementation::Tasks ms=37 left=29531
2026-08-28T10:58:58.022608Z  INFO fs3_daemon::runner: batch kind="embed" subject=1 x smart jobs=1 ms=2
2026-08-28T10:58:58.056918Z  INFO fs3_daemon::runner: done kind="embed" id=673115 left=29530
2026-08-28T10:58:58.186470Z  INFO fs3_daemon::runner: done kind=summarize subject=docs/plans/062-workunit-worktree-resolution/workunit-worktree-resolution-plan.md::Work Unit Worktree Resolution — Implementation Plan::Implementation ms=39 left=29530
2026-08-28T10:58:58.188713Z  INFO fs3_daemon::runner: batch kind="embed" subject=1 x smart jobs=1 ms=0
2026-08-28T10:58:58.222075Z  INFO fs3_daemon::runner: done kind="embed" id=673116 left=29529
2026-08-28T10:58:58.334043Z  INFO fs3_daemon::runner: done kind=summarize subject=docs/plans/062-workunit-worktree-resolution/workunit-worktree-resolution-plan.md::Work Unit Worktree Resolution — Implementation Plan::Key Findings ms=32 left=29529
2026-08-28T10:58:58.344716Z  INFO fs3_daemon::runner: batch kind="embed" subject=1 x smart jobs=1 ms=3
2026-08-28T10:58:58.375528Z  INFO fs3_daemon::runner: done kind="embed" id=673117 left=29528
2026-08-28T10:58:58.498577Z  INFO fs3_daemon::runner: done kind=summarize subject=docs/plans/062-workunit-worktree-resolution/workunit-worktree-resolution-plan.md::Work Unit Worktree Resolution — Implementation Plan::Domain Manifest ms=33 left=29528
2026-08-28T10:58:58.508280Z  INFO fs3_daemon::runner: batch kind="embed" subject=1 x smart jobs=1 ms=0
2026-08-28T10:58:58.547336Z  INFO fs3_daemon::runner: done kind="embed" id=673118 left=29527
2026-08-28T10:58:58.679087Z  INFO fs3_daemon::runner: done kind=summarize subject=docs/plans/062-workunit-worktree-resolution/workunit-worktree-resolution-plan.md::Work Unit Worktree Resolution — Implementation Plan ms=37 left=29527
2026-08-28T10:58:58.685900Z  INFO fs3_daemon::runner: batch kind="embed" subject=1 x smart jobs=1 ms=0
2026-08-28T10:58:58.709870Z  INFO fs3_daemon::runner: done kind="embed" id=673119 left=29526
2026-08-28T10:58:58.818941Z  INFO fs3_daemon::runner: done kind=summarize subject=docs/plans/062-workunit-worktree-resolution/tasks/implementation/tasks.md::Implementation: Work Unit Worktree Resolution — Tasks::Directory Layout ms=31 left=29526
2026-08-28T10:58:58.823732Z  INFO fs3_daemon::runner: batch kind="embed" subject=1 x smart jobs=1 ms=0
2026-08-28T10:58:58.852931Z  INFO fs3_daemon::runner: done kind="embed" id=673120 left=29525
2026-08-28T10:58:58.958558Z  INFO fs3_daemon::runner: done kind=summarize subject=docs/plans/062-workunit-worktree-resolution/tasks/implementation/tasks.md::Implementation: Work Unit Worktree Resolution — Tasks::Context Brief ms=30 left=29525
2026-08-28T10:58:58.965517Z  INFO fs3_daemon::runner: batch kind="embed" subject=1 x smart jobs=1 ms=3
2026-08-28T10:58:58.982650Z  INFO fs3_daemon::runner: done kind="embed" id=673121 left=29524
2026-08-28T10:58:59.090766Z  INFO fs3_daemon::runner: done kind=summarize subject=docs/plans/062-workunit-worktree-resolution/tasks/implementation/tasks.md::Implementation: Work Unit Worktree Resolution — Tasks::Tasks ms=32 left=29524
2026-08-28T10:58:59.124159Z  INFO fs3_daemon::runner: progress phase="working" scanned=62552 scan_left=33 summarized=128658 summarize_left=29490 embedded=208370 embed_left=1 failed=0
2026-08-28T10:58:59.151033Z  INFO fs3_daemon::runner: batch kind="embed" subject=2 x smart jobs=2 ms=0
2026-08-28T10:58:59.174716Z  INFO fs3_daemon::runner: done kind="embed" id=673122 left=29523
2026-08-28T10:58:59.259022Z  INFO fs3_daemon::runner: done kind="embed" id=673123 left=29522
2026-08-28T10:58:59.379462Z  INFO fs3_daemon::runner: done kind=summarize subject=docs/plans/062-workunit-worktree-resolution/tasks/implementation/tasks.md::Implementation: Work Unit Worktree Resolution — Tasks::Architecture Map ms=47 left=29522
2026-08-28T10:58:59.390466Z  INFO fs3_daemon::runner: batch kind="embed" subject=1 x smart jobs=1 ms=2
2026-08-28T10:58:59.412326Z  INFO fs3_daemon::runner: done kind=summarize subject=docs/plans/062-workunit-worktree-resolution/tasks/implementation/tasks.md::Implementation: Work Unit Worktree Resolution — Tasks::Pre-Implementation Check ms=50 left=29522
2026-08-28T10:58:59.422727Z  INFO fs3_daemon::runner: done kind="embed" id=673124 left=29521
2026-08-28T10:58:59.539536Z  INFO fs3_daemon::runner: done kind=summarize subject=docs/plans/062-workunit-worktree-resolution/tasks/implementation/tasks.md::Implementation: Work Unit Worktree Resolution — Tasks::Prior Phase Context ms=33 left=29521
2026-08-28T10:58:59.541365Z  INFO fs3_daemon::runner: batch kind="embed" subject=1 x smart jobs=1 ms=0
2026-08-28T10:58:59.553303Z  INFO fs3_daemon::runner: done kind="embed" id=673125 left=29520
2026-08-28T10:58:59.640311Z  INFO fs3_daemon::runner: done kind=summarize subject=docs/plans/062-workunit-worktree-resolution/tasks/implementation/tasks.md::Implementation: Work Unit Worktree Resolution — Tasks ms=14 left=29520
2026-08-28T10:58:59.649207Z  INFO fs3_daemon::runner: batch kind="embed" subject=1 x smart jobs=1 ms=0
2026-08-28T10:58:59.669843Z  INFO fs3_daemon::runner: done kind="embed" id=673126 left=29519
2026-08-28T10:58:59.752320Z  INFO fs3_daemon::runner: done kind=summarize subject=docs/plans/062-workunit-worktree-resolution/tasks/implementation/tasks.fltplan.md::Flight Plan: Implementation — Work Unit Worktree Resolution::Goals & Non-Goals ms=11 left=29519
2026-08-28T10:58:59.760205Z  INFO fs3_daemon::runner: batch kind="embed" subject=1 x smart jobs=1 ms=0
2026-08-28T10:58:59.775196Z  INFO fs3_daemon::runner: done kind="embed" id=673127 left=29518
2026-08-28T10:58:59.861014Z  INFO fs3_daemon::runner: done kind=summarize subject=docs/plans/062-workunit-worktree-resolution/tasks/implementation/tasks.fltplan.md::Flight Plan: Implementation — Work Unit Worktree Resolution::Acceptance Criteria ms=15 left=29518
2026-08-28T10:58:59.864366Z  INFO fs3_daemon::runner: batch kind="embed" subject=1 x smart jobs=1 ms=0
2026-08-28T10:58:59.877875Z  INFO fs3_daemon::runner: done kind="embed" id=673128 left=29517
2026-08-28T10:58:59.968743Z  INFO fs3_daemon::runner: done kind=summarize subject=docs/plans/062-workunit-worktree-resolution/tasks/implementation/tasks.fltplan.md::Flight Plan: Implementation — Work Unit Worktree Resolution::Architecture: Before & After ms=25 left=29517
2026-08-28T10:58:59.968951Z  INFO fs3_daemon::runner: batch kind="embed" subject=1 x smart jobs=1 ms=0
2026-08-28T10:58:59.986159Z  INFO fs3_daemon::runner: done kind="embed" id=673129 left=29516
2026-08-28T10:59:00.070631Z  INFO fs3_daemon::runner: done kind=summarize subject=docs/plans/062-workunit-worktree-resolution/tasks/implementation/tasks.fltplan.md::Flight Plan: Implementation — Work Unit Worktree Resolution::Stages ms=17 left=29516
2026-08-28T10:59:00.072658Z  INFO fs3_daemon::runner: batch kind="embed" subject=1 x smart jobs=1 ms=0
2026-08-28T10:59:00.081831Z  INFO fs3_daemon::runner: done kind="embed" id=673130 left=29515
2026-08-28T10:59:00.168510Z  INFO fs3_daemon::runner: done kind=summarize subject=docs/plans/062-workunit-worktree-resolution/tasks/implementation/tasks.fltplan.md::Flight Plan: Implementation — Work Unit Worktree Resolution::Flight Status ms=17 left=29515
2026-08-28T10:59:00.176440Z  INFO fs3_daemon::runner: batch kind="embed" subject=1 x smart jobs=1 ms=1
2026-08-28T10:59:00.187985Z  INFO fs3_daemon::runner: done kind="embed" id=673131 left=29514
2026-08-28T10:59:00.268701Z  INFO fs3_daemon::runner: done kind=summarize subject=docs/plans/062-workunit-worktree-resolution/tasks/implementation/tasks.fltplan.md::Flight Plan: Implementation — Work Unit Worktree Resolution::Domain Context::Domains We Depend On (no changes) ms=12 left=29514
2026-08-28T10:59:00.275236Z  INFO fs3_daemon::runner: batch kind="embed" subject=1 x smart jobs=1 ms=0
2026-08-28T10:59:00.291907Z  INFO fs3_daemon::runner: done kind="embed" id=673132 left=29513
2026-08-28T10:59:00.379116Z  INFO fs3_daemon::runner: done kind=summarize subject=docs/plans/062-workunit-worktree-resolution/tasks/implementation/tasks.fltplan.md::Flight Plan: Implementation — Work Unit Worktree Resolution::Domain Context ms=13 left=29513
2026-08-28T10:59:00.386432Z  INFO fs3_daemon::runner: batch kind="embed" subject=1 x smart jobs=1 ms=0
2026-08-28T10:59:00.401493Z  INFO fs3_daemon::runner: done kind="embed" id=673133 left=29512
2026-08-28T10:59:00.487432Z  INFO fs3_daemon::runner: done kind=summarize subject=docs/plans/062-workunit-worktree-resolution/tasks/implementation/tasks.fltplan.md::Flight Plan: Implementation — Work Unit Worktree Resolution ms=16 left=29512
2026-08-28T10:59:00.489990Z  INFO fs3_daemon::runner: batch kind="embed" subject=1 x smart jobs=1 ms=0
2026-08-28T10:59:00.503035Z  INFO fs3_daemon::runner: done kind="embed" id=673134 left=29511
2026-08-28T10:59:00.594021Z  INFO fs3_daemon::runner: done kind=summarize subject=docs/plans/062-workunit-worktree-resolution/tasks/implementation/execution.log.md::Plan 062: Execution Log::T005: Verification::Playwright Verification ms=19 left=29511
2026-08-28T10:59:00.596384Z  INFO fs3_daemon::runner: batch kind="embed" subject=1 x smart jobs=1 ms=0
2026-08-28T10:59:00.615042Z  INFO fs3_daemon::runner: done kind="embed" id=673135 left=29510
2026-08-28T10:59:00.712940Z  INFO fs3_daemon::runner: done kind=summarize subject=docs/plans/062-workunit-worktree-resolution/tasks/implementation/execution.log.md::Plan 062: Execution Log::T005: Verification::just fft ms=17 left=29510
2026-08-28T10:59:00.718755Z  INFO fs3_daemon::runner: batch kind="embed" subject=1 x smart jobs=1 ms=0
2026-08-28T10:59:00.734218Z  INFO fs3_daemon::runner: done kind="embed" id=673136 left=29509
2026-08-28T10:59:00.822089Z  INFO fs3_daemon::runner: done kind=summarize subject=docs/plans/062-workunit-worktree-resolution/tasks/implementation/execution.log.md::Plan 062: Execution Log::T005: Verification ms=15 left=29509
2026-08-28T10:59:00.829244Z  INFO fs3_daemon::runner: batch kind="embed" subject=1 x smart jobs=1 ms=2
2026-08-28T10:59:00.839158Z  INFO fs3_daemon::runner: done kind="embed" id=673137 left=29508
2026-08-28T10:59:00.940288Z  INFO fs3_daemon::runner: done kind=summarize subject=docs/plans/062-workunit-worktree-resolution/tasks/implementation/execution.log.md::Plan 062: Execution Log::T004: Components — prop threading ms=18 left=29508
2026-08-28T10:59:00.940680Z  INFO fs3_daemon::runner: batch kind="embed" subject=1 x smart jobs=1 ms=0
2026-08-28T10:59:00.951171Z  INFO fs3_daemon::runner: done kind="embed" id=673138 left=29507
2026-08-28T10:59:01.035563Z  INFO fs3_daemon::runner: done kind=summarize subject=docs/plans/062-workunit-worktree-resolution/tasks/implementation/execution.log.md::Plan 062: Execution Log::T003: Pages — read + redirect ms=15 left=29507
2026-08-28T10:59:01.043408Z  INFO fs3_daemon::runner: batch kind="embed" subject=1 x smart jobs=1 ms=1
2026-08-28T10:59:01.054721Z  INFO fs3_daemon::runner: done kind="embed" id=673139 left=29506
2026-08-28T10:59:01.138823Z  INFO fs3_daemon::runner: done kind=summarize subject=docs/plans/062-workunit-worktree-resolution/tasks/implementation/execution.log.md::Plan 062: Execution Log::T002: TDD GREEN — Fix resolver + actions ms=11 left=29506
2026-08-28T10:59:01.148014Z  INFO fs3_daemon::runner: batch kind="embed" subject=1 x smart jobs=1 ms=0
2026-08-28T10:59:01.160982Z  INFO fs3_daemon::runner: done kind="embed" id=673140 left=29505
2026-08-28T10:59:01.248601Z  INFO fs3_daemon::runner: done kind=summarize subject=docs/plans/062-workunit-worktree-resolution/tasks/implementation/execution.log.md::Plan 062: Execution Log::T001: TDD RED — Write resolver tests ms=18 left=29505
2026-08-28T10:59:01.252181Z  INFO fs3_daemon::runner: batch kind="embed" subject=1 x smart jobs=1 ms=0
2026-08-28T10:59:01.265679Z  INFO fs3_daemon::runner: done kind="embed" id=673141 left=29504
2026-08-28T10:59:01.387251Z  INFO fs3_daemon::runner: batch kind="embed" subject=1 x smart jobs=1 ms=0
2026-08-28T10:59:01.397430Z  INFO fs3_daemon::runner: done kind=summarize subject=docs/plans/062-workunit-worktree-resolution/tasks/implementation/execution.log.md::Plan 062: Execution Log ms=57 left=29504
2026-08-28T10:59:01.397496Z  INFO fs3_daemon::runner: done kind="embed" id=673142 left=29503
2026-08-28T10:59:01.501404Z  INFO fs3_daemon::runner: batch kind="embed" subject=1 x smart jobs=1 ms=0
2026-08-28T10:59:01.506187Z  INFO fs3_daemon::runner: done kind=summarize subject=docs/plans/062-workunit-worktree-resolution/reviews/review.md::Code Review: Implementation::H) Handover Brief::Required Fixes (if REQUEST_CHANGES) ms=27 left=29503
2026-08-28T10:59:01.514572Z  INFO fs3_daemon::runner: done kind="embed" id=673143 left=29502
2026-08-28T10:59:01.619919Z  INFO fs3_daemon::runner: done kind=summarize subject=docs/plans/062-workunit-worktree-resolution/reviews/review.md::Code Review: Implementation::H) Handover Brief::Files Reviewed ms=17 left=29502
2026-08-28T10:59:01.622897Z  INFO fs3_daemon::runner: batch kind="embed" subject=1 x smart jobs=1 ms=0
2026-08-28T10:59:01.635870Z  INFO fs3_daemon::runner: done kind="embed" id=673144 left=29501
2026-08-28T10:59:01.737943Z  INFO fs3_daemon::runner: done kind=summarize subject=docs/plans/062-workunit-worktree-resolution/reviews/review.md::Code Review: Implementation::H) Handover Brief ms=16 left=29501
2026-08-28T10:59:01.743180Z  INFO fs3_daemon::runner: batch kind="embed" subject=1 x smart jobs=1 ms=0
2026-08-28T10:59:01.768604Z  INFO fs3_daemon::runner: done kind="embed" id=673145 left=29500
2026-08-28T10:59:01.871078Z  INFO fs3_daemon::runner: done kind=summarize subject=docs/plans/062-workunit-worktree-resolution/reviews/review.md::Code Review: Implementation::G) Commands Executed ms=17 left=29500
2026-08-28T10:59:01.873967Z  INFO fs3_daemon::runner: batch kind="embed" subject=1 x smart jobs=1 ms=0
2026-08-28T10:59:01.886168Z  INFO fs3_daemon::runner: done kind="embed" id=673146 left=29499
2026-08-28T10:59:01.966212Z  INFO fs3_daemon::runner: done kind=summarize subject=docs/plans/062-workunit-worktree-resolution/reviews/review.md::Code Review: Implementation::F) Coverage Map ms=12 left=29499
2026-08-28T10:59:01.994706Z  INFO fs3_daemon::runner: batch kind="embed" subject=1 x smart jobs=1 ms=0
2026-08-28T10:59:02.020538Z  INFO fs3_daemon::runner: done kind="embed" id=673147 left=29498
2026-08-28T10:59:02.206093Z  INFO fs3_daemon::runner: batch kind="embed" subject=1 x smart jobs=1 ms=0
2026-08-28T10:59:02.218478Z  INFO fs3_daemon::runner: done kind="embed" id=673148 left=29497
2026-08-28T10:59:02.218527Z  INFO fs3_daemon::runner: done kind=summarize subject=docs/plans/062-workunit-worktree-resolution/reviews/review.md::Code Review: Implementation::E) Detailed Findings::E.4) Testing & Evidence ms=31 left=29498
2026-08-28T10:59:02.301309Z  INFO fs3_daemon::runner: done kind=summarize subject=docs/plans/062-workunit-worktree-resolution/reviews/review.md::Code Review: Implementation::E) Detailed Findings::E.2) Domain Compliance ms=16 left=29497
2026-08-28T10:59:02.310582Z  INFO fs3_daemon::runner: batch kind="embed" subject=1 x smart jobs=1 ms=0
2026-08-28T10:59:02.321590Z  INFO fs3_daemon::runner: done kind="embed" id=673149 left=29496
2026-08-28T10:59:02.434591Z  INFO fs3_daemon::runner: done kind=summarize subject=docs/plans/062-workunit-worktree-resolution/reviews/review.md::Code Review: Implementation::E) Detailed Findings ms=19 left=29496
2026-08-28T10:59:02.435287Z  INFO fs3_daemon::runner: batch kind="embed" subject=1 x smart jobs=1 ms=0
2026-08-28T10:59:02.444476Z  INFO fs3_daemon::runner: done kind="embed" id=673150 left=29495
2026-08-28T10:59:02.534280Z  INFO fs3_daemon::runner: done kind=summarize subject=docs/plans/062-workunit-worktree-resolution/reviews/review.md::Code Review: Implementation::D) Findings Table ms=12 left=29495
2026-08-28T10:59:02.542145Z  INFO fs3_daemon::runner: batch kind="embed" subject=1 x smart jobs=1 ms=0
2026-08-28T10:59:02.554430Z  INFO fs3_daemon::runner: done kind="embed" id=673151 left=29494
2026-08-28T10:59:02.646977Z  INFO fs3_daemon::runner: done kind=summarize subject=docs/plans/062-workunit-worktree-resolution/reviews/review.md::Code Review: Implementation::C) Checklist ms=18 left=29494
2026-08-28T10:59:02.654253Z  INFO fs3_daemon::runner: batch kind="embed" subject=1 x smart jobs=1 ms=2
2026-08-28T10:59:02.668413Z  INFO fs3_daemon::runner: done kind="embed" id=673152 left=29493
2026-08-28T10:59:02.783977Z  INFO fs3_daemon::runner: done kind=summarize subject=docs/plans/062-workunit-worktree-resolution/reviews/review.md::Code Review: Implementation::A) Verdict ms=35 left=29493
2026-08-28T10:59:02.791252Z  INFO fs3_daemon::runner: batch kind="embed" subject=1 x smart jobs=1 ms=2
2026-08-28T10:59:02.822902Z  INFO fs3_daemon::runner: done kind="embed" id=673153 left=29492
2026-08-28T10:59:02.933693Z  INFO fs3_daemon::runner: done kind=summarize subject=docs/plans/062-workunit-worktree-resolution/reviews/review.md::Code Review: Implementation ms=32 left=29492
2026-08-28T10:59:02.939443Z  INFO fs3_daemon::runner: batch kind="embed" subject=1 x smart jobs=1 ms=3
2026-08-28T10:59:02.958546Z  INFO fs3_daemon::runner: done kind="embed" id=673154 left=29491
2026-08-28T10:59:03.070944Z  INFO fs3_daemon::runner: done kind=summarize subject=docs/plans/062-workunit-worktree-resolution/reviews/fix-tasks.md::Fix Tasks: Implementation::Medium / Low Fixes::FT-006: Synchronize Flight Plan Status Markers ms=35 left=29491
2026-08-28T10:59:03.075225Z  INFO fs3_daemon::runner: batch kind="embed" subject=1 x smart jobs=1 ms=1
2026-08-28T10:59:03.095296Z  INFO fs3_daemon::runner: done kind="embed" id=673155 left=29490
2026-08-28T10:59:03.192430Z  INFO fs3_daemon::runner: batch kind="embed" subject=1 x smart jobs=1 ms=0
2026-08-28T10:59:03.210202Z  INFO fs3_daemon::runner: done kind=summarize subject=docs/plans/062-workunit-worktree-resolution/reviews/fix-tasks.md::Fix Tasks: Implementation::Medium / Low Fixes::FT-005: Add Action-Level Resolver Tests ms=44 left=29490
2026-08-28T10:59:03.219788Z  INFO fs3_daemon::runner: done kind="embed" id=673156 left=29489
2026-08-28T10:59:03.326998Z  INFO fs3_daemon::runner: done kind=summarize subject=docs/plans/062-workunit-worktree-resolution/reviews/fix-tasks.md::Fix Tasks: Implementation::Medium / Low Fixes::FT-004: Make Test Docs Rule-Compliant ms=33 left=29489
2026-08-28T10:59:03.334773Z  INFO fs3_daemon::runner: batch kind="embed" subject=1 x smart jobs=1 ms=3
2026-08-28T10:59:03.367534Z  INFO fs3_daemon::runner: done kind="embed" id=673157 left=29488
2026-08-28T10:59:03.487805Z  INFO fs3_daemon::runner: done kind=summarize subject=docs/plans/062-workunit-worktree-resolution/reviews/fix-tasks.md::Fix Tasks: Implementation::Medium / Low Fixes ms=44 left=29488
2026-08-28T10:59:03.493504Z  INFO fs3_daemon::runner: batch kind="embed" subject=1 x smart jobs=1 ms=0
2026-08-28T10:59:03.515688Z  INFO fs3_daemon::runner: done kind="embed" id=673158 left=29487
2026-08-28T10:59:03.631020Z  INFO fs3_daemon::runner: done kind=summarize subject=docs/plans/062-workunit-worktree-resolution/reviews/fix-tasks.md::Fix Tasks: Implementation::Critical / High Fixes::FT-003: Remove Resolver Reinvention ms=30 left=29487
2026-08-28T10:59:03.635783Z  INFO fs3_daemon::runner: batch kind="embed" subject=1 x smart jobs=1 ms=0
2026-08-28T10:59:03.656379Z  INFO fs3_daemon::runner: done kind="embed" id=673159 left=29486
2026-08-28T10:59:03.865640Z  INFO fs3_daemon::runner: batch kind="embed" subject=1 x smart jobs=1 ms=0
2026-08-28T10:59:03.888334Z  INFO fs3_daemon::runner: done kind=summarize subject=docs/plans/062-workunit-worktree-resolution/reviews/fix-tasks.md::Fix Tasks: Implementation::Critical / High Fixes::FT-002: Add Verifiable Execution Evidence ms=51 left=29486
2026-08-28T10:59:03.904105Z  INFO fs3_daemon::runner: done kind="embed" id=673160 left=29485
2026-08-28T10:59:04.017588Z  INFO fs3_daemon::runner: done kind=summarize subject=docs/plans/062-workunit-worktree-resolution/reviews/fix-tasks.md::Fix Tasks: Implementation::Critical / High Fixes::FT-001: Update Domain Manifest for All Changed Files ms=31 left=29485
2026-08-28T10:59:04.025326Z  INFO fs3_daemon::runner: batch kind="embed" subject=1 x smart jobs=1 ms=3
2026-08-28T10:59:04.054984Z  INFO fs3_daemon::runner: done kind="embed" id=673161 left=29484
2026-08-28T10:59:04.186380Z  INFO fs3_daemon::runner: done kind=summarize subject=docs/plans/062-workunit-worktree-resolution/reviews/fix-tasks.md::Fix Tasks: Implementation::Critical / High Fixes ms=44 left=29484
2026-08-28T10:59:04.207352Z  INFO fs3_daemon::runner: progress phase="working" scanned=62552 scan_left=33 summarized=128698 summarize_left=29450 embedded=208410 embed_left=1 failed=0
2026-08-28T10:59:04.235106Z  INFO fs3_daemon::runner: batch kind="embed" subject=2 x smart jobs=2 ms=0
2026-08-28T10:59:04.256694Z  INFO fs3_daemon::runner: done kind="embed" id=673163 left=29483
2026-08-28T10:59:04.348952Z  INFO fs3_daemon::runner: done kind="embed" id=673162 left=29482
2026-08-28T10:59:04.471490Z  INFO fs3_daemon::runner: done kind=summarize subject=docs/plans/062-workunit-worktree-resolution/reviews/fix-tasks.md::Fix Tasks: Implementation ms=41 left=29482
2026-08-28T10:59:04.508384Z  INFO fs3_daemon::runner: batch kind="embed" subject=1 x smart jobs=1 ms=0
2026-08-28T10:59:04.530298Z  INFO fs3_daemon::runner: done kind=summarize subject=docs/plans/062-workunit-worktree-resolution/research-dossier.md::Research Report: Work Unit Worktree Resolution::Recommendations ms=52 left=29482
2026-08-28T10:59:04.539341Z  INFO fs3_daemon::runner: done kind="embed" id=673164 left=29481
2026-08-28T10:59:04.638260Z  INFO fs3_daemon::runner: batch kind="embed" subject=1 x smart jobs=1 ms=1
2026-08-28T10:59:04.640953Z  INFO fs3_daemon::runner: done kind=summarize subject=docs/plans/062-workunit-worktree-resolution/research-dossier.md::Research Report: Work Unit Worktree Resolution::Modification Risk Assessment ms=22 left=29481
2026-08-28T10:59:04.653919Z  INFO fs3_daemon::runner: done kind="embed" id=673165 left=29480
2026-08-28T10:59:04.740785Z  INFO fs3_daemon::runner: done kind=summarize subject=docs/plans/062-workunit-worktree-resolution/research-dossier.md::Research Report: Work Unit Worktree Resolution::Scope Summary::Files to Change ms=13 left=29480
2026-08-28T10:59:04.751696Z  INFO fs3_daemon::runner: batch kind="embed" subject=1 x smart jobs=1 ms=0
2026-08-28T10:59:04.774659Z  INFO fs3_daemon::runner: done kind="embed" id=673166 left=29479
2026-08-28T10:59:04.875717Z  INFO fs3_daemon::runner: done kind=summarize subject=docs/plans/062-workunit-worktree-resolution/research-dossier.md::Research Report: Work Unit Worktree Resolution::Scope Summary ms=19 left=29479
2026-08-28T10:59:04.875809Z  INFO fs3_daemon::runner: batch kind="embed" subject=1 x smart jobs=1 ms=0
2026-08-28T10:59:04.886510Z  INFO fs3_daemon::runner: done kind="embed" id=673167 left=29478
2026-08-28T10:59:04.972297Z  INFO fs3_daemon::runner: done kind=summarize subject=docs/plans/062-workunit-worktree-resolution/research-dossier.md::Research Report: Work Unit Worktree Resolution::Domain Context ms=15 left=29478
2026-08-28T10:59:04.982454Z  INFO fs3_daemon::runner: batch kind="embed" subject=1 x smart jobs=1 ms=0
2026-08-28T10:59:05.001542Z  INFO fs3_daemon::runner: done kind="embed" id=673168 left=29477
2026-08-28T10:59:05.093326Z  INFO fs3_daemon::runner: done kind=summarize subject=docs/plans/062-workunit-worktree-resolution/research-dossier.md::Research Report: Work Unit Worktree Resolution::Prior Learnings (Key Selections) ms=19 left=29477
2026-08-28T10:59:05.095266Z  INFO fs3_daemon::runner: batch kind="embed" subject=1 x smart jobs=1 ms=1
2026-08-28T10:59:05.106043Z  INFO fs3_daemon::runner: done kind="embed" id=673169 left=29476
2026-08-28T10:59:05.196033Z  INFO fs3_daemon::runner: done kind=summarize subject=docs/plans/062-workunit-worktree-resolution/research-dossier.md::Research Report: Work Unit Worktree Resolution::Test Coverage ms=18 left=29476
2026-08-28T10:59:05.199813Z  INFO fs3_daemon::runner: batch kind="embed" subject=1 x smart jobs=1 ms=0
2026-08-28T10:59:05.213099Z  INFO fs3_daemon::runner: done kind="embed" id=673170 left=29475
2026-08-28T10:59:05.306549Z  INFO fs3_daemon::runner: done kind=summarize subject=docs/plans/062-workunit-worktree-resolution/research-dossier.md::Research Report: Work Unit Worktree Resolution::Resolver Duplication Analysis ms=18 left=29475
2026-08-28T10:59:05.312704Z  INFO fs3_daemon::runner: batch kind="embed" subject=1 x smart jobs=1 ms=0
2026-08-28T10:59:05.325353Z  INFO fs3_daemon::runner: done kind="embed" id=673171 left=29474
2026-08-28T10:59:05.413974Z  INFO fs3_daemon::runner: done kind=summarize subject=docs/plans/062-workunit-worktree-resolution/research-dossier.md::Research Report: Work Unit Worktree Resolution::Navigation: Already Handled ms=18 left=29474
2026-08-28T10:59:05.420546Z  INFO fs3_daemon::runner: batch kind="embed" subject=1 x smart jobs=1 ms=1
2026-08-28T10:59:05.433302Z  INFO fs3_daemon::runner: done kind="embed" id=673172 left=29473
2026-08-28T10:59:05.527777Z  INFO fs3_daemon::runner: done kind=summarize subject=docs/plans/062-workunit-worktree-resolution/research-dossier.md::Research Report: Work Unit Worktree Resolution::Feature Comparison: Who's Worktree-Aware? ms=19 left=29473
2026-08-28T10:59:05.532865Z  INFO fs3_daemon::runner: batch kind="embed" subject=1 x smart jobs=1 ms=1
2026-08-28T10:59:05.545303Z  INFO fs3_daemon::runner: done kind="embed" id=673173 left=29472
2026-08-28T10:59:05.637182Z  INFO fs3_daemon::runner: done kind=summarize subject=docs/plans/062-workunit-worktree-resolution/research-dossier.md::Research Report: Work Unit Worktree Resolution::How It Currently Works::Three-Layer Pattern (established codebase convention) ms=18 left=29472
2026-08-28T10:59:05.644595Z  INFO fs3_daemon::runner: batch kind="embed" subject=1 x smart jobs=1 ms=1
2026-08-28T10:59:05.655817Z  INFO fs3_daemon::runner: done kind="embed" id=673174 left=29471
2026-08-28T10:59:05.738727Z  INFO fs3_daemon::runner: done kind=summarize subject=docs/plans/062-workunit-worktree-resolution/research-dossier.md::Research Report: Work Unit Worktree Resolution::How It Currently Works::The Correct Pattern (from workflow-actions.ts) ms=15 left=29471
2026-08-28T10:59:05.742251Z  INFO fs3_daemon::runner: batch kind="embed" subject=1 x smart jobs=1 ms=0
2026-08-28T10:59:05.752944Z  INFO fs3_daemon::runner: done kind="embed" id=673175 left=29470
2026-08-28T10:59:05.835490Z  INFO fs3_daemon::runner: done kind=summarize subject=docs/plans/062-workunit-worktree-resolution/research-dossier.md::Research Report: Work Unit Worktree Resolution::How It Currently Works::The Bug: Hardcoded Main Workspace Path ms=16 left=29470
2026-08-28T10:59:05.837452Z  INFO fs3_daemon::runner: batch kind="embed" subject=1 x smart jobs=1 ms=0
2026-08-28T10:59:05.850662Z  INFO fs3_daemon::runner: done kind="embed" id=673176 left=29469
2026-08-28T10:59:05.935543Z  INFO fs3_daemon::runner: done kind=summarize subject=docs/plans/062-workunit-worktree-resolution/research-dossier.md::Research Report: Work Unit Worktree Resolution::How It Currently Works ms=15 left=29469
2026-08-28T10:59:05.938617Z  INFO fs3_daemon::runner: batch kind="embed" subject=1 x smart jobs=1 ms=0
2026-08-28T10:59:05.951072Z  INFO fs3_daemon::runner: done kind="embed" id=673177 left=29468
2026-08-28T10:59:06.032421Z  INFO fs3_daemon::runner: done kind=summarize subject=docs/plans/062-workunit-worktree-resolution/research-dossier.md::Research Report: Work Unit Worktree Resolution::Executive Summary ms=12 left=29468
2026-08-28T10:59:06.040360Z  INFO fs3_daemon::runner: batch kind="embed" subject=1 x smart jobs=1 ms=0
2026-08-28T10:59:06.053258Z  INFO fs3_daemon::runner: done kind="embed" id=673178 left=29467
2026-08-28T10:59:06.146996Z  INFO fs3_daemon::runner: done kind=summarize subject=docs/plans/062-workunit-worktree-resolution/research-dossier.md::Research Report: Work Unit Worktree Resolution ms=15 left=29467
2026-08-28T10:59:06.151531Z  INFO fs3_daemon::runner: batch kind="embed" subject=1 x smart jobs=1 ms=2
2026-08-28T10:59:06.167589Z  INFO fs3_daemon::runner: done kind="embed" id=673179 left=29466
2026-08-28T10:59:06.246656Z  INFO fs3_daemon::runner: done kind=summarize subject=docs/plans/061-workflow-events/workshops/001-workflow-events-domain.md::Workshop: WorkflowEvents — First-Class Convenience Domain for Workflow Event Interactions::Summary ms=12 left=29466
2026-08-28T10:59:06.254430Z  INFO fs3_daemon::runner: batch kind="embed" subject=1 x smart jobs=1 ms=1
2026-08-28T10:59:06.266237Z  INFO fs3_daemon::runner: done kind="embed" id=673180 left=29465
2026-08-28T10:59:06.351913Z  INFO fs3_daemon::runner: done kind=summarize subject=docs/plans/061-workflow-events/workshops/001-workflow-events-domain.md::Workshop: WorkflowEvents — First-Class Convenience Domain for Workflow Event Interactions::Open Questions ms=14 left=29465
2026-08-28T10:59:06.357243Z  INFO fs3_daemon::runner: batch kind="embed" subject=1 x smart jobs=1 ms=1
2026-08-28T10:59:06.369033Z  INFO fs3_daemon::runner: done kind="embed" id=673181 left=29464
2026-08-28T10:59:06.454828Z  INFO fs3_daemon::runner: done kind=summarize subject=docs/plans/061-workflow-events/workshops/001-workflow-events-domain.md::Workshop: WorkflowEvents — First-Class Convenience Domain for Workflow Event Interactions::Q7: Where Does This Domain Live?::Dependency Direction ms=16 left=29464
2026-08-28T10:59:06.459577Z  INFO fs3_daemon::runner: batch kind="embed" subject=1 x smart jobs=1 ms=2
2026-08-28T10:59:06.471399Z  INFO fs3_daemon::runner: done kind="embed" id=673182 left=29463
2026-08-28T10:59:06.566153Z  INFO fs3_daemon::runner: done kind=summarize subject=docs/plans/061-workflow-events/workshops/001-workflow-events-domain.md::Workshop: WorkflowEvents — First-Class Convenience Domain for Workflow Event Interactions::Q7: Where Does This Domain Live?::Domain Relationships ms=18 left=29463
2026-08-28T10:59:06.569672Z  INFO fs3_daemon::runner: batch kind="embed" subject=1 x smart jobs=1 ms=0
2026-08-28T10:59:06.582121Z  INFO fs3_daemon::runner: done kind="embed" id=673183 left=29462
2026-08-28T10:59:06.672960Z  INFO fs3_daemon::runner: done kind=summarize subject=docs/plans/061-workflow-events/workshops/001-workflow-events-domain.md::Workshop: WorkflowEvents — First-Class Convenience Domain for Workflow Event Interactions::Q7: Where Does This Domain Live? ms=18 left=29462
2026-08-28T10:59:06.676455Z  INFO fs3_daemon::runner: batch kind="embed" subject=1 x smart jobs=1 ms=0
2026-08-28T10:59:06.689190Z  INFO fs3_daemon::runner: done kind="embed" id=673184 left=29461
2026-08-28T10:59:06.788525Z  INFO fs3_daemon::runner: done kind=summarize subject=docs/plans/061-workflow-events/workshops/001-workflow-events-domain.md::Workshop: WorkflowEvents — First-Class Convenience Domain for Workflow Event Interactions::Q6: Migration Work — "Upgrade" to First-Class Domain::Migration Order ms=19 left=29461
2026-08-28T10:59:06.790637Z  INFO fs3_daemon::runner: batch kind="embed" subject=1 x smart jobs=1 ms=0
2026-08-28T10:59:06.803523Z  INFO fs3_daemon::runner: done kind="embed" id=673185 left=29460
2026-08-28T10:59:06.901247Z  INFO fs3_daemon::runner: done kind=summarize subject=docs/plans/061-workflow-events/workshops/001-workflow-events-domain.md::Workshop: WorkflowEvents — First-Class Convenience Domain for Workflow Event Interactions::Q6: Migration Work — "Upgrade" to First-Class Domain::What Needs to Change ms=16 left=29460
2026-08-28T10:59:06.905276Z  INFO fs3_daemon::runner: batch kind="embed" subject=1 x smart jobs=1 ms=1
2026-08-28T10:59:06.918604Z  INFO fs3_daemon::runner: done kind="embed" id=673186 left=29459
2026-08-28T10:59:07.006331Z  INFO fs3_daemon::runner: done kind=summarize subject=docs/plans/061-workflow-events/workshops/001-workflow-events-domain.md::Workshop: WorkflowEvents — First-Class Convenience Domain for Workflow Event Interactions::Q6: Migration Work — "Upgrade" to First-Class Domain ms=20 left=29459
2026-08-28T10:59:07.011445Z  INFO fs3_daemon::runner: batch kind="embed" subject=1 x smart jobs=1 ms=0
2026-08-28T10:59:07.025519Z  INFO fs3_daemon::runner: done kind="embed" id=673187 left=29458
2026-08-28T10:59:07.123668Z  INFO fs3_daemon::runner: done kind=summarize subject=docs/plans/061-workflow-events/workshops/001-workflow-events-domain.md::Workshop: WorkflowEvents — First-Class Convenience Domain for Workflow Event Interactions::Q5: How Does WorkUnitStateService Consume These Events? ms=18 left=29458
2026-08-28T10:59:07.126941Z  INFO fs3_daemon::runner: batch kind="embed" subject=1 x smart jobs=1 ms=0
2026-08-28T10:59:07.139018Z  INFO fs3_daemon::runner: done kind="embed" id=673188 left=29457
2026-08-28T10:59:07.224422Z  INFO fs3_daemon::runner: done kind=summarize subject=docs/plans/061-workflow-events/workshops/001-workflow-events-domain.md::Workshop: WorkflowEvents — First-Class Convenience Domain for Workflow Event Interactions::Q4: Beyond QnA — Status Updates, Progress, Custom Events ms=13 left=29457
2026-08-28T10:59:07.231136Z  INFO fs3_daemon::runner: batch kind="embed" subject=1 x smart jobs=1 ms=0
2026-08-28T10:59:07.242464Z  INFO fs3_daemon::runner: done kind="embed" id=673189 left=29456
2026-08-28T10:59:07.323725Z  INFO fs3_daemon::runner: done kind=summarize subject=docs/plans/061-workflow-events/workshops/001-workflow-events-domain.md::Workshop: WorkflowEvents — First-Class Convenience Domain for Workflow Event Interactions::Q3: How Does This Layer on Top?::Implementation Sketch ms=12 left=29456
2026-08-28T10:59:07.333291Z  INFO fs3_daemon::runner: batch kind="embed" subject=1 x smart jobs=1 ms=3
2026-08-28T10:59:07.346697Z  INFO fs3_daemon::runner: done kind="embed" id=673190 left=29455
2026-08-28T10:59:07.434017Z  INFO fs3_daemon::runner: done kind=summarize subject=docs/plans/061-workflow-events/workshops/001-workflow-events-domain.md::Workshop: WorkflowEvents — First-Class Convenience Domain for Workflow Event Interactions::Q3: How Does This Layer on Top? ms=15 left=29455
2026-08-28T10:59:07.439394Z  INFO fs3_daemon::runner: batch kind="embed" subject=1 x smart jobs=1 ms=0
2026-08-28T10:59:07.449749Z  INFO fs3_daemon::runner: done kind="embed" id=673191 left=29454
2026-08-28T10:59:07.530062Z  INFO fs3_daemon::runner: done kind=summarize subject=docs/plans/061-workflow-events/workshops/001-workflow-events-domain.md::Workshop: WorkflowEvents — First-Class Convenience Domain for Workflow Event Interactions::Q2: Public API::Input/Output Types ms=13 left=29454
2026-08-28T10:59:07.537643Z  INFO fs3_daemon::runner: batch kind="embed" subject=1 x smart jobs=1 ms=0
2026-08-28T10:59:07.548172Z  INFO fs3_daemon::runner: done kind="embed" id=673192 left=29453
2026-08-28T10:59:07.639719Z  INFO fs3_daemon::runner: done kind=summarize subject=docs/plans/061-workflow-events/workshops/001-workflow-events-domain.md::Workshop: WorkflowEvents — First-Class Convenience Domain for Workflow Event Interactions::Q2: Public API ms=18 left=29453
2026-08-28T10:59:07.639822Z  INFO fs3_daemon::runner: batch kind="embed" subject=1 x smart jobs=1 ms=0
2026-08-28T10:59:07.653045Z  INFO fs3_daemon::runner: done kind="embed" id=673193 left=29452
2026-08-28T10:59:07.769101Z  INFO fs3_daemon::runner: batch kind="embed" subject=1 x smart jobs=1 ms=0
2026-08-28T10:59:07.769419Z  INFO fs3_daemon::runner: done kind=summarize subject=docs/plans/061-workflow-events/workshops/001-workflow-events-domain.md::Workshop: WorkflowEvents — First-Class Convenience Domain for Workflow Event Interactions::Q1: What is WorkflowEvents?::What It Does NOT Own ms=31 left=29452
2026-08-28T10:59:07.797526Z  INFO fs3_daemon::runner: done kind="embed" id=673194 left=29451
2026-08-28T10:59:07.907152Z  INFO fs3_daemon::runner: done kind=summarize subject=docs/plans/061-workflow-events/workshops/001-workflow-events-domain.md::Workshop: WorkflowEvents — First-Class Convenience Domain for Workflow Event Interactions::Q1: What is WorkflowEvents? ms=33 left=29451
2026-08-28T10:59:07.910552Z  INFO fs3_daemon::runner: batch kind="embed" subject=1 x smart jobs=1 ms=0
2026-08-28T10:59:07.930149Z  INFO fs3_daemon::runner: done kind="embed" id=673195 left=29450
2026-08-28T10:59:08.031337Z  INFO fs3_daemon::runner: done kind=summarize subject=docs/plans/061-workflow-events/workshops/001-workflow-events-domain.md::Workshop: WorkflowEvents — First-Class Convenience Domain for Workflow Event Interactions::Key Questions Addressed ms=26 left=29450
2026-08-28T10:59:08.037773Z  INFO fs3_daemon::runner: batch kind="embed" subject=1 x smart jobs=1 ms=1
2026-08-28T10:59:08.060982Z  INFO fs3_daemon::runner: done kind="embed" id=673196 left=29449
2026-08-28T10:59:08.164261Z  INFO fs3_daemon::runner: batch kind="embed" subject=1 x smart jobs=1 ms=4
2026-08-28T10:59:08.180270Z  INFO fs3_daemon::runner: done kind=summarize subject=docs/plans/061-workflow-events/workshops/001-workflow-events-domain.md::Workshop: WorkflowEvents — First-Class Convenience Domain for Workflow Event Interactions::The Problem Today ms=46 left=29449
2026-08-28T10:59:08.189794Z  INFO fs3_daemon::runner: done kind="embed" id=673197 left=29448
2026-08-28T10:59:08.299248Z  INFO fs3_daemon::runner: done kind=summarize subject=docs/plans/061-workflow-events/workshops/001-workflow-events-domain.md::Workshop: WorkflowEvents — First-Class Convenience Domain for Workflow Event Interactions ms=28 left=29448
2026-08-28T10:59:08.304588Z  INFO fs3_daemon::runner: batch kind="embed" subject=1 x smart jobs=1 ms=2
2026-08-28T10:59:08.328652Z  INFO fs3_daemon::runner: done kind="embed" id=673198 left=29447
2026-08-28T10:59:08.440647Z  INFO fs3_daemon::runner: done kind=summarize subject=docs/plans/061-workflow-events/workflow-events-spec.md::WorkflowEvents — First-Class Convenience Domain for Workflow Event Interactions::Clarifications::Session 2026-03-01 ms=32 left=29447
2026-08-28T10:59:08.447338Z  INFO fs3_daemon::runner: batch kind="embed" subject=1 x smart jobs=1 ms=6
2026-08-28T10:59:08.468860Z  INFO fs3_daemon::runner: done kind="embed" id=673199 left=29446
2026-08-28T10:59:08.583145Z  INFO fs3_daemon::runner: done kind=summarize subject=docs/plans/061-workflow-events/workflow-events-spec.md::WorkflowEvents — First-Class Convenience Domain for Workflow Event Interactions::Clarifications ms=32 left=29446
2026-08-28T10:59:08.587653Z  INFO fs3_daemon::runner: batch kind="embed" subject=1 x smart jobs=1 ms=1
2026-08-28T10:59:08.611307Z  INFO fs3_daemon::runner: done kind="embed" id=673200 left=29445
2026-08-28T10:59:08.729300Z  INFO fs3_daemon::runner: batch kind="embed" subject=1 x smart jobs=1 ms=0
2026-08-28T10:59:08.753190Z  INFO fs3_daemon::runner: done kind=summarize subject=docs/plans/061-workflow-events/workflow-events-spec.md::WorkflowEvents — First-Class Convenience Domain for Workflow Event Interactions::Risks & Assumptions ms=63 left=29445
2026-08-28T10:59:08.766192Z  INFO fs3_daemon::runner: done kind="embed" id=673201 left=29444
2026-08-28T10:59:08.881181Z  INFO fs3_daemon::runner: done kind=summarize subject=docs/plans/061-workflow-events/workflow-events-spec.md::WorkflowEvents — First-Class Convenience Domain for Workflow Event Interactions::Acceptance Criteria ms=33 left=29444
2026-08-28T10:59:08.889024Z  INFO fs3_daemon::runner: batch kind="embed" subject=1 x smart jobs=1 ms=0
2026-08-28T10:59:08.915866Z  INFO fs3_daemon::runner: done kind="embed" id=673202 left=29443
2026-08-28T10:59:09.022871Z  INFO fs3_daemon::runner: done kind=summarize subject=docs/plans/061-workflow-events/workflow-events-spec.md::WorkflowEvents — First-Class Convenience Domain for Workflow Event Interactions::Complexity ms=28 left=29443
2026-08-28T10:59:09.028217Z  INFO fs3_daemon::runner: batch kind="embed" subject=1 x smart jobs=1 ms=3
2026-08-28T10:59:09.054136Z  INFO fs3_daemon::runner: done kind="embed" id=673203 left=29442
2026-08-28T10:59:09.168831Z  INFO fs3_daemon::runner: batch kind="embed" subject=1 x smart jobs=1 ms=1
2026-08-28T10:59:09.198441Z  INFO fs3_daemon::runner: done kind=summarize subject=docs/plans/061-workflow-events/workflow-events-spec.md::WorkflowEvents — First-Class Convenience Domain for Workflow Event Interactions::Target Domains ms=67 left=29442
2026-08-28T10:59:09.210843Z  INFO fs3_daemon::runner: done kind="embed" id=673204 left=29441
2026-08-28T10:59:09.331278Z  INFO fs3_daemon::runner: done kind=summarize subject=docs/plans/061-workflow-events/workflow-events-spec.md::WorkflowEvents — First-Class Convenience Domain for Workflow Event Interactions::Non-Goals ms=24 left=29441
2026-08-28T10:59:09.374689Z  INFO fs3_daemon::runner: progress phase="working" scanned=62552 scan_left=33 summarized=128741 summarize_left=29407 embedded=208453 embed_left=1 failed=0
2026-08-28T10:59:09.399444Z  INFO fs3_daemon::runner: batch kind="embed" subject=2 x smart jobs=2 ms=0
2026-08-28T10:59:09.410668Z  INFO fs3_daemon::runner: done kind="embed" id=673205 left=29440
2026-08-28T10:59:09.487308Z  INFO fs3_daemon::runner: done kind="embed" id=673206 left=29439
2026-08-28T10:59:09.581778Z  INFO fs3_daemon::runner: done kind=summarize subject=docs/plans/061-workflow-events/workflow-events-spec.md::WorkflowEvents — First-Class Convenience Domain for Workflow Event Interactions::Goals ms=21 left=29439
2026-08-28T10:59:09.609622Z  INFO fs3_daemon::runner: done kind=summarize subject=docs/plans/061-workflow-events/workflow-events-spec.md::WorkflowEvents — First-Class Convenience Domain for Workflow Event Interactions::Research Context ms=22 left=29439
2026-08-28T10:59:09.617333Z  INFO fs3_daemon::runner: batch kind="embed" subject=1 x smart jobs=1 ms=1
2026-08-28T10:59:09.630417Z  INFO fs3_daemon::runner: done kind="embed" id=673207 left=29438
2026-08-28T10:59:09.733179Z  INFO fs3_daemon::runner: done kind=summarize subject=docs/plans/061-workflow-events/workflow-events-spec.md::WorkflowEvents — First-Class Convenience Domain for Workflow Event Interactions ms=18 left=29438
2026-08-28T10:59:09.747486Z  INFO fs3_daemon::runner: batch kind="embed" subject=1 x smart jobs=1 ms=0
2026-08-28T10:59:09.760716Z  INFO fs3_daemon::runner: done kind="embed" id=673208 left=29437
2026-08-28T10:59:09.858990Z  INFO fs3_daemon::runner: done kind=summarize subject=docs/plans/061-workflow-events/workflow-events-plan.md::WorkflowEvents — Implementation Plan::Acceptance Criteria ms=16 left=29437
2026-08-28T10:59:09.865645Z  INFO fs3_daemon::runner: batch kind="embed" subject=1 x smart jobs=1 ms=0
2026-08-28T10:59:09.886609Z  INFO fs3_daemon::runner: done kind="embed" id=673209 left=29436
2026-08-28T10:59:09.979775Z  INFO fs3_daemon::runner: batch kind="embed" subject=1 x smart jobs=1 ms=0
2026-08-28T10:59:09.983786Z  INFO fs3_daemon::runner: done kind=summarize subject=docs/plans/061-workflow-events/workflow-events-plan.md::WorkflowEvents — Implementation Plan::Phases::Phase 4: E2E Test Updates and Documentation ms=25 left=29436
2026-08-28T10:59:09.992986Z  INFO fs3_daemon::runner: done kind="embed" id=673210 left=29435
2026-08-28T10:59:10.085108Z  INFO fs3_daemon::runner: done kind=summarize subject=docs/plans/061-workflow-events/workflow-events-plan.md::WorkflowEvents — Implementation Plan::Phases::Phase 3: Consumer Migration ms=20 left=29435
2026-08-28T10:59:10.088040Z  INFO fs3_daemon::runner: batch kind="embed" subject=1 x smart jobs=1 ms=0
2026-08-28T10:59:10.097949Z  INFO fs3_daemon::runner: done kind="embed" id=673211 left=29434
2026-08-28T10:59:10.183367Z  INFO fs3_daemon::runner: done kind=summarize subject=docs/plans/061-workflow-events/workflow-events-plan.md::WorkflowEvents — Implementation Plan::Phases::Phase 2: Implementation and Contract Tests ms=16 left=29434
2026-08-28T10:59:10.186934Z  INFO fs3_daemon::runner: batch kind="embed" subject=1 x smart jobs=1 ms=1
2026-08-28T10:59:10.198583Z  INFO fs3_daemon::runner: done kind="embed" id=673212 left=29433
2026-08-28T10:59:10.286246Z  INFO fs3_daemon::runner: done kind=summarize subject=docs/plans/061-workflow-events/workflow-events-plan.md::WorkflowEvents — Implementation Plan::Phases::Phase 1: Interface, Types, and Constants ms=17 left=29433
2026-08-28T10:59:10.291610Z  INFO fs3_daemon::runner: batch kind="embed" subject=1 x smart jobs=1 ms=2
2026-08-28T10:59:10.308263Z  INFO fs3_daemon::runner: done kind="embed" id=673213 left=29432
2026-08-28T10:59:10.396878Z  INFO fs3_daemon::runner: done kind=summarize subject=docs/plans/061-workflow-events/workflow-events-plan.md::WorkflowEvents — Implementation Plan::Phases ms=22 left=29432
2026-08-28T10:59:10.401939Z  INFO fs3_daemon::runner: batch kind="embed" subject=1 x smart jobs=1 ms=0
2026-08-28T10:59:10.417263Z  INFO fs3_daemon::runner: done kind="embed" id=673214 left=29431
2026-08-28T10:59:10.505801Z  INFO fs3_daemon::runner: done kind=summarize subject=docs/plans/061-workflow-events/workflow-events-plan.md::WorkflowEvents — Implementation Plan::Key Findings ms=21 left=29431
2026-08-28T10:59:10.507823Z  INFO fs3_daemon::runner: batch kind="embed" subject=1 x smart jobs=1 ms=0
2026-08-28T10:59:10.517249Z  INFO fs3_daemon::runner: done kind="embed" id=673215 left=29430
2026-08-28T10:59:10.600299Z  INFO fs3_daemon::runner: done kind=summarize subject=docs/plans/061-workflow-events/workflow-events-plan.md::WorkflowEvents — Implementation Plan::Domain Manifest ms=15 left=29430
2026-08-28T10:59:10.605732Z  INFO fs3_daemon::runner: batch kind="embed" subject=1 x smart jobs=1 ms=0
2026-08-28T10:59:10.617990Z  INFO fs3_daemon::runner: done kind="embed" id=673216 left=29429
2026-08-28T10:59:10.701323Z  INFO fs3_daemon::runner: done kind=summarize subject=docs/plans/061-workflow-events/workflow-events-plan.md::WorkflowEvents — Implementation Plan::Target Domains ms=13 left=29429
2026-08-28T10:59:10.712384Z  INFO fs3_daemon::runner: batch kind="embed" subject=1 x smart jobs=1 ms=0
2026-08-28T10:59:10.726962Z  INFO fs3_daemon::runner: done kind="embed" id=673217 left=29428
2026-08-28T10:59:10.810094Z  INFO fs3_daemon::runner: done kind=summarize subject=docs/plans/061-workflow-events/workflow-events-plan.md::WorkflowEvents — Implementation Plan ms=13 left=29428
2026-08-28T10:59:10.816436Z  INFO fs3_daemon::runner: batch kind="embed" subject=1 x smart jobs=1 ms=0
2026-08-28T10:59:10.832446Z  INFO fs3_daemon::runner: done kind="embed" id=673218 left=29427
2026-08-28T10:59:10.919042Z  INFO fs3_daemon::runner: done kind=summarize subject=docs/plans/061-workflow-events/tasks/phase-4-e2e-updates-documentation/tasks.md::Phase 4: E2E Test Updates and Documentation — Task Dossier::Directory Layout ms=14 left=29427
2026-08-28T10:59:10.921669Z  INFO fs3_daemon::runner: batch kind="embed" subject=1 x smart jobs=1 ms=0
2026-08-28T10:59:10.932510Z  INFO fs3_daemon::runner: done kind="embed" id=673219 left=29426
2026-08-28T10:59:11.018007Z  INFO fs3_daemon::runner: done kind=summarize subject=docs/plans/061-workflow-events/tasks/phase-4-e2e-updates-documentation/tasks.md::Phase 4: E2E Test Updates and Documentation — Task Dossier::Discoveries & Learnings ms=14 left=29426
2026-08-28T10:59:11.021310Z  INFO fs3_daemon::runner: batch kind="embed" subject=1 x smart jobs=1 ms=1
2026-08-28T10:59:11.031821Z  INFO fs3_daemon::runner: done kind="embed" id=673220 left=29425
2026-08-28T10:59:11.117970Z  INFO fs3_daemon::runner: done kind=summarize subject=docs/plans/061-workflow-events/tasks/phase-4-e2e-updates-documentation/tasks.md::Phase 4: E2E Test Updates and Documentation — Task Dossier::Context Brief::Patterns to Follow ms=17 left=29425
2026-08-28T10:59:11.118761Z  INFO fs3_daemon::runner: batch kind="embed" subject=1 x smart jobs=1 ms=0
2026-08-28T10:59:11.129742Z  INFO fs3_daemon::runner: done kind="embed" id=673221 left=29424
2026-08-28T10:59:11.218257Z  INFO fs3_daemon::runner: done kind=summarize subject=docs/plans/061-workflow-events/tasks/phase-4-e2e-updates-documentation/tasks.md::Phase 4: E2E Test Updates and Documentation — Task Dossier::Context Brief ms=16 left=29424
2026-08-28T10:59:11.223876Z  INFO fs3_daemon::runner: batch kind="embed" subject=1 x smart jobs=1 ms=0
2026-08-28T10:59:11.235111Z  INFO fs3_daemon::runner: done kind="embed" id=673222 left=29423
2026-08-28T10:59:11.324538Z  INFO fs3_daemon::runner: batch kind="embed" subject=1 x smart jobs=1 ms=0
2026-08-28T10:59:11.326110Z  INFO fs3_daemon::runner: done kind=summarize subject=docs/plans/061-workflow-events/tasks/phase-4-e2e-updates-documentation/tasks.md::Phase 4: E2E Test Updates and Documentation — Task Dossier::Tasks ms=18 left=29423
2026-08-28T10:59:11.334541Z  INFO fs3_daemon::runner: done kind="embed" id=673223 left=29422
2026-08-28T10:59:11.439911Z  INFO fs3_daemon::runner: batch kind="embed" subject=1 x smart jobs=1 ms=0
2026-08-28T10:59:11.446638Z  INFO fs3_daemon::runner: done kind=summarize subject=docs/plans/061-workflow-events/tasks/phase-4-e2e-updates-documentation/tasks.md::Phase 4: E2E Test Updates and Documentation — Task Dossier::Architecture Map ms=30 left=29422
2026-08-28T10:59:11.454356Z  INFO fs3_daemon::runner: done kind="embed" id=673224 left=29421
2026-08-28T10:59:11.536160Z  INFO fs3_daemon::runner: done kind=summarize subject=docs/plans/061-workflow-events/tasks/phase-4-e2e-updates-documentation/tasks.md::Phase 4: E2E Test Updates and Documentation — Task Dossier::Pre-Implementation Check::Files that should NOT change ms=19 left=29421
2026-08-28T10:59:11.540701Z  INFO fs3_daemon::runner: batch kind="embed" subject=1 x smart jobs=1 ms=0
2026-08-28T10:59:11.552468Z  INFO fs3_daemon::runner: done kind="embed" id=673225 left=29420
2026-08-28T10:59:11.640167Z  INFO fs3_daemon::runner: done kind=summarize subject=docs/plans/061-workflow-events/tasks/phase-4-e2e-updates-documentation/tasks.md::Phase 4: E2E Test Updates and Documentation — Task Dossier::Pre-Implementation Check::Magic strings to replace (consumer code only) ms=18 left=29420
2026-08-28T10:59:11.644740Z  INFO fs3_daemon::runner: batch kind="embed" subject=1 x smart jobs=1 ms=0
2026-08-28T10:59:11.661612Z  INFO fs3_daemon::runner: done kind="embed" id=673226 left=29419
2026-08-28T10:59:11.755020Z  INFO fs3_daemon::runner: done kind=summarize subject=docs/plans/061-workflow-events/tasks/phase-4-e2e-updates-documentation/tasks.md::Phase 4: E2E Test Updates and Documentation — Task Dossier::Pre-Implementation Check ms=18 left=29419
2026-08-28T10:59:11.759867Z  INFO fs3_daemon::runner: batch kind="embed" subject=1 x smart jobs=1 ms=0
2026-08-28T10:59:11.771722Z  INFO fs3_daemon::runner: done kind="embed" id=673227 left=29418
2026-08-28T10:59:11.848638Z  INFO fs3_daemon::runner: done kind=summarize subject=docs/plans/061-workflow-events/tasks/phase-4-e2e-updates-documentation/tasks.md::Phase 4: E2E Test Updates and Documentation — Task Dossier::Prior Phase Context::Phases 1-3 Summary ms=11 left=29418
2026-08-28T10:59:11.855883Z  INFO fs3_daemon::runner: batch kind="embed" subject=1 x smart jobs=1 ms=0
2026-08-28T10:59:11.870011Z  INFO fs3_daemon::runner: done kind="embed" id=673228 left=29417
2026-08-28T10:59:11.951633Z  INFO fs3_daemon::runner: done kind=summarize subject=docs/plans/061-workflow-events/tasks/phase-4-e2e-updates-documentation/tasks.md::Phase 4: E2E Test Updates and Documentation — Task Dossier::Prior Phase Context ms=13 left=29417
2026-08-28T10:59:11.956839Z  INFO fs3_daemon::runner: batch kind="embed" subject=1 x smart jobs=1 ms=0
2026-08-28T10:59:11.967728Z  INFO fs3_daemon::runner: done kind="embed" id=673229 left=29416
2026-08-28T10:59:12.061851Z  INFO fs3_daemon::runner: done kind=summarize subject=docs/plans/061-workflow-events/tasks/phase-4-e2e-updates-documentation/tasks.md::Phase 4: E2E Test Updates and Documentation — Task Dossier::Executive Briefing ms=22 left=29416
2026-08-28T10:59:12.062803Z  INFO fs3_daemon::runner: batch kind="embed" subject=1 x smart jobs=1 ms=0
2026-08-28T10:59:12.073660Z  INFO fs3_daemon::runner: done kind="embed" id=673230 left=29415
2026-08-28T10:59:12.158312Z  INFO fs3_daemon::runner: done kind=summarize subject=docs/plans/061-workflow-events/tasks/phase-4-e2e-updates-documentation/tasks.md::Phase 4: E2E Test Updates and Documentation — Task Dossier ms=15 left=29415
2026-08-28T10:59:12.162477Z  INFO fs3_daemon::runner: batch kind="embed" subject=1 x smart jobs=1 ms=0
2026-08-28T10:59:12.172334Z  INFO fs3_daemon::runner: done kind="embed" id=673231 left=29414
2026-08-28T10:59:12.257234Z  INFO fs3_daemon::runner: done kind=summarize subject=docs/plans/061-workflow-events/tasks/phase-4-e2e-updates-documentation/tasks.fltplan.md::Flight Plan: Phase 4 — E2E Test Updates and Documentation::Checklist ms=16 left=29414
2026-08-28T10:59:12.261296Z  INFO fs3_daemon::runner: batch kind="embed" subject=1 x smart jobs=1 ms=1
2026-08-28T10:59:12.276579Z  INFO fs3_daemon::runner: done kind="embed" id=673232 left=29413
2026-08-28T10:59:12.376489Z  INFO fs3_daemon::runner: done kind=summarize subject=docs/plans/061-workflow-events/tasks/phase-4-e2e-updates-documentation/tasks.fltplan.md::Flight Plan: Phase 4 — E2E Test Updates and Documentation::Stages ms=26 left=29413
2026-08-28T10:59:12.380342Z  INFO fs3_daemon::runner: batch kind="embed" subject=1 x smart jobs=1 ms=4
2026-08-28T10:59:12.401226Z  INFO fs3_daemon::runner: done kind="embed" id=673233 left=29412
2026-08-28T10:59:12.501356Z  INFO fs3_daemon::runner: batch kind="embed" subject=1 x smart jobs=1 ms=1
2026-08-28T10:59:12.504411Z  INFO fs3_daemon::runner: done kind=summarize subject=docs/plans/061-workflow-events/tasks/phase-4-e2e-updates-documentation/tasks.fltplan.md::Flight Plan: Phase 4 — E2E Test Updates and Documentation::Flight Status ms=30 left=29412
2026-08-28T10:59:12.526648Z  INFO fs3_daemon::runner: done kind="embed" id=673234 left=29411
2026-08-28T10:59:12.630740Z  INFO fs3_daemon::runner: batch kind="embed" subject=1 x smart jobs=1 ms=0
2026-08-28T10:59:12.645082Z  INFO fs3_daemon::runner: done kind=summarize subject=docs/plans/061-workflow-events/tasks/phase-4-e2e-updates-documentation/tasks.fltplan.md::Flight Plan: Phase 4 — E2E Test Updates and Documentation ms=45 left=29411
2026-08-28T10:59:12.654992Z  INFO fs3_daemon::runner: done kind="embed" id=673235 left=29410
2026-08-28T10:59:12.766317Z  INFO fs3_daemon::runner: batch kind="embed" subject=1 x smart jobs=1 ms=0
2026-08-28T10:59:12.787882Z  INFO fs3_daemon::runner: done kind=summarize subject=docs/plans/061-workflow-events/tasks/phase-3-consumer-migration/tasks.md::Phase 3: Consumer Migration — Task Dossier::Directory Layout ms=49 left=29410
2026-08-28T10:59:12.804404Z  INFO fs3_daemon::runner: done kind="embed" id=673236 left=29409
2026-08-28T10:59:12.913375Z  INFO fs3_daemon::runner: batch kind="embed" subject=1 x smart jobs=1 ms=0
2026-08-28T10:59:12.926894Z  INFO fs3_daemon::runner: done kind=summarize subject=docs/plans/061-workflow-events/tasks/phase-4-e2e-updates-documentation/execution.log.md::Execution Log: Phase 4 — E2E Test Updates and Documentation::Task C: Final regression ms=33 left=29409
2026-08-28T10:59:12.938576Z  INFO fs3_daemon::runner: done kind="embed" id=673237 left=29408
2026-08-28T10:59:13.050874Z  INFO fs3_daemon::runner: done kind=summarize subject=docs/plans/061-workflow-events/tasks/phase-3-consumer-migration/tasks.md::Phase 3: Consumer Migration — Task Dossier::Discoveries & Learnings ms=33 left=29408
2026-08-28T10:59:13.056395Z  INFO fs3_daemon::runner: batch kind="embed" subject=1 x smart jobs=1 ms=0
2026-08-28T10:59:13.084150Z  INFO fs3_daemon::runner: done kind="embed" id=673238 left=29407
2026-08-28T10:59:13.184623Z  INFO fs3_daemon::runner: batch kind="embed" subject=1 x smart jobs=1 ms=0
2026-08-28T10:59:13.203909Z  INFO fs3_daemon::runner: done kind=summarize subject=docs/plans/061-workflow-events/tasks/phase-4-e2e-updates-documentation/execution.log.md::Execution Log: Phase 4 — E2E Test Updates and Documentation::Task B: Replace programmatic magic strings ms=43 left=29407
2026-08-28T10:59:13.218258Z  INFO fs3_daemon::runner: done kind="embed" id=673239 left=29406
2026-08-28T10:59:13.356123Z  INFO fs3_daemon::runner: batch kind="embed" subject=1 x smart jobs=1 ms=0
2026-08-28T10:59:13.368831Z  INFO fs3_daemon::runner: done kind=summarize subject=docs/plans/061-workflow-events/tasks/phase-3-consumer-migration/tasks.md::Phase 3: Consumer Migration — Task Dossier::Context Brief::Sequence: CLI Answer Migration (Finding 02 Fix) ms=41 left=29406
2026-08-28T10:59:13.380790Z  INFO fs3_daemon::runner: done kind="embed" id=673240 left=29405
2026-08-28T10:59:13.494380Z  INFO fs3_daemon::runner: batch kind="embed" subject=1 x smart jobs=1 ms=0
2026-08-28T10:59:13.515236Z  INFO fs3_daemon::runner: done kind=summarize subject=docs/plans/061-workflow-events/tasks/phase-4-e2e-updates-documentation/execution.log.md::Execution Log: Phase 4 — E2E Test Updates and Documentation::Task A: Write integration guide ms=56 left=29405
2026-08-28T10:59:13.526584Z  INFO fs3_daemon::runner: done kind="embed" id=673241 left=29404
2026-08-28T10:59:13.639708Z  INFO fs3_daemon::runner: done kind=summarize subject=docs/plans/061-workflow-events/tasks/phase-3-consumer-migration/tasks.md::Phase 3: Consumer Migration — Task Dossier::Context Brief::Data Flow: After Migration ms=28 left=29404
2026-08-28T10:59:13.646948Z  INFO fs3_daemon::runner: batch kind="embed" subject=1 x smart jobs=1 ms=0
2026-08-28T10:59:13.671282Z  INFO fs3_daemon::runner: done kind="embed" id=673242 left=29403
2026-08-28T10:59:13.776930Z  INFO fs3_daemon::runner: batch kind="embed" subject=1 x smart jobs=1 ms=0
2026-08-28T10:59:13.795867Z  INFO fs3_daemon::runner: done kind=summarize subject=docs/plans/061-workflow-events/tasks/phase-4-e2e-updates-documentation/execution.log.md::Execution Log: Phase 4 — E2E Test Updates and Documentation ms=46 left=29403
2026-08-28T10:59:13.806937Z  INFO fs3_daemon::runner: done kind="embed" id=673243 left=29402
2026-08-28T10:59:13.907569Z  INFO fs3_daemon::runner: batch kind="embed" subject=1 x smart jobs=1 ms=0
2026-08-28T10:59:13.911577Z  INFO fs3_daemon::runner: done kind=summarize subject=docs/plans/061-workflow-events/tasks/phase-3-consumer-migration/tasks.md::Phase 3: Consumer Migration — Task Dossier::Context Brief::Error Handling Differences ms=24 left=29402
2026-08-28T10:59:13.916800Z  INFO fs3_daemon::runner: done kind="embed" id=673244 left=29401
2026-08-28T10:59:14.000679Z  INFO fs3_daemon::runner: done kind=summarize subject=docs/plans/061-workflow-events/tasks/phase-3-consumer-migration/tasks.md::Phase 3: Consumer Migration — Task Dossier::Context Brief::Migration Pattern Summary ms=18 left=29401
2026-08-28T10:59:14.004469Z  INFO fs3_daemon::runner: batch kind="embed" subject=1 x smart jobs=1 ms=0
2026-08-28T10:59:14.014873Z  INFO fs3_daemon::runner: done kind="embed" id=673245 left=29400
2026-08-28T10:59:14.100742Z  INFO fs3_daemon::runner: done kind=summarize subject=docs/plans/061-workflow-events/tasks/phase-3-consumer-migration/tasks.md::Phase 3: Consumer Migration — Task Dossier::Context Brief::Reusable from Prior Phases ms=20 left=29400
2026-08-28T10:59:14.103211Z  INFO fs3_daemon::runner: batch kind="embed" subject=1 x smart jobs=1 ms=2
2026-08-28T10:59:14.114954Z  INFO fs3_daemon::runner: done kind="embed" id=673246 left=29399
2026-08-28T10:59:14.222240Z  INFO fs3_daemon::runner: done kind=summarize subject=docs/plans/061-workflow-events/tasks/phase-3-consumer-migration/tasks.md::Phase 3: Consumer Migration — Task Dossier::Context Brief ms=25 left=29399
2026-08-28T10:59:14.224500Z  INFO fs3_daemon::runner: batch kind="embed" subject=1 x smart jobs=1 ms=1
2026-08-28T10:59:14.240162Z  INFO fs3_daemon::runner: done kind="embed" id=673247 left=29398
2026-08-28T10:59:14.349372Z  INFO fs3_daemon::runner: done kind=summarize subject=docs/plans/061-workflow-events/tasks/phase-3-consumer-migration/tasks.md::Phase 3: Consumer Migration — Task Dossier::Tasks ms=15 left=29398
2026-08-28T10:59:14.362471Z  INFO fs3_daemon::runner: batch kind="embed" subject=1 x smart jobs=1 ms=2
2026-08-28T10:59:14.381196Z  INFO fs3_daemon::runner: done kind="embed" id=673248 left=29397
2026-08-28T10:59:14.492866Z  INFO fs3_daemon::runner: done kind=summarize subject=docs/plans/061-workflow-events/tasks/phase-3-consumer-migration/tasks.md::Phase 3: Consumer Migration — Task Dossier::Architecture Map ms=26 left=29397
2026-08-28T10:59:14.556169Z  INFO fs3_daemon::runner: progress phase="working" scanned=62552 scan_left=33 summarized=128785 summarize_left=29363 embedded=208497 embed_left=1 failed=0
2026-08-28T10:59:14.590025Z  INFO fs3_daemon::runner: batch kind="embed" subject=2 x smart jobs=2 ms=0
2026-08-28T10:59:14.603718Z  INFO fs3_daemon::runner: done kind="embed" id=673249 left=29396
2026-08-28T10:59:14.700598Z  INFO fs3_daemon::runner: done kind="embed" id=673250 left=29395
2026-08-28T10:59:14.811244Z  INFO fs3_daemon::runner: done kind=summarize subject=docs/plans/061-workflow-events/tasks/phase-3-consumer-migration/tasks.md::Phase 3: Consumer Migration — Task Dossier::Pre-Implementation Check::Key Migration Discovery ms=21 left=29395
2026-08-28T10:59:14.832806Z  INFO fs3_daemon::runner: done kind=summarize subject=docs/plans/061-workflow-events/tasks/phase-3-consumer-migration/tasks.md::Phase 3: Consumer Migration — Task Dossier::Pre-Implementation Check ms=19 left=29395
2026-08-28T10:59:14.841799Z  INFO fs3_daemon::runner: batch kind="embed" subject=1 x smart jobs=1 ms=0
2026-08-28T10:59:14.864946Z  INFO fs3_daemon::runner: done kind="embed" id=673251 left=29394
2026-08-28T10:59:14.976770Z  INFO fs3_daemon::runner: done kind=summarize subject=docs/plans/061-workflow-events/tasks/phase-3-consumer-migration/tasks.md::Phase 3: Consumer Migration — Task Dossier::Prior Phase Context::Phase 2: Implementation and Contract Tests ms=13 left=29394
2026-08-28T10:59:14.986109Z  INFO fs3_daemon::runner: batch kind="embed" subject=1 x smart jobs=1 ms=0
2026-08-28T10:59:15.001701Z  INFO fs3_daemon::runner: done kind="embed" id=673252 left=29393
2026-08-28T10:59:15.102029Z  INFO fs3_daemon::runner: done kind=summarize subject=docs/plans/061-workflow-events/tasks/phase-3-consumer-migration/tasks.md::Phase 3: Consumer Migration — Task Dossier::Prior Phase Context::Phase 1: Interface, Types, and Constants ms=14 left=29393
2026-08-28T10:59:15.112548Z  INFO fs3_daemon::runner: batch kind="embed" subject=1 x smart jobs=1 ms=0
2026-08-28T10:59:15.136118Z  INFO fs3_daemon::runner: done kind="embed" id=673253 left=29392
2026-08-28T10:59:15.256745Z  INFO fs3_daemon::runner: done kind=summarize subject=docs/plans/061-workflow-events/tasks/phase-3-consumer-migration/tasks.md::Phase 3: Consumer Migration — Task Dossier::Prior Phase Context ms=26 left=29392
2026-08-28T10:59:15.257494Z  INFO fs3_daemon::runner: batch kind="embed" subject=1 x smart jobs=1 ms=0
2026-08-28T10:59:15.272293Z  INFO fs3_daemon::runner: done kind="embed" id=673254 left=29391
2026-08-28T10:59:15.413573Z  INFO fs3_daemon::runner: done kind=summarize subject=docs/plans/061-workflow-events/tasks/phase-3-consumer-migration/tasks.md::Phase 3: Consumer Migration — Task Dossier::Executive Briefing ms=32 left=29391
2026-08-28T10:59:15.422740Z  INFO fs3_daemon::runner: batch kind="embed" subject=1 x smart jobs=1 ms=0
2026-08-28T10:59:15.441988Z  INFO fs3_daemon::runner: done kind="embed" id=673255 left=29390
2026-08-28T10:59:15.572820Z  INFO fs3_daemon::runner: done kind=summarize subject=docs/plans/061-workflow-events/tasks/phase-3-consumer-migration/tasks.md::Phase 3: Consumer Migration — Task Dossier ms=18 left=29390
2026-08-28T10:59:15.579109Z  INFO fs3_daemon::runner: batch kind="embed" subject=1 x smart jobs=1 ms=0
2026-08-28T10:59:15.602426Z  INFO fs3_daemon::runner: done kind="embed" id=673256 left=29389
2026-08-28T10:59:15.720909Z  INFO fs3_daemon::runner: done kind=summarize subject=docs/plans/061-workflow-events/tasks/phase-3-consumer-migration/tasks.fltplan.md::Flight Plan: Phase 3 — Consumer Migration::Checklist ms=28 left=29389
2026-08-28T10:59:15.721131Z  INFO fs3_daemon::runner: batch kind="embed" subject=1 x smart jobs=1 ms=0
2026-08-28T10:59:15.738833Z  INFO fs3_daemon::runner: done kind="embed" id=673257 left=29388
2026-08-28T10:59:15.850864Z  INFO fs3_daemon::runner: batch kind="embed" subject=1 x smart jobs=1 ms=0
2026-08-28T10:59:15.853790Z  INFO fs3_daemon::runner: done kind=summarize subject=docs/plans/061-workflow-events/tasks/phase-3-consumer-migration/tasks.fltplan.md::Flight Plan: Phase 3 — Consumer Migration::Goals & Non-Goals ms=24 left=29388
2026-08-28T10:59:15.867588Z  INFO fs3_daemon::runner: done kind="embed" id=673258 left=29387
2026-08-28T10:59:15.972473Z  INFO fs3_daemon::runner: done kind=summarize subject=docs/plans/061-workflow-events/tasks/phase-3-consumer-migration/tasks.fltplan.md::Flight Plan: Phase 3 — Consumer Migration::Architecture: Before & After ms=20 left=29387
2026-08-28T10:59:15.974300Z  INFO fs3_daemon::runner: batch kind="embed" subject=1 x smart jobs=1 ms=1
2026-08-28T10:59:15.987171Z  INFO fs3_daemon::runner: done kind="embed" id=673259 left=29386
2026-08-28T10:59:16.107615Z  INFO fs3_daemon::runner: done kind=summarize subject=docs/plans/061-workflow-events/tasks/phase-3-consumer-migration/tasks.fltplan.md::Flight Plan: Phase 3 — Consumer Migration::Stages ms=25 left=29386
2026-08-28T10:59:16.108602Z  INFO fs3_daemon::runner: batch kind="embed" subject=1 x smart jobs=1 ms=0
2026-08-28T10:59:16.124889Z  INFO fs3_daemon::runner: done kind="embed" id=673260 left=29385
2026-08-28T10:59:16.222417Z  INFO fs3_daemon::runner: done kind=summarize subject=docs/plans/061-workflow-events/tasks/phase-3-consumer-migration/tasks.fltplan.md::Flight Plan: Phase 3 — Consumer Migration::Flight Status ms=19 left=29385
2026-08-28T10:59:16.227624Z  INFO fs3_daemon::runner: batch kind="embed" subject=1 x smart jobs=1 ms=0
2026-08-28T10:59:16.243953Z  INFO fs3_daemon::runner: done kind="embed" id=673261 left=29384
2026-08-28T10:59:16.361269Z  INFO fs3_daemon::runner: done kind=summarize subject=docs/plans/061-workflow-events/tasks/phase-3-consumer-migration/tasks.fltplan.md::Flight Plan: Phase 3 — Consumer Migration::Domain Context::Domains We Depend On (no changes) ms=30 left=29384
2026-08-28T10:59:16.365076Z  INFO fs3_daemon::runner: batch kind="embed" subject=1 x smart jobs=1 ms=0
2026-08-28T10:59:16.380099Z  INFO fs3_daemon::runner: done kind="embed" id=673262 left=29383
2026-08-28T10:59:16.480551Z  INFO fs3_daemon::runner: done kind=summarize subject=docs/plans/061-workflow-events/tasks/phase-3-consumer-migration/tasks.fltplan.md::Flight Plan: Phase 3 — Consumer Migration::Domain Context ms=20 left=29383
2026-08-28T10:59:16.487363Z  INFO fs3_daemon::runner: batch kind="embed" subject=1 x smart jobs=1 ms=0
2026-08-28T10:59:16.504305Z  INFO fs3_daemon::runner: done kind="embed" id=673263 left=29382
2026-08-28T10:59:16.618526Z  INFO fs3_daemon::runner: batch kind="embed" subject=1 x smart jobs=1 ms=0
2026-08-28T10:59:16.621171Z  INFO fs3_daemon::runner: done kind=summarize subject=docs/plans/061-workflow-events/tasks/phase-3-consumer-migration/tasks.fltplan.md::Flight Plan: Phase 3 — Consumer Migration ms=30 left=29382
2026-08-28T10:59:16.631511Z  INFO fs3_daemon::runner: done kind="embed" id=673264 left=29381
2026-08-28T10:59:16.755326Z  INFO fs3_daemon::runner: done kind=summarize subject=docs/plans/061-workflow-events/tasks/phase-3-consumer-migration/execution.log.md::Execution Log: Phase 3 — Consumer Migration::T008: Delete PGService Q&A methods ms=31 left=29381
2026-08-28T10:59:16.756898Z  INFO fs3_daemon::runner: batch kind="embed" subject=1 x smart jobs=1 ms=1
2026-08-28T10:59:16.773857Z  INFO fs3_daemon::runner: done kind="embed" id=673265 left=29380
2026-08-28T10:59:16.890627Z  INFO fs3_daemon::runner: batch kind="embed" subject=1 x smart jobs=1 ms=1
2026-08-28T10:59:16.899633Z  INFO fs3_daemon::runner: done kind=summarize subject=docs/plans/061-workflow-events/tasks/phase-3-consumer-migration/execution.log.md::Execution Log: Phase 3 — Consumer Migration::T007: QnA CLI integration tests ms=31 left=29380
2026-08-28T10:59:16.899845Z  INFO fs3_daemon::runner: done kind="embed" id=673266 left=29379
2026-08-28T10:59:17.003906Z  INFO fs3_daemon::runner: done kind=summarize subject=docs/plans/061-workflow-events/tasks/phase-3-consumer-migration/execution.log.md::Execution Log: Phase 3 — Consumer Migration::T006: Migrate helper answerNodeQuestion ms=19 left=29379
2026-08-28T10:59:17.038386Z  INFO fs3_daemon::runner: batch kind="embed" subject=1 x smart jobs=1 ms=0
2026-08-28T10:59:17.058133Z  INFO fs3_daemon::runner: done kind="embed" id=673267 left=29378
2026-08-28T10:59:17.168568Z  INFO fs3_daemon::runner: batch kind="embed" subject=1 x smart jobs=1 ms=0
2026-08-28T10:59:17.172056Z  INFO fs3_daemon::runner: done kind=summarize subject=docs/plans/061-workflow-events/tasks/phase-3-consumer-migration/execution.log.md::Execution Log: Phase 3 — Consumer Migration::T005: Migrate web answerQuestion action ms=30 left=29378
2026-08-28T10:59:17.184229Z  INFO fs3_daemon::runner: done kind="embed" id=673268 left=29377
2026-08-28T10:59:17.344336Z  INFO fs3_daemon::runner: batch kind="embed" subject=1 x smart jobs=1 ms=0
2026-08-28T10:59:17.346406Z  INFO fs3_daemon::runner: done kind=summarize subject=docs/plans/061-workflow-events/tasks/phase-3-consumer-migration/execution.log.md::Execution Log: Phase 3 — Consumer Migration::T002-T004: Migrate CLI handlers (ask, answer, get-answer) ms=36 left=29377
2026-08-28T10:59:17.367114Z  INFO fs3_daemon::runner: done kind="embed" id=673269 left=29376
2026-08-28T10:59:17.505632Z  INFO fs3_daemon::runner: done kind=summarize subject=docs/plans/061-workflow-events/tasks/phase-3-consumer-migration/execution.log.md::Execution Log: Phase 3 — Consumer Migration::T001: CLI DI + WorkflowEventError + Service throws ms=30 left=29376
2026-08-28T10:59:17.510034Z  INFO fs3_daemon::runner: batch kind="embed" subject=1 x smart jobs=1 ms=2
2026-08-28T10:59:17.539064Z  INFO fs3_daemon::runner: done kind="embed" id=673270 left=29375
2026-08-28T10:59:17.644832Z  INFO fs3_daemon::runner: done kind=summarize subject=docs/plans/061-workflow-events/tasks/phase-3-consumer-migration/execution.log.md::Execution Log: Phase 3 — Consumer Migration ms=18 left=29375
2026-08-28T10:59:17.652332Z  INFO fs3_daemon::runner: batch kind="embed" subject=1 x smart jobs=1 ms=0
2026-08-28T10:59:17.677665Z  INFO fs3_daemon::runner: done kind="embed" id=673271 left=29374
2026-08-28T10:59:17.805549Z  INFO fs3_daemon::runner: done kind=summarize subject=docs/plans/061-workflow-events/tasks/phase-2-implementation-contract-tests/tasks.md::Phase 2: Implementation and Contract Tests — Task Dossier::Directory Layout ms=29 left=29374
2026-08-28T10:59:17.807247Z  INFO fs3_daemon::runner: batch kind="embed" subject=1 x smart jobs=1 ms=0
2026-08-28T10:59:17.832714Z  INFO fs3_daemon::runner: done kind="embed" id=673272 left=29373
2026-08-28T10:59:18.022977Z  INFO fs3_daemon::runner: done kind=summarize subject=docs/plans/061-workflow-events/tasks/phase-2-implementation-contract-tests/tasks.md::Phase 2: Implementation and Contract Tests — Task Dossier::Discoveries & Learnings ms=22 left=29373
2026-08-28T10:59:18.025258Z  INFO fs3_daemon::runner: batch kind="embed" subject=1 x smart jobs=1 ms=0
2026-08-28T10:59:18.040072Z  INFO fs3_daemon::runner: done kind="embed" id=673273 left=29372
2026-08-28T10:59:18.164629Z  INFO fs3_daemon::runner: done kind=summarize subject=docs/plans/061-workflow-events/tasks/phase-2-implementation-contract-tests/tasks.md::Phase 2: Implementation and Contract Tests — Task Dossier::Context Brief::Sequence: answerQuestion 3-Event Handshake ms=29 left=29372
2026-08-28T10:59:18.173302Z  INFO fs3_daemon::runner: batch kind="embed" subject=1 x smart jobs=1 ms=1
2026-08-28T10:59:18.191142Z  INFO fs3_daemon::runner: done kind="embed" id=673274 left=29371
2026-08-28T10:59:18.302682Z  INFO fs3_daemon::runner: batch kind="embed" subject=1 x smart jobs=1 ms=0
2026-08-28T10:59:18.317422Z  INFO fs3_daemon::runner: done kind="embed" id=673275 left=29370
2026-08-28T10:59:18.317436Z  INFO fs3_daemon::runner: done kind=summarize subject=docs/plans/061-workflow-events/tasks/phase-2-implementation-contract-tests/tasks.md::Phase 2: Implementation and Contract Tests — Task Dossier::Context Brief::Data Flow ms=34 left=29371
2026-08-28T10:59:18.438784Z  INFO fs3_daemon::runner: batch kind="embed" subject=1 x smart jobs=1 ms=0
2026-08-28T10:59:18.443876Z  INFO fs3_daemon::runner: done kind=summarize subject=docs/plans/061-workflow-events/tasks/phase-2-implementation-contract-tests/tasks.md::Phase 2: Implementation and Contract Tests — Task Dossier::Context Brief ms=31 left=29370
2026-08-28T10:59:18.457332Z  INFO fs3_daemon::runner: done kind="embed" id=673276 left=29369
2026-08-28T10:59:18.573667Z  INFO fs3_daemon::runner: batch kind="embed" subject=1 x smart jobs=1 ms=0
2026-08-28T10:59:18.588876Z  INFO fs3_daemon::runner: done kind="embed" id=673277 left=29368
2026-08-28T10:59:18.588883Z  INFO fs3_daemon::runner: done kind=summarize subject=docs/plans/061-workflow-events/tasks/phase-2-implementation-contract-tests/tasks.md::Phase 2: Implementation and Contract Tests — Task Dossier::Tasks ms=37 left=29369
2026-08-28T10:59:18.733486Z  INFO fs3_daemon::runner: batch kind="embed" subject=1 x smart jobs=1 ms=1
2026-08-28T10:59:18.764355Z  INFO fs3_daemon::runner: done kind=summarize subject=docs/plans/061-workflow-events/tasks/phase-2-implementation-contract-tests/tasks.md::Phase 2: Implementation and Contract Tests — Task Dossier::Architecture Map ms=73 left=29368
2026-08-28T10:59:18.788764Z  INFO fs3_daemon::runner: done kind="embed" id=673278 left=29367
2026-08-28T10:59:18.945411Z  INFO fs3_daemon::runner: batch kind="embed" subject=1 x smart jobs=1 ms=2
2026-08-28T10:59:18.951896Z  INFO fs3_daemon::runner: done kind=summarize subject=docs/plans/061-workflow-events/tasks/phase-2-implementation-contract-tests/tasks.md::Phase 2: Implementation and Contract Tests — Task Dossier::Pre-Implementation Check ms=60 left=29367
2026-08-28T10:59:18.978797Z  INFO fs3_daemon::runner: done kind="embed" id=673279 left=29366
2026-08-28T10:59:19.110041Z  INFO fs3_daemon::runner: done kind=summarize subject=docs/plans/061-workflow-events/tasks/phase-2-implementation-contract-tests/tasks.md::Phase 2: Implementation and Contract Tests — Task Dossier::Prior Phase Context::Phase 1: Interface, Types, and Constants ms=40 left=29366
2026-08-28T10:59:19.123614Z  INFO fs3_daemon::runner: batch kind="embed" subject=1 x smart jobs=1 ms=3
2026-08-28T10:59:19.148747Z  INFO fs3_daemon::runner: done kind="embed" id=673280 left=29365
2026-08-28T10:59:19.275044Z  INFO fs3_daemon::runner: batch kind="embed" subject=1 x smart jobs=1 ms=1
2026-08-28T10:59:19.298502Z  INFO fs3_daemon::runner: done kind=summarize subject=docs/plans/061-workflow-events/tasks/phase-2-implementation-contract-tests/tasks.md::Phase 2: Implementation and Contract Tests — Task Dossier::Prior Phase Context ms=59 left=29365
2026-08-28T10:59:19.312347Z  INFO fs3_daemon::runner: done kind="embed" id=673281 left=29364
2026-08-28T10:59:19.423254Z  INFO fs3_daemon::runner: batch kind="embed" subject=1 x smart jobs=1 ms=2
2026-08-28T10:59:19.424905Z  INFO fs3_daemon::runner: done kind=summarize subject=docs/plans/061-workflow-events/tasks/phase-2-implementation-contract-tests/tasks.md::Phase 2: Implementation and Contract Tests — Task Dossier::Executive Briefing ms=25 left=29364
2026-08-28T10:59:19.442265Z  INFO fs3_daemon::runner: done kind="embed" id=673282 left=29363
2026-08-28T10:59:19.542069Z  INFO fs3_daemon::runner: done kind=summarize subject=docs/plans/061-workflow-events/tasks/phase-2-implementation-contract-tests/tasks.md::Phase 2: Implementation and Contract Tests — Task Dossier ms=16 left=29363
2026-08-28T10:59:19.544185Z  INFO fs3_daemon::runner: batch kind="embed" subject=1 x smart jobs=1 ms=0
2026-08-28T10:59:19.557243Z  INFO fs3_daemon::runner: done kind="embed" id=673283 left=29362
2026-08-28T10:59:19.690371Z  INFO fs3_daemon::runner: done kind=summarize subject=docs/plans/061-workflow-events/tasks/phase-2-implementation-contract-tests/tasks.fltplan.md::Flight Plan: Phase 2 — Implementation and Contract Tests::Architecture: Before & After ms=55 left=29362
2026-08-28T10:59:19.698220Z  INFO fs3_daemon::runner: progress phase="working" scanned=62552 scan_left=33 summarized=128820 summarize_left=29328 embedded=208532 embed_left=1 failed=0
2026-08-28T10:59:19.739079Z  INFO fs3_daemon::runner: batch kind="embed" subject=2 x smart jobs=2 ms=0
2026-08-28T10:59:19.770564Z  INFO fs3_daemon::runner: done kind="embed" id=673285 left=29361
2026-08-28T10:59:19.866642Z  INFO fs3_daemon::runner: done kind="embed" id=673284 left=29360
2026-08-28T10:59:20.023225Z  INFO fs3_daemon::runner: done kind=summarize subject=docs/plans/061-workflow-events/tasks/phase-2-implementation-contract-tests/tasks.fltplan.md::Flight Plan: Phase 2 — Implementation and Contract Tests::Flight Status ms=83 left=29360
2026-08-28T10:59:20.044944Z  INFO fs3_daemon::runner: batch kind="embed" subject=1 x smart jobs=1 ms=0
2026-08-28T10:59:20.079630Z  INFO fs3_daemon::runner: done kind=summarize subject=docs/plans/061-workflow-events/tasks/phase-2-implementation-contract-tests/tasks.fltplan.md::Flight Plan: Phase 2 — Implementation and Contract Tests::Domain Context::Domains We Depend On (no changes) ms=82 left=29360
2026-08-28T10:59:20.107330Z  INFO fs3_daemon::runner: done kind="embed" id=673286 left=29359
2026-08-28T10:59:20.235850Z  INFO fs3_daemon::runner: batch kind="embed" subject=1 x smart jobs=1 ms=0
2026-08-28T10:59:20.262521Z  INFO fs3_daemon::runner: done kind=summarize subject=docs/plans/061-workflow-events/tasks/phase-2-implementation-contract-tests/tasks.fltplan.md::Flight Plan: Phase 2 — Implementation and Contract Tests::Domain Context ms=57 left=29359
2026-08-28T10:59:20.279461Z  INFO fs3_daemon::runner: done kind="embed" id=673287 left=29358
2026-08-28T10:59:20.401653Z  INFO fs3_daemon::runner: done kind=summarize subject=docs/plans/061-workflow-events/tasks/phase-2-implementation-contract-tests/tasks.fltplan.md::Flight Plan: Phase 2 — Implementation and Contract Tests ms=39 left=29358
2026-08-28T10:59:20.408865Z  INFO fs3_daemon::runner: batch kind="embed" subject=1 x smart jobs=1 ms=0
2026-08-28T10:59:20.442502Z  INFO fs3_daemon::runner: done kind="embed" id=673288 left=29357
2026-08-28T10:59:20.568691Z  INFO fs3_daemon::runner: done kind=summarize subject=docs/plans/061-workflow-events/tasks/phase-2-implementation-contract-tests/execution.log.md::Execution Log — Phase 2: Implementation and Contract Tests::T001: WorkflowEventsService Core Methods ms=36 left=29357
2026-08-28T10:59:20.577335Z  INFO fs3_daemon::runner: batch kind="embed" subject=1 x smart jobs=1 ms=2
2026-08-28T10:59:20.607944Z  INFO fs3_daemon::runner: done kind="embed" id=673289 left=29356
2026-08-28T10:59:20.731376Z  INFO fs3_daemon::runner: batch kind="embed" subject=1 x smart jobs=1 ms=0
2026-08-28T10:59:20.752325Z  INFO fs3_daemon::runner: done kind=summarize subject=docs/plans/061-workflow-events/tasks/phase-2-implementation-contract-tests/execution.log.md::Execution Log — Phase 2: Implementation and Contract Tests ms=65 left=29356
2026-08-28T10:59:20.764415Z  INFO fs3_daemon::runner: done kind="embed" id=673290 left=29355
2026-08-28T10:59:20.882063Z  INFO fs3_daemon::runner: done kind=summarize subject=docs/plans/061-workflow-events/tasks/phase-1-interface-types-constants/tasks.md::Phase 1: Interface, Types, and Constants — Task Dossier::Directory Layout ms=36 left=29355
2026-08-28T10:59:20.882215Z  INFO fs3_daemon::runner: batch kind="embed" subject=1 x smart jobs=1 ms=0
2026-08-28T10:59:20.904254Z  INFO fs3_daemon::runner: done kind="embed" id=673291 left=29354
2026-08-28T10:59:21.024154Z  INFO fs3_daemon::runner: done kind=summarize subject=docs/plans/061-workflow-events/tasks/phase-1-interface-types-constants/tasks.md::Phase 1: Interface, Types, and Constants — Task Dossier::Discoveries & Learnings ms=41 left=29354
2026-08-28T10:59:21.029817Z  INFO fs3_daemon::runner: batch kind="embed" subject=1 x smart jobs=1 ms=0
2026-08-28T10:59:21.065838Z  INFO fs3_daemon::runner: done kind="embed" id=673292 left=29353
2026-08-28T10:59:21.182886Z  INFO fs3_daemon::runner: done kind=summarize subject=docs/plans/061-workflow-events/tasks/phase-1-interface-types-constants/tasks.md::Phase 1: Interface, Types, and Constants — Task Dossier::Context Brief::Observer Hook Signatures (for reference) ms=19 left=29353
2026-08-28T10:59:21.190318Z  INFO fs3_daemon::runner: batch kind="embed" subject=1 x smart jobs=1 ms=2
2026-08-28T10:59:21.207710Z  INFO fs3_daemon::runner: done kind="embed" id=673293 left=29352
2026-08-28T10:59:21.309242Z  INFO fs3_daemon::runner: done kind=summarize subject=docs/plans/061-workflow-events/tasks/phase-1-interface-types-constants/tasks.md::Phase 1: Interface, Types, and Constants — Task Dossier::Context Brief::Data Flow (Phase 1 scope) ms=14 left=29352
2026-08-28T10:59:21.317812Z  INFO fs3_daemon::runner: batch kind="embed" subject=1 x smart jobs=1 ms=0
2026-08-28T10:59:21.329743Z  INFO fs3_daemon::runner: done kind="embed" id=673294 left=29351
2026-08-28T10:59:21.452813Z  INFO fs3_daemon::runner: done kind=summarize subject=docs/plans/061-workflow-events/tasks/phase-1-interface-types-constants/tasks.md::Phase 1: Interface, Types, and Constants — Task Dossier::Context Brief::Existing Types to Reference (NOT duplicate) ms=20 left=29351
2026-08-28T10:59:21.457271Z  INFO fs3_daemon::runner: batch kind="embed" subject=1 x smart jobs=1 ms=2
2026-08-28T10:59:21.472722Z  INFO fs3_daemon::runner: done kind="embed" id=673295 left=29350
2026-08-28T10:59:21.569560Z  INFO fs3_daemon::runner: done kind=summarize subject=docs/plans/061-workflow-events/tasks/phase-1-interface-types-constants/tasks.md::Phase 1: Interface, Types, and Constants — Task Dossier::Context Brief::Critical Type Alignment Notes ms=17 left=29350
2026-08-28T10:59:21.575745Z  INFO fs3_daemon::runner: batch kind="embed" subject=1 x smart jobs=1 ms=0
2026-08-28T10:59:21.594432Z  INFO fs3_daemon::runner: done kind="embed" id=673296 left=29349
2026-08-28T10:59:21.695460Z  INFO fs3_daemon::runner: done kind=summarize subject=docs/plans/061-workflow-events/tasks/phase-1-interface-types-constants/tasks.md::Phase 1: Interface, Types, and Constants — Task Dossier::Context Brief ms=20 left=29349
2026-08-28T10:59:21.701397Z  INFO fs3_daemon::runner: batch kind="embed" subject=1 x smart jobs=1 ms=0
2026-08-28T10:59:21.722465Z  INFO fs3_daemon::runner: done kind="embed" id=673297 left=29348
2026-08-28T10:59:21.824111Z  INFO fs3_daemon::runner: done kind=summarize subject=docs/plans/061-workflow-events/tasks/phase-1-interface-types-constants/tasks.md::Phase 1: Interface, Types, and Constants — Task Dossier::Tasks ms=19 left=29348
2026-08-28T10:59:21.825924Z  INFO fs3_daemon::runner: batch kind="embed" subject=1 x smart jobs=1 ms=1
2026-08-28T10:59:21.841616Z  INFO fs3_daemon::runner: done kind="embed" id=673298 left=29347
2026-08-28T10:59:21.970688Z  INFO fs3_daemon::runner: done kind=summarize subject=docs/plans/061-workflow-events/tasks/phase-1-interface-types-constants/tasks.md::Phase 1: Interface, Types, and Constants — Task Dossier::Architecture Map ms=34 left=29347
2026-08-28T10:59:21.976607Z  INFO fs3_daemon::runner: batch kind="embed" subject=1 x smart jobs=1 ms=1
2026-08-28T10:59:21.992741Z  INFO fs3_daemon::runner: done kind="embed" id=673299 left=29346
2026-08-28T10:59:22.123326Z  INFO fs3_daemon::runner: done kind=summarize subject=docs/plans/061-workflow-events/tasks/phase-1-interface-types-constants/tasks.md::Phase 1: Interface, Types, and Constants — Task Dossier::Pre-Implementation Check ms=32 left=29346
2026-08-28T10:59:22.124213Z  INFO fs3_daemon::runner: batch kind="embed" subject=1 x smart jobs=1 ms=0
2026-08-28T10:59:22.148186Z  INFO fs3_daemon::runner: done kind="embed" id=673300 left=29345
2026-08-28T10:59:22.281650Z  INFO fs3_daemon::runner: batch kind="embed" subject=1 x smart jobs=1 ms=3
2026-08-28T10:59:22.283245Z  INFO fs3_daemon::runner: done kind=summarize subject=docs/plans/061-workflow-events/tasks/phase-1-interface-types-constants/tasks.md::Phase 1: Interface, Types, and Constants — Task Dossier::Executive Briefing ms=32 left=29345
2026-08-28T10:59:22.297988Z  INFO fs3_daemon::runner: done kind="embed" id=673301 left=29344
2026-08-28T10:59:22.401943Z  INFO fs3_daemon::runner: done kind=summarize subject=docs/plans/061-workflow-events/tasks/phase-1-interface-types-constants/tasks.md::Phase 1: Interface, Types, and Constants — Task Dossier ms=16 left=29344
2026-08-28T10:59:22.410994Z  INFO fs3_daemon::runner: batch kind="embed" subject=1 x smart jobs=1 ms=0
2026-08-28T10:59:22.430085Z  INFO fs3_daemon::runner: done kind="embed" id=673302 left=29343
2026-08-28T10:59:22.540871Z  INFO fs3_daemon::runner: batch kind="embed" subject=1 x smart jobs=1 ms=0
2026-08-28T10:59:22.549960Z  INFO fs3_daemon::runner: done kind=summarize subject=docs/plans/061-workflow-events/tasks/phase-1-interface-types-constants/tasks.fltplan.md::Flight Plan: Phase 1 — Interface, Types, and Constants::Checklist ms=31 left=29343
2026-08-28T10:59:22.556965Z  INFO fs3_daemon::runner: done kind="embed" id=673303 left=29342
2026-08-28T10:59:22.660947Z  INFO fs3_daemon::runner: batch kind="embed" subject=1 x smart jobs=1 ms=0
2026-08-28T10:59:22.662472Z  INFO fs3_daemon::runner: done kind=summarize subject=docs/plans/061-workflow-events/tasks/phase-1-interface-types-constants/tasks.fltplan.md::Flight Plan: Phase 1 — Interface, Types, and Constants::Architecture: Before & After ms=24 left=29342
2026-08-28T10:59:22.674682Z  INFO fs3_daemon::runner: done kind="embed" id=673304 left=29341
2026-08-28T10:59:22.787832Z  INFO fs3_daemon::runner: batch kind="embed" subject=1 x smart jobs=1 ms=0
2026-08-28T10:59:22.801384Z  INFO fs3_daemon::runner: done kind=summarize subject=docs/plans/061-workflow-events/tasks/phase-1-interface-types-constants/tasks.fltplan.md::Flight Plan: Phase 1 — Interface, Types, and Constants::Flight Status ms=43 left=29341
2026-08-28T10:59:22.804438Z  INFO fs3_daemon::runner: done kind="embed" id=673305 left=29340
2026-08-28T10:59:22.904227Z  INFO fs3_daemon::runner: done kind=summarize subject=docs/plans/061-workflow-events/tasks/phase-1-interface-types-constants/tasks.fltplan.md::Flight Plan: Phase 1 — Interface, Types, and Constants::Domain Context ms=18 left=29340
2026-08-28T10:59:22.909795Z  INFO fs3_daemon::runner: batch kind="embed" subject=1 x smart jobs=1 ms=0
2026-08-28T10:59:22.927910Z  INFO fs3_daemon::runner: done kind="embed" id=673306 left=29339
2026-08-28T10:59:23.035185Z  INFO fs3_daemon::runner: batch kind="embed" subject=1 x smart jobs=1 ms=0
2026-08-28T10:59:23.042713Z  INFO fs3_daemon::runner: done kind=summarize subject=docs/plans/061-workflow-events/tasks/phase-1-interface-types-constants/tasks.fltplan.md::Flight Plan: Phase 1 — Interface, Types, and Constants ms=32 left=29339
2026-08-28T10:59:23.049787Z  INFO fs3_daemon::runner: done kind="embed" id=673307 left=29338
2026-08-28T10:59:23.155219Z  INFO fs3_daemon::runner: batch kind="embed" subject=1 x smart jobs=1 ms=0
2026-08-28T10:59:23.155466Z  INFO fs3_daemon::runner: done kind=summarize subject=docs/plans/061-workflow-events/tasks/phase-1-interface-types-constants/execution.log.md::Execution Log — Phase 1: Interface, Types, and Constants ms=24 left=29338
2026-08-28T10:59:23.169552Z  INFO fs3_daemon::runner: done kind="embed" id=673308 left=29337
2026-08-28T10:59:23.284266Z  INFO fs3_daemon::runner: done kind=summarize subject=docs/plans/061-workflow-events/reviews/review.phase-3-consumer-migration.md::Code Review: Phase 3: Consumer Migration::H) Handover Brief::Required Fixes (if REQUEST_CHANGES) ms=22 left=29337
2026-08-28T10:59:23.284887Z  INFO fs3_daemon::runner: batch kind="embed" subject=1 x smart jobs=1 ms=0
2026-08-28T10:59:23.297540Z  INFO fs3_daemon::runner: done kind="embed" id=673309 left=29336
2026-08-28T10:59:23.399566Z  INFO fs3_daemon::runner: done kind=summarize subject=docs/plans/061-workflow-events/reviews/review.phase-3-consumer-migration.md::Code Review: Phase 3: Consumer Migration::H) Handover Brief::Files Reviewed ms=24 left=29336
2026-08-28T10:59:23.403298Z  INFO fs3_daemon::runner: batch kind="embed" subject=1 x smart jobs=1 ms=0
2026-08-28T10:59:23.424171Z  INFO fs3_daemon::runner: done kind="embed" id=673310 left=29335
2026-08-28T10:59:23.538429Z  INFO fs3_daemon::runner: batch kind="embed" subject=1 x smart jobs=1 ms=0
2026-08-28T10:59:23.545942Z  INFO fs3_daemon::runner: done kind=summarize subject=docs/plans/061-workflow-events/reviews/review.phase-3-consumer-migration.md::Code Review: Phase 3: Consumer Migration::H) Handover Brief ms=26 left=29335
2026-08-28T10:59:23.552573Z  INFO fs3_daemon::runner: done kind="embed" id=673311 left=29334
2026-08-28T10:59:23.715246Z  INFO fs3_daemon::runner: batch kind="embed" subject=1 x smart jobs=1 ms=1
2026-08-28T10:59:23.718195Z  INFO fs3_daemon::runner: done kind=summarize subject=docs/plans/061-workflow-events/reviews/review.phase-3-consumer-migration.md::Code Review: Phase 3: Consumer Migration::G) Commands Executed ms=35 left=29334
2026-08-28T10:59:23.747547Z  INFO fs3_daemon::runner: done kind="embed" id=673312 left=29333
2026-08-28T10:59:23.882257Z  INFO fs3_daemon::runner: done kind=summarize subject=docs/plans/061-workflow-events/reviews/review.phase-3-consumer-migration.md::Code Review: Phase 3: Consumer Migration::F) Coverage Map ms=27 left=29333
2026-08-28T10:59:23.888207Z  INFO fs3_daemon::runner: batch kind="embed" subject=1 x smart jobs=1 ms=2
2026-08-28T10:59:23.922544Z  INFO fs3_daemon::runner: done kind="embed" id=673313 left=29332
2026-08-28T10:59:24.080727Z  INFO fs3_daemon::runner: done kind=summarize subject=docs/plans/061-workflow-events/reviews/review.phase-3-consumer-migration.md::Code Review: Phase 3: Consumer Migration::E) Detailed Findings::E.4) Testing & Evidence ms=36 left=29332
2026-08-28T10:59:24.082409Z  INFO fs3_daemon::runner: batch kind="embed" subject=1 x smart jobs=1 ms=1
2026-08-28T10:59:24.109213Z  INFO fs3_daemon::runner: done kind="embed" id=673314 left=29331
2026-08-28T10:59:24.274626Z  INFO fs3_daemon::runner: done kind=summarize subject=docs/plans/061-workflow-events/reviews/review.phase-3-consumer-migration.md::Code Review: Phase 3: Consumer Migration::E) Detailed Findings::E.2) Domain Compliance ms=33 left=29331
2026-08-28T10:59:24.285439Z  INFO fs3_daemon::runner: batch kind="embed" subject=1 x smart jobs=1 ms=0
2026-08-28T10:59:24.305478Z  INFO fs3_daemon::runner: done kind="embed" id=673315 left=29330
2026-08-28T10:59:24.416608Z  INFO fs3_daemon::runner: done kind=summarize subject=docs/plans/061-workflow-events/reviews/review.phase-3-consumer-migration.md::Code Review: Phase 3: Consumer Migration::E) Detailed Findings ms=19 left=29330
2026-08-28T10:59:24.420500Z  INFO fs3_daemon::runner: batch kind="embed" subject=1 x smart jobs=1 ms=2
2026-08-28T10:59:24.439481Z  INFO fs3_daemon::runner: done kind="embed" id=673316 left=29329
2026-08-28T10:59:24.549361Z  INFO fs3_daemon::runner: batch kind="embed" subject=1 x smart jobs=1 ms=0
2026-08-28T10:59:24.550580Z  INFO fs3_daemon::runner: done kind=summarize subject=docs/plans/061-workflow-events/reviews/review.phase-3-consumer-migration.md::Code Review: Phase 3: Consumer Migration::D) Findings Table ms=28 left=29329
2026-08-28T10:59:24.563868Z  INFO fs3_daemon::runner: done kind="embed" id=673317 left=29328
2026-08-28T10:59:24.675436Z  INFO fs3_daemon::runner: batch kind="embed" subject=1 x smart jobs=1 ms=0
2026-08-28T10:59:24.690696Z  INFO fs3_daemon::runner: done kind=summarize subject=docs/plans/061-workflow-events/reviews/review.phase-3-consumer-migration.md::Code Review: Phase 3: Consumer Migration::C) Checklist ms=33 left=29328
2026-08-28T10:59:24.690762Z  INFO fs3_daemon::runner: done kind="embed" id=673318 left=29327
2026-08-28T10:59:24.827165Z  INFO fs3_daemon::runner: done kind=summarize subject=docs/plans/061-workflow-events/reviews/review.phase-3-consumer-migration.md::Code Review: Phase 3: Consumer Migration::A) Verdict ms=28 left=29327
2026-08-28T10:59:24.872751Z  INFO fs3_daemon::runner: progress phase="working" scanned=62552 scan_left=33 summarized=128855 summarize_left=29293 embedded=208567 embed_left=1 failed=0
2026-08-28T10:59:24.908862Z  INFO fs3_daemon::runner: batch kind="embed" subject=2 x smart jobs=2 ms=1
2026-08-28T10:59:24.924246Z  INFO fs3_daemon::runner: done kind="embed" id=673319 left=29326
2026-08-28T10:59:25.018680Z  INFO fs3_daemon::runner: done kind="embed" id=673320 left=29325
2026-08-28T10:59:25.196757Z  INFO fs3_daemon::runner: done kind=summarize subject=docs/plans/061-workflow-events/reviews/review.phase-3-consumer-migration.md::Code Review: Phase 3: Consumer Migration ms=24 left=29325
2026-08-28T10:59:25.242559Z  INFO fs3_daemon::runner: done kind=summarize subject=docs/plans/061-workflow-events/reviews/review.phase-2-implementation-contract-tests.md::Code Review: Phase 2: Implementation and Contract Tests::H) Handover Brief::Files Reviewed ms=37 left=29325
2026-08-28T10:59:25.245049Z  INFO fs3_daemon::runner: batch kind="embed" subject=1 x smart jobs=1 ms=7
2026-08-28T10:59:25.264115Z  INFO fs3_daemon::runner: done kind="embed" id=673321 left=29324
2026-08-28T10:59:25.376150Z  INFO fs3_daemon::runner: batch kind="embed" subject=1 x smart jobs=1 ms=0
2026-08-28T10:59:25.383011Z  INFO fs3_daemon::runner: done kind=summarize subject=docs/plans/061-workflow-events/reviews/review.phase-2-implementation-contract-tests.md::Code Review: Phase 2: Implementation and Contract Tests::H) Handover Brief ms=27 left=29324
2026-08-28T10:59:25.388640Z  INFO fs3_daemon::runner: done kind="embed" id=673322 left=29323
2026-08-28T10:59:25.468883Z  INFO fs3_daemon::runner: batch kind="embed" subject=1 x smart jobs=1 ms=0
2026-08-28T10:59:25.469907Z  INFO fs3_daemon::runner: done kind=summarize subject=docs/plans/061-workflow-events/reviews/review.phase-2-implementation-contract-tests.md::Code Review: Phase 2: Implementation and Contract Tests::G) Commands Executed ms=14 left=29323
2026-08-28T10:59:25.479808Z  INFO fs3_daemon::runner: done kind="embed" id=673323 left=29322
2026-08-28T10:59:25.557689Z  INFO fs3_daemon::runner: done kind=summarize subject=docs/plans/061-workflow-events/reviews/review.phase-2-implementation-contract-tests.md::Code Review: Phase 2: Implementation and Contract Tests::F) Coverage Map ms=12 left=29322
2026-08-28T10:59:25.565410Z  INFO fs3_daemon::runner: batch kind="embed" subject=1 x smart jobs=1 ms=0
2026-08-28T10:59:25.576147Z  INFO fs3_daemon::runner: done kind="embed" id=673324 left=29321
2026-08-28T10:59:25.657989Z  INFO fs3_daemon::runner: done kind=summarize subject=docs/plans/061-workflow-events/reviews/review.phase-2-implementation-contract-tests.md::Code Review: Phase 2: Implementation and Contract Tests::E) Detailed Findings::E.4) Testing & Evidence ms=16 left=29321
2026-08-28T10:59:25.661215Z  INFO fs3_daemon::runner: batch kind="embed" subject=1 x smart jobs=1 ms=2
2026-08-28T10:59:25.671178Z  INFO fs3_daemon::runner: done kind="embed" id=673325 left=29320
2026-08-28T10:59:25.766405Z  INFO fs3_daemon::runner: batch kind="embed" subject=1 x smart jobs=1 ms=0
2026-08-28T10:59:25.768415Z  INFO fs3_daemon::runner: done kind=summarize subject=docs/plans/061-workflow-events/reviews/review.phase-2-implementation-contract-tests.md::Code Review: Phase 2: Implementation and Contract Tests::E) Detailed Findings::E.2) Domain Compliance ms=21 left=29320
2026-08-28T10:59:25.777813Z  INFO fs3_daemon::runner: done kind="embed" id=673326 left=29319
2026-08-28T10:59:25.905964Z  INFO fs3_daemon::runner: batch kind="embed" subject=1 x smart jobs=1 ms=0
2026-08-28T10:59:25.909519Z  INFO fs3_daemon::runner: done kind=summarize subject=docs/plans/061-workflow-events/reviews/review.phase-2-implementation-contract-tests.md::Code Review: Phase 2: Implementation and Contract Tests::E) Detailed Findings ms=34 left=29319
2026-08-28T10:59:25.942101Z  INFO fs3_daemon::runner: done kind="embed" id=673327 left=29318
2026-08-28T10:59:26.069642Z  INFO fs3_daemon::runner: done kind=summarize subject=docs/plans/061-workflow-events/reviews/review.phase-2-implementation-contract-tests.md::Code Review: Phase 2: Implementation and Contract Tests::D) Findings Table ms=30 left=29318
2026-08-28T10:59:26.074135Z  INFO fs3_daemon::runner: batch kind="embed" subject=1 x smart jobs=1 ms=0
2026-08-28T10:59:26.105567Z  INFO fs3_daemon::runner: done kind="embed" id=673328 left=29317
2026-08-28T10:59:26.225142Z  INFO fs3_daemon::runner: done kind=summarize subject=docs/plans/061-workflow-events/reviews/review.phase-2-implementation-contract-tests.md::Code Review: Phase 2: Implementation and Contract Tests::C) Checklist ms=30 left=29317
2026-08-28T10:59:26.229266Z  INFO fs3_daemon::runner: batch kind="embed" subject=1 x smart jobs=1 ms=0
2026-08-28T10:59:26.250343Z  INFO fs3_daemon::runner: done kind="embed" id=673329 left=29316
2026-08-28T10:59:26.373407Z  INFO fs3_daemon::runner: done kind=summarize subject=docs/plans/061-workflow-events/reviews/review.phase-2-implementation-contract-tests.md::Code Review: Phase 2: Implementation and Contract Tests::A) Verdict ms=35 left=29316
2026-08-28T10:59:26.379493Z  INFO fs3_daemon::runner: batch kind="embed" subject=1 x smart jobs=1 ms=3
2026-08-28T10:59:26.402291Z  INFO fs3_daemon::runner: done kind="embed" id=673330 left=29315
2026-08-28T10:59:26.544665Z  INFO fs3_daemon::runner: done kind=summarize subject=docs/plans/061-workflow-events/reviews/review.phase-2-implementation-contract-tests.md::Code Review: Phase 2: Implementation and Contract Tests ms=31 left=29315
2026-08-28T10:59:26.546971Z  INFO fs3_daemon::runner: batch kind="embed" subject=1 x smart jobs=1 ms=0
2026-08-28T10:59:26.572794Z  INFO fs3_daemon::runner: done kind="embed" id=673331 left=29314
2026-08-28T10:59:26.699275Z  INFO fs3_daemon::runner: done kind=summarize subject=docs/plans/061-workflow-events/reviews/review.phase-1-interface-types-constants.md::Code Review: Phase 1: Interface, Types, and Constants::H) Handover Brief::Files Reviewed ms=35 left=29314
2026-08-28T10:59:26.704407Z  INFO fs3_daemon::runner: batch kind="embed" subject=1 x smart jobs=1 ms=2
2026-08-28T10:59:26.742938Z  INFO fs3_daemon::runner: done kind="embed" id=673332 left=29313
2026-08-28T10:59:26.858489Z  INFO fs3_daemon::runner: batch kind="embed" subject=1 x smart jobs=1 ms=0
2026-08-28T10:59:26.879088Z  INFO fs3_daemon::runner: done kind=summarize subject=docs/plans/061-workflow-events/reviews/review.phase-1-interface-types-constants.md::Code Review: Phase 1: Interface, Types, and Constants::H) Handover Brief ms=49 left=29313
2026-08-28T10:59:26.892224Z  INFO fs3_daemon::runner: done kind="embed" id=673333 left=29312
2026-08-28T10:59:27.037507Z  INFO fs3_daemon::runner: done kind=summarize subject=docs/plans/061-workflow-events/reviews/review.phase-1-interface-types-constants.md::Code Review: Phase 1: Interface, Types, and Constants::G) Commands Executed ms=43 left=29312
2026-08-28T10:59:27.043648Z  INFO fs3_daemon::runner: batch kind="embed" subject=1 x smart jobs=1 ms=0
2026-08-28T10:59:27.075557Z  INFO fs3_daemon::runner: done kind="embed" id=673334 left=29311
2026-08-28T10:59:27.212074Z  INFO fs3_daemon::runner: done kind=summarize subject=docs/plans/061-workflow-events/reviews/review.phase-1-interface-types-constants.md::Code Review: Phase 1: Interface, Types, and Constants::F) Coverage Map ms=39 left=29311
2026-08-28T10:59:27.227388Z  INFO fs3_daemon::runner: batch kind="embed" subject=1 x smart jobs=1 ms=0
2026-08-28T10:59:27.258717Z  INFO fs3_daemon::runner: done kind="embed" id=673335 left=29310
2026-08-28T10:59:27.395582Z  INFO fs3_daemon::runner: done kind=summarize subject=docs/plans/061-workflow-events/reviews/review.phase-1-interface-types-constants.md::Code Review: Phase 1: Interface, Types, and Constants::E) Detailed Findings::E.4) Testing & Evidence ms=50 left=29310
2026-08-28T10:59:27.401130Z  INFO fs3_daemon::runner: batch kind="embed" subject=1 x smart jobs=1 ms=0
2026-08-28T10:59:27.435513Z  INFO fs3_daemon::runner: done kind="embed" id=673336 left=29309
2026-08-28T10:59:27.562253Z  INFO fs3_daemon::runner: done kind=summarize subject=docs/plans/061-workflow-events/reviews/review.phase-1-interface-types-constants.md::Code Review: Phase 1: Interface, Types, and Constants::E) Detailed Findings::E.2) Domain Compliance ms=41 left=29309
2026-08-28T10:59:27.573398Z  INFO fs3_daemon::runner: batch kind="embed" subject=1 x smart jobs=1 ms=1
2026-08-28T10:59:27.597657Z  INFO fs3_daemon::runner: done kind="embed" id=673337 left=29308
2026-08-28T10:59:27.708820Z  INFO fs3_daemon::runner: done kind=summarize subject=docs/plans/061-workflow-events/reviews/review.phase-1-interface-types-constants.md::Code Review: Phase 1: Interface, Types, and Constants::E) Detailed Findings ms=23 left=29308
2026-08-28T10:59:27.711251Z  INFO fs3_daemon::runner: batch kind="embed" subject=1 x smart jobs=1 ms=0
2026-08-28T10:59:27.744056Z  INFO fs3_daemon::runner: done kind="embed" id=673338 left=29307
2026-08-28T10:59:27.858035Z  INFO fs3_daemon::runner: batch kind="embed" subject=1 x smart jobs=1 ms=0
2026-08-28T10:59:27.861978Z  INFO fs3_daemon::runner: done kind=summarize subject=docs/plans/061-workflow-events/reviews/review.phase-1-interface-types-constants.md::Code Review: Phase 1: Interface, Types, and Constants::C) Checklist ms=30 left=29307
2026-08-28T10:59:27.878092Z  INFO fs3_daemon::runner: done kind="embed" id=673339 left=29306
2026-08-28T10:59:27.989716Z  INFO fs3_daemon::runner: batch kind="embed" subject=1 x smart jobs=1 ms=0
2026-08-28T10:59:27.991515Z  INFO fs3_daemon::runner: done kind=summarize subject=docs/plans/061-workflow-events/reviews/review.phase-1-interface-types-constants.md::Code Review: Phase 1: Interface, Types, and Constants ms=23 left=29306
2026-08-28T10:59:28.007775Z  INFO fs3_daemon::runner: done kind="embed" id=673340 left=29305
2026-08-28T10:59:28.117713Z  INFO fs3_daemon::runner: batch kind="embed" subject=1 x smart jobs=1 ms=0
2026-08-28T10:59:28.132588Z  INFO fs3_daemon::runner: done kind="embed" id=673341 left=29304
2026-08-28T10:59:28.133793Z  INFO fs3_daemon::runner: done kind=summarize subject=docs/plans/061-workflow-events/reviews/fix-tasks.phase-3-consumer-migration.md::Fix Tasks: Phase 3: Consumer Migration::Medium / Low Fixes::FT-005: Strengthen AC-11/AC-12 verification and test documentation compliance ms=41 left=29305
2026-08-28T10:59:28.248036Z  INFO fs3_daemon::runner: batch kind="embed" subject=1 x smart jobs=1 ms=0
2026-08-28T10:59:28.251430Z  INFO fs3_daemon::runner: done kind=summarize subject=docs/plans/061-workflow-events/reviews/fix-tasks.phase-3-consumer-migration.md::Fix Tasks: Phase 3: Consumer Migration::Medium / Low Fixes::FT-004: Synchronize domain artifacts and map with Phase 3 changes ms=31 left=29304
2026-08-28T10:59:28.265605Z  INFO fs3_daemon::runner: done kind="embed" id=673342 left=29303
2026-08-28T10:59:28.389771Z  INFO fs3_daemon::runner: batch kind="embed" subject=1 x smart jobs=1 ms=1
2026-08-28T10:59:28.397671Z  INFO fs3_daemon::runner: done kind=summarize subject=docs/plans/061-workflow-events/reviews/fix-tasks.phase-3-consumer-migration.md::Fix Tasks: Phase 3: Consumer Migration::Medium / Low Fixes::FT-003: Preserve structured errors for invalid questionId path ms=38 left=29303
2026-08-28T10:59:28.403885Z  INFO fs3_daemon::runner: done kind="embed" id=673343 left=29302
2026-08-28T10:59:28.507699Z  INFO fs3_daemon::runner: done kind=summarize subject=docs/plans/061-workflow-events/reviews/fix-tasks.phase-3-consumer-migration.md::Fix Tasks: Phase 3: Consumer Migration::Medium / Low Fixes ms=18 left=29302
2026-08-28T10:59:28.512790Z  INFO fs3_daemon::runner: batch kind="embed" subject=1 x smart jobs=1 ms=1
2026-08-28T10:59:28.525969Z  INFO fs3_daemon::runner: done kind="embed" id=673344 left=29301
2026-08-28T10:59:28.649630Z  INFO fs3_daemon::runner: done kind=summarize subject=docs/plans/061-workflow-events/reviews/fix-tasks.phase-3-consumer-migration.md::Fix Tasks: Phase 3: Consumer Migration::Critical / High Fixes::FT-002: Update positional-graph domain contract docs after Q&A API deletion ms=25 left=29301
2026-08-28T10:59:28.657289Z  INFO fs3_daemon::runner: batch kind="embed" subject=1 x smart jobs=1 ms=0
2026-08-28T10:59:28.679046Z  INFO fs3_daemon::runner: done kind="embed" id=673345 left=29300
2026-08-28T10:59:28.846311Z  INFO fs3_daemon::runner: done kind=summarize subject=docs/plans/061-workflow-events/reviews/fix-tasks.phase-3-consumer-migration.md::Fix Tasks: Phase 3: Consumer Migration::Critical / High Fixes::FT-001: Surface restart failures in WorkflowEvents handshake ms=27 left=29300
2026-08-28T10:59:28.858531Z  INFO fs3_daemon::runner: batch kind="embed" subject=1 x smart jobs=1 ms=13
2026-08-28T10:59:28.894232Z  INFO fs3_daemon::runner: done kind="embed" id=673346 left=29299
2026-08-28T10:59:29.005793Z  INFO fs3_daemon::runner: done kind=summarize subject=docs/plans/061-workflow-events/reviews/fix-tasks.phase-3-consumer-migration.md::Fix Tasks: Phase 3: Consumer Migration::Critical / High Fixes ms=22 left=29299
2026-08-28T10:59:29.018782Z  INFO fs3_daemon::runner: batch kind="embed" subject=1 x smart jobs=1 ms=0
2026-08-28T10:59:29.041711Z  INFO fs3_daemon::runner: done kind="embed" id=673347 left=29298
2026-08-28T10:59:29.159422Z  INFO fs3_daemon::runner: done kind=summarize subject=docs/plans/061-workflow-events/reviews/fix-tasks.phase-3-consumer-migration.md::Fix Tasks: Phase 3: Consumer Migration ms=22 left=29298
2026-08-28T10:59:29.166615Z  INFO fs3_daemon::runner: batch kind="embed" subject=1 x smart jobs=1 ms=1
2026-08-28T10:59:29.184444Z  INFO fs3_daemon::runner: done kind="embed" id=673348 left=29297
2026-08-28T10:59:29.296543Z  INFO fs3_daemon::runner: done kind=summarize subject=docs/plans/061-workflow-events/reviews/fix-tasks.phase-2-implementation-contract-tests.md::Fix Tasks: Phase 2: Implementation and Contract Tests::Medium / Low Fixes::FT-008: Reuse One Timestamp for askQuestion State + Observer Event ms=21 left=29297
2026-08-28T10:59:29.300910Z  INFO fs3_daemon::runner: batch kind="embed" subject=1 x smart jobs=1 ms=0
2026-08-28T10:59:29.314880Z  INFO fs3_daemon::runner: done kind="embed" id=673349 left=29296
2026-08-28T10:59:29.442528Z  INFO fs3_daemon::runner: batch kind="embed" subject=1 x smart jobs=1 ms=0
2026-08-28T10:59:29.442655Z  INFO fs3_daemon::runner: done kind=summarize subject=docs/plans/061-workflow-events/reviews/fix-tasks.phase-2-implementation-contract-tests.md::Fix Tasks: Phase 2: Implementation and Contract Tests::Medium / Low Fixes::FT-007: Assert 3-Event Handshake Effect in Contract Suite ms=30 left=29296
2026-08-28T10:59:29.466450Z  INFO fs3_daemon::runner: done kind="embed" id=673350 left=29295
2026-08-28T10:59:29.579223Z  INFO fs3_daemon::runner: done kind=summarize subject=docs/plans/061-workflow-events/reviews/fix-tasks.phase-2-implementation-contract-tests.md::Fix Tasks: Phase 2: Implementation and Contract Tests::Medium / Low Fixes::FT-006: Align Domain Docs and Domain Manifest to Actual Phase 2 State ms=25 left=29295
2026-08-28T10:59:29.583493Z  INFO fs3_daemon::runner: batch kind="embed" subject=1 x smart jobs=1 ms=1
2026-08-28T10:59:29.599305Z  INFO fs3_daemon::runner: done kind="embed" id=673351 left=29294
2026-08-28T10:59:29.697595Z  INFO fs3_daemon::runner: done kind=summarize subject=docs/plans/061-workflow-events/reviews/fix-tasks.phase-2-implementation-contract-tests.md::Fix Tasks: Phase 2: Implementation and Contract Tests::Medium / Low Fixes::FT-005: Add Required 5-Field Test Doc Blocks ms=16 left=29294
2026-08-28T10:59:29.711372Z  INFO fs3_daemon::runner: batch kind="embed" subject=1 x smart jobs=1 ms=2
2026-08-28T10:59:29.732815Z  INFO fs3_daemon::runner: done kind="embed" id=673352 left=29293
2026-08-28T10:59:29.873818Z  INFO fs3_daemon::runner: done kind=summarize subject=docs/plans/061-workflow-events/reviews/fix-tasks.phase-2-implementation-contract-tests.md::Fix Tasks: Phase 2: Implementation and Contract Tests::Medium / Low Fixes::FT-004: Use Package/Public Imports in Contract Runner ms=24 left=29293
2026-08-28T10:59:29.883651Z  INFO fs3_daemon::runner: batch kind="embed" subject=1 x smart jobs=1 ms=2
2026-08-28T10:59:29.910626Z  INFO fs3_daemon::runner: done kind="embed" id=673353 left=29292
2026-08-28T10:59:30.047622Z  INFO fs3_daemon::runner: done kind=summarize subject=docs/plans/061-workflow-events/reviews/fix-tasks.phase-2-implementation-contract-tests.md::Fix Tasks: Phase 2: Implementation and Contract Tests::Medium / Low Fixes::FT-003: Prove Unsubscribe Behavior with Post-Unsubscribe Emission ms=37 left=29292
2026-08-28T10:59:30.085106Z  INFO fs3_daemon::runner: progress phase="working" scanned=62552 scan_left=33 summarized=128890 summarize_left=29258 embedded=208602 embed_left=1 failed=0
2026-08-28T10:59:30.115249Z  INFO fs3_daemon::runner: batch kind="embed" subject=2 x smart jobs=2 ms=1
2026-08-28T10:59:30.130704Z  INFO fs3_daemon::runner: done kind="embed" id=673355 left=29291
2026-08-28T10:59:30.219457Z  INFO fs3_daemon::runner: done kind="embed" id=673354 left=29290
2026-08-28T10:59:30.462586Z  INFO fs3_daemon::runner: done kind=summarize subject=docs/plans/061-workflow-events/reviews/fix-tasks.phase-2-implementation-contract-tests.md::Fix Tasks: Phase 2: Implementation and Contract Tests::Medium / Low Fixes ms=149 left=29290
2026-08-28T10:59:30.481116Z  INFO fs3_daemon::runner: batch kind="embed" subject=1 x smart jobs=1 ms=3
2026-08-28T10:59:30.493171Z  INFO fs3_daemon::runner: done kind=summarize subject=docs/plans/061-workflow-events/reviews/fix-tasks.phase-2-implementation-contract-tests.md::Fix Tasks: Phase 2: Implementation and Contract Tests::Critical / High Fixes::FT-002: Enforce Real/Fake Behavioral Contract Parity ms=64 left=29290
2026-08-28T10:59:30.494283Z  INFO fs3_daemon::runner: done kind="embed" id=673356 left=29289
2026-08-28T10:59:30.657061Z  INFO fs3_daemon::runner: batch kind="embed" subject=1 x smart jobs=1 ms=1
2026-08-28T10:59:30.658626Z  INFO fs3_daemon::runner: done kind=summarize subject=docs/plans/061-workflow-events/reviews/fix-tasks.phase-2-implementation-contract-tests.md::Fix Tasks: Phase 2: Implementation and Contract Tests::Critical / High Fixes::FT-001: Restore Domain Dependency Direction at Composition Boundary ms=48 left=29289
2026-08-28T10:59:30.687855Z  INFO fs3_daemon::runner: done kind="embed" id=673357 left=29288
2026-08-28T10:59:30.887015Z  INFO fs3_daemon::runner: batch kind="embed" subject=1 x smart jobs=1 ms=0
2026-08-28T10:59:30.902590Z  INFO fs3_daemon::runner: done kind=summarize subject=docs/plans/061-workflow-events/reviews/fix-tasks.phase-2-implementation-contract-tests.md::Fix Tasks: Phase 2: Implementation and Contract Tests::Critical / High Fixes ms=117 left=29288
2026-08-28T10:59:30.902684Z  INFO fs3_daemon::runner: done kind="embed" id=673358 left=29287
2026-08-28T10:59:31.052340Z  INFO fs3_daemon::runner: done kind=summarize subject=docs/plans/061-workflow-events/reviews/fix-tasks.phase-2-implementation-contract-tests.md::Fix Tasks: Phase 2: Implementation and Contract Tests ms=38 left=29287
