2026-08-28T10:30:00.918647Z  INFO fs3_daemon::runner: batch kind="embed" subject=3 x smart jobs=3 ms=505
2026-08-28T10:30:00.951545Z  INFO fs3_daemon::runner: done kind="embed" id=639978 left=36514
2026-08-28T10:30:01.025738Z  INFO fs3_daemon::runner: done kind="embed" id=639979 left=36513
2026-08-28T10:30:01.110362Z  INFO fs3_daemon::runner: done kind="embed" id=639977 left=36512
2026-08-28T10:30:01.733439Z  INFO fs3_daemon::runner: batch kind="embed" subject=3 x smart jobs=3 ms=293
2026-08-28T10:30:01.773136Z  INFO fs3_daemon::runner: done kind="embed" id=639982 left=36511
2026-08-28T10:30:01.858714Z  INFO fs3_daemon::runner: done kind=summarize subject=skills/pij/references/prime/rituals/bootstrap.md::Bootstrap — stand up an o-prime::5. Open intake and govern ms=2022 left=36511
2026-08-28T10:30:01.868011Z  INFO fs3_daemon::runner: done kind="embed" id=639981 left=36510
2026-08-28T10:30:01.963737Z  INFO fs3_daemon::runner: done kind="embed" id=639980 left=36509
2026-08-28T10:30:02.298655Z  INFO fs3_daemon::runner: batch kind="embed" subject=1 x smart jobs=1 ms=208
2026-08-28T10:30:02.326130Z  INFO fs3_daemon::runner: done kind="embed" id=639983 left=36508
2026-08-28T10:30:02.508511Z  INFO fs3_daemon::runner: done kind=summarize subject=skills/pij/references/prime/rituals/kickoff.md::Kickoff — spawn or adopt one stream::Canary ms=39 left=36508
2026-08-28T10:30:02.545722Z  INFO fs3_daemon::runner: batch kind="embed" subject=1 x smart jobs=1 ms=0
2026-08-28T10:30:02.576131Z  INFO fs3_daemon::runner: done kind="embed" id=639984 left=36507
2026-08-28T10:30:02.774396Z  INFO fs3_daemon::runner: done kind=summarize subject=skills/pij/references/prime/rituals/reports.md::Reports — evidence one hop up::Receiver duty ms=16 left=36507
2026-08-28T10:30:02.818716Z  INFO fs3_daemon::runner: batch kind="embed" subject=1 x smart jobs=1 ms=0
2026-08-28T10:30:02.822395Z  INFO fs3_daemon::runner: done kind=summarize subject=skills/pij/references/prime/rituals/reports.md::Reports — evidence one hop up::Top-layer evidence and digest ms=22 left=36507
2026-08-28T10:30:02.834265Z  INFO fs3_daemon::runner: done kind="embed" id=639985 left=36506
2026-08-28T10:30:02.940582Z  INFO fs3_daemon::runner: done kind=summarize subject=skills/pij/references/prime/templates/baton-book.md::Baton book ms=19 left=36506
2026-08-28T10:30:02.944501Z  INFO fs3_daemon::runner: batch kind="embed" subject=1 x smart jobs=1 ms=2
2026-08-28T10:30:02.956220Z  INFO fs3_daemon::runner: done kind="embed" id=639986 left=36505
2026-08-28T10:30:03.057494Z  INFO fs3_daemon::runner: batch kind="embed" subject=1 x smart jobs=1 ms=0
2026-08-28T10:30:03.069102Z  INFO fs3_daemon::runner: done kind="embed" id=639987 left=36504
2026-08-28T10:30:03.170009Z  INFO fs3_daemon::runner: done kind=summarize subject=skills/pij/references/prime/templates/orient-local.md::Orient — local (lever 2)::Mandatory orient reads ms=20 left=36504
2026-08-28T10:30:03.218682Z  INFO fs3_daemon::runner: batch kind="embed" subject=1 x smart jobs=1 ms=0
2026-08-28T10:30:03.222181Z  INFO fs3_daemon::runner: done kind=summarize subject=skills/pij/references/prime/templates/orient-local.md::Orient — local (lever 2)::Harness surface ms=21 left=36504
2026-08-28T10:30:03.232734Z  INFO fs3_daemon::runner: done kind="embed" id=639988 left=36503
2026-08-28T10:30:03.332289Z  INFO fs3_daemon::runner: batch kind="embed" subject=1 x smart jobs=1 ms=0
2026-08-28T10:30:03.345087Z  INFO fs3_daemon::runner: done kind="embed" id=639989 left=36502
2026-08-28T10:30:03.564161Z  INFO fs3_daemon::runner: done kind=summarize subject=skills/pij/references/prime/templates/seat-handover.md::Seat handover — <outgoing pij id> → incoming o-prime::Live state inherited ms=20 left=36502
2026-08-28T10:30:03.613673Z  INFO fs3_daemon::runner: batch kind="embed" subject=1 x smart jobs=1 ms=0
2026-08-28T10:30:03.631343Z  INFO fs3_daemon::runner: done kind="embed" id=639990 left=36501
2026-08-28T10:30:03.783589Z  INFO fs3_daemon::runner: done kind=summarize subject=skills/pij/references/prime/templates/stream-brief.md::Stream brief — s<ORD>-<SLUG> ms=21 left=36501
2026-08-28T10:30:03.823981Z  INFO fs3_daemon::runner: done kind=summarize subject=skills/pij/references/prime/rituals/bootstrap.md::Bootstrap — stand up an o-prime::Recovery ms=2417 left=36501
2026-08-28T10:30:03.845459Z  INFO fs3_daemon::runner: done kind=summarize subject=skills/pij/references/prime/templates/stream-brief.md::Stream brief — s<ORD>-<SLUG>::Work item ms=26 left=36501
2026-08-28T10:30:03.940609Z  INFO fs3_daemon::runner: batch kind="embed" subject=2 x smart jobs=2 ms=93
2026-08-28T10:30:03.952859Z  INFO fs3_daemon::runner: done kind="embed" id=639992 left=36500
2026-08-28T10:30:04.021911Z  INFO fs3_daemon::runner: done kind="embed" id=639991 left=36499
2026-08-28T10:30:04.072749Z  INFO fs3_daemon::runner: done kind=summarize subject=skills/pij/references/prime/rituals/reports.md::Reports — evidence one hop up::Contract ms=1361 left=36499
2026-08-28T10:30:04.155736Z  INFO fs3_daemon::runner: done kind=summarize subject=skills/pij/references/prime/rituals/kickoff.md::Kickoff — spawn or adopt one stream::Shared-tree fallback yield rule ms=1636 left=36499
2026-08-28T10:30:04.407652Z  INFO fs3_daemon::runner: batch kind="embed" subject=2 x smart jobs=2 ms=283
2026-08-28T10:30:04.422952Z  INFO fs3_daemon::runner: done kind="embed" id=639994 left=36498
2026-08-28T10:30:04.493247Z  INFO fs3_daemon::runner: done kind="embed" id=639993 left=36497
2026-08-28T10:30:04.584224Z  INFO fs3_daemon::runner: done kind=summarize subject=skills/pij/references/prime/templates/stream-brief.md::Stream brief — s<ORD>-<SLUG>::Assignment and reporting ms=15 left=36497
2026-08-28T10:30:04.776330Z  INFO fs3_daemon::runner: batch kind="embed" subject=1 x smart jobs=1 ms=193
2026-08-28T10:30:04.789036Z  INFO fs3_daemon::runner: done kind="embed" id=639995 left=36496
2026-08-28T10:30:04.878301Z  INFO fs3_daemon::runner: done kind=summarize subject=skills/pij/references/prime/rituals/kickoff.md::Kickoff — spawn or adopt one stream ms=2817 left=36496
2026-08-28T10:30:05.164669Z  INFO fs3_daemon::runner: batch kind="embed" subject=2 x smart jobs=2 ms=266
2026-08-28T10:30:05.180106Z  INFO fs3_daemon::runner: done kind="embed" id=639996 left=36495
2026-08-28T10:30:05.250212Z  INFO fs3_daemon::runner: done kind="embed" id=639997 left=36494
2026-08-28T10:30:05.281178Z  INFO fs3_daemon::runner: done kind=summarize subject=skills/pij/references/prime/rituals/reports.md::Reports — evidence one hop up ms=2617 left=36494
2026-08-28T10:30:05.367646Z  INFO fs3_daemon::runner: done kind=summarize subject=skills/pij/references/routes/agent.md::agent — run packaged agent packs::Run in place (blocking, scoped) ms=27 left=36494
2026-08-28T10:30:05.396399Z  INFO fs3_daemon::runner: progress phase="working" scanned=59483 scan_left=182 summarized=120549 summarize_left=36311 embedded=196423 embed_left=1 failed=0
2026-08-28T10:30:05.425142Z  INFO fs3_daemon::runner: done kind=summarize subject=skills/pij/references/prime/rituals/kickoff.md::Kickoff — spawn or adopt one stream::Steps 1–18 ms=3008 left=36494
2026-08-28T10:30:05.573929Z  INFO fs3_daemon::runner: done kind=summarize subject=skills/pij/references/prime/templates/orient-local.md::Orient — local (lever 2)::Authoring checklist ms=2139 left=36494
2026-08-28T10:30:05.605852Z  INFO fs3_daemon::runner: done kind=summarize subject=skills/pij/references/prime/templates/orient-local.md::Orient — local (lever 2) ms=2563 left=36495
2026-08-28T10:30:05.621336Z  INFO fs3_daemon::runner: done kind=summarize subject=skills/pij/references/prime/templates/orient-local.md::Orient — local (lever 2)::Repo mechanics — derive, do not copy ms=2305 left=36494
2026-08-28T10:30:05.628454Z  INFO fs3_daemon::runner: batch kind="embed" subject=2 x smart jobs=2 ms=211
2026-08-28T10:30:05.668353Z  INFO fs3_daemon::runner: done kind="embed" id=639998 left=36493
2026-08-28T10:30:05.699683Z  INFO fs3_daemon::runner: done kind=summarize subject=skills/pij/references/prime/templates/stream-brief.md::Stream brief — s<ORD>-<SLUG>::Orient stack ms=1593 left=36494
2026-08-28T10:30:05.718973Z  INFO fs3_daemon::runner: done kind=summarize subject=skills/pij/references/prime/templates/spine.md::Government spine::Fences — <stream id> ms=2005 left=36493
2026-08-28T10:30:05.761123Z  INFO fs3_daemon::runner: done kind="embed" id=639999 left=36492
2026-08-28T10:30:06.040198Z  INFO fs3_daemon::runner: done kind=summarize subject=skills/pij/references/prime/templates/seat-handover.md::Seat handover — <outgoing pij id> → incoming o-prime::Boot path for the incoming seat ms=2533 left=36492
2026-08-28T10:30:06.083012Z  INFO fs3_daemon::runner: done kind=summarize subject=skills/pij/references/prime/templates/spine.md::Government spine ms=2489 left=36492
2026-08-28T10:30:06.275899Z  INFO fs3_daemon::runner: done kind=summarize subject=skills/pij/references/prime/templates/seat-handover.md::Seat handover — <outgoing pij id> → incoming o-prime ms=2805 left=36492
2026-08-28T10:30:06.369187Z  INFO fs3_daemon::runner: batch kind="embed" subject=6 x smart jobs=6 ms=503
2026-08-28T10:30:06.396010Z  INFO fs3_daemon::runner: done kind="embed" id=640005 left=36491
2026-08-28T10:30:06.495811Z  INFO fs3_daemon::runner: done kind="embed" id=640000 left=36490
2026-08-28T10:30:06.563928Z  INFO fs3_daemon::runner: done kind="embed" id=640002 left=36489
2026-08-28T10:30:06.634002Z  INFO fs3_daemon::runner: done kind="embed" id=640001 left=36488
2026-08-28T10:30:06.712396Z  INFO fs3_daemon::runner: done kind="embed" id=640003 left=36487
2026-08-28T10:30:06.801080Z  INFO fs3_daemon::runner: done kind="embed" id=640004 left=36486
2026-08-28T10:30:06.957942Z  INFO fs3_daemon::runner: done kind=summarize subject=skills/pij/references/routes/agent.md::agent — run packaged agent packs ms=2072 left=36486
2026-08-28T10:30:07.388597Z  INFO fs3_daemon::runner: batch kind="embed" subject=3 x smart jobs=3 ms=455
2026-08-28T10:30:07.401398Z  INFO fs3_daemon::runner: done kind="embed" id=640008 left=36485
2026-08-28T10:30:07.472605Z  INFO fs3_daemon::runner: done kind="embed" id=640007 left=36484
2026-08-28T10:30:07.545178Z  INFO fs3_daemon::runner: done kind="embed" id=640006 left=36483
2026-08-28T10:30:07.910811Z  INFO fs3_daemon::runner: batch kind="embed" subject=1 x smart jobs=1 ms=261
2026-08-28T10:30:07.926853Z  INFO fs3_daemon::runner: done kind="embed" id=640009 left=36482
2026-08-28T10:30:08.040304Z  INFO fs3_daemon::runner: done kind=summarize subject=skills/pij/references/routes/delegate.md::delegate — hand ONE bounded task to ONE peer::Flow ms=28 left=36482
2026-08-28T10:30:08.052498Z  INFO fs3_daemon::runner: done kind=summarize subject=skills/pij/references/routes/agent.md::agent — run packaged agent packs::Spawn as a peer (reports back, optionally resident) ms=2211 left=36482
2026-08-28T10:30:08.100475Z  INFO fs3_daemon::runner: done kind=summarize subject=skills/pij/references/routes/delegate.md::delegate — hand ONE bounded task to ONE peer::Done-report ms=34 left=36482
2026-08-28T10:30:08.386864Z  INFO fs3_daemon::runner: batch kind="embed" subject=2 x smart jobs=2 ms=289
2026-08-28T10:30:08.402286Z  INFO fs3_daemon::runner: done kind="embed" id=640011 left=36481
2026-08-28T10:30:08.471832Z  INFO fs3_daemon::runner: done kind="embed" id=640010 left=36480
2026-08-28T10:30:08.586507Z  INFO fs3_daemon::runner: batch kind="embed" subject=1 x smart jobs=1 ms=0
2026-08-28T10:30:08.586660Z  INFO fs3_daemon::runner: done kind=summarize subject=skills/pij/references/routes/ops.md::ops — daemon health, registry & tmux hygiene ms=20 left=36480
2026-08-28T10:30:08.598682Z  INFO fs3_daemon::runner: done kind="embed" id=640012 left=36479
2026-08-28T10:30:08.704982Z  INFO fs3_daemon::runner: done kind=summarize subject=skills/pij/references/routes/ops.md::ops — daemon health, registry & tmux hygiene::Daemon ms=13 left=36479
2026-08-28T10:30:08.709279Z  INFO fs3_daemon::runner: batch kind="embed" subject=1 x smart jobs=1 ms=2
2026-08-28T10:30:08.721275Z  INFO fs3_daemon::runner: done kind="embed" id=640013 left=36478
2026-08-28T10:30:08.821058Z  INFO fs3_daemon::runner: done kind=summarize subject=skills/pij/references/routes/ops.md::ops — daemon health, registry & tmux hygiene::Registry hygiene ms=13 left=36478
2026-08-28T10:30:08.822797Z  INFO fs3_daemon::runner: batch kind="embed" subject=1 x smart jobs=1 ms=0
2026-08-28T10:30:08.840624Z  INFO fs3_daemon::runner: done kind="embed" id=640014 left=36477
2026-08-28T10:30:08.944670Z  INFO fs3_daemon::runner: batch kind="embed" subject=1 x smart jobs=1 ms=0
2026-08-28T10:30:08.959377Z  INFO fs3_daemon::runner: done kind="embed" id=640015 left=36476
2026-08-28T10:30:09.099632Z  INFO fs3_daemon::runner: done kind=summarize subject=skills/pij/references/routes/pair.md::pair — orchestrate a coder + cross-model reviewer fleet::Orchestrator Decision Protocol ms=19 left=36476
2026-08-28T10:30:09.152804Z  INFO fs3_daemon::runner: batch kind="embed" subject=1 x smart jobs=1 ms=0
2026-08-28T10:30:09.157775Z  INFO fs3_daemon::runner: done kind=summarize subject=skills/pij/references/routes/pair.md::pair — orchestrate a coder + cross-model reviewer fleet::Orchestrator Decision Protocol::The orchestrator sanity pass — the last gate before APPROVE (reflexive) ms=25 left=36476
2026-08-28T10:30:09.167751Z  INFO fs3_daemon::runner: done kind="embed" id=640016 left=36475
2026-08-28T10:30:09.197120Z  INFO fs3_daemon::runner: done kind=summarize subject=skills/pij/references/routes/delegate.md::delegate — hand ONE bounded task to ONE peer::The single invariant that makes delegation safe: pointer + bounds ms=1563 left=36475
2026-08-28T10:30:09.542590Z  INFO fs3_daemon::runner: batch kind="embed" subject=2 x smart jobs=2 ms=262
2026-08-28T10:30:09.556441Z  INFO fs3_daemon::runner: done kind="embed" id=640017 left=36474
2026-08-28T10:30:09.592781Z  INFO fs3_daemon::runner: done kind=summarize subject=skills/pij/references/routes/delegate.md::delegate — hand ONE bounded task to ONE peer ms=2695 left=36474
2026-08-28T10:30:09.637950Z  INFO fs3_daemon::runner: done kind="embed" id=640018 left=36473
2026-08-28T10:30:10.069561Z  INFO fs3_daemon::runner: batch kind="embed" subject=1 x smart jobs=1 ms=328
2026-08-28T10:30:10.090891Z  INFO fs3_daemon::runner: done kind="embed" id=640019 left=36472
2026-08-28T10:30:10.492588Z  INFO fs3_daemon::runner: progress phase="working" scanned=59483 scan_left=182 summarized=120570 summarize_left=36290 embedded=196445 embed_left=0 failed=0
2026-08-28T10:30:10.632224Z  INFO fs3_daemon::runner: done kind=summarize subject=skills/pij/references/routes/prime.md::prime — govern many agents in one repository::Ritual index ms=40 left=36472
2026-08-28T10:30:10.674088Z  INFO fs3_daemon::runner: batch kind="embed" subject=1 x smart jobs=1 ms=0
2026-08-28T10:30:10.697684Z  INFO fs3_daemon::runner: done kind="embed" id=640020 left=36471
2026-08-28T10:30:10.825243Z  INFO fs3_daemon::runner: done kind=summarize subject=skills/pij/references/routes/skill.md::skill — run an installed skill in a peer::The one verb ms=37 left=36471
2026-08-28T10:30:10.861692Z  INFO fs3_daemon::runner: batch kind="embed" subject=1 x smart jobs=1 ms=0
2026-08-28T10:30:10.885441Z  INFO fs3_daemon::runner: done kind="embed" id=640021 left=36470
2026-08-28T10:30:11.208248Z  WARN fs3_daemon::runner: FS3-E-STORE-QUERY-FAILED row is not a valid element: invalid config: blob 3b8c700606dad184ffc9e70722be66c33730d8b5 at parser_version fs3-parsers@1 has 2 file roots, expected exactly one id=294884 kind=scan_file key=scan:54:dev/test-graphs/real-agent-parallel/units/worker-a/prompts/main.md attempts=2 retrying=true
2026-08-28T10:30:11.245936Z  WARN fs3_daemon::runner: FS3-E-STORE-QUERY-FAILED row is not a valid element: invalid config: blob 3b8c700606dad184ffc9e70722be66c33730d8b5 at parser_version fs3-parsers@1 has 2 file roots, expected exactly one id=294885 kind=scan_file key=scan:54:dev/test-graphs/real-agent-parallel/units/worker-b/prompts/main.md attempts=2 retrying=true
2026-08-28T10:30:11.347123Z  INFO fs3_daemon::runner: done kind=summarize subject=docs/domains/_platform/viewer/domain.md::Domain: Viewer::Boundary ms=18 left=36470
2026-08-28T10:30:11.377301Z  INFO fs3_daemon::runner: done kind=summarize subject=skills/pij/references/routes/pair.md::pair — orchestrate a coder + cross-model reviewer fleet::Hard invariants ms=2337 left=36470
2026-08-28T10:30:11.404921Z  INFO fs3_daemon::runner: batch kind="embed" subject=1 x smart jobs=1 ms=0
2026-08-28T10:30:11.406471Z  INFO fs3_daemon::runner: done kind=summarize subject=docs/domains/_platform/viewer/domain.md::Domain: Viewer::Boundary::Owns ms=25 left=36470
2026-08-28T10:30:11.729751Z  INFO fs3_daemon::runner: batch kind="embed" subject=1 x smart jobs=1 ms=325
2026-08-28T10:30:11.743490Z  INFO fs3_daemon::runner: done kind="embed" id=640022 left=36469
2026-08-28T10:30:11.802582Z  INFO fs3_daemon::runner: done kind=summarize subject=skills/pij/references/routes/pair.md::pair — orchestrate a coder + cross-model reviewer fleet ms=2873 left=36469
2026-08-28T10:30:11.821757Z  INFO fs3_daemon::runner: done kind="embed" id=640023 left=36468
2026-08-28T10:30:11.934727Z  INFO fs3_daemon::runner: batch kind="embed" subject=1 x smart jobs=1 ms=1
2026-08-28T10:30:11.989534Z  INFO fs3_daemon::runner: done kind=summarize subject=skills/pij/references/routes/peer.md::peer — spawn & talk to an ad-hoc colleague::Failure modes ms=1594 left=36468
2026-08-28T10:30:12.168888Z  INFO fs3_daemon::runner: done kind=summarize subject=skills/pij/references/routes/pair.md::pair — orchestrate a coder + cross-model reviewer fleet::Invocation ms=1987 left=36468
2026-08-28T10:30:12.190604Z  INFO fs3_daemon::runner: done kind=summarize subject=skills/pij/references/routes/pair.md::pair — orchestrate a coder + cross-model reviewer fleet::Fleet lifecycle — the colleagues (coder + reviewer) ms=2925 left=36468
2026-08-28T10:30:12.229769Z  INFO fs3_daemon::runner: batch kind="embed" subject=1 x smart jobs=1 ms=296
2026-08-28T10:30:12.246346Z  INFO fs3_daemon::runner: done kind="embed" id=640025 left=36467
2026-08-28T10:30:12.315972Z  INFO fs3_daemon::runner: done kind="embed" id=640024 left=36466
2026-08-28T10:30:12.403711Z  INFO fs3_daemon::runner: done kind=summarize subject=skills/pij/references/routes/pair.md::pair — orchestrate a coder + cross-model reviewer fleet::Verdict law — what the CLI does and doesn't decide (finding 03) ms=2676 left=36466
2026-08-28T10:30:12.419598Z  INFO fs3_daemon::runner: done kind=summarize subject=docs/domains/_platform/viewer/domain.md::Domain: Viewer::Composition (Internal) ms=19 left=36466
2026-08-28T10:30:12.428707Z  INFO fs3_daemon::runner: done kind=summarize subject=skills/pij/references/routes/peer.md::peer — spawn & talk to an ad-hoc colleague::Verbs ms=2118 left=36466
2026-08-28T10:30:12.603057Z  INFO fs3_daemon::runner: done kind=summarize subject=skills/pij/references/routes/peer.md::peer — spawn & talk to an ad-hoc colleague::Smoke sequence (prove the seam end-to-end) ms=2252 left=36466
2026-08-28T10:30:12.797854Z  INFO fs3_daemon::runner: done kind=summarize subject=skills/pij/references/routes/pair.md::pair — orchestrate a coder + cross-model reviewer fleet::Procedure ms=2575 left=36466
2026-08-28T10:30:12.797936Z  INFO fs3_daemon::runner: done kind=summarize subject=skills/pij/references/routes/prime.md::prime — govern many agents in one repository::Role triage ms=2249 left=36466
2026-08-28T10:30:12.858545Z  INFO fs3_daemon::runner: batch kind="embed" subject=4 x smart jobs=4 ms=440
2026-08-28T10:30:12.872137Z  INFO fs3_daemon::runner: done kind="embed" id=640026 left=36465
2026-08-28T10:30:12.897881Z  INFO fs3_daemon::runner: done kind=summarize subject=skills/pij/references/routes/skill.md::skill — run an installed skill in a peer::Prompt recipe ms=2063 left=36465
2026-08-28T10:30:12.944170Z  INFO fs3_daemon::runner: done kind=summarize subject=skills/pij/references/routes/skill.md::skill — run an installed skill in a peer ms=2292 left=36464
2026-08-28T10:30:12.945113Z  INFO fs3_daemon::runner: done kind="embed" id=640027 left=36465
2026-08-28T10:30:13.024310Z  INFO fs3_daemon::runner: done kind="embed" id=640028 left=36463
2026-08-28T10:30:13.089012Z  INFO fs3_daemon::runner: done kind="embed" id=640029 left=36462
2026-08-28T10:30:13.108295Z  INFO fs3_daemon::runner: done kind=summarize subject=skills/pij/references/routes/peer.md::peer — spawn & talk to an ad-hoc colleague ms=2841 left=36462
2026-08-28T10:30:13.198448Z  INFO fs3_daemon::runner: batch kind="embed" subject=1 x smart jobs=1 ms=0
2026-08-28T10:30:13.326911Z  INFO fs3_daemon::runner: done kind=summarize subject=AGENTS.md::Chainglass Agent Guide::Quick Reference ms=2313 left=36462
2026-08-28T10:30:13.364155Z  INFO fs3_daemon::runner: done kind=summarize subject=skills/pij/references/routes/prime.md::prime — govern many agents in one repository ms=2929 left=36462
2026-08-28T10:30:13.411497Z  INFO fs3_daemon::runner: done kind=summarize subject=docs/domains/_platform/viewer/domain.md::Domain: Viewer::Contracts (Public Interface) ms=1507 left=36462
2026-08-28T10:30:13.483740Z  INFO fs3_daemon::runner: done kind=summarize subject=AGENTS.md::Code Review Agent — auto-run after /plan-6-v2-implement-phase ms=2332 left=36462
2026-08-28T10:30:13.601001Z  INFO fs3_daemon::runner: done kind=summarize subject=AGENTS.md::Chainglass Agent Guide::Quick Reference::Harness Commands (Agentic Development)::Auto Code Review After Implementation ms=2489 left=36462
2026-08-28T10:30:13.666934Z  INFO fs3_daemon::runner: done kind=summarize subject=docs/domains/_platform/viewer/domain.md::Domain: Viewer ms=2381 left=36463
2026-08-28T10:30:13.684377Z  INFO fs3_daemon::runner: batch kind="embed" subject=7 x smart jobs=7 ms=486
2026-08-28T10:30:13.702677Z  INFO fs3_daemon::runner: done kind="embed" id=640032 left=36471
2026-08-28T10:30:13.780786Z  INFO fs3_daemon::runner: done kind=summarize subject=AGENTS.md::Chainglass Agent Guide::Quick Reference::Harness Commands (Agentic Development) ms=2714 left=36471
2026-08-28T10:30:13.787814Z  INFO fs3_daemon::runner: done kind="embed" id=640036 left=36470
2026-08-28T10:30:13.801039Z  INFO fs3_daemon::watch: re-listed a changed directory directory=/Users/jordanknight/substrate/flowspace/fs3-worktree-diff/docs/plans/006-worktree-diff/assets/probes/out/run-20260828T101440Z events=125 enqueued=10 settled=Quiet
2026-08-28T10:30:13.803214Z  INFO fs3_daemon::runner: done kind=summarize subject=AGENTS.md::Chainglass Agent Guide ms=2829 left=36470
2026-08-28T10:30:13.859784Z  INFO fs3_daemon::runner: done kind="embed" id=640035 left=36469
2026-08-28T10:30:13.939174Z  INFO fs3_daemon::runner: done kind="embed" id=640033 left=36468
2026-08-28T10:30:14.010410Z  INFO fs3_daemon::runner: done kind="embed" id=640037 left=36467
2026-08-28T10:30:14.094667Z  INFO fs3_daemon::runner: done kind="embed" id=640031 left=36466
2026-08-28T10:30:14.167651Z  INFO fs3_daemon::runner: done kind="embed" id=640034 left=36465
2026-08-28T10:30:14.252942Z  INFO fs3_daemon::runner: done kind="embed" id=640030 left=36464
2026-08-28T10:30:14.372486Z  INFO fs3_daemon::runner: done kind=summarize subject=docs/domains/_platform/viewer/domain.md::Domain: Viewer::Dependencies ms=31 left=36464
2026-08-28T10:30:14.757920Z  INFO fs3_daemon::runner: batch kind="embed" subject=1 x smart jobs=1 ms=370
2026-08-28T10:30:14.888901Z  INFO fs3_daemon::runner: done kind=summarize subject=docs/domains/_platform/viewer/domain.md::Domain: Viewer::Source Location ms=1706 left=36464
2026-08-28T10:30:15.076816Z  INFO fs3_daemon::runner: batch kind="embed" subject=7 x smart jobs=7 ms=689
2026-08-28T10:30:15.108804Z  INFO fs3_daemon::runner: done kind="embed" id=640055 left=36463
2026-08-28T10:30:15.185582Z  INFO fs3_daemon::runner: done kind="embed" id=640041 left=36462
2026-08-28T10:30:15.269841Z  INFO fs3_daemon::runner: done kind="embed" id=640038 left=36461
2026-08-28T10:30:15.343777Z  INFO fs3_daemon::runner: done kind="embed" id=640054 left=36460
2026-08-28T10:30:15.415400Z  INFO fs3_daemon::runner: done kind="embed" id=640040 left=36459
2026-08-28T10:30:15.500112Z  INFO fs3_daemon::runner: done kind="embed" id=640042 left=36458
2026-08-28T10:30:15.573577Z  INFO fs3_daemon::runner: done kind="embed" id=640043 left=36457
2026-08-28T10:30:15.661025Z  INFO fs3_daemon::runner: done kind="embed" id=640039 left=36456
2026-08-28T10:30:15.815140Z  INFO fs3_daemon::runner: progress phase="working" scanned=59483 scan_left=192 summarized=120598 summarize_left=36262 embedded=196471 embed_left=2 failed=0
2026-08-28T10:30:16.124895Z  INFO fs3_daemon::runner: batch kind="embed" subject=2 x smart jobs=2 ms=290
2026-08-28T10:30:16.139019Z  INFO fs3_daemon::runner: done kind="embed" id=640056 left=36455
2026-08-28T10:30:16.213218Z  INFO fs3_daemon::runner: done kind="embed" id=640057 left=36454
2026-08-28T10:30:16.412605Z  INFO fs3_daemon::runner: done kind=summarize subject=docs/how/markdown-wysiwyg.md::Markdown WYSIWYG Editor — User Guide ms=19 left=36454
2026-08-28T10:30:16.466430Z  INFO fs3_daemon::runner: batch kind="embed" subject=1 x smart jobs=1 ms=3
2026-08-28T10:30:16.473965Z  INFO fs3_daemon::runner: done kind=summarize subject=docs/how/markdown-wysiwyg.md::Markdown WYSIWYG Editor — User Guide::Source vs Rich — When to Pick Each ms=32 left=36454
2026-08-28T10:30:16.491422Z  INFO fs3_daemon::runner: done kind="embed" id=640058 left=36453
2026-08-28T10:30:16.594027Z  INFO fs3_daemon::runner: done kind=summarize subject=docs/how/markdown-wysiwyg.md::Markdown WYSIWYG Editor — User Guide::Toolbar Reference ms=19 left=36453
2026-08-28T10:30:16.598445Z  INFO fs3_daemon::runner: batch kind="embed" subject=1 x smart jobs=1 ms=0
2026-08-28T10:30:16.613007Z  INFO fs3_daemon::runner: done kind="embed" id=640059 left=36452
2026-08-28T10:30:16.714620Z  INFO fs3_daemon::runner: done kind=summarize subject=docs/how/markdown-wysiwyg.md::Markdown WYSIWYG Editor — User Guide::Keyboard Shortcuts ms=19 left=36452
2026-08-28T10:30:16.716721Z  INFO fs3_daemon::runner: batch kind="embed" subject=1 x smart jobs=1 ms=0
2026-08-28T10:30:16.736606Z  INFO fs3_daemon::runner: done kind="embed" id=640060 left=36451
2026-08-28T10:30:16.856971Z  INFO fs3_daemon::runner: batch kind="embed" subject=1 x smart jobs=1 ms=0
2026-08-28T10:30:16.857874Z  INFO fs3_daemon::runner: done kind=summarize subject=docs/how/markdown-wysiwyg.md::Markdown WYSIWYG Editor — User Guide::Markdown Input Rules ms=24 left=36451
2026-08-28T10:30:16.875592Z  INFO fs3_daemon::runner: done kind="embed" id=640061 left=36450
2026-08-28T10:30:16.981420Z  INFO fs3_daemon::runner: batch kind="embed" subject=1 x smart jobs=1 ms=0
2026-08-28T10:30:16.983239Z  INFO fs3_daemon::runner: done kind=summarize subject=docs/how/markdown-wysiwyg.md::Markdown WYSIWYG Editor — User Guide::Round-Trip Caveats ms=20 left=36450
2026-08-28T10:30:16.996297Z  INFO fs3_daemon::runner: done kind="embed" id=640062 left=36449
2026-08-28T10:30:17.092796Z  INFO fs3_daemon::runner: done kind=summarize subject=docs/how/markdown-wysiwyg.md::Markdown WYSIWYG Editor — User Guide::Tables + Front-Matter ms=12 left=36449
2026-08-28T10:30:17.094537Z  INFO fs3_daemon::runner: batch kind="embed" subject=1 x smart jobs=1 ms=0
2026-08-28T10:30:17.109872Z  INFO fs3_daemon::runner: done kind="embed" id=640063 left=36448
2026-08-28T10:30:17.211801Z  INFO fs3_daemon::runner: batch kind="embed" subject=1 x smart jobs=1 ms=0
2026-08-28T10:30:17.228331Z  INFO fs3_daemon::runner: done kind=scan_file subject=docs/plans/006-worktree-diff/assets/probes/out/run-20260828T083322Z/p1-worktree-add.txt ms=32 left=36448
2026-08-28T10:30:17.228413Z  INFO fs3_daemon::runner: done kind="embed" id=640064 left=36447
2026-08-28T10:30:17.340098Z  INFO fs3_daemon::runner: done kind=scan_file subject=docs/plans/006-worktree-diff/assets/probes/out/run-20260828T083322Z/p1-deltas.txt ms=23 left=36447
2026-08-28T10:30:17.776411Z  INFO fs3_daemon::runner: batch kind="embed" subject=1 x raw jobs=1 ms=444
2026-08-28T10:30:17.789832Z  INFO fs3_daemon::runner: done kind="embed" id=640065 left=36446
2026-08-28T10:30:17.898228Z  INFO fs3_daemon::runner: done kind=scan_file subject=docs/plans/006-worktree-diff/assets/probes/out/run-20260828T083322Z/p1-jobs.txt ms=24 left=36446
2026-08-28T10:30:18.151048Z  INFO fs3_daemon::runner: batch kind="embed" subject=1 x raw jobs=1 ms=260
2026-08-28T10:30:18.164194Z  INFO fs3_daemon::runner: done kind="embed" id=640066 left=36445
2026-08-28T10:30:18.296916Z  INFO fs3_daemon::runner: done kind=scan_file subject=docs/plans/006-worktree-diff/assets/probes/out/run-20260828T083322Z/p1-noop-jobs.txt ms=41 left=36445
2026-08-28T10:30:18.369026Z  INFO fs3_daemon::runner: done kind=summarize subject=docs/domains/_platform/viewer/domain.md::Domain: Viewer::History ms=2611 left=36445
2026-08-28T10:30:18.389695Z  INFO fs3_daemon::runner: batch kind="embed" subject=1 x raw jobs=1 ms=108
2026-08-28T10:30:18.410455Z  INFO fs3_daemon::runner: done kind="embed" id=640067 left=36444
2026-08-28T10:30:18.538972Z  INFO fs3_daemon::runner: done kind=summarize subject=docs/domains/file-browser/domain.md::Domain: File Browser::History ms=2186 left=36444
2026-08-28T10:30:18.541606Z  INFO fs3_daemon::runner: batch kind="embed" subject=1 x raw jobs=1 ms=0
2026-08-28T10:30:18.588373Z  INFO fs3_daemon::runner: done kind=scan_file subject=docs/plans/006-worktree-diff/assets/probes/out/run-20260828T083322Z/p2a-deltas.txt ms=68 left=36444
2026-08-28T10:30:18.642291Z  INFO fs3_daemon::runner: done kind=summarize subject=docs/domains/file-browser/domain.md::Domain: File Browser ms=2329 left=36444
2026-08-28T10:30:18.850162Z  INFO fs3_daemon::runner: batch kind="embed" subject=2 x smart jobs=2 ms=309
2026-08-28T10:30:18.871484Z  INFO fs3_daemon::runner: done kind="embed" id=640069 left=36443
2026-08-28T10:30:18.961383Z  INFO fs3_daemon::runner: done kind="embed" id=640070 left=36442
2026-08-28T10:30:19.034014Z  INFO fs3_daemon::runner: done kind="embed" id=640068 left=36441
2026-08-28T10:30:19.214343Z  INFO fs3_daemon::runner: done kind=scan_file subject=docs/plans/006-worktree-diff/assets/probes/out/run-20260828T083322Z/p2a-jobs.txt ms=71 left=36441
2026-08-28T10:30:19.405421Z  INFO fs3_daemon::runner: batch kind="embed" subject=1 x raw jobs=1 ms=222
2026-08-28T10:30:19.481656Z  INFO fs3_daemon::runner: batch kind="embed" subject=1 x smart jobs=1 ms=298
2026-08-28T10:30:19.504661Z  INFO fs3_daemon::runner: done kind="embed" id=640072 left=36440
2026-08-28T10:30:19.581301Z  INFO fs3_daemon::runner: done kind="embed" id=640071 left=36439
2026-08-28T10:30:19.695113Z  INFO fs3_daemon::runner: done kind=scan_file subject=docs/plans/006-worktree-diff/assets/probes/out/run-20260828T083322Z/p2a-paid.txt ms=31 left=36439
2026-08-28T10:30:19.937456Z  INFO fs3_daemon::runner: batch kind="embed" subject=1 x raw jobs=1 ms=257
2026-08-28T10:30:19.950904Z  INFO fs3_daemon::runner: done kind="embed" id=640073 left=36438
2026-08-28T10:30:20.057737Z  INFO fs3_daemon::runner: done kind=scan_file subject=docs/plans/006-worktree-diff/assets/probes/out/run-20260828T083322Z/p2b-edited-files.txt ms=24 left=36438
2026-08-28T10:30:20.292110Z  INFO fs3_daemon::runner: batch kind="embed" subject=1 x raw jobs=1 ms=239
2026-08-28T10:30:20.304553Z  INFO fs3_daemon::runner: done kind="embed" id=640074 left=36437
2026-08-28T10:30:20.412032Z  INFO fs3_daemon::runner: batch kind="embed" subject=1 x raw jobs=1 ms=0
2026-08-28T10:30:20.420786Z  INFO fs3_daemon::runner: done kind=scan_file subject=docs/plans/006-worktree-diff/assets/probes/out/run-20260828T083322Z/p3-version-file.txt ms=39 left=36437
2026-08-28T10:30:20.430665Z  INFO fs3_daemon::runner: done kind="embed" id=640075 left=36436
2026-08-28T10:30:20.539245Z  INFO fs3_daemon::runner: batch kind="embed" subject=1 x raw jobs=1 ms=0
2026-08-28T10:30:20.551031Z  INFO fs3_daemon::runner: done kind="embed" id=640076 left=36435
2026-08-28T10:30:20.876405Z  INFO fs3_daemon::runner: progress phase="working" scanned=59492 scan_left=183 summarized=120608 summarize_left=36252 embedded=196492 embed_left=0 failed=0
2026-08-28T10:30:22.006692Z  INFO fs3_daemon::runner: done kind=summarize subject=crates/daemon/src/http.rs::RefHit ms=1182 left=36435
2026-08-28T10:30:22.170643Z  INFO fs3_daemon::runner: batch kind="embed" subject=1 x smart jobs=1 ms=92
2026-08-28T10:30:22.205509Z  INFO fs3_daemon::runner: done kind="embed" id=640077 left=36434
2026-08-28T10:30:22.337602Z  INFO fs3_daemon::runner: done kind=summarize subject=crates/daemon/src/http.rs::router ms=1420 left=36434
2026-08-28T10:30:22.453639Z  INFO fs3_daemon::runner: done kind=summarize subject=crates/daemon/src/http.rs::RefHit ms=1667 left=36434
2026-08-28T10:30:22.539742Z  INFO fs3_daemon::runner: done kind=summarize subject=crates/daemon/src/http.rs::ddoc_degradation_notice ms=1475 left=36434
2026-08-28T10:30:22.752680Z  INFO fs3_daemon::runner: done kind=summarize subject=crates/daemon/src/scan.rs::tests::ddoc_dispatch_produces_rows_not_a_whole_document_only_tree ms=1503 left=36435
2026-08-28T10:30:22.764917Z  INFO fs3_daemon::runner: done kind=summarize subject=crates/daemon/src/http.rs::RefsRequest ms=2017 left=36434
2026-08-28T10:30:22.792064Z  INFO fs3_daemon::runner: batch kind="embed" subject=1 x smart jobs=1 ms=382
2026-08-28T10:30:22.822341Z  INFO fs3_daemon::runner: done kind="embed" id=640078 left=36433
2026-08-28T10:30:22.884603Z  INFO fs3_daemon::runner: done kind=summarize subject=crates/daemon/src/search.rs::DdocHit ms=1470 left=36435
2026-08-28T10:30:22.886199Z  INFO fs3_daemon::runner: done kind=summarize subject=crates/daemon/src/scan.rs::tests::ddoc_facts_are_selected_by_exact_schema_not_map_order ms=1591 left=36434
2026-08-28T10:30:22.909972Z  INFO fs3_daemon::runner: done kind=summarize subject=crates/cli/docs/ddocs.md::deterministic documents::Filters ms=2200 left=36434
2026-08-28T10:30:22.925714Z  INFO fs3_daemon::runner: done kind=summarize subject=crates/cli/docs/ddocs.md::deterministic documents::Source-file references ms=2255 left=36433
2026-08-28T10:30:22.944499Z  INFO fs3_daemon::runner: done kind=summarize subject=crates/daemon/src/search.rs::DdocHit::from ms=1452 left=36433
2026-08-28T10:30:23.030773Z  INFO fs3_daemon::runner: done kind=summarize subject=crates/daemon/src/scan.rs::tests ms=1819 left=36434
2026-08-28T10:30:23.039558Z  INFO fs3_daemon::runner: done kind=summarize subject=crates/daemon/src/search.rs::DdocHit ms=1582 left=36434
2026-08-28T10:30:23.048925Z  INFO fs3_daemon::runner: done kind=summarize subject=crates/daemon/src/http.rs::next_after_search ms=2021 left=36433
2026-08-28T10:30:23.119641Z  INFO fs3_daemon::runner: done kind=summarize subject=crates/daemon/src/scan.rs::scan_ddoc_bytes ms=1980 left=36433
2026-08-28T10:30:23.160503Z  INFO fs3_daemon::runner: batch kind="embed" subject=9 x smart jobs=9 ms=204
2026-08-28T10:30:23.164422Z  INFO fs3_daemon::runner: done kind=summarize subject=crates/daemon/src/search.rs::tests::hit ms=1511 left=36433
2026-08-28T10:30:23.189017Z  INFO fs3_daemon::runner: done kind="embed" id=640087 left=36432
2026-08-28T10:30:23.231060Z  INFO fs3_daemon::runner: done kind=summarize subject=crates/cli/docs/ddocs.md::deterministic documents ms=2708 left=36432
2026-08-28T10:30:23.253176Z  INFO fs3_daemon::runner: done kind=summarize subject=crates/daemon/src/search.rs::tests::ddoc_filter_mapping_preserves_absent_open_and_closed ms=1526 left=36432
2026-08-28T10:30:23.286125Z  INFO fs3_daemon::runner: done kind="embed" id=640083 left=36431
2026-08-28T10:30:23.297544Z  INFO fs3_daemon::runner: done kind=summarize subject=crates/cli/docs/ddocs.md::deterministic documents::State: believe the derived claim ms=2665 left=36431
2026-08-28T10:30:23.368108Z  INFO fs3_daemon::runner: done kind="embed" id=640086 left=36430
2026-08-28T10:30:23.430941Z  INFO fs3_daemon::runner: done kind=summarize subject=crates/daemon/src/search.rs::SearchRequest ms=2098 left=36430
2026-08-28T10:30:23.483083Z  INFO fs3_daemon::runner: done kind="embed" id=640085 left=36429
2026-08-28T10:30:23.514136Z  INFO fs3_daemon::runner: done kind=summarize subject=crates/daemon/tests/read_surface.rs::get_by_dd_address_resolves_the_same_row_the_parser_produced ms=1637 left=36430
2026-08-28T10:30:23.554569Z  INFO fs3_daemon::runner: done kind=summarize subject=crates/daemon/src/search.rs::render ms=1976 left=36431
2026-08-28T10:30:23.571415Z  INFO fs3_daemon::runner: done kind="embed" id=640082 left=36429
2026-08-28T10:30:23.573597Z  INFO fs3_daemon::runner: done kind=summarize subject=crates/daemon/src/http.rs::search ms=2616 left=36429
2026-08-28T10:30:23.579006Z  INFO fs3_daemon::runner: done kind=summarize subject=crates/daemon/tests/read_surface.rs::Stack::embed_ddoc ms=1740 left=36428
2026-08-28T10:30:23.612947Z  INFO fs3_daemon::runner: done kind=summarize subject=crates/daemon/src/search.rs::Hit ms=2240 left=36428
2026-08-28T10:30:23.747349Z  INFO fs3_daemon::runner: done kind="embed" id=640080 left=36427
2026-08-28T10:30:23.751474Z  INFO fs3_daemon::runner: done kind=summarize subject=crates/daemon/src/search.rs::search ms=2216 left=36428
2026-08-28T10:30:23.752146Z  INFO fs3_daemon::runner: done kind=summarize subject=crates/daemon/src/search.rs::tests ms=2136 left=36427
2026-08-28T10:30:23.814665Z  INFO fs3_daemon::runner: done kind=summarize subject=crates/daemon/src/http.rs::refs ms=2710 left=36427
2026-08-28T10:30:23.822556Z  INFO fs3_daemon::runner: done kind=summarize subject=crates/daemon/src/search.rs::tests::ddoc_metadata_is_serialized_on_rows_and_the_key_is_absent_on_code ms=2132 left=36427
2026-08-28T10:30:23.834243Z  INFO fs3_daemon::runner: done kind="embed" id=640079 left=36426
2026-08-28T10:30:23.863505Z  INFO fs3_daemon::runner: done kind=summarize subject=crates/daemon/tests/read_surface.rs::Stack::index_ddoc ms=2062 left=36426
2026-08-28T10:30:23.911849Z  INFO fs3_daemon::runner: done kind="embed" id=640084 left=36425
2026-08-28T10:30:23.955739Z  INFO fs3_daemon::runner: done kind=summarize subject=crates/daemon/src/scan.rs::run ms=2780 left=36425
2026-08-28T10:30:23.989091Z  INFO fs3_daemon::runner: done kind="embed" id=640081 left=36424
2026-08-28T10:30:24.509214Z  INFO fs3_daemon::runner: done kind=summarize subject=crates/daemon/tests/read_surface.rs::Stack ms=2745 left=36424
2026-08-28T10:30:24.658425Z  INFO fs3_daemon::runner: done kind=summarize subject=crates/daemon/tests/read_surface.rs::ddoc_degradation_notice_uses_live_worktree_tooling ms=2354 left=36424
2026-08-28T10:30:24.914077Z  INFO fs3_daemon::runner: batch kind="embed" subject=20 x smart jobs=20 ms=815
2026-08-28T10:30:24.939278Z  INFO fs3_daemon::runner: done kind="embed" id=640090 left=36423
2026-08-28T10:30:25.008523Z  INFO fs3_daemon::runner: done kind="embed" id=640089 left=36422
2026-08-28T10:30:25.081151Z  INFO fs3_daemon::runner: done kind="embed" id=640103 left=36421
2026-08-28T10:30:25.161901Z  INFO fs3_daemon::runner: done kind="embed" id=640094 left=36420
2026-08-28T10:30:25.182308Z  INFO fs3_daemon::runner: done kind=summarize subject=crates/daemon/tests/read_surface.rs::refs_with_no_rows_is_a_successful_empty_answer ms=2257 left=36420
2026-08-28T10:30:25.244607Z  INFO fs3_daemon::runner: done kind="embed" id=640100 left=36419
2026-08-28T10:30:25.312698Z  INFO fs3_daemon::runner: done kind="embed" id=640106 left=36418
2026-08-28T10:30:25.387522Z  INFO fs3_daemon::runner: done kind="embed" id=640107 left=36417
2026-08-28T10:30:25.463559Z  INFO fs3_daemon::runner: done kind="embed" id=640104 left=36416
2026-08-28T10:30:25.538160Z  INFO fs3_daemon::runner: done kind="embed" id=640091 left=36415
2026-08-28T10:30:25.609464Z  INFO fs3_daemon::runner: done kind="embed" id=640096 left=36414
2026-08-28T10:30:25.677519Z  INFO fs3_daemon::runner: done kind="embed" id=640101 left=36413
2026-08-28T10:30:25.743236Z  INFO fs3_daemon::runner: done kind="embed" id=640095 left=36412
2026-08-28T10:30:25.812242Z  INFO fs3_daemon::runner: done kind="embed" id=640102 left=36411
2026-08-28T10:30:25.890108Z  INFO fs3_daemon::runner: done kind="embed" id=640105 left=36410
2026-08-28T10:30:25.967388Z  INFO fs3_daemon::runner: done kind="embed" id=640097 left=36409
2026-08-28T10:30:26.031430Z  INFO fs3_daemon::runner: done kind="embed" id=640093 left=36408
2026-08-28T10:30:26.094670Z  INFO fs3_daemon::runner: done kind="embed" id=640092 left=36407
2026-08-28T10:30:26.164477Z  INFO fs3_daemon::runner: done kind="embed" id=640098 left=36406
2026-08-28T10:30:26.236976Z  INFO fs3_daemon::runner: done kind="embed" id=640099 left=36405
2026-08-28T10:30:26.305081Z  INFO fs3_daemon::runner: done kind="embed" id=640088 left=36404
2026-08-28T10:30:26.406547Z  INFO fs3_daemon::runner: done kind=summarize subject=docs/plans/076-harness-workflow-runner/fixes/FX004-check-route-mobile-fix.fltplan.md::Flight Plan: Fix FX004 — Harness check-route + mobile viewer auto-switch ms=22 left=36404
2026-08-28T10:30:26.432073Z  INFO fs3_daemon::runner: done kind=summarize subject=crates/daemon/tests/read_surface.rs::refs_returns_the_source_rows_pasteable_dd_address ms=2352 left=36404
2026-08-28T10:30:26.448081Z  INFO fs3_daemon::runner: progress phase="working" scanned=59492 scan_left=183 summarized=120642 summarize_left=36218 embedded=196523 embed_left=3 failed=0
2026-08-28T10:30:26.480497Z  INFO fs3_daemon::runner: batch kind="embed" subject=1 x smart jobs=1 ms=1
2026-08-28T10:30:27.063509Z  INFO fs3_daemon::runner: batch kind="embed" subject=4 x smart jobs=4 ms=584
2026-08-28T10:30:27.089897Z  INFO fs3_daemon::runner: done kind="embed" id=640108 left=36403
2026-08-28T10:30:27.154238Z  INFO fs3_daemon::runner: done kind="embed" id=640110 left=36402
2026-08-28T10:30:27.236860Z  INFO fs3_daemon::runner: done kind="embed" id=640112 left=36401
2026-08-28T10:30:27.335304Z  INFO fs3_daemon::runner: done kind="embed" id=640109 left=36400
2026-08-28T10:30:27.429111Z  INFO fs3_daemon::runner: done kind="embed" id=640111 left=36399
2026-08-28T10:30:27.553526Z  INFO fs3_daemon::runner: done kind=summarize subject=docs/plans/076-harness-workflow-runner/fixes/FX004-check-route-mobile-fix.fltplan.md::Flight Plan: Fix FX004 — Harness check-route + mobile viewer auto-switch::Flight Status ms=34 left=36399
2026-08-28T10:30:27.604194Z  INFO fs3_daemon::runner: done kind=summarize subject=docs/plans/076-harness-workflow-runner/fixes/FX004-check-route-mobile-fix.log.md::FX004 Execution Log ms=36 left=36399
2026-08-28T10:30:27.605217Z  INFO fs3_daemon::runner: batch kind="embed" subject=1 x smart jobs=1 ms=0
2026-08-28T10:30:27.630937Z  INFO fs3_daemon::runner: done kind="embed" id=640113 left=36398
2026-08-28T10:30:27.756106Z  INFO fs3_daemon::runner: done kind=summarize subject=docs/plans/076-harness-workflow-runner/fixes/FX004-check-route-mobile-fix.md::Fix FX004: Harness check-route command + mobile viewer auto-switch ms=34 left=36398
2026-08-28T10:30:27.759567Z  INFO fs3_daemon::runner: batch kind="embed" subject=1 x smart jobs=1 ms=1
2026-08-28T10:30:27.793844Z  INFO fs3_daemon::runner: done kind="embed" id=640114 left=36397
2026-08-28T10:30:27.903368Z  INFO fs3_daemon::runner: batch kind="embed" subject=1 x smart jobs=1 ms=0
2026-08-28T10:30:27.917188Z  INFO fs3_daemon::runner: done kind="embed" id=640115 left=36396
2026-08-28T10:30:27.917283Z  INFO fs3_daemon::runner: done kind=summarize subject=docs/plans/076-harness-workflow-runner/fixes/FX004-check-route-mobile-fix.md::Fix FX004: Harness check-route command + mobile viewer auto-switch::Tasks ms=36 left=36397
2026-08-28T10:30:28.036825Z  INFO fs3_daemon::runner: done kind=summarize subject=docs/plans/076-harness-workflow-runner/fixes/FX004-check-route-mobile-fix.md::Fix FX004: Harness check-route command + mobile viewer auto-switch::Acceptance ms=19 left=36396
2026-08-28T10:30:28.040681Z  INFO fs3_daemon::runner: batch kind="embed" subject=1 x smart jobs=1 ms=3
2026-08-28T10:30:28.057831Z  INFO fs3_daemon::runner: done kind="embed" id=640116 left=36395
2026-08-28T10:30:28.154291Z  INFO fs3_daemon::runner: done kind=summarize subject=docs/plans/076-harness-workflow-runner/fixes/FX004-check-route-mobile-fix.md::Fix FX004: Harness check-route command + mobile viewer auto-switch::Validation Record (2026-04-20) ms=19 left=36395
2026-08-28T10:30:28.159280Z  INFO fs3_daemon::runner: batch kind="embed" subject=1 x smart jobs=1 ms=0
2026-08-28T10:30:28.173044Z  INFO fs3_daemon::runner: done kind="embed" id=640117 left=36394
2026-08-28T10:30:28.262894Z  INFO fs3_daemon::runner: done kind=summarize subject=docs/plans/076-harness-workflow-runner/fixes/FX004-check-route-mobile-fix.md::Fix FX004: Harness check-route command + mobile viewer auto-switch::Validation Record (2026-04-20)::Forward-Compatibility Matrix ms=13 left=36394
2026-08-28T10:30:28.267469Z  INFO fs3_daemon::runner: batch kind="embed" subject=1 x smart jobs=1 ms=2
2026-08-28T10:30:28.287356Z  INFO fs3_daemon::runner: done kind="embed" id=640118 left=36393
2026-08-28T10:30:28.392844Z  INFO fs3_daemon::runner: done kind=summarize subject=docs/plans/076-harness-workflow-runner/harness-workflow-runner-plan.md::Harness Workflow Runner — Implementation Plan ms=19 left=36393
2026-08-28T10:30:28.398306Z  INFO fs3_daemon::runner: batch kind="embed" subject=1 x smart jobs=1 ms=0
2026-08-28T10:30:28.417864Z  INFO fs3_daemon::runner: done kind="embed" id=640119 left=36392
2026-08-28T10:30:28.525291Z  INFO fs3_daemon::runner: batch kind="embed" subject=1 x smart jobs=1 ms=0
2026-08-28T10:30:28.544595Z  INFO fs3_daemon::runner: done kind="embed" id=640120 left=36391
2026-08-28T10:30:28.588557Z  INFO fs3_daemon::runner: done kind=scan_file subject=docs/plans/008-ddocs-scan/assets/observations.md ms=81 left=36406
2026-08-28T10:30:28.661057Z  INFO fs3_daemon::runner: done kind=summarize subject=docs/plans/076-harness-workflow-runner/workshops/014-harness-check-route.md::Workshop: Harness Route Validation Command (`check-route`) ms=18 left=36406
2026-08-28T10:30:28.670398Z  WARN fs3_daemon::enrich: input exceeds the model's per-input cap; embedding a prefix of it source_hash=792e404326ba2d2bcc571361668e20e1906ff7e3bdf5ba4f0d51dcff8c327ee3 kind="raw" cap=8192 from_bytes=22105 to_bytes=16383
2026-08-28T10:30:29.687394Z  INFO fs3_daemon::runner: batch kind="embed" subject=37 x raw jobs=3 ms=1019
2026-08-28T10:30:29.724669Z  INFO fs3_daemon::runner: done kind="embed" id=640133 left=36405
2026-08-28T10:30:29.789352Z  INFO fs3_daemon::runner: done kind="embed" id=640126 left=36404
2026-08-28T10:30:29.859657Z  INFO fs3_daemon::runner: done kind="embed" id=640136 left=36403
2026-08-28T10:30:29.970442Z  INFO fs3_daemon::runner: batch kind="embed" subject=1 x smart jobs=1 ms=0
2026-08-28T10:30:29.971215Z  INFO fs3_daemon::runner: done kind=summarize subject=docs/plans/076-harness-workflow-runner/workshops/014-harness-check-route.md::Workshop: Harness Route Validation Command (`check-route`)::Key Questions Addressed ms=20 left=36403
2026-08-28T10:30:29.992351Z  INFO fs3_daemon::runner: done kind="embed" id=640137 left=36402
2026-08-28T10:30:30.094704Z  INFO fs3_daemon::runner: done kind=summarize subject=docs/plans/076-harness-workflow-runner/workshops/014-harness-check-route.md::Workshop: Harness Route Validation Command (`check-route`)::The Problem ms=21 left=36402
2026-08-28T10:30:30.100674Z  INFO fs3_daemon::runner: batch kind="embed" subject=1 x smart jobs=1 ms=0
2026-08-28T10:30:30.120922Z  INFO fs3_daemon::runner: done kind="embed" id=640138 left=36401
2026-08-28T10:30:30.220996Z  INFO fs3_daemon::runner: done kind=summarize subject=docs/plans/076-harness-workflow-runner/workshops/014-harness-check-route.md::Workshop: Harness Route Validation Command (`check-route`)::The Problem::Current Agent Experience ms=19 left=36401
2026-08-28T10:30:30.225637Z  INFO fs3_daemon::runner: batch kind="embed" subject=1 x smart jobs=1 ms=1
2026-08-28T10:30:30.243315Z  INFO fs3_daemon::runner: done kind="embed" id=640139 left=36400
2026-08-28T10:30:30.346300Z  INFO fs3_daemon::runner: done kind=summarize subject=docs/plans/076-harness-workflow-runner/workshops/014-harness-check-route.md::Workshop: Harness Route Validation Command (`check-route`)::The Problem::Desired Agent Experience ms=14 left=36400
2026-08-28T10:30:30.349769Z  INFO fs3_daemon::runner: batch kind="embed" subject=1 x smart jobs=1 ms=0
2026-08-28T10:30:30.363117Z  INFO fs3_daemon::runner: done kind="embed" id=640140 left=36399
2026-08-28T10:30:30.462778Z  INFO fs3_daemon::runner: batch kind="embed" subject=1 x smart jobs=1 ms=0
2026-08-28T10:30:30.462928Z  INFO fs3_daemon::runner: done kind=summarize subject=docs/plans/076-harness-workflow-runner/workshops/014-harness-check-route.md::Workshop: Harness Route Validation Command (`check-route`)::Command Design ms=15 left=36399
2026-08-28T10:30:30.478081Z  INFO fs3_daemon::runner: done kind="embed" id=640141 left=36398
2026-08-28T10:30:30.603352Z  INFO fs3_daemon::runner: batch kind="embed" subject=1 x smart jobs=1 ms=0
2026-08-28T10:30:30.619995Z  INFO fs3_daemon::runner: done kind=summarize subject=docs/plans/076-harness-workflow-runner/workshops/014-harness-check-route.md::Workshop: Harness Route Validation Command (`check-route`)::Command Design::Options ms=41 left=36398
2026-08-28T10:30:30.629178Z  INFO fs3_daemon::runner: done kind="embed" id=640142 left=36397
2026-08-28T10:30:30.745430Z  INFO fs3_daemon::runner: done kind=summarize subject=docs/plans/076-harness-workflow-runner/workshops/014-harness-check-route.md::Workshop: Harness Route Validation Command (`check-route`)::Command Design::URL Normalization ms=30 left=36397
2026-08-28T10:30:30.746888Z  INFO fs3_daemon::runner: batch kind="embed" subject=1 x smart jobs=1 ms=0
2026-08-28T10:30:30.776097Z  INFO fs3_daemon::runner: done kind="embed" id=640143 left=36396
2026-08-28T10:30:30.895879Z  INFO fs3_daemon::runner: done kind=summarize subject=docs/plans/076-harness-workflow-runner/workshops/014-harness-check-route.md::Workshop: Harness Route Validation Command (`check-route`)::Check Pipeline ms=33 left=36396
2026-08-28T10:30:30.897547Z  INFO fs3_daemon::runner: batch kind="embed" subject=1 x smart jobs=1 ms=0
2026-08-28T10:30:30.928963Z  INFO fs3_daemon::runner: done kind="embed" id=640144 left=36395
2026-08-28T10:30:31.048772Z  INFO fs3_daemon::runner: batch kind="embed" subject=1 x smart jobs=1 ms=0
2026-08-28T10:30:31.070663Z  INFO fs3_daemon::runner: done kind=summarize subject=docs/plans/076-harness-workflow-runner/workshops/014-harness-check-route.md::Workshop: Harness Route Validation Command (`check-route`)::Output Envelope ms=51 left=36395
2026-08-28T10:30:31.081689Z  INFO fs3_daemon::runner: done kind="embed" id=640145 left=36394
2026-08-28T10:30:31.205414Z  INFO fs3_daemon::runner: done kind=summarize subject=docs/plans/076-harness-workflow-runner/workshops/014-harness-check-route.md::Workshop: Harness Route Validation Command (`check-route`)::Error Codes ms=30 left=36394
2026-08-28T10:30:31.216528Z  INFO fs3_daemon::runner: batch kind="embed" subject=1 x smart jobs=1 ms=1
2026-08-28T10:30:31.253538Z  INFO fs3_daemon::runner: done kind="embed" id=640146 left=36393
2026-08-28T10:30:31.382174Z  INFO fs3_daemon::runner: batch kind="embed" subject=1 x smart jobs=1 ms=0
2026-08-28T10:30:31.405022Z  INFO fs3_daemon::runner: done kind=summarize subject=docs/plans/076-harness-workflow-runner/workshops/014-harness-check-route.md::Workshop: Harness Route Validation Command (`check-route`)::Usage Examples ms=58 left=36393
2026-08-28T10:30:31.420246Z  INFO fs3_daemon::runner: done kind="embed" id=640147 left=36392
2026-08-28T10:30:31.557143Z  INFO fs3_daemon::runner: done kind=summarize subject=docs/plans/076-harness-workflow-runner/workshops/014-harness-check-route.md::Workshop: Harness Route Validation Command (`check-route`)::Usage Examples::Mobile + desktop in one call ms=48 left=36392
2026-08-28T10:30:31.565248Z  INFO fs3_daemon::runner: progress phase="working" scanned=59493 scan_left=182 summarized=120664 summarize_left=36209 embedded=196550 embed_left=1 failed=0
2026-08-28T10:30:31.594776Z  INFO fs3_daemon::runner: batch kind="embed" subject=2 x smart jobs=2 ms=0
2026-08-28T10:30:31.627002Z  INFO fs3_daemon::runner: done kind="embed" id=640149 left=36391
2026-08-28T10:30:31.703030Z  INFO fs3_daemon::runner: done kind="embed" id=640148 left=36390
2026-08-28T10:30:31.830813Z  INFO fs3_daemon::runner: done kind=summarize subject=docs/plans/076-harness-workflow-runner/workshops/014-harness-check-route.md::Workshop: Harness Route Validation Command (`check-route`)::Usage Examples::Full CI-style validation ms=39 left=36390
2026-08-28T10:30:31.877275Z  INFO fs3_daemon::runner: batch kind="embed" subject=1 x smart jobs=1 ms=1
2026-08-28T10:30:31.885367Z  INFO fs3_daemon::runner: done kind=summarize subject=docs/plans/076-harness-workflow-runner/workshops/014-harness-check-route.md::Workshop: Harness Route Validation Command (`check-route`)::Justfile Recipe ms=47 left=36390
2026-08-28T10:30:31.911017Z  INFO fs3_daemon::runner: done kind="embed" id=640150 left=36389
2026-08-28T10:30:32.041904Z  INFO fs3_daemon::runner: batch kind="embed" subject=1 x smart jobs=1 ms=0
2026-08-28T10:30:32.042878Z  INFO fs3_daemon::runner: done kind=summarize subject=docs/plans/076-harness-workflow-runner/workshops/014-harness-check-route.md::Workshop: Harness Route Validation Command (`check-route`)::Implementation Notes ms=39 left=36389
2026-08-28T10:30:32.086632Z  INFO fs3_daemon::runner: done kind="embed" id=640151 left=36388
2026-08-28T10:30:32.195761Z  INFO fs3_daemon::runner: done kind=summarize subject=docs/plans/076-harness-workflow-runner/workshops/014-harness-check-route.md::Workshop: Harness Route Validation Command (`check-route`)::Implementation Notes::Reuses Existing Infrastructure ms=19 left=36388
2026-08-28T10:30:32.196338Z  INFO fs3_daemon::runner: batch kind="embed" subject=1 x smart jobs=1 ms=0
2026-08-28T10:30:32.209200Z  INFO fs3_daemon::runner: done kind="embed" id=640152 left=36387
2026-08-28T10:30:32.313303Z  INFO fs3_daemon::runner: done kind=summarize subject=docs/plans/076-harness-workflow-runner/workshops/014-harness-check-route.md::Workshop: Harness Route Validation Command (`check-route`)::Comparison With Existing Commands ms=22 left=36387
2026-08-28T10:30:32.313628Z  INFO fs3_daemon::runner: batch kind="embed" subject=1 x smart jobs=1 ms=0
2026-08-28T10:30:32.334709Z  INFO fs3_daemon::runner: done kind="embed" id=640153 left=36386
2026-08-28T10:30:32.453140Z  INFO fs3_daemon::runner: batch kind="embed" subject=1 x smart jobs=1 ms=0
2026-08-28T10:30:32.454279Z  INFO fs3_daemon::runner: done kind=summarize subject=docs/plans/076-harness-workflow-runner/workshops/014-harness-check-route.md::Workshop: Harness Route Validation Command (`check-route`)::Open Questions ms=21 left=36386
2026-08-28T10:30:32.469414Z  INFO fs3_daemon::runner: done kind="embed" id=640154 left=36385
2026-08-28T10:30:32.571030Z  INFO fs3_daemon::runner: batch kind="embed" subject=1 x smart jobs=1 ms=0
2026-08-28T10:30:32.586073Z  INFO fs3_daemon::runner: done kind=summarize subject=docs/plans/083-md-editor/external-research/wysiwyg-markdown-libraries.md::External Research: WYSIWYG Markdown Editors for Next.js 15 ms=32 left=36385
2026-08-28T10:30:32.588869Z  INFO fs3_daemon::runner: done kind="embed" id=640155 left=36384
2026-08-28T10:30:32.707451Z  INFO fs3_daemon::runner: batch kind="embed" subject=1 x smart jobs=1 ms=0
2026-08-28T10:30:32.724234Z  INFO fs3_daemon::runner: done kind="embed" id=640156 left=36383
2026-08-28T10:30:32.724439Z  INFO fs3_daemon::runner: done kind=summarize subject=docs/plans/083-md-editor/external-research/wysiwyg-markdown-libraries.md::External Research: WYSIWYG Markdown Editors for Next.js 15::Candidate Matrix ms=39 left=36384
2026-08-28T10:30:32.828299Z  INFO fs3_daemon::runner: batch kind="embed" subject=1 x smart jobs=1 ms=0
2026-08-28T10:30:32.830399Z  INFO fs3_daemon::runner: done kind=summarize subject=docs/plans/083-md-editor/external-research/wysiwyg-markdown-libraries.md::External Research: WYSIWYG Markdown Editors for Next.js 15::Key Technical Points ms=21 left=36383
2026-08-28T10:30:32.853725Z  INFO fs3_daemon::runner: done kind="embed" id=640157 left=36382
2026-08-28T10:30:32.948163Z  INFO fs3_daemon::runner: done kind=summarize subject=docs/plans/083-md-editor/external-research/wysiwyg-markdown-libraries.md::External Research: WYSIWYG Markdown Editors for Next.js 15::Recommended Implementation Path ms=15 left=36382
2026-08-28T10:30:32.952259Z  INFO fs3_daemon::runner: batch kind="embed" subject=1 x smart jobs=1 ms=2
2026-08-28T10:30:32.970682Z  INFO fs3_daemon::runner: done kind="embed" id=640158 left=36381
2026-08-28T10:30:33.071326Z  INFO fs3_daemon::runner: batch kind="embed" subject=1 x smart jobs=1 ms=0
2026-08-28T10:30:33.073568Z  INFO fs3_daemon::runner: done kind=summarize subject=docs/plans/083-md-editor/md-editor-plan.md::WYSIWYG Markdown Editing — Implementation Plan ms=20 left=36381
2026-08-28T10:30:33.086193Z  INFO fs3_daemon::runner: done kind="embed" id=640159 left=36380
2026-08-28T10:30:33.185964Z  INFO fs3_daemon::runner: batch kind="embed" subject=1 x smart jobs=1 ms=0
2026-08-28T10:30:33.186807Z  INFO fs3_daemon::runner: done kind=summarize subject=docs/plans/083-md-editor/md-editor-plan.md::WYSIWYG Markdown Editing — Implementation Plan::Target Domains ms=14 left=36380
2026-08-28T10:30:33.206693Z  INFO fs3_daemon::runner: done kind="embed" id=640160 left=36379
2026-08-28T10:30:33.305905Z  INFO fs3_daemon::runner: done kind=summarize subject=docs/plans/083-md-editor/md-editor-plan.md::WYSIWYG Markdown Editing — Implementation Plan::Harness Strategy ms=13 left=36379
2026-08-28T10:30:33.308636Z  INFO fs3_daemon::runner: batch kind="embed" subject=1 x smart jobs=1 ms=1
2026-08-28T10:30:33.330669Z  INFO fs3_daemon::runner: done kind="embed" id=640161 left=36378
2026-08-28T10:30:33.435092Z  INFO fs3_daemon::runner: batch kind="embed" subject=1 x smart jobs=1 ms=0
2026-08-28T10:30:33.441904Z  INFO fs3_daemon::runner: done kind=summarize subject=docs/plans/083-md-editor/md-editor-plan.md::WYSIWYG Markdown Editing — Implementation Plan::Domain Manifest ms=23 left=36378
2026-08-28T10:30:33.453122Z  INFO fs3_daemon::runner: done kind="embed" id=640162 left=36377
2026-08-28T10:30:33.560353Z  INFO fs3_daemon::runner: done kind=summarize subject=docs/plans/083-md-editor/md-editor-plan.md::WYSIWYG Markdown Editing — Implementation Plan::Domain Manifest::New files — `_platform/viewer` (contracts / internal) ms=21 left=36377
2026-08-28T10:30:33.564362Z  INFO fs3_daemon::runner: batch kind="embed" subject=1 x smart jobs=1 ms=3
2026-08-28T10:30:33.585570Z  INFO fs3_daemon::runner: done kind="embed" id=640163 left=36376
2026-08-28T10:30:33.687767Z  INFO fs3_daemon::runner: done kind=summarize subject=docs/plans/083-md-editor/md-editor-plan.md::WYSIWYG Markdown Editing — Implementation Plan::Domain Manifest::New files — tests ms=19 left=36376
2026-08-28T10:30:33.697438Z  INFO fs3_daemon::runner: batch kind="embed" subject=1 x smart jobs=1 ms=0
2026-08-28T10:30:33.719865Z  INFO fs3_daemon::runner: done kind="embed" id=640164 left=36375
2026-08-28T10:30:33.821004Z  INFO fs3_daemon::runner: done kind=summarize subject=docs/plans/083-md-editor/md-editor-plan.md::WYSIWYG Markdown Editing — Implementation Plan::Key Findings ms=19 left=36375
2026-08-28T10:30:33.823812Z  INFO fs3_daemon::runner: batch kind="embed" subject=1 x smart jobs=1 ms=0
2026-08-28T10:30:33.840972Z  INFO fs3_daemon::runner: done kind="embed" id=640165 left=36374
2026-08-28T10:30:33.943649Z  INFO fs3_daemon::runner: done kind=summarize subject=docs/plans/083-md-editor/md-editor-plan.md::WYSIWYG Markdown Editing — Implementation Plan::Phases ms=19 left=36374
2026-08-28T10:30:33.944916Z  INFO fs3_daemon::runner: batch kind="embed" subject=1 x smart jobs=1 ms=0
2026-08-28T10:30:33.960307Z  INFO fs3_daemon::runner: done kind="embed" id=640166 left=36373
2026-08-28T10:30:34.059950Z  INFO fs3_daemon::runner: done kind=summarize subject=docs/plans/083-md-editor/md-editor-plan.md::WYSIWYG Markdown Editing — Implementation Plan::Phases::Phase Index ms=19 left=36373
2026-08-28T10:30:34.063366Z  INFO fs3_daemon::runner: batch kind="embed" subject=1 x smart jobs=1 ms=0
2026-08-28T10:30:34.079312Z  INFO fs3_daemon::runner: done kind="embed" id=640167 left=36372
2026-08-28T10:30:34.181235Z  INFO fs3_daemon::runner: batch kind="embed" subject=1 x smart jobs=1 ms=0
2026-08-28T10:30:34.184912Z  INFO fs3_daemon::runner: done kind=summarize subject=docs/plans/083-md-editor/md-editor-plan.md::WYSIWYG Markdown Editing — Implementation Plan::Phases::Phase 1: Foundation — Editor Component & Dependencies ms=21 left=36372
2026-08-28T10:30:34.196037Z  INFO fs3_daemon::runner: done kind="embed" id=640168 left=36371
2026-08-28T10:30:34.299798Z  INFO fs3_daemon::runner: done kind=summarize subject=docs/plans/083-md-editor/md-editor-plan.md::WYSIWYG Markdown Editing — Implementation Plan::Phases::Phase 2: Toolbar & Keyboard Shortcuts ms=22 left=36371
2026-08-28T10:30:34.301443Z  INFO fs3_daemon::runner: batch kind="embed" subject=1 x smart jobs=1 ms=2
2026-08-28T10:30:34.315996Z  INFO fs3_daemon::runner: done kind="embed" id=640169 left=36370
2026-08-28T10:30:34.419447Z  INFO fs3_daemon::runner: done kind=summarize subject=docs/plans/083-md-editor/md-editor-plan.md::WYSIWYG Markdown Editing — Implementation Plan::Phases::Phase 3: Link Popover ms=18 left=36370
2026-08-28T10:30:34.425022Z  INFO fs3_daemon::runner: batch kind="embed" subject=1 x smart jobs=1 ms=0
2026-08-28T10:30:34.437439Z  INFO fs3_daemon::runner: done kind="embed" id=640170 left=36369
2026-08-28T10:30:34.591992Z  INFO fs3_daemon::runner: batch kind="embed" subject=1 x smart jobs=1 ms=0
2026-08-28T10:30:34.600590Z  INFO fs3_daemon::runner: done kind="embed" id=640171 left=36368
2026-08-28T10:30:34.600652Z  INFO fs3_daemon::runner: done kind=summarize subject=docs/plans/083-md-editor/md-editor-plan.md::WYSIWYG Markdown Editing — Implementation Plan::Phases::Phase 4: Utilities (TDD) ms=31 left=36369
2026-08-28T10:30:34.698586Z  INFO fs3_daemon::runner: done kind=summarize subject=docs/plans/083-md-editor/md-editor-plan.md::WYSIWYG Markdown Editing — Implementation Plan::Phases::Phase 5: FileViewerPanel Integration ms=13 left=36368
2026-08-28T10:30:34.704615Z  INFO fs3_daemon::runner: batch kind="embed" subject=1 x smart jobs=1 ms=0
2026-08-28T10:30:34.722680Z  INFO fs3_daemon::runner: done kind="embed" id=640172 left=36367
2026-08-28T10:30:34.820479Z  INFO fs3_daemon::runner: done kind=summarize subject=docs/plans/083-md-editor/md-editor-plan.md::WYSIWYG Markdown Editing — Implementation Plan::Phases::Phase 6: Round-trip Tests, Polish, Docs, Domain.md ms=19 left=36367
2026-08-28T10:30:34.823164Z  INFO fs3_daemon::runner: batch kind="embed" subject=1 x smart jobs=1 ms=0
2026-08-28T10:30:34.841289Z  INFO fs3_daemon::runner: done kind="embed" id=640173 left=36366
2026-08-28T10:30:34.954857Z  INFO fs3_daemon::runner: batch kind="embed" subject=1 x smart jobs=1 ms=0
2026-08-28T10:30:34.975956Z  INFO fs3_daemon::runner: done kind=summarize subject=docs/plans/083-md-editor/md-editor-plan.md::WYSIWYG Markdown Editing — Implementation Plan::Acceptance Criteria (Plan-level — traced to spec) ms=49 left=36366
2026-08-28T10:30:34.987533Z  INFO fs3_daemon::runner: done kind="embed" id=640174 left=36365
2026-08-28T10:30:35.119224Z  INFO fs3_daemon::runner: done kind=summarize subject=docs/plans/083-md-editor/md-editor-plan.md::WYSIWYG Markdown Editing — Implementation Plan::Risks (Plan-level) ms=37 left=36365
2026-08-28T10:30:35.125696Z  INFO fs3_daemon::runner: batch kind="embed" subject=1 x smart jobs=1 ms=4
2026-08-28T10:30:35.160911Z  INFO fs3_daemon::runner: done kind="embed" id=640175 left=36364
2026-08-28T10:30:35.290938Z  INFO fs3_daemon::runner: done kind=summarize subject=docs/plans/083-md-editor/md-editor-plan.md::WYSIWYG Markdown Editing — Implementation Plan::Constitution Compliance Summary ms=36 left=36364
2026-08-28T10:30:35.294209Z  INFO fs3_daemon::runner: batch kind="embed" subject=1 x smart jobs=1 ms=2
2026-08-28T10:30:35.331046Z  INFO fs3_daemon::runner: done kind="embed" id=640176 left=36363
2026-08-28T10:30:35.458780Z  INFO fs3_daemon::runner: batch kind="embed" subject=1 x smart jobs=1 ms=0
2026-08-28T10:30:35.462746Z  INFO fs3_daemon::runner: done kind=summarize subject=docs/plans/083-md-editor/md-editor-spec.md::WYSIWYG Markdown Editing ms=32 left=36363
2026-08-28T10:30:35.498131Z  INFO fs3_daemon::runner: done kind="embed" id=640177 left=36362
2026-08-28T10:30:35.626365Z  INFO fs3_daemon::runner: batch kind="embed" subject=1 x smart jobs=1 ms=1
2026-08-28T10:30:35.646007Z  INFO fs3_daemon::runner: done kind=summarize subject=docs/plans/083-md-editor/md-editor-spec.md::WYSIWYG Markdown Editing::Goals ms=49 left=36362
2026-08-28T10:30:35.666986Z  INFO fs3_daemon::runner: done kind="embed" id=640178 left=36361
2026-08-28T10:30:35.796803Z  INFO fs3_daemon::runner: done kind=summarize subject=docs/plans/083-md-editor/md-editor-spec.md::WYSIWYG Markdown Editing::Non-Goals ms=32 left=36361
2026-08-28T10:30:35.800781Z  INFO fs3_daemon::runner: batch kind="embed" subject=1 x smart jobs=1 ms=2
2026-08-28T10:30:35.832364Z  INFO fs3_daemon::runner: done kind="embed" id=640179 left=36360
2026-08-28T10:30:35.941493Z  INFO fs3_daemon::runner: batch kind="embed" subject=1 x smart jobs=1 ms=0
2026-08-28T10:30:35.964043Z  INFO fs3_daemon::runner: done kind=summarize subject=docs/plans/083-md-editor/md-editor-spec.md::WYSIWYG Markdown Editing::Target Domains ms=47 left=36360
2026-08-28T10:30:35.989409Z  INFO fs3_daemon::runner: done kind="embed" id=640180 left=36359
2026-08-28T10:30:36.112060Z  INFO fs3_daemon::runner: done kind=summarize subject=docs/plans/083-md-editor/md-editor-spec.md::WYSIWYG Markdown Editing::Complexity ms=30 left=36359
2026-08-28T10:30:36.115387Z  INFO fs3_daemon::runner: batch kind="embed" subject=1 x smart jobs=1 ms=2
2026-08-28T10:30:36.149540Z  INFO fs3_daemon::runner: done kind="embed" id=640181 left=36358
2026-08-28T10:30:36.269097Z  INFO fs3_daemon::runner: batch kind="embed" subject=1 x smart jobs=1 ms=0
2026-08-28T10:30:36.290946Z  INFO fs3_daemon::runner: done kind=summarize subject=docs/plans/083-md-editor/md-editor-spec.md::WYSIWYG Markdown Editing::Acceptance Criteria ms=55 left=36358
2026-08-28T10:30:36.301185Z  INFO fs3_daemon::runner: done kind="embed" id=640182 left=36357
2026-08-28T10:30:36.428242Z  INFO fs3_daemon::runner: done kind=summarize subject=docs/plans/083-md-editor/md-editor-spec.md::WYSIWYG Markdown Editing::Risks & Assumptions ms=31 left=36357
2026-08-28T10:30:36.429931Z  INFO fs3_daemon::runner: batch kind="embed" subject=1 x smart jobs=1 ms=0
2026-08-28T10:30:36.462110Z  INFO fs3_daemon::runner: done kind="embed" id=640183 left=36356
2026-08-28T10:30:36.570006Z  INFO fs3_daemon::runner: done kind=summarize subject=docs/plans/083-md-editor/md-editor-spec.md::WYSIWYG Markdown Editing::Testing Strategy ms=17 left=36356
2026-08-28T10:30:36.573466Z  INFO fs3_daemon::runner: batch kind="embed" subject=1 x smart jobs=1 ms=0
2026-08-28T10:30:36.595711Z  INFO fs3_daemon::runner: done kind="embed" id=640184 left=36355
2026-08-28T10:30:36.703877Z  INFO fs3_daemon::runner: done kind=summarize subject=docs/plans/083-md-editor/md-editor-spec.md::WYSIWYG Markdown Editing::Clarifications ms=26 left=36355
2026-08-28T10:30:36.732897Z  INFO fs3_daemon::runner: progress phase="working" scanned=59493 scan_left=182 summarized=120701 summarize_left=36172 embedded=196587 embed_left=1 failed=0
2026-08-28T10:30:36.750031Z  INFO fs3_daemon::runner: batch kind="embed" subject=2 x smart jobs=2 ms=0
2026-08-28T10:30:36.763835Z  INFO fs3_daemon::runner: done kind="embed" id=640186 left=36354
2026-08-28T10:30:36.838967Z  INFO fs3_daemon::runner: done kind="embed" id=640185 left=36353
2026-08-28T10:30:36.938945Z  INFO fs3_daemon::runner: done kind=summarize subject=docs/plans/083-md-editor/md-editor-spec.md::WYSIWYG Markdown Editing::Clarifications::Session 2026-04-18 ms=20 left=36353
2026-08-28T10:30:36.986244Z  INFO fs3_daemon::runner: done kind=summarize subject=docs/plans/083-md-editor/md-editor.fltplan.md::Flight Plan: WYSIWYG Markdown Editing ms=20 left=36353
2026-08-28T10:30:36.987894Z  INFO fs3_daemon::runner: batch kind="embed" subject=1 x smart jobs=1 ms=0
2026-08-28T10:30:37.009392Z  INFO fs3_daemon::runner: done kind="embed" id=640187 left=36352
2026-08-28T10:30:37.106877Z  INFO fs3_daemon::runner: done kind=summarize subject=docs/plans/083-md-editor/md-editor.fltplan.md::Flight Plan: WYSIWYG Markdown Editing::Before → After ms=16 left=36352
2026-08-28T10:30:37.108311Z  INFO fs3_daemon::runner: batch kind="embed" subject=1 x smart jobs=1 ms=1
2026-08-28T10:30:37.122523Z  INFO fs3_daemon::runner: done kind="embed" id=640188 left=36351
2026-08-28T10:30:37.223976Z  INFO fs3_daemon::runner: batch kind="embed" subject=1 x smart jobs=1 ms=0
2026-08-28T10:30:37.225368Z  INFO fs3_daemon::runner: done kind=summarize subject=docs/plans/083-md-editor/md-editor.fltplan.md::Flight Plan: WYSIWYG Markdown Editing::Before → After::Before ms=20 left=36351
2026-08-28T10:30:37.235602Z  INFO fs3_daemon::runner: done kind="embed" id=640189 left=36350
2026-08-28T10:30:37.337004Z  INFO fs3_daemon::runner: done kind=summarize subject=docs/plans/083-md-editor/md-editor.fltplan.md::Flight Plan: WYSIWYG Markdown Editing::Before → After::After ms=19 left=36350
2026-08-28T10:30:37.338860Z  INFO fs3_daemon::runner: batch kind="embed" subject=1 x smart jobs=1 ms=0
2026-08-28T10:30:37.354378Z  INFO fs3_daemon::runner: done kind="embed" id=640190 left=36349
2026-08-28T10:30:37.449236Z  INFO fs3_daemon::runner: batch kind="embed" subject=1 x smart jobs=1 ms=0
2026-08-28T10:30:37.453983Z  INFO fs3_daemon::runner: done kind=summarize subject=docs/plans/083-md-editor/md-editor.fltplan.md::Flight Plan: WYSIWYG Markdown Editing::Validation (early smoke tests) ms=22 left=36349
2026-08-28T10:30:37.469436Z  INFO fs3_daemon::runner: done kind="embed" id=640191 left=36348
2026-08-28T10:30:37.562102Z  INFO fs3_daemon::runner: batch kind="embed" subject=1 x smart jobs=1 ms=0
2026-08-28T10:30:37.577462Z  INFO fs3_daemon::runner: done kind=summarize subject=docs/plans/083-md-editor/md-editor.fltplan.md::Flight Plan: WYSIWYG Markdown Editing::Open Questions ms=30 left=36348
2026-08-28T10:30:37.585045Z  INFO fs3_daemon::runner: done kind="embed" id=640192 left=36347
2026-08-28T10:30:37.695605Z  INFO fs3_daemon::runner: done kind=summarize subject=docs/plans/083-md-editor/md-editor.fltplan.md::Flight Plan: WYSIWYG Markdown Editing::Status Transitions ms=21 left=36347
2026-08-28T10:30:37.697690Z  INFO fs3_daemon::runner: batch kind="embed" subject=1 x smart jobs=1 ms=0
2026-08-28T10:30:37.712283Z  INFO fs3_daemon::runner: done kind="embed" id=640193 left=36346
2026-08-28T10:30:37.834263Z  INFO fs3_daemon::runner: done kind=summarize subject=docs/plans/083-md-editor/research-dossier.md::Research Dossier: WYSIWYG Markdown Editing ms=26 left=36346
2026-08-28T10:30:37.838317Z  INFO fs3_daemon::runner: batch kind="embed" subject=1 x smart jobs=1 ms=3
2026-08-28T10:30:37.860808Z  INFO fs3_daemon::runner: done kind="embed" id=640194 left=36345
2026-08-28T10:30:37.960349Z  INFO fs3_daemon::runner: batch kind="embed" subject=1 x smart jobs=1 ms=0
2026-08-28T10:30:37.960593Z  INFO fs3_daemon::runner: done kind=summarize subject=docs/plans/083-md-editor/research-dossier.md::Research Dossier: WYSIWYG Markdown Editing::Executive Summary ms=20 left=36345
2026-08-28T10:30:37.975039Z  INFO fs3_daemon::runner: done kind="embed" id=640195 left=36344
2026-08-28T10:30:38.071344Z  INFO fs3_daemon::runner: done kind=summarize subject=docs/plans/083-md-editor/research-dossier.md::Research Dossier: WYSIWYG Markdown Editing::Current System: How Markdown Editing Works Today ms=19 left=36344
2026-08-28T10:30:38.078704Z  INFO fs3_daemon::runner: batch kind="embed" subject=1 x smart jobs=1 ms=3
2026-08-28T10:30:38.099041Z  INFO fs3_daemon::runner: done kind="embed" id=640196 left=36343
2026-08-28T10:30:38.197540Z  INFO fs3_daemon::runner: done kind=summarize subject=docs/plans/083-md-editor/research-dossier.md::Research Dossier: WYSIWYG Markdown Editing::Current System: How Markdown Editing Works Today::Edit surfaces ms=18 left=36343
2026-08-28T10:30:38.200203Z  INFO fs3_daemon::runner: batch kind="embed" subject=1 x smart jobs=1 ms=0
2026-08-28T10:30:38.218084Z  INFO fs3_daemon::runner: done kind="embed" id=640197 left=36342
2026-08-28T10:30:38.310798Z  INFO fs3_daemon::runner: done kind=summarize subject=docs/plans/083-md-editor/research-dossier.md::Research Dossier: WYSIWYG Markdown Editing::Current System: How Markdown Editing Works Today::Save flow (important — WYSIWYG must flow through this unchanged) ms=16 left=36342
2026-08-28T10:30:38.312337Z  INFO fs3_daemon::runner: batch kind="embed" subject=1 x smart jobs=1 ms=0
2026-08-28T10:30:38.335099Z  INFO fs3_daemon::runner: done kind="embed" id=640198 left=36341
2026-08-28T10:30:38.445359Z  INFO fs3_daemon::runner: batch kind="embed" subject=1 x smart jobs=1 ms=0
2026-08-28T10:30:38.445559Z  INFO fs3_daemon::runner: done kind=summarize subject=docs/plans/083-md-editor/research-dossier.md::Research Dossier: WYSIWYG Markdown Editing::Current System: How Markdown Editing Works Today::Reusable patterns ms=21 left=36341
2026-08-28T10:30:38.457243Z  INFO fs3_daemon::runner: done kind="embed" id=640199 left=36340
2026-08-28T10:30:38.565506Z  INFO fs3_daemon::runner: done kind=summarize subject=docs/plans/083-md-editor/research-dossier.md::Research Dossier: WYSIWYG Markdown Editing::External Research Summary ms=17 left=36340
2026-08-28T10:30:38.566485Z  INFO fs3_daemon::runner: batch kind="embed" subject=1 x smart jobs=1 ms=0
2026-08-28T10:30:38.581564Z  INFO fs3_daemon::runner: done kind="embed" id=640200 left=36339
2026-08-28T10:30:38.676272Z  INFO fs3_daemon::runner: done kind=summarize subject=docs/plans/083-md-editor/research-dossier.md::Research Dossier: WYSIWYG Markdown Editing::Integration Sketch (for the spec / architect phases, not this phase) ms=14 left=36339
2026-08-28T10:30:38.680536Z  INFO fs3_daemon::runner: batch kind="embed" subject=1 x smart jobs=1 ms=2
2026-08-28T10:30:38.698198Z  INFO fs3_daemon::runner: done kind="embed" id=640201 left=36338
2026-08-28T10:30:38.791674Z  INFO fs3_daemon::runner: done kind=summarize subject=docs/plans/083-md-editor/tasks/phase-1-foundation/execution.log.md::Phase 1 Foundation — Execution Log ms=14 left=36338
2026-08-28T10:30:38.793564Z  INFO fs3_daemon::runner: batch kind="embed" subject=1 x smart jobs=1 ms=0
2026-08-28T10:30:38.808565Z  INFO fs3_daemon::runner: done kind="embed" id=640202 left=36337
2026-08-28T10:30:38.914885Z  INFO fs3_daemon::runner: batch kind="embed" subject=1 x smart jobs=1 ms=0
2026-08-28T10:30:38.916995Z  INFO fs3_daemon::runner: done kind=summarize subject=docs/plans/083-md-editor/tasks/phase-1-foundation/execution.log.md::Phase 1 Foundation — Execution Log::Pre-Phase Harness Validation ms=23 left=36337
2026-08-28T10:30:38.939588Z  INFO fs3_daemon::runner: done kind="embed" id=640203 left=36336
2026-08-28T10:30:39.042427Z  INFO fs3_daemon::runner: done kind=summarize subject=docs/plans/083-md-editor/tasks/phase-1-foundation/execution.log.md::Phase 1 Foundation — Execution Log::Phase Summary — ✅ LANDED ms=21 left=36336
2026-08-28T10:30:39.044000Z  INFO fs3_daemon::runner: batch kind="embed" subject=1 x smart jobs=1 ms=0
2026-08-28T10:30:39.061965Z  INFO fs3_daemon::runner: done kind="embed" id=640204 left=36335
2026-08-28T10:30:39.179389Z  INFO fs3_daemon::runner: done kind=summarize subject=docs/plans/083-md-editor/tasks/phase-1-foundation/execution.log.md::Phase 1 Foundation — Execution Log::Phase Summary — ✅ LANDED::T006 — Harness smoke test — ✅ COMPLETE ms=33 left=36335
2026-08-28T10:30:39.186333Z  INFO fs3_daemon::runner: batch kind="embed" subject=1 x smart jobs=1 ms=3
2026-08-28T10:30:39.213777Z  INFO fs3_daemon::runner: done kind="embed" id=640205 left=36334
2026-08-28T10:30:39.324092Z  INFO fs3_daemon::runner: done kind=summarize subject=docs/plans/083-md-editor/tasks/phase-1-foundation/execution.log.md::Phase 1 Foundation — Execution Log::Phase Summary — ✅ LANDED::T005 — Lazy wrapper — ✅ COMPLETE ms=28 left=36334
2026-08-28T10:30:39.328054Z  INFO fs3_daemon::runner: batch kind="embed" subject=1 x smart jobs=1 ms=2
2026-08-28T10:30:39.355651Z  INFO fs3_daemon::runner: done kind="embed" id=640206 left=36333
2026-08-28T10:30:39.473404Z  INFO fs3_daemon::runner: done kind=summarize subject=docs/plans/083-md-editor/tasks/phase-1-foundation/execution.log.md::Phase 1 Foundation — Execution Log::Phase Summary — ✅ LANDED::T004 — Implement MarkdownWysiwygEditor — ✅ COMPLETE ms=30 left=36333
2026-08-28T10:30:39.477190Z  INFO fs3_daemon::runner: batch kind="embed" subject=1 x smart jobs=1 ms=2
2026-08-28T10:30:39.513821Z  INFO fs3_daemon::runner: done kind="embed" id=640207 left=36332
2026-08-28T10:30:39.637961Z  INFO fs3_daemon::runner: batch kind="embed" subject=1 x smart jobs=1 ms=0
2026-08-28T10:30:39.664009Z  INFO fs3_daemon::runner: done kind=summarize subject=docs/plans/083-md-editor/tasks/phase-1-foundation/execution.log.md::Phase 1 Foundation — Execution Log::Phase Summary — ✅ LANDED::T003 — Extract image-url utility — ✅ COMPLETE ms=53 left=36332
2026-08-28T10:30:39.677136Z  INFO fs3_daemon::runner: done kind="embed" id=640208 left=36331
2026-08-28T10:30:39.800131Z  INFO fs3_daemon::runner: batch kind="embed" subject=1 x smart jobs=1 ms=0
2026-08-28T10:30:39.804124Z  INFO fs3_daemon::runner: done kind=summarize subject=docs/plans/083-md-editor/tasks/phase-1-foundation/execution.log.md::Phase 1 Foundation — Execution Log::Phase Summary — ✅ LANDED::T002 — Install Tiptap deps — ✅ COMPLETE ms=35 left=36331
2026-08-28T10:30:39.841968Z  INFO fs3_daemon::runner: done kind="embed" id=640209 left=36330
2026-08-28T10:30:39.981670Z  INFO fs3_daemon::runner: batch kind="embed" subject=1 x smart jobs=1 ms=6
2026-08-28T10:30:39.985244Z  INFO fs3_daemon::runner: done kind=summarize subject=docs/plans/083-md-editor/tasks/phase-1-foundation/execution.log.md::Phase 1 Foundation — Execution Log::Phase Summary — ✅ LANDED::T001 — Define types — ✅ COMPLETE ms=45 left=36330
2026-08-28T10:30:40.020541Z  INFO fs3_daemon::runner: done kind="embed" id=640210 left=36329
2026-08-28T10:30:40.151557Z  INFO fs3_daemon::runner: done kind=summarize subject=docs/plans/083-md-editor/tasks/phase-1-foundation/tasks.fltplan.md::Flight Plan: Phase 1 — Foundation (Editor Component & Dependencies) ms=35 left=36329
2026-08-28T10:30:40.156392Z  INFO fs3_daemon::runner: batch kind="embed" subject=1 x smart jobs=1 ms=1
2026-08-28T10:30:40.191245Z  INFO fs3_daemon::runner: done kind="embed" id=640211 left=36328
2026-08-28T10:30:40.314257Z  INFO fs3_daemon::runner: batch kind="embed" subject=1 x smart jobs=1 ms=0
2026-08-28T10:30:40.339503Z  INFO fs3_daemon::runner: done kind=summarize subject=docs/plans/083-md-editor/tasks/phase-1-foundation/tasks.fltplan.md::Flight Plan: Phase 1 — Foundation (Editor Component & Dependencies)::Domain Context ms=55 left=36328
2026-08-28T10:30:40.346867Z  INFO fs3_daemon::runner: done kind="embed" id=640212 left=36327
2026-08-28T10:30:40.477195Z  INFO fs3_daemon::runner: batch kind="embed" subject=1 x smart jobs=1 ms=0
2026-08-28T10:30:40.481051Z  INFO fs3_daemon::runner: done kind=summarize subject=docs/plans/083-md-editor/tasks/phase-1-foundation/tasks.fltplan.md::Flight Plan: Phase 1 — Foundation (Editor Component & Dependencies)::Flight Status ms=39 left=36327
2026-08-28T10:30:40.505497Z  INFO fs3_daemon::runner: done kind="embed" id=640213 left=36326
2026-08-28T10:30:40.633483Z  INFO fs3_daemon::runner: done kind=summarize subject=docs/plans/083-md-editor/tasks/phase-1-foundation/tasks.fltplan.md::Flight Plan: Phase 1 — Foundation (Editor Component & Dependencies)::Stages ms=36 left=36326
2026-08-28T10:30:40.644980Z  INFO fs3_daemon::runner: batch kind="embed" subject=1 x smart jobs=1 ms=0
2026-08-28T10:30:40.671042Z  INFO fs3_daemon::runner: done kind="embed" id=640214 left=36325
2026-08-28T10:30:40.773227Z  INFO fs3_daemon::runner: batch kind="embed" subject=1 x smart jobs=1 ms=1
2026-08-28T10:30:40.774863Z  INFO fs3_daemon::runner: done kind=summarize subject=docs/plans/083-md-editor/tasks/phase-1-foundation/tasks.fltplan.md::Flight Plan: Phase 1 — Foundation (Editor Component & Dependencies)::Architecture: Before & After ms=20 left=36325
2026-08-28T10:30:40.786850Z  INFO fs3_daemon::runner: done kind="embed" id=640215 left=36324
2026-08-28T10:30:40.890531Z  INFO fs3_daemon::runner: batch kind="embed" subject=1 x smart jobs=1 ms=0
2026-08-28T10:30:40.891768Z  INFO fs3_daemon::runner: done kind=summarize subject=docs/plans/083-md-editor/tasks/phase-1-foundation/tasks.fltplan.md::Flight Plan: Phase 1 — Foundation (Editor Component & Dependencies)::Acceptance Criteria ms=20 left=36324
2026-08-28T10:30:40.914476Z  INFO fs3_daemon::runner: done kind="embed" id=640216 left=36323
2026-08-28T10:30:41.016562Z  INFO fs3_daemon::runner: done kind=summarize subject=docs/plans/083-md-editor/tasks/phase-1-foundation/tasks.fltplan.md::Flight Plan: Phase 1 — Foundation (Editor Component & Dependencies)::Goals & Non-Goals ms=18 left=36323
2026-08-28T10:30:41.021622Z  INFO fs3_daemon::runner: batch kind="embed" subject=1 x smart jobs=1 ms=0
2026-08-28T10:30:41.037653Z  INFO fs3_daemon::runner: done kind="embed" id=640217 left=36322
2026-08-28T10:30:41.144854Z  INFO fs3_daemon::runner: done kind=summarize subject=docs/plans/083-md-editor/tasks/phase-1-foundation/tasks.md::Phase 1: Foundation — Editor Component & Dependencies ms=22 left=36322
2026-08-28T10:30:41.148566Z  INFO fs3_daemon::runner: batch kind="embed" subject=1 x smart jobs=1 ms=1
2026-08-28T10:30:41.167731Z  INFO fs3_daemon::runner: done kind="embed" id=640218 left=36321
2026-08-28T10:30:41.276649Z  INFO fs3_daemon::runner: done kind=summarize subject=docs/plans/083-md-editor/tasks/phase-1-foundation/tasks.md::Phase 1: Foundation — Editor Component & Dependencies::Executive Briefing ms=19 left=36321
2026-08-28T10:30:41.277215Z  INFO fs3_daemon::runner: batch kind="embed" subject=1 x smart jobs=1 ms=0
2026-08-28T10:30:41.303910Z  INFO fs3_daemon::runner: done kind="embed" id=640219 left=36320
2026-08-28T10:30:41.402563Z  INFO fs3_daemon::runner: done kind=summarize subject=docs/plans/083-md-editor/tasks/phase-1-foundation/tasks.md::Phase 1: Foundation — Editor Component & Dependencies::Pre-Implementation Check ms=20 left=36320
2026-08-28T10:30:41.405267Z  INFO fs3_daemon::runner: batch kind="embed" subject=1 x smart jobs=1 ms=0
2026-08-28T10:30:41.422300Z  INFO fs3_daemon::runner: done kind="embed" id=640220 left=36319
2026-08-28T10:30:41.517554Z  INFO fs3_daemon::runner: done kind=summarize subject=docs/plans/083-md-editor/tasks/phase-1-foundation/tasks.md::Phase 1: Foundation — Editor Component & Dependencies::Architecture Map ms=14 left=36319
2026-08-28T10:30:41.519110Z  INFO fs3_daemon::runner: batch kind="embed" subject=1 x smart jobs=1 ms=0
2026-08-28T10:30:41.535115Z  INFO fs3_daemon::runner: done kind="embed" id=640221 left=36318
2026-08-28T10:30:41.645109Z  INFO fs3_daemon::runner: done kind=summarize subject=docs/plans/083-md-editor/tasks/phase-1-foundation/tasks.md::Phase 1: Foundation — Editor Component & Dependencies::Tasks ms=20 left=36318
2026-08-28T10:30:41.648380Z  INFO fs3_daemon::runner: batch kind="embed" subject=1 x smart jobs=1 ms=3
2026-08-28T10:30:41.665540Z  INFO fs3_daemon::runner: done kind="embed" id=640222 left=36317
2026-08-28T10:30:41.796826Z  INFO fs3_daemon::runner: done kind=summarize subject=docs/plans/083-md-editor/tasks/phase-1-foundation/tasks.md::Phase 1: Foundation — Editor Component & Dependencies::Context Brief ms=35 left=36317
2026-08-28T10:30:41.825556Z  INFO fs3_daemon::runner: progress phase="working" scanned=59493 scan_left=182 summarized=120739 summarize_left=36134 embedded=196625 embed_left=1 failed=0
2026-08-28T10:30:41.847814Z  INFO fs3_daemon::runner: batch kind="embed" subject=2 x smart jobs=2 ms=0
2026-08-28T10:30:41.860073Z  INFO fs3_daemon::runner: done kind="embed" id=640223 left=36316
2026-08-28T10:30:41.924978Z  INFO fs3_daemon::runner: done kind="embed" id=640224 left=36315
2026-08-28T10:30:42.035224Z  INFO fs3_daemon::runner: done kind=summarize subject=docs/plans/083-md-editor/tasks/phase-1-foundation/tasks.md::Phase 1: Foundation — Editor Component & Dependencies::Context Brief::Mermaid flow diagram (mount → edit → serialize) ms=29 left=36315
2026-08-28T10:30:42.072615Z  INFO fs3_daemon::runner: batch kind="embed" subject=1 x smart jobs=1 ms=0
2026-08-28T10:30:42.075501Z  INFO fs3_daemon::runner: done kind=summarize subject=docs/plans/083-md-editor/tasks/phase-1-foundation/tasks.md::Phase 1: Foundation — Editor Component & Dependencies::Context Brief::Mermaid sequence diagram (lazy mount + image render) ms=20 left=36315
2026-08-28T10:30:42.086917Z  INFO fs3_daemon::runner: done kind="embed" id=640225 left=36314
2026-08-28T10:30:42.186082Z  INFO fs3_daemon::runner: done kind=summarize subject=docs/plans/083-md-editor/tasks/phase-1-foundation/tasks.md::Phase 1: Foundation — Editor Component & Dependencies::Discoveries & Learnings ms=18 left=36314
2026-08-28T10:30:42.193637Z  INFO fs3_daemon::runner: batch kind="embed" subject=1 x smart jobs=1 ms=0
2026-08-28T10:30:42.204786Z  INFO fs3_daemon::runner: done kind="embed" id=640226 left=36313
2026-08-28T10:30:42.308308Z  INFO fs3_daemon::runner: batch kind="embed" subject=1 x smart jobs=1 ms=0
2026-08-28T10:30:42.309058Z  INFO fs3_daemon::runner: done kind=summarize subject=docs/plans/083-md-editor/tasks/phase-1-foundation/tasks.md::Phase 1: Foundation — Editor Component & Dependencies::Directory Layout ms=21 left=36313
2026-08-28T10:30:42.325831Z  INFO fs3_daemon::runner: done kind="embed" id=640227 left=36312
2026-08-28T10:30:42.420351Z  INFO fs3_daemon::runner: batch kind="embed" subject=1 x smart jobs=1 ms=0
2026-08-28T10:30:42.420978Z  INFO fs3_daemon::runner: done kind=summarize subject=docs/plans/083-md-editor/tasks/phase-1-foundation/tasks.md::Phase 1: Foundation — Editor Component & Dependencies::Validation Record (2026-04-18) ms=16 left=36312
2026-08-28T10:30:42.433971Z  INFO fs3_daemon::runner: done kind="embed" id=640228 left=36311
2026-08-28T10:30:42.527006Z  INFO fs3_daemon::runner: batch kind="embed" subject=1 x smart jobs=1 ms=0
2026-08-28T10:30:42.529282Z  INFO fs3_daemon::runner: done kind=summarize subject=docs/plans/083-md-editor/tasks/phase-2-toolbar-shortcuts/execution.log.md::Phase 2 — Execution Log ms=20 left=36311
2026-08-28T10:30:42.546930Z  INFO fs3_daemon::runner: done kind="embed" id=640229 left=36310
2026-08-28T10:30:42.652296Z  INFO fs3_daemon::runner: batch kind="embed" subject=1 x smart jobs=1 ms=0
2026-08-28T10:30:42.675239Z  INFO fs3_daemon::runner: done kind=summarize subject=docs/plans/083-md-editor/tasks/phase-2-toolbar-shortcuts/execution.log.md::Phase 2 — Execution Log::Pre-Phase Harness Validation (2026-04-18) ms=42 left=36309
2026-08-28T10:30:42.679731Z  INFO fs3_daemon::runner: done kind="embed" id=640230 left=36310
2026-08-28T10:30:42.774599Z  INFO fs3_daemon::runner: done kind=summarize subject=docs/plans/083-md-editor/tasks/phase-2-toolbar-shortcuts/execution.log.md::Phase 2 — Execution Log::Task Log ms=14 left=36309
2026-08-28T10:30:42.776276Z  INFO fs3_daemon::runner: batch kind="embed" subject=1 x smart jobs=1 ms=1
2026-08-28T10:30:42.789508Z  INFO fs3_daemon::runner: done kind="embed" id=640231 left=36308
2026-08-28T10:30:42.893187Z  INFO fs3_daemon::runner: batch kind="embed" subject=1 x smart jobs=1 ms=0
2026-08-28T10:30:42.894295Z  INFO fs3_daemon::runner: done kind=summarize subject=docs/plans/083-md-editor/tasks/phase-2-toolbar-shortcuts/execution.log.md::Phase 2 — Execution Log::Task Log::T001 — Define types + 16-button config (2026-04-18) ms=22 left=36308
2026-08-28T10:30:42.913727Z  INFO fs3_daemon::runner: done kind="embed" id=640232 left=36307
2026-08-28T10:30:43.014589Z  INFO fs3_daemon::runner: done kind=summarize subject=docs/plans/083-md-editor/tasks/phase-2-toolbar-shortcuts/execution.log.md::Phase 2 — Execution Log::Task Log::T002 — Add onEditorReady callback to MarkdownWysiwygEditor (2026-04-18) ms=15 left=36307
2026-08-28T10:30:43.021382Z  INFO fs3_daemon::runner: batch kind="embed" subject=1 x smart jobs=1 ms=2
2026-08-28T10:30:43.042237Z  INFO fs3_daemon::runner: done kind="embed" id=640233 left=36306
2026-08-28T10:30:43.148383Z  INFO fs3_daemon::runner: done kind=summarize subject=docs/plans/083-md-editor/tasks/phase-2-toolbar-shortcuts/execution.log.md::Phase 2 — Execution Log::Task Log::T003 — Implement WysiwygToolbar (2026-04-18) ms=21 left=36306
2026-08-28T10:30:43.148810Z  INFO fs3_daemon::runner: batch kind="embed" subject=1 x smart jobs=1 ms=0
2026-08-28T10:30:43.164483Z  INFO fs3_daemon::runner: done kind="embed" id=640234 left=36305
2026-08-28T10:30:43.265951Z  INFO fs3_daemon::runner: done kind=summarize subject=docs/plans/083-md-editor/tasks/phase-2-toolbar-shortcuts/execution.log.md::Phase 2 — Execution Log::Task Log::T004 — Wire active + disabled predicates (2026-04-18) ms=13 left=36305
2026-08-28T10:30:43.268509Z  INFO fs3_daemon::runner: batch kind="embed" subject=1 x smart jobs=1 ms=0
2026-08-28T10:30:43.282523Z  INFO fs3_daemon::runner: done kind="embed" id=640235 left=36304
2026-08-28T10:30:43.377681Z  INFO fs3_daemon::runner: done kind=summarize subject=docs/plans/083-md-editor/tasks/phase-2-toolbar-shortcuts/execution.log.md::Phase 2 — Execution Log::Task Log::T007 — Unit tests (React-mount + headless markdown) (2026-04-18) ms=19 left=36304
2026-08-28T10:30:43.379536Z  INFO fs3_daemon::runner: batch kind="embed" subject=1 x smart jobs=1 ms=0
2026-08-28T10:30:43.405166Z  INFO fs3_daemon::runner: done kind="embed" id=640236 left=36303
2026-08-28T10:30:43.515299Z  INFO fs3_daemon::runner: done kind=summarize subject=docs/plans/083-md-editor/tasks/phase-2-toolbar-shortcuts/execution.log.md::Phase 2 — Execution Log::Task Log::T008 — Harness smoke extension (2026-04-18) ms=19 left=36303
2026-08-28T10:30:43.522476Z  INFO fs3_daemon::runner: batch kind="embed" subject=1 x smart jobs=1 ms=1
2026-08-28T10:30:43.555614Z  INFO fs3_daemon::runner: done kind="embed" id=640237 left=36302
2026-08-28T10:30:43.678595Z  INFO fs3_daemon::runner: batch kind="embed" subject=1 x smart jobs=1 ms=0
2026-08-28T10:30:43.684347Z  INFO fs3_daemon::runner: done kind=summarize subject=docs/plans/083-md-editor/tasks/phase-2-toolbar-shortcuts/execution.log.md::Phase 2 — Execution Log::Phase 2 Summary ms=36 left=36302
2026-08-28T10:30:43.713056Z  INFO fs3_daemon::runner: done kind="embed" id=640238 left=36301
2026-08-28T10:30:43.834470Z  INFO fs3_daemon::runner: done kind=summarize subject=docs/plans/083-md-editor/tasks/phase-2-toolbar-shortcuts/reviews/review.phase-2-toolbar-shortcuts.md::Code Review: Phase 2 — Toolbar & Keyboard Shortcuts ms=34 left=36301
2026-08-28T10:30:43.837345Z  INFO fs3_daemon::runner: batch kind="embed" subject=1 x smart jobs=1 ms=0
2026-08-28T10:30:43.861427Z  INFO fs3_daemon::runner: done kind="embed" id=640239 left=36300
2026-08-28T10:30:43.980369Z  INFO fs3_daemon::runner: batch kind="embed" subject=1 x smart jobs=1 ms=0
2026-08-28T10:30:44.001910Z  INFO fs3_daemon::runner: done kind=summarize subject=docs/plans/083-md-editor/tasks/phase-2-toolbar-shortcuts/reviews/review.phase-2-toolbar-shortcuts.md::Code Review: Phase 2 — Toolbar & Keyboard Shortcuts::A) Verdict ms=48 left=36300
2026-08-28T10:30:44.018647Z  INFO fs3_daemon::runner: done kind="embed" id=640240 left=36299
2026-08-28T10:30:44.151646Z  INFO fs3_daemon::runner: done kind=summarize subject=docs/plans/083-md-editor/tasks/phase-2-toolbar-shortcuts/reviews/review.phase-2-toolbar-shortcuts.md::Code Review: Phase 2 — Toolbar & Keyboard Shortcuts::C) Checklist ms=33 left=36299
2026-08-28T10:30:44.152883Z  INFO fs3_daemon::runner: batch kind="embed" subject=1 x smart jobs=1 ms=0
2026-08-28T10:30:44.189599Z  INFO fs3_daemon::runner: done kind="embed" id=640241 left=36298
2026-08-28T10:30:44.310397Z  INFO fs3_daemon::runner: done kind=summarize subject=docs/plans/083-md-editor/tasks/phase-2-toolbar-shortcuts/reviews/review.phase-2-toolbar-shortcuts.md::Code Review: Phase 2 — Toolbar & Keyboard Shortcuts::D) Findings Table ms=29 left=36298
2026-08-28T10:30:44.311566Z  INFO fs3_daemon::runner: batch kind="embed" subject=1 x smart jobs=1 ms=0
2026-08-28T10:30:44.336220Z  INFO fs3_daemon::runner: done kind="embed" id=640242 left=36297
2026-08-28T10:30:44.454675Z  INFO fs3_daemon::runner: done kind=summarize subject=docs/plans/083-md-editor/tasks/phase-2-toolbar-shortcuts/reviews/review.phase-2-toolbar-shortcuts.md::Code Review: Phase 2 — Toolbar & Keyboard Shortcuts::E) Detailed Findings ms=29 left=36297
2026-08-28T10:30:44.459516Z  INFO fs3_daemon::runner: batch kind="embed" subject=1 x smart jobs=1 ms=0
2026-08-28T10:30:44.482118Z  INFO fs3_daemon::runner: done kind="embed" id=640243 left=36296
2026-08-28T10:30:44.609228Z  INFO fs3_daemon::runner: done kind=summarize subject=docs/plans/083-md-editor/tasks/phase-2-toolbar-shortcuts/reviews/review.phase-2-toolbar-shortcuts.md::Code Review: Phase 2 — Toolbar & Keyboard Shortcuts::E) Detailed Findings::E.1) Implementation Quality ms=36 left=36296
2026-08-28T10:30:44.609526Z  INFO fs3_daemon::runner: batch kind="embed" subject=1 x smart jobs=1 ms=0
2026-08-28T10:30:44.640365Z  INFO fs3_daemon::runner: done kind="embed" id=640244 left=36295
2026-08-28T10:30:44.758344Z  INFO fs3_daemon::runner: batch kind="embed" subject=1 x smart jobs=1 ms=0
2026-08-28T10:30:44.779644Z  INFO fs3_daemon::runner: done kind=summarize subject=docs/plans/083-md-editor/tasks/phase-2-toolbar-shortcuts/reviews/review.phase-2-toolbar-shortcuts.md::Code Review: Phase 2 — Toolbar & Keyboard Shortcuts::E) Detailed Findings::E.2) Domain Compliance ms=55 left=36295
2026-08-28T10:30:44.789520Z  INFO fs3_daemon::runner: done kind="embed" id=640245 left=36294
2026-08-28T10:30:44.914393Z  INFO fs3_daemon::runner: batch kind="embed" subject=1 x smart jobs=1 ms=0
2026-08-28T10:30:44.918130Z  INFO fs3_daemon::runner: done kind=summarize subject=docs/plans/083-md-editor/tasks/phase-2-toolbar-shortcuts/reviews/review.phase-2-toolbar-shortcuts.md::Code Review: Phase 2 — Toolbar & Keyboard Shortcuts::E) Detailed Findings::E.3) Anti-Reinvention ms=32 left=36294
2026-08-28T10:30:44.939055Z  INFO fs3_daemon::runner: done kind="embed" id=640246 left=36293
2026-08-28T10:30:45.058199Z  INFO fs3_daemon::runner: batch kind="embed" subject=1 x smart jobs=1 ms=0
2026-08-28T10:30:45.081119Z  INFO fs3_daemon::runner: done kind=summarize subject=docs/plans/083-md-editor/tasks/phase-2-toolbar-shortcuts/reviews/review.phase-2-toolbar-shortcuts.md::Code Review: Phase 2 — Toolbar & Keyboard Shortcuts::E) Detailed Findings::E.4) Testing & Evidence ms=51 left=36293
2026-08-28T10:30:45.101494Z  INFO fs3_daemon::runner: done kind="embed" id=640247 left=36292
2026-08-28T10:30:45.205651Z  INFO fs3_daemon::runner: done kind=summarize subject=docs/plans/083-md-editor/tasks/phase-2-toolbar-shortcuts/reviews/review.phase-2-toolbar-shortcuts.md::Code Review: Phase 2 — Toolbar & Keyboard Shortcuts::E) Detailed Findings::E.5) Doctrine Compliance ms=21 left=36292
2026-08-28T10:30:45.211329Z  INFO fs3_daemon::runner: batch kind="embed" subject=1 x smart jobs=1 ms=0
2026-08-28T10:30:45.225957Z  INFO fs3_daemon::runner: done kind="embed" id=640248 left=36291
2026-08-28T10:30:45.322299Z  INFO fs3_daemon::runner: done kind=summarize subject=docs/plans/083-md-editor/tasks/phase-2-toolbar-shortcuts/reviews/review.phase-2-toolbar-shortcuts.md::Code Review: Phase 2 — Toolbar & Keyboard Shortcuts::E) Detailed Findings::E.6) Harness Live Validation ms=15 left=36291
2026-08-28T10:30:45.323386Z  INFO fs3_daemon::runner: batch kind="embed" subject=1 x smart jobs=1 ms=0
2026-08-28T10:30:45.344590Z  INFO fs3_daemon::runner: done kind="embed" id=640249 left=36290
2026-08-28T10:30:45.457272Z  INFO fs3_daemon::runner: batch kind="embed" subject=1 x smart jobs=1 ms=0
2026-08-28T10:30:45.460011Z  INFO fs3_daemon::runner: done kind=summarize subject=docs/plans/083-md-editor/tasks/phase-2-toolbar-shortcuts/reviews/review.phase-2-toolbar-shortcuts.md::Code Review: Phase 2 — Toolbar & Keyboard Shortcuts::F) Coverage Map ms=20 left=36290
2026-08-28T10:30:45.485031Z  INFO fs3_daemon::runner: done kind="embed" id=640250 left=36289
2026-08-28T10:30:45.593233Z  INFO fs3_daemon::runner: batch kind="embed" subject=1 x smart jobs=1 ms=0
2026-08-28T10:30:45.593708Z  INFO fs3_daemon::runner: done kind=summarize subject=docs/plans/083-md-editor/tasks/phase-2-toolbar-shortcuts/reviews/review.phase-2-toolbar-shortcuts.md::Code Review: Phase 2 — Toolbar & Keyboard Shortcuts::G) Commands Executed ms=20 left=36289
2026-08-28T10:30:45.608261Z  INFO fs3_daemon::runner: done kind="embed" id=640251 left=36288
2026-08-28T10:30:45.710773Z  INFO fs3_daemon::runner: batch kind="embed" subject=1 x smart jobs=1 ms=0
2026-08-28T10:30:45.711014Z  INFO fs3_daemon::runner: done kind=summarize subject=docs/plans/083-md-editor/tasks/phase-2-toolbar-shortcuts/reviews/review.phase-2-toolbar-shortcuts.md::Code Review: Phase 2 — Toolbar & Keyboard Shortcuts::H) Handover Brief ms=20 left=36288
2026-08-28T10:30:45.732332Z  INFO fs3_daemon::runner: done kind="embed" id=640252 left=36287
2026-08-28T10:30:45.824257Z  INFO fs3_daemon::runner: done kind=summarize subject=docs/plans/083-md-editor/tasks/phase-2-toolbar-shortcuts/reviews/review.phase-2-toolbar-shortcuts.md::Code Review: Phase 2 — Toolbar & Keyboard Shortcuts::H) Handover Brief::Files Reviewed ms=13 left=36287
2026-08-28T10:30:45.825933Z  INFO fs3_daemon::runner: batch kind="embed" subject=1 x smart jobs=1 ms=0
2026-08-28T10:30:45.845903Z  INFO fs3_daemon::runner: done kind="embed" id=640253 left=36286
2026-08-28T10:30:45.948114Z  INFO fs3_daemon::runner: done kind=summarize subject=docs/plans/083-md-editor/tasks/phase-2-toolbar-shortcuts/reviews/review.phase-2-toolbar-shortcuts.md::Code Review: Phase 2 — Toolbar & Keyboard Shortcuts::H) Handover Brief::Next Step ms=13 left=36286
2026-08-28T10:30:45.952601Z  INFO fs3_daemon::runner: batch kind="embed" subject=1 x smart jobs=1 ms=2
2026-08-28T10:30:45.966066Z  INFO fs3_daemon::runner: done kind="embed" id=640254 left=36285
2026-08-28T10:30:46.078678Z  INFO fs3_daemon::runner: done kind=summarize subject=docs/plans/083-md-editor/tasks/phase-2-toolbar-shortcuts/tasks.fltplan.md::Flight Plan: Phase 2 — Toolbar & Keyboard Shortcuts ms=19 left=36285
2026-08-28T10:30:46.082520Z  INFO fs3_daemon::runner: batch kind="embed" subject=1 x smart jobs=1 ms=1
2026-08-28T10:30:46.103728Z  INFO fs3_daemon::runner: done kind="embed" id=640255 left=36284
2026-08-28T10:30:46.201871Z  INFO fs3_daemon::runner: done kind=summarize subject=docs/plans/083-md-editor/tasks/phase-2-toolbar-shortcuts/tasks.fltplan.md::Flight Plan: Phase 2 — Toolbar & Keyboard Shortcuts::Domain Context ms=20 left=36284
2026-08-28T10:30:46.202524Z  INFO fs3_daemon::runner: batch kind="embed" subject=1 x smart jobs=1 ms=0
2026-08-28T10:30:46.220445Z  INFO fs3_daemon::runner: done kind="embed" id=640256 left=36283
2026-08-28T10:30:46.330574Z  INFO fs3_daemon::runner: done kind=summarize subject=docs/plans/083-md-editor/tasks/phase-2-toolbar-shortcuts/tasks.fltplan.md::Flight Plan: Phase 2 — Toolbar & Keyboard Shortcuts::Domain Context::Domains We Depend On (no changes) ms=21 left=36283
2026-08-28T10:30:46.332963Z  INFO fs3_daemon::runner: batch kind="embed" subject=1 x smart jobs=1 ms=1
2026-08-28T10:30:46.347860Z  INFO fs3_daemon::runner: done kind="embed" id=640257 left=36282
2026-08-28T10:30:46.445002Z  INFO fs3_daemon::runner: done kind=summarize subject=docs/plans/083-md-editor/tasks/phase-2-toolbar-shortcuts/tasks.fltplan.md::Flight Plan: Phase 2 — Toolbar & Keyboard Shortcuts::Flight Status ms=13 left=36282
2026-08-28T10:30:46.452344Z  INFO fs3_daemon::runner: batch kind="embed" subject=1 x smart jobs=1 ms=4
2026-08-28T10:30:46.469423Z  INFO fs3_daemon::runner: done kind="embed" id=640258 left=36281
2026-08-28T10:30:46.563625Z  INFO fs3_daemon::runner: done kind=summarize subject=docs/plans/083-md-editor/tasks/phase-2-toolbar-shortcuts/tasks.fltplan.md::Flight Plan: Phase 2 — Toolbar & Keyboard Shortcuts::Stages ms=15 left=36281
2026-08-28T10:30:46.567213Z  INFO fs3_daemon::runner: batch kind="embed" subject=1 x smart jobs=1 ms=1
2026-08-28T10:30:46.581004Z  INFO fs3_daemon::runner: done kind="embed" id=640259 left=36280
2026-08-28T10:30:46.687508Z  INFO fs3_daemon::runner: done kind=summarize subject=docs/plans/083-md-editor/tasks/phase-2-toolbar-shortcuts/tasks.fltplan.md::Flight Plan: Phase 2 — Toolbar & Keyboard Shortcuts::Architecture: Before & After ms=20 left=36280
2026-08-28T10:30:46.693408Z  INFO fs3_daemon::runner: batch kind="embed" subject=1 x smart jobs=1 ms=1
2026-08-28T10:30:46.712569Z  INFO fs3_daemon::runner: done kind="embed" id=640260 left=36279
2026-08-28T10:30:46.809511Z  INFO fs3_daemon::runner: done kind=summarize subject=docs/plans/083-md-editor/tasks/phase-2-toolbar-shortcuts/tasks.fltplan.md::Flight Plan: Phase 2 — Toolbar & Keyboard Shortcuts::Acceptance Criteria ms=21 left=36279
2026-08-28T10:30:46.809846Z  INFO fs3_daemon::runner: batch kind="embed" subject=1 x smart jobs=1 ms=0
2026-08-28T10:30:46.838192Z  INFO fs3_daemon::runner: done kind="embed" id=640261 left=36278
2026-08-28T10:30:46.941448Z  INFO fs3_daemon::runner: done kind=summarize subject=docs/plans/083-md-editor/tasks/phase-2-toolbar-shortcuts/tasks.fltplan.md::Flight Plan: Phase 2 — Toolbar & Keyboard Shortcuts::Goals & Non-Goals ms=22 left=36278
2026-08-28T10:30:46.981631Z  INFO fs3_daemon::runner: progress phase="working" scanned=59493 scan_left=182 summarized=120778 summarize_left=36095 embedded=196664 embed_left=1 failed=0
2026-08-28T10:30:47.000646Z  INFO fs3_daemon::runner: batch kind="embed" subject=2 x smart jobs=2 ms=0
2026-08-28T10:30:47.012192Z  INFO fs3_daemon::runner: done kind="embed" id=640262 left=36277
2026-08-28T10:30:47.080356Z  INFO fs3_daemon::runner: done kind="embed" id=640263 left=36276
2026-08-28T10:30:47.176025Z  INFO fs3_daemon::runner: done kind=summarize subject=docs/plans/083-md-editor/tasks/phase-2-toolbar-shortcuts/tasks.fltplan.md::Flight Plan: Phase 2 — Toolbar & Keyboard Shortcuts::Checklist ms=20 left=36276
2026-08-28T10:30:47.229779Z  INFO fs3_daemon::runner: batch kind="embed" subject=1 x smart jobs=1 ms=0
2026-08-28T10:30:47.234725Z  INFO fs3_daemon::runner: done kind=summarize subject=docs/plans/083-md-editor/tasks/phase-2-toolbar-shortcuts/tasks.md::Phase 2: Toolbar & Keyboard Shortcuts ms=24 left=36276
2026-08-28T10:30:47.244332Z  INFO fs3_daemon::runner: done kind="embed" id=640264 left=36275
2026-08-28T10:30:47.335155Z  INFO fs3_daemon::runner: done kind=summarize subject=docs/plans/083-md-editor/tasks/phase-2-toolbar-shortcuts/tasks.md::Phase 2: Toolbar & Keyboard Shortcuts::Executive Briefing ms=13 left=36275
2026-08-28T10:30:47.336623Z  INFO fs3_daemon::runner: batch kind="embed" subject=1 x smart jobs=1 ms=0
2026-08-28T10:30:47.350829Z  INFO fs3_daemon::runner: done kind="embed" id=640265 left=36274
2026-08-28T10:30:47.446354Z  INFO fs3_daemon::runner: done kind=summarize subject=docs/plans/083-md-editor/tasks/phase-2-toolbar-shortcuts/tasks.md::Phase 2: Toolbar & Keyboard Shortcuts::Prior Phase Context ms=21 left=36274
2026-08-28T10:30:47.448100Z  INFO fs3_daemon::runner: batch kind="embed" subject=1 x smart jobs=1 ms=0
2026-08-28T10:30:47.467376Z  INFO fs3_daemon::runner: done kind="embed" id=640266 left=36273
2026-08-28T10:30:47.567069Z  INFO fs3_daemon::runner: done kind=summarize subject=docs/plans/083-md-editor/tasks/phase-2-toolbar-shortcuts/tasks.md::Phase 2: Toolbar & Keyboard Shortcuts::Prior Phase Context::Phase 1 (completed 2026-04-18) ms=15 left=36273
2026-08-28T10:30:47.568905Z  INFO fs3_daemon::runner: batch kind="embed" subject=1 x smart jobs=1 ms=0
2026-08-28T10:30:47.589990Z  INFO fs3_daemon::runner: done kind="embed" id=640267 left=36272
2026-08-28T10:30:47.685118Z  INFO fs3_daemon::runner: done kind=summarize subject=docs/plans/083-md-editor/tasks/phase-2-toolbar-shortcuts/tasks.md::Phase 2: Toolbar & Keyboard Shortcuts::Pre-Implementation Check ms=18 left=36272
2026-08-28T10:30:47.686170Z  INFO fs3_daemon::runner: batch kind="embed" subject=1 x smart jobs=1 ms=0
2026-08-28T10:30:47.704619Z  INFO fs3_daemon::runner: done kind="embed" id=640268 left=36271
2026-08-28T10:30:47.819453Z  INFO fs3_daemon::runner: done kind=summarize subject=docs/plans/083-md-editor/tasks/phase-2-toolbar-shortcuts/tasks.md::Phase 2: Toolbar & Keyboard Shortcuts::Architecture Map ms=33 left=36271
2026-08-28T10:30:47.823806Z  INFO fs3_daemon::runner: batch kind="embed" subject=1 x smart jobs=1 ms=1
2026-08-28T10:30:47.858003Z  INFO fs3_daemon::runner: done kind="embed" id=640269 left=36270
2026-08-28T10:30:47.991634Z  INFO fs3_daemon::runner: batch kind="embed" subject=1 x smart jobs=1 ms=1
2026-08-28T10:30:48.008870Z  INFO fs3_daemon::runner: done kind=summarize subject=docs/plans/083-md-editor/tasks/phase-2-toolbar-shortcuts/tasks.md::Phase 2: Toolbar & Keyboard Shortcuts::Tasks ms=49 left=36270
2026-08-28T10:30:48.034140Z  INFO fs3_daemon::runner: done kind="embed" id=640270 left=36269
2026-08-28T10:30:48.166504Z  INFO fs3_daemon::runner: batch kind="embed" subject=1 x smart jobs=1 ms=0
2026-08-28T10:30:48.193403Z  INFO fs3_daemon::runner: done kind=summarize subject=docs/plans/083-md-editor/tasks/phase-2-toolbar-shortcuts/tasks.md::Phase 2: Toolbar & Keyboard Shortcuts::Context Brief ms=56 left=36269
2026-08-28T10:30:48.199873Z  INFO fs3_daemon::runner: done kind="embed" id=640271 left=36268
2026-08-28T10:30:48.314702Z  INFO fs3_daemon::runner: done kind=summarize subject=docs/plans/083-md-editor/tasks/phase-2-toolbar-shortcuts/tasks.md::Phase 2: Toolbar & Keyboard Shortcuts::Context Brief::Spec / Workshop references ms=28 left=36268
2026-08-28T10:30:48.319269Z  INFO fs3_daemon::runner: batch kind="embed" subject=1 x smart jobs=1 ms=3
2026-08-28T10:30:48.349123Z  INFO fs3_daemon::runner: done kind="embed" id=640272 left=36267
2026-08-28T10:30:48.468478Z  INFO fs3_daemon::runner: done kind=summarize subject=docs/plans/083-md-editor/tasks/phase-2-toolbar-shortcuts/tasks.md::Phase 2: Toolbar & Keyboard Shortcuts::Context Brief::Mermaid flow diagram (toolbar click → editor DOM change) ms=35 left=36267
2026-08-28T10:30:48.473698Z  INFO fs3_daemon::runner: batch kind="embed" subject=1 x smart jobs=1 ms=3
2026-08-28T10:30:48.505662Z  INFO fs3_daemon::runner: done kind="embed" id=640273 left=36266
2026-08-28T10:30:48.637605Z  INFO fs3_daemon::runner: batch kind="embed" subject=1 x smart jobs=1 ms=0
2026-08-28T10:30:48.657753Z  INFO fs3_daemon::runner: done kind=summarize subject=docs/plans/083-md-editor/tasks/phase-2-toolbar-shortcuts/tasks.md::Phase 2: Toolbar & Keyboard Shortcuts::Context Brief::Mermaid sequence diagram (editor + toolbar composition) ms=48 left=36266
2026-08-28T10:30:48.675455Z  INFO fs3_daemon::runner: done kind="embed" id=640274 left=36265
2026-08-28T10:30:48.794540Z  INFO fs3_daemon::runner: done kind=summarize subject=docs/plans/083-md-editor/tasks/phase-2-toolbar-shortcuts/tasks.md::Phase 2: Toolbar & Keyboard Shortcuts::Discoveries & Learnings ms=31 left=36265
2026-08-28T10:30:48.797009Z  INFO fs3_daemon::runner: batch kind="embed" subject=1 x smart jobs=1 ms=2
2026-08-28T10:30:48.822347Z  INFO fs3_daemon::runner: done kind="embed" id=640275 left=36264
2026-08-28T10:30:48.950364Z  INFO fs3_daemon::runner: done kind=summarize subject=docs/plans/083-md-editor/tasks/phase-2-toolbar-shortcuts/tasks.md::Phase 2: Toolbar & Keyboard Shortcuts::Directory Layout ms=31 left=36264
2026-08-28T10:30:48.951180Z  INFO fs3_daemon::runner: batch kind="embed" subject=1 x smart jobs=1 ms=0
2026-08-28T10:30:48.972341Z  INFO fs3_daemon::runner: done kind="embed" id=640276 left=36263
2026-08-28T10:30:49.089644Z  INFO fs3_daemon::runner: batch kind="embed" subject=1 x smart jobs=1 ms=0
2026-08-28T10:30:49.104416Z  INFO fs3_daemon::runner: done kind=summarize subject=docs/plans/083-md-editor/tasks/phase-2-toolbar-shortcuts/tasks.md::Phase 2: Toolbar & Keyboard Shortcuts::Acceptance Criteria (phase-local, from plan) ms=38 left=36263
2026-08-28T10:30:49.119330Z  INFO fs3_daemon::runner: done kind="embed" id=640277 left=36262
2026-08-28T10:30:49.241853Z  INFO fs3_daemon::runner: done kind=summarize subject=docs/plans/083-md-editor/tasks/phase-2-toolbar-shortcuts/tasks.md::Phase 2: Toolbar & Keyboard Shortcuts::Validation Record (2026-04-18) ms=34 left=36262
2026-08-28T10:30:49.243450Z  INFO fs3_daemon::runner: batch kind="embed" subject=1 x smart jobs=1 ms=0
2026-08-28T10:30:49.267646Z  INFO fs3_daemon::runner: done kind="embed" id=640278 left=36261
2026-08-28T10:30:49.371469Z  INFO fs3_daemon::runner: done kind=summarize subject=docs/plans/083-md-editor/tasks/phase-2-toolbar-shortcuts/tasks.md::Phase 2: Toolbar & Keyboard Shortcuts::Critical Insights (2026-04-18 — didyouknow-v2) ms=15 left=36261
2026-08-28T10:30:49.374749Z  INFO fs3_daemon::runner: batch kind="embed" subject=1 x smart jobs=1 ms=0
2026-08-28T10:30:49.391137Z  INFO fs3_daemon::runner: done kind="embed" id=640279 left=36260
2026-08-28T10:30:49.493859Z  INFO fs3_daemon::runner: done kind=summarize subject=docs/plans/083-md-editor/tasks/phase-2-toolbar-shortcuts/tasks.md::Phase 2: Toolbar & Keyboard Shortcuts::Validation Record (2026-04-18 — second pass, validate-v2 upgraded with VPO + Forward-Compatibility) ms=19 left=36260
2026-08-28T10:30:49.494771Z  INFO fs3_daemon::runner: batch kind="embed" subject=1 x smart jobs=1 ms=0
2026-08-28T10:30:49.522433Z  INFO fs3_daemon::runner: done kind="embed" id=640280 left=36259
2026-08-28T10:30:49.630842Z  INFO fs3_daemon::runner: done kind=summarize subject=docs/plans/083-md-editor/tasks/phase-2-toolbar-shortcuts/tasks.md::Phase 2: Toolbar & Keyboard Shortcuts::Validation Record (2026-04-18 — second pass, validate-v2 upgraded with VPO + Forward-Compatibility)::Agent Results ms=17 left=36259
2026-08-28T10:30:49.633797Z  INFO fs3_daemon::runner: batch kind="embed" subject=1 x smart jobs=1 ms=0
2026-08-28T10:30:49.647300Z  INFO fs3_daemon::runner: done kind="embed" id=640281 left=36258
2026-08-28T10:30:49.756133Z  INFO fs3_daemon::runner: done kind=summarize subject=docs/plans/083-md-editor/tasks/phase-2-toolbar-shortcuts/tasks.md::Phase 2: Toolbar & Keyboard Shortcuts::Validation Record (2026-04-18 — second pass, validate-v2 upgraded with VPO + Forward-Compatibility)::Forward-Compatibility Matrix ms=20 left=36258
2026-08-28T10:30:49.759763Z  INFO fs3_daemon::runner: batch kind="embed" subject=1 x smart jobs=1 ms=0
2026-08-28T10:30:49.780258Z  INFO fs3_daemon::runner: done kind="embed" id=640282 left=36257
2026-08-28T10:30:49.893791Z  INFO fs3_daemon::runner: done kind=summarize subject=docs/plans/083-md-editor/tasks/phase-2-toolbar-shortcuts/tasks.md::Phase 2: Toolbar & Keyboard Shortcuts::Validation Record (2026-04-18 — second pass, validate-v2 upgraded with VPO + Forward-Compatibility)::Fixes Applied in This Pass ms=21 left=36257
2026-08-28T10:30:49.898365Z  INFO fs3_daemon::runner: batch kind="embed" subject=1 x smart jobs=1 ms=4
2026-08-28T10:30:49.912273Z  INFO fs3_daemon::runner: done kind="embed" id=640283 left=36256
2026-08-28T10:30:50.012471Z  INFO fs3_daemon::runner: batch kind="embed" subject=1 x smart jobs=1 ms=1
2026-08-28T10:30:50.013714Z  INFO fs3_daemon::runner: done kind=summarize subject=docs/plans/083-md-editor/tasks/phase-3-link-popover/execution.log.md::Phase 3 — Execution Log ms=20 left=36256
2026-08-28T10:30:50.039781Z  INFO fs3_daemon::runner: done kind="embed" id=640284 left=36255
2026-08-28T10:30:50.140053Z  INFO fs3_daemon::runner: done kind=summarize subject=docs/plans/083-md-editor/tasks/phase-3-link-popover/execution.log.md::Phase 3 — Execution Log::Pre-Phase Harness Validation (2026-04-19) ms=14 left=36255
2026-08-28T10:30:50.142923Z  INFO fs3_daemon::runner: batch kind="embed" subject=1 x smart jobs=1 ms=0
2026-08-28T10:30:50.161262Z  INFO fs3_daemon::runner: done kind="embed" id=640285 left=36254
2026-08-28T10:30:50.264210Z  INFO fs3_daemon::runner: done kind=summarize subject=docs/plans/083-md-editor/tasks/phase-3-link-popover/execution.log.md::Phase 3 — Execution Log::Task Log ms=15 left=36254
2026-08-28T10:30:50.265424Z  INFO fs3_daemon::runner: batch kind="embed" subject=1 x smart jobs=1 ms=0
2026-08-28T10:30:50.279155Z  INFO fs3_daemon::runner: done kind="embed" id=640286 left=36253
2026-08-28T10:30:50.377935Z  INFO fs3_daemon::runner: done kind=summarize subject=docs/plans/083-md-editor/tasks/phase-3-link-popover/execution.log.md::Phase 3 — Execution Log::Task Log::T001 — Types + onOpenLinkDialog prop (2026-04-19) ms=13 left=36253
2026-08-28T10:30:50.382307Z  INFO fs3_daemon::runner: batch kind="embed" subject=1 x smart jobs=1 ms=3
2026-08-28T10:30:50.398045Z  INFO fs3_daemon::runner: done kind="embed" id=640287 left=36252
2026-08-28T10:30:50.493183Z  INFO fs3_daemon::runner: batch kind="embed" subject=1 x smart jobs=1 ms=0
2026-08-28T10:30:50.493493Z  INFO fs3_daemon::runner: done kind=summarize subject=docs/plans/083-md-editor/tasks/phase-3-link-popover/execution.log.md::Phase 3 — Execution Log::Task Log::T002 — TDD sanitizeLinkHref (2026-04-19) ms=16 left=36252
2026-08-28T10:30:50.519116Z  INFO fs3_daemon::runner: done kind="embed" id=640288 left=36251
2026-08-28T10:30:50.615717Z  INFO fs3_daemon::runner: done kind=summarize subject=docs/plans/083-md-editor/tasks/phase-3-link-popover/execution.log.md::Phase 3 — Execution Log::Task Log::T003 / T004 / T005 — LinkPopover (desktop + mobile + edit flow) (2026-04-19) ms=16 left=36251
2026-08-28T10:30:50.617330Z  INFO fs3_daemon::runner: batch kind="embed" subject=1 x smart jobs=1 ms=0
2026-08-28T10:30:50.640837Z  INFO fs3_daemon::runner: done kind="embed" id=640289 left=36250
2026-08-28T10:30:50.738970Z  INFO fs3_daemon::runner: done kind=summarize subject=docs/plans/083-md-editor/tasks/phase-3-link-popover/execution.log.md::Phase 3 — Execution Log::Task Log::T006 — ⌘K keybinding + editor prop threading (2026-04-19) ms=13 left=36250
2026-08-28T10:30:50.741317Z  INFO fs3_daemon::runner: batch kind="embed" subject=1 x smart jobs=1 ms=1
2026-08-28T10:30:50.755176Z  INFO fs3_daemon::runner: done kind="embed" id=640290 left=36249
2026-08-28T10:30:50.853795Z  INFO fs3_daemon::runner: done kind=summarize subject=docs/plans/083-md-editor/tasks/phase-3-link-popover/execution.log.md::Phase 3 — Execution Log::Task Log::T007 — Unit tests (popover coverage) (2026-04-19) ms=19 left=36249
2026-08-28T10:30:50.855613Z  INFO fs3_daemon::runner: batch kind="embed" subject=1 x smart jobs=1 ms=1
2026-08-28T10:30:50.878595Z  INFO fs3_daemon::runner: done kind="embed" id=640291 left=36248
2026-08-28T10:30:50.985759Z  INFO fs3_daemon::runner: done kind=summarize subject=docs/plans/083-md-editor/tasks/phase-3-link-popover/execution.log.md::Phase 3 — Execution Log::Task Log::T008 — Harness smoke extension (2026-04-19) ms=20 left=36248
2026-08-28T10:30:50.985814Z  INFO fs3_daemon::runner: batch kind="embed" subject=1 x smart jobs=1 ms=0
2026-08-28T10:30:51.011666Z  INFO fs3_daemon::runner: done kind="embed" id=640292 left=36247
2026-08-28T10:30:51.115414Z  INFO fs3_daemon::runner: done kind=summarize subject=docs/plans/083-md-editor/tasks/phase-3-link-popover/execution.log.md::Phase 3 — Execution Log::Phase 3 Summary ms=14 left=36247
2026-08-28T10:30:51.118864Z  INFO fs3_daemon::runner: batch kind="embed" subject=1 x smart jobs=1 ms=2
2026-08-28T10:30:51.134397Z  INFO fs3_daemon::runner: done kind="embed" id=640293 left=36246
2026-08-28T10:30:51.226585Z  INFO fs3_daemon::runner: batch kind="embed" subject=1 x smart jobs=1 ms=0
2026-08-28T10:30:51.227249Z  INFO fs3_daemon::runner: done kind=summarize subject=docs/plans/083-md-editor/tasks/phase-3-link-popover/tasks.fltplan.md::Flight Plan: Phase 3 — Link Popover ms=15 left=36246
2026-08-28T10:30:51.251792Z  INFO fs3_daemon::runner: done kind="embed" id=640294 left=36245
2026-08-28T10:30:51.354661Z  INFO fs3_daemon::runner: done kind=summarize subject=docs/plans/083-md-editor/tasks/phase-3-link-popover/tasks.fltplan.md::Flight Plan: Phase 3 — Link Popover::Domain Context ms=18 left=36245
2026-08-28T10:30:51.358245Z  INFO fs3_daemon::runner: batch kind="embed" subject=1 x smart jobs=1 ms=3
2026-08-28T10:30:51.375578Z  INFO fs3_daemon::runner: done kind="embed" id=640295 left=36244
2026-08-28T10:30:51.478335Z  INFO fs3_daemon::runner: done kind=summarize subject=docs/plans/083-md-editor/tasks/phase-3-link-popover/tasks.fltplan.md::Flight Plan: Phase 3 — Link Popover::Domain Context::Domains We Depend On (no changes) ms=19 left=36244
2026-08-28T10:30:51.480890Z  INFO fs3_daemon::runner: batch kind="embed" subject=1 x smart jobs=1 ms=0
2026-08-28T10:30:51.500392Z  INFO fs3_daemon::runner: done kind="embed" id=640296 left=36243
2026-08-28T10:30:51.602656Z  INFO fs3_daemon::runner: done kind=summarize subject=docs/plans/083-md-editor/tasks/phase-3-link-popover/tasks.fltplan.md::Flight Plan: Phase 3 — Link Popover::Flight Status ms=15 left=36243
2026-08-28T10:30:51.603886Z  INFO fs3_daemon::runner: batch kind="embed" subject=1 x smart jobs=1 ms=1
2026-08-28T10:30:51.622716Z  INFO fs3_daemon::runner: done kind="embed" id=640297 left=36242
2026-08-28T10:30:51.810074Z  INFO fs3_daemon::runner: batch kind="embed" subject=1 x smart jobs=1 ms=0
2026-08-28T10:30:51.823241Z  INFO fs3_daemon::runner: done kind="embed" id=640298 left=36241
2026-08-28T10:30:51.823310Z  INFO fs3_daemon::runner: done kind=summarize subject=docs/plans/083-md-editor/tasks/phase-3-link-popover/tasks.fltplan.md::Flight Plan: Phase 3 — Link Popover::Stages ms=114 left=36242
2026-08-28T10:30:51.920744Z  INFO fs3_daemon::runner: done kind=summarize subject=docs/plans/083-md-editor/tasks/phase-3-link-popover/tasks.fltplan.md::Flight Plan: Phase 3 — Link Popover::Architecture: Before & After ms=13 left=36241
2026-08-28T10:30:51.922751Z  INFO fs3_daemon::runner: batch kind="embed" subject=1 x smart jobs=1 ms=0
2026-08-28T10:30:51.942106Z  INFO fs3_daemon::runner: done kind="embed" id=640299 left=36240
2026-08-28T10:30:52.059124Z  INFO fs3_daemon::runner: done kind=summarize subject=docs/plans/083-md-editor/tasks/phase-3-link-popover/tasks.fltplan.md::Flight Plan: Phase 3 — Link Popover::Acceptance Criteria ms=26 left=36240
2026-08-28T10:30:52.088799Z  INFO fs3_daemon::runner: progress phase="working" scanned=59493 scan_left=182 summarized=120816 summarize_left=36057 embedded=196702 embed_left=1 failed=0
2026-08-28T10:30:52.111270Z  INFO fs3_daemon::runner: batch kind="embed" subject=2 x smart jobs=2 ms=0
2026-08-28T10:30:52.128070Z  INFO fs3_daemon::runner: done kind="embed" id=640301 left=36239
2026-08-28T10:30:52.202644Z  INFO fs3_daemon::runner: done kind="embed" id=640300 left=36238
2026-08-28T10:30:52.318929Z  INFO fs3_daemon::runner: done kind=summarize subject=docs/plans/083-md-editor/tasks/phase-3-link-popover/tasks.fltplan.md::Flight Plan: Phase 3 — Link Popover::Goals & Non-Goals ms=28 left=36238
2026-08-28T10:30:52.377690Z  INFO fs3_daemon::runner: batch kind="embed" subject=1 x smart jobs=1 ms=0
2026-08-28T10:30:52.400448Z  INFO fs3_daemon::runner: done kind=summarize subject=docs/plans/083-md-editor/tasks/phase-3-link-popover/tasks.fltplan.md::Flight Plan: Phase 3 — Link Popover::Checklist ms=60 left=36238
2026-08-28T10:30:52.407240Z  INFO fs3_daemon::runner: done kind="embed" id=640302 left=36237
2026-08-28T10:30:52.526896Z  INFO fs3_daemon::runner: batch kind="embed" subject=1 x smart jobs=1 ms=1
2026-08-28T10:30:52.547811Z  INFO fs3_daemon::runner: done kind=summarize subject=docs/plans/083-md-editor/tasks/phase-3-link-popover/tasks.md::Phase 3: Link Popovers ms=54 left=36237
2026-08-28T10:30:52.564733Z  INFO fs3_daemon::runner: done kind="embed" id=640303 left=36236
2026-08-28T10:30:52.687258Z  INFO fs3_daemon::runner: batch kind="embed" subject=1 x smart jobs=1 ms=0
2026-08-28T10:30:52.710525Z  INFO fs3_daemon::runner: done kind=summarize subject=docs/plans/083-md-editor/tasks/phase-3-link-popover/tasks.md::Phase 3: Link Popovers::Executive Briefing ms=53 left=36236
2026-08-28T10:30:52.722533Z  INFO fs3_daemon::runner: done kind="embed" id=640304 left=36235
2026-08-28T10:30:52.839220Z  INFO fs3_daemon::runner: done kind=summarize subject=docs/plans/083-md-editor/tasks/phase-3-link-popover/tasks.md::Phase 3: Link Popovers::Prior Phase Context ms=34 left=36235
2026-08-28T10:30:52.844670Z  INFO fs3_daemon::runner: batch kind="embed" subject=1 x smart jobs=1 ms=1
2026-08-28T10:30:52.887687Z  INFO fs3_daemon::runner: done kind="embed" id=640305 left=36234
2026-08-28T10:30:53.026894Z  INFO fs3_daemon::runner: done kind=summarize subject=docs/plans/083-md-editor/tasks/phase-3-link-popover/tasks.md::Phase 3: Link Popovers::Prior Phase Context::Phase 1 (completed 2026-04-18) ms=38 left=36234
2026-08-28T10:30:53.029027Z  INFO fs3_daemon::runner: batch kind="embed" subject=1 x smart jobs=1 ms=0
2026-08-28T10:30:53.059177Z  INFO fs3_daemon::runner: done kind="embed" id=640306 left=36233
2026-08-28T10:30:53.172264Z  INFO fs3_daemon::runner: batch kind="embed" subject=1 x smart jobs=1 ms=4
2026-08-28T10:30:53.187247Z  INFO fs3_daemon::runner: done kind=summarize subject=docs/plans/083-md-editor/tasks/phase-3-link-popover/tasks.md::Phase 3: Link Popovers::Prior Phase Context::Phase 2 (completed 2026-04-18) ms=44 left=36233
2026-08-28T10:30:53.201174Z  INFO fs3_daemon::runner: done kind="embed" id=640307 left=36232
2026-08-28T10:30:53.329585Z  INFO fs3_daemon::runner: batch kind="embed" subject=1 x smart jobs=1 ms=0
2026-08-28T10:30:53.353848Z  INFO fs3_daemon::runner: done kind=summarize subject=docs/plans/083-md-editor/tasks/phase-3-link-popover/tasks.md::Phase 3: Link Popovers::Pre-Implementation Check ms=63 left=36232
2026-08-28T10:30:53.366160Z  INFO fs3_daemon::runner: done kind="embed" id=640308 left=36231
2026-08-28T10:30:53.490860Z  INFO fs3_daemon::runner: done kind=summarize subject=docs/plans/083-md-editor/tasks/phase-3-link-popover/tasks.md::Phase 3: Link Popovers::Architecture Map ms=38 left=36231
2026-08-28T10:30:53.496191Z  INFO fs3_daemon::runner: batch kind="embed" subject=1 x smart jobs=1 ms=1
2026-08-28T10:30:53.523937Z  INFO fs3_daemon::runner: done kind="embed" id=640309 left=36230
2026-08-28T10:30:53.721434Z  INFO fs3_daemon::runner: batch kind="embed" subject=1 x smart jobs=1 ms=1
2026-08-28T10:30:53.731309Z  INFO fs3_daemon::runner: done kind=summarize subject=docs/plans/083-md-editor/tasks/phase-3-link-popover/tasks.md::Phase 3: Link Popovers::Context Brief ms=128 left=36230
2026-08-28T10:30:53.755111Z  INFO fs3_daemon::runner: done kind="embed" id=640310 left=36229
2026-08-28T10:30:53.856192Z  INFO fs3_daemon::runner: done kind=summarize subject=docs/plans/083-md-editor/tasks/phase-3-link-popover/tasks.md::Phase 3: Link Popovers::Context Brief::Spec / Workshop references ms=20 left=36221
2026-08-28T10:30:53.857126Z  INFO fs3_daemon::runner: batch kind="embed" subject=1 x smart jobs=1 ms=0
2026-08-28T10:30:53.877030Z  INFO fs3_daemon::runner: done kind="embed" id=640311 left=36220
2026-08-28T10:30:54.010352Z  INFO fs3_daemon::runner: done kind=summarize subject=docs/plans/083-md-editor/tasks/phase-3-link-popover/tasks.md::Phase 3: Link Popovers::Context Brief::Domain dependencies (consumed from other domains) ms=35 left=36220
2026-08-28T10:30:54.010828Z  INFO fs3_daemon::runner: batch kind="embed" subject=1 x smart jobs=1 ms=0
2026-08-28T10:30:54.037856Z  INFO fs3_daemon::runner: done kind="embed" id=640312 left=36219
2026-08-28T10:30:54.163222Z  INFO fs3_daemon::runner: done kind=summarize subject=docs/plans/083-md-editor/tasks/phase-3-link-popover/tasks.md::Phase 3: Link Popovers::Context Brief::Reusable from Phase 1/2 ms=27 left=36219
2026-08-28T10:30:54.170547Z  INFO fs3_daemon::runner: batch kind="embed" subject=1 x smart jobs=1 ms=1
2026-08-28T10:30:54.210943Z  INFO fs3_daemon::runner: done kind="embed" id=640313 left=36218
2026-08-28T10:30:54.322439Z  INFO fs3_daemon::runner: done kind=summarize subject=docs/plans/083-md-editor/tasks/phase-3-link-popover/tasks.md::Phase 3: Link Popovers::Context Brief::Mermaid flow diagram (user presses ⌘K with caret in existing link) ms=22 left=36218
2026-08-28T10:30:54.323925Z  INFO fs3_daemon::runner: batch kind="embed" subject=1 x smart jobs=1 ms=0
2026-08-28T10:30:54.339011Z  INFO fs3_daemon::runner: done kind="embed" id=640314 left=36217
2026-08-28T10:30:54.469250Z  INFO fs3_daemon::runner: done kind=summarize subject=docs/plans/083-md-editor/tasks/phase-3-link-popover/tasks.md::Phase 3: Link Popovers::Context Brief::Mermaid sequence diagram (desktop popover composition) ms=34 left=36217
2026-08-28T10:30:54.476885Z  INFO fs3_daemon::runner: batch kind="embed" subject=1 x smart jobs=1 ms=0
2026-08-28T10:30:54.495431Z  INFO fs3_daemon::runner: done kind="embed" id=640315 left=36216
2026-08-28T10:30:54.528378Z  INFO fs3_daemon::worktrees: unregistered a vanished git worktree root=/Users/jordanknight/substrate/flowspace/poctest-wtdiff-20260828T101440Z
2026-08-28T10:30:54.611937Z  INFO fs3_daemon::runner: batch kind="embed" subject=1 x smart jobs=1 ms=0
2026-08-28T10:30:54.627307Z  INFO fs3_daemon::runner: done kind="embed" id=640316 left=36215
2026-08-28T10:30:54.627376Z  INFO fs3_daemon::runner: done kind=summarize subject=docs/plans/083-md-editor/tasks/phase-3-link-popover/tasks.md::Phase 3: Link Popovers::Discoveries & Learnings ms=36 left=36216
2026-08-28T10:30:54.732132Z  INFO fs3_daemon::runner: done kind=summarize subject=docs/plans/083-md-editor/tasks/phase-3-link-popover/tasks.md::Phase 3: Link Popovers::Directory Layout ms=19 left=36215
2026-08-28T10:30:54.736097Z  INFO fs3_daemon::runner: batch kind="embed" subject=1 x smart jobs=1 ms=3
2026-08-28T10:30:54.753344Z  INFO fs3_daemon::runner: done kind="embed" id=640317 left=36214
2026-08-28T10:30:54.866977Z  INFO fs3_daemon::runner: batch kind="embed" subject=1 x smart jobs=1 ms=0
2026-08-28T10:30:54.869925Z  INFO fs3_daemon::runner: done kind=summarize subject=docs/plans/083-md-editor/tasks/phase-4-utilities/execution.log.md::Phase 4 Execution Log ms=20 left=36214
2026-08-28T10:30:54.884753Z  INFO fs3_daemon::runner: done kind="embed" id=640318 left=36213
2026-08-28T10:30:54.981826Z  INFO fs3_daemon::runner: batch kind="embed" subject=1 x smart jobs=1 ms=0
2026-08-28T10:30:54.984235Z  INFO fs3_daemon::runner: done kind=summarize subject=docs/plans/083-md-editor/tasks/phase-3-link-popover/tasks.md::Phase 3: Link Popovers::Acceptance Criteria (phase-local, from plan) ms=21 left=36213
2026-08-28T10:30:54.998566Z  INFO fs3_daemon::runner: done kind="embed" id=640319 left=36212
2026-08-28T10:30:55.100505Z  INFO fs3_daemon::runner: done kind=summarize subject=docs/plans/083-md-editor/tasks/phase-4-utilities/execution.log.md::Phase 4 Execution Log::Pre-Phase Harness Validation (2026-04-19) ms=17 left=36212
2026-08-28T10:30:55.100624Z  INFO fs3_daemon::runner: batch kind="embed" subject=1 x smart jobs=1 ms=1
2026-08-28T10:30:55.119592Z  INFO fs3_daemon::runner: done kind="embed" id=640320 left=36211
2026-08-28T10:30:55.218526Z  INFO fs3_daemon::runner: done kind=summarize subject=docs/plans/083-md-editor/tasks/phase-3-link-popover/tasks.md::Phase 3: Link Popovers::Validation Record (2026-04-18 — validate-v2 broad scope) ms=21 left=36211
2026-08-28T10:30:55.220633Z  INFO fs3_daemon::runner: batch kind="embed" subject=1 x smart jobs=1 ms=0
2026-08-28T10:30:55.237849Z  INFO fs3_daemon::runner: done kind="embed" id=640321 left=36210
2026-08-28T10:30:55.341510Z  INFO fs3_daemon::runner: done kind=summarize subject=docs/plans/083-md-editor/tasks/phase-4-utilities/execution.log.md::Phase 4 Execution Log::Task Log ms=18 left=36210
2026-08-28T10:30:55.346677Z  INFO fs3_daemon::runner: batch kind="embed" subject=1 x smart jobs=1 ms=1
2026-08-28T10:30:55.361007Z  INFO fs3_daemon::runner: done kind="embed" id=640322 left=36209
2026-08-28T10:30:55.467825Z  INFO fs3_daemon::runner: batch kind="embed" subject=1 x smart jobs=1 ms=0
2026-08-28T10:30:55.469078Z  INFO fs3_daemon::runner: done kind=summarize subject=docs/plans/083-md-editor/tasks/phase-3-link-popover/tasks.md::Phase 3: Link Popovers::Validation Record (2026-04-18 — validate-v2 broad scope)::Fixes Applied in This Pass ms=17 left=36209
2026-08-28T10:30:55.480880Z  INFO fs3_daemon::runner: done kind="embed" id=640323 left=36208
2026-08-28T10:30:55.584099Z  INFO fs3_daemon::runner: done kind=summarize subject=docs/plans/083-md-editor/tasks/phase-4-utilities/execution.log.md::Phase 4 Execution Log::Task Log::T001 — Interface-first types verification (2026-04-19) ms=18 left=36208
2026-08-28T10:30:55.590134Z  INFO fs3_daemon::runner: batch kind="embed" subject=1 x smart jobs=1 ms=0
2026-08-28T10:30:55.605959Z  INFO fs3_daemon::runner: done kind="embed" id=640324 left=36207
2026-08-28T10:30:55.698846Z  INFO fs3_daemon::runner: batch kind="embed" subject=1 x smart jobs=1 ms=0
2026-08-28T10:30:55.699344Z  INFO fs3_daemon::runner: done kind=summarize subject=docs/plans/083-md-editor/tasks/phase-3-link-popover/tasks.md::Phase 3: Link Popovers::Validation Record (2026-04-18 — validate-v2 broad scope)::Open Items (MEDIUM/LOW — user decision before implementation) ms=17 left=36207
2026-08-28T10:30:55.722521Z  INFO fs3_daemon::runner: done kind="embed" id=640325 left=36206
2026-08-28T10:30:55.827568Z  INFO fs3_daemon::runner: batch kind="embed" subject=1 x smart jobs=1 ms=0
2026-08-28T10:30:55.828342Z  INFO fs3_daemon::runner: done kind=summarize subject=docs/plans/083-md-editor/tasks/phase-4-utilities/execution.log.md::Phase 4 Execution Log::Task Log::T002 + T003 — TDD splitFrontMatter / joinFrontMatter (2026-04-19) ms=21 left=36206
2026-08-28T10:30:55.848045Z  INFO fs3_daemon::runner: done kind="embed" id=640326 left=36205
2026-08-28T10:30:55.951228Z  INFO fs3_daemon::runner: done kind=summarize subject=docs/plans/083-md-editor/tasks/phase-4-utilities/execution.log.md::Phase 4 Execution Log::Task Log::T004 — TDD hasTables (2026-04-19) ms=15 left=36205
2026-08-28T10:30:55.953967Z  INFO fs3_daemon::runner: batch kind="embed" subject=1 x smart jobs=1 ms=1
2026-08-28T10:30:55.980339Z  INFO fs3_daemon::runner: done kind="embed" id=640327 left=36204
2026-08-28T10:30:56.082752Z  INFO fs3_daemon::runner: done kind=summarize subject=docs/plans/083-md-editor/tasks/phase-4-utilities/execution.log.md::Phase 4 Execution Log::Task Log::T005 — TDD exceedsRichSizeCap + RICH_MODE_SIZE_CAP_BYTES (2026-04-19) ms=20 left=36204
2026-08-28T10:30:56.084685Z  INFO fs3_daemon::runner: batch kind="embed" subject=1 x smart jobs=1 ms=0
2026-08-28T10:30:56.106319Z  INFO fs3_daemon::runner: done kind="embed" id=640328 left=36203
2026-08-28T10:30:56.216558Z  INFO fs3_daemon::runner: done kind=summarize subject=docs/plans/083-md-editor/tasks/phase-4-utilities/execution.log.md::Phase 4 Execution Log::Task Log::T006 — Wire utilities into editor + lifecycle-safety test + barrel (2026-04-19) ms=17 left=36203
2026-08-28T10:30:56.219385Z  INFO fs3_daemon::runner: batch kind="embed" subject=1 x smart jobs=1 ms=1
2026-08-28T10:30:56.238261Z  INFO fs3_daemon::runner: done kind="embed" id=640329 left=36202
2026-08-28T10:30:56.339422Z  INFO fs3_daemon::runner: done kind=summarize subject=docs/plans/083-md-editor/tasks/phase-4-utilities/execution.log.md::Phase 4 Execution Log::Task Log::T007 — Harness smoke: front-matter round-trip (2026-04-19) ms=15 left=36202
2026-08-28T10:30:56.348252Z  INFO fs3_daemon::runner: batch kind="embed" subject=1 x smart jobs=1 ms=1
2026-08-28T10:30:56.369289Z  INFO fs3_daemon::runner: done kind="embed" id=640330 left=36201
2026-08-28T10:30:56.480067Z  INFO fs3_daemon::runner: done kind=summarize subject=docs/plans/083-md-editor/tasks/phase-4-utilities/tasks.fltplan.md::Flight Plan: Phase 4 — Utilities (TDD) ms=13 left=36201
2026-08-28T10:30:56.481317Z  INFO fs3_daemon::runner: batch kind="embed" subject=1 x smart jobs=1 ms=1
2026-08-28T10:30:56.502589Z  INFO fs3_daemon::runner: done kind="embed" id=640331 left=36200
2026-08-28T10:30:56.632075Z  INFO fs3_daemon::runner: batch kind="embed" subject=1 x smart jobs=1 ms=0
2026-08-28T10:30:56.636579Z  INFO fs3_daemon::runner: done kind=summarize subject=docs/plans/083-md-editor/tasks/phase-4-utilities/execution.log.md::Phase 4 Execution Log::Phase 4 — Landed (2026-04-19) ms=36 left=36200
2026-08-28T10:30:56.664096Z  INFO fs3_daemon::runner: done kind="embed" id=640332 left=36199
2026-08-28T10:30:56.776559Z  INFO fs3_daemon::runner: done kind=summarize subject=docs/plans/083-md-editor/tasks/phase-4-utilities/tasks.fltplan.md::Flight Plan: Phase 4 — Utilities (TDD)::Domain Context ms=29 left=36199
2026-08-28T10:30:56.781493Z  INFO fs3_daemon::runner: batch kind="embed" subject=1 x smart jobs=1 ms=3
2026-08-28T10:30:56.803663Z  INFO fs3_daemon::runner: done kind="embed" id=640333 left=36198
2026-08-28T10:30:56.921503Z  INFO fs3_daemon::runner: done kind=summarize subject=docs/plans/083-md-editor/tasks/phase-4-utilities/tasks.fltplan.md::Flight Plan: Phase 4 — Utilities (TDD)::Flight Status ms=29 left=36198
2026-08-28T10:30:56.924487Z  INFO fs3_daemon::runner: batch kind="embed" subject=1 x smart jobs=1 ms=0
2026-08-28T10:30:56.946657Z  INFO fs3_daemon::runner: done kind="embed" id=640334 left=36197
2026-08-28T10:30:57.074440Z  INFO fs3_daemon::runner: batch kind="embed" subject=1 x smart jobs=1 ms=0
2026-08-28T10:30:57.078666Z  INFO fs3_daemon::runner: done kind=summarize subject=docs/plans/083-md-editor/tasks/phase-4-utilities/tasks.fltplan.md::Flight Plan: Phase 4 — Utilities (TDD)::Stages ms=35 left=36197
2026-08-28T10:30:57.104545Z  INFO fs3_daemon::runner: done kind="embed" id=640335 left=36196
2026-08-28T10:30:57.238274Z  INFO fs3_daemon::runner: done kind=summarize subject=docs/plans/083-md-editor/tasks/phase-4-utilities/tasks.fltplan.md::Flight Plan: Phase 4 — Utilities (TDD)::Architecture: Before & After ms=39 left=36196
2026-08-28T10:30:57.257944Z  INFO fs3_daemon::runner: progress phase="working" scanned=59493 scan_left=174 summarized=120852 summarize_left=36021 embedded=196738 embed_left=1 failed=0
2026-08-28T10:30:57.284004Z  INFO fs3_daemon::runner: batch kind="embed" subject=2 x smart jobs=2 ms=0
2026-08-28T10:30:57.305922Z  INFO fs3_daemon::runner: done kind="embed" id=640337 left=36195
2026-08-28T10:30:57.382171Z  INFO fs3_daemon::runner: done kind="embed" id=640336 left=36194
2026-08-28T10:30:57.512235Z  INFO fs3_daemon::runner: done kind=summarize subject=docs/plans/083-md-editor/tasks/phase-4-utilities/tasks.fltplan.md::Flight Plan: Phase 4 — Utilities (TDD)::Acceptance Criteria ms=36 left=36194
2026-08-28T10:30:57.553220Z  INFO fs3_daemon::runner: done kind=summarize subject=docs/plans/083-md-editor/tasks/phase-4-utilities/tasks.fltplan.md::Flight Plan: Phase 4 — Utilities (TDD)::Goals & Non-Goals ms=34 left=36194
2026-08-28T10:30:57.553519Z  INFO fs3_daemon::runner: batch kind="embed" subject=1 x smart jobs=1 ms=0
2026-08-28T10:30:57.575062Z  INFO fs3_daemon::runner: done kind="embed" id=640338 left=36193
2026-08-28T10:30:57.700026Z  INFO fs3_daemon::runner: done kind=summarize subject=docs/plans/083-md-editor/tasks/phase-4-utilities/tasks.md::Phase 4: Utilities (TDD) ms=32 left=36193
2026-08-28T10:30:57.703283Z  INFO fs3_daemon::runner: batch kind="embed" subject=1 x smart jobs=1 ms=0
2026-08-28T10:30:57.725643Z  INFO fs3_daemon::runner: done kind="embed" id=640339 left=36192
2026-08-28T10:30:57.858491Z  INFO fs3_daemon::runner: done kind=summarize subject=docs/plans/083-md-editor/tasks/phase-4-utilities/tasks.md::Phase 4: Utilities (TDD)::Executive Briefing ms=32 left=36192
2026-08-28T10:30:57.862543Z  INFO fs3_daemon::runner: batch kind="embed" subject=1 x smart jobs=1 ms=3
2026-08-28T10:30:57.897628Z  INFO fs3_daemon::runner: done kind="embed" id=640340 left=36191
2026-08-28T10:30:58.017259Z  INFO fs3_daemon::runner: batch kind="embed" subject=1 x smart jobs=1 ms=0
2026-08-28T10:30:58.046282Z  INFO fs3_daemon::runner: done kind=summarize subject=docs/plans/083-md-editor/tasks/phase-4-utilities/tasks.md::Phase 4: Utilities (TDD)::Prior Phase Context ms=62 left=36191
2026-08-28T10:30:58.050248Z  INFO fs3_daemon::runner: done kind="embed" id=640341 left=36190
2026-08-28T10:30:58.163220Z  INFO fs3_daemon::runner: done kind=summarize subject=docs/plans/083-md-editor/tasks/phase-4-utilities/tasks.md::Phase 4: Utilities (TDD)::Prior Phase Context::Phase 1 (completed 2026-04-18) ms=20 left=36190
2026-08-28T10:30:58.163917Z  INFO fs3_daemon::runner: batch kind="embed" subject=1 x smart jobs=1 ms=0
2026-08-28T10:30:58.175715Z  INFO fs3_daemon::runner: done kind="embed" id=640342 left=36189
2026-08-28T10:30:58.279114Z  INFO fs3_daemon::runner: batch kind="embed" subject=1 x smart jobs=1 ms=0
2026-08-28T10:30:58.280308Z  INFO fs3_daemon::runner: done kind=summarize subject=docs/plans/083-md-editor/tasks/phase-4-utilities/tasks.md::Phase 4: Utilities (TDD)::Prior Phase Context::Phase 2 (completed 2026-04-18) ms=21 left=36189
2026-08-28T10:30:58.293531Z  INFO fs3_daemon::runner: done kind="embed" id=640343 left=36188
2026-08-28T10:30:58.400168Z  INFO fs3_daemon::runner: batch kind="embed" subject=1 x smart jobs=1 ms=0
2026-08-28T10:30:58.407471Z  INFO fs3_daemon::runner: done kind=summarize subject=docs/plans/083-md-editor/tasks/phase-4-utilities/tasks.md::Phase 4: Utilities (TDD)::Prior Phase Context::Phase 3 (completed 2026-04-19) ms=25 left=36188
2026-08-28T10:30:58.412578Z  INFO fs3_daemon::runner: done kind="embed" id=640344 left=36187
2026-08-28T10:30:58.510297Z  INFO fs3_daemon::runner: batch kind="embed" subject=1 x smart jobs=1 ms=0
2026-08-28T10:30:58.512239Z  INFO fs3_daemon::runner: done kind=summarize subject=docs/plans/083-md-editor/tasks/phase-4-utilities/tasks.md::Phase 4: Utilities (TDD)::Pre-Implementation Check ms=23 left=36187
2026-08-28T10:30:58.527103Z  INFO fs3_daemon::runner: done kind="embed" id=640345 left=36186
2026-08-28T10:30:58.617821Z  INFO fs3_daemon::watch: no longer watching root=/Users/jordanknight/substrate/flowspace/poctest-wtdiff-20260828T101440Z dropped_pending=0
2026-08-28T10:30:58.630292Z  INFO fs3_daemon::runner: batch kind="embed" subject=1 x smart jobs=1 ms=0
2026-08-28T10:30:58.633263Z  INFO fs3_daemon::runner: done kind=summarize subject=docs/plans/083-md-editor/tasks/phase-4-utilities/tasks.md::Phase 4: Utilities (TDD)::Architecture Map ms=18 left=36186
2026-08-28T10:30:58.652545Z  INFO fs3_daemon::runner: done kind="embed" id=640346 left=36185
2026-08-28T10:30:58.755116Z  INFO fs3_daemon::runner: batch kind="embed" subject=1 x smart jobs=1 ms=0
2026-08-28T10:30:58.755803Z  INFO fs3_daemon::runner: done kind=summarize subject=docs/plans/083-md-editor/tasks/phase-4-utilities/tasks.md::Phase 4: Utilities (TDD)::Tasks ms=19 left=36185
2026-08-28T10:30:58.771115Z  INFO fs3_daemon::runner: done kind="embed" id=640347 left=36184
2026-08-28T10:30:58.869453Z  INFO fs3_daemon::runner: done kind=summarize subject=docs/plans/083-md-editor/tasks/phase-4-utilities/tasks.md::Phase 4: Utilities (TDD)::Context Brief ms=13 left=36184
2026-08-28T10:30:58.872850Z  INFO fs3_daemon::runner: batch kind="embed" subject=1 x smart jobs=1 ms=0
2026-08-28T10:30:58.887782Z  INFO fs3_daemon::runner: done kind="embed" id=640348 left=36183
2026-08-28T10:30:58.984066Z  INFO fs3_daemon::runner: batch kind="embed" subject=1 x smart jobs=1 ms=0
2026-08-28T10:30:58.985105Z  INFO fs3_daemon::runner: done kind=summarize subject=docs/plans/083-md-editor/tasks/phase-4-utilities/tasks.md::Phase 4: Utilities (TDD)::Context Brief::Mermaid flow diagram (mount → edit → serialize with real codec) ms=20 left=36183
2026-08-28T10:30:58.998240Z  INFO fs3_daemon::runner: done kind="embed" id=640349 left=36182
2026-08-28T10:30:59.102360Z  INFO fs3_daemon::runner: done kind=summarize subject=docs/plans/083-md-editor/tasks/phase-4-utilities/tasks.md::Phase 4: Utilities (TDD)::Context Brief::Mermaid sequence diagram (front-matter preservation across mode switches — Phase 5 preview) ms=19 left=36182
2026-08-28T10:30:59.107465Z  INFO fs3_daemon::runner: batch kind="embed" subject=1 x smart jobs=1 ms=0
2026-08-28T10:30:59.129198Z  INFO fs3_daemon::runner: done kind="embed" id=640350 left=36181
2026-08-28T10:30:59.239917Z  INFO fs3_daemon::runner: batch kind="embed" subject=1 x smart jobs=1 ms=0
2026-08-28T10:30:59.240438Z  INFO fs3_daemon::runner: done kind=summarize subject=docs/plans/083-md-editor/tasks/phase-4-utilities/tasks.md::Phase 4: Utilities (TDD)::Discoveries & Learnings ms=22 left=36181
2026-08-28T10:30:59.261061Z  INFO fs3_daemon::runner: done kind="embed" id=640351 left=36180
2026-08-28T10:30:59.361459Z  INFO fs3_daemon::runner: done kind=summarize subject=docs/plans/083-md-editor/tasks/phase-4-utilities/tasks.md::Phase 4: Utilities (TDD)::Directory Layout ms=16 left=36180
2026-08-28T10:30:59.365409Z  INFO fs3_daemon::runner: batch kind="embed" subject=1 x smart jobs=1 ms=0
2026-08-28T10:30:59.385880Z  INFO fs3_daemon::runner: done kind="embed" id=640352 left=36179
2026-08-28T10:30:59.486561Z  INFO fs3_daemon::runner: done kind=summarize subject=docs/plans/083-md-editor/tasks/phase-4-utilities/tasks.md::Phase 4: Utilities (TDD)::Validation Record (2026-04-19) ms=15 left=36179
2026-08-28T10:30:59.488536Z  INFO fs3_daemon::runner: batch kind="embed" subject=1 x smart jobs=1 ms=0
2026-08-28T10:30:59.506617Z  INFO fs3_daemon::runner: done kind="embed" id=640353 left=36178
2026-08-28T10:30:59.614381Z  INFO fs3_daemon::runner: batch kind="embed" subject=1 x smart jobs=1 ms=0
2026-08-28T10:30:59.615277Z  INFO fs3_daemon::runner: done kind=summarize subject=docs/plans/083-md-editor/tasks/phase-4-utilities/tasks.md::Phase 4: Utilities (TDD)::Validation Record (2026-04-19)::Forward-Compatibility Matrix ms=21 left=36178
2026-08-28T10:30:59.633699Z  INFO fs3_daemon::runner: done kind="embed" id=640354 left=36177
2026-08-28T10:30:59.729994Z  INFO fs3_daemon::runner: done kind=summarize subject=docs/plans/083-md-editor/tasks/phase-5-fileviewerpanel-integration/execution.log.md::Execution Log: Phase 5 — FileViewerPanel Integration ms=14 left=36177
2026-08-28T10:30:59.734551Z  INFO fs3_daemon::runner: batch kind="embed" subject=1 x smart jobs=1 ms=3
2026-08-28T10:30:59.752716Z  INFO fs3_daemon::runner: done kind="embed" id=640355 left=36176
2026-08-28T10:30:59.844483Z  INFO fs3_daemon::runner: done kind=summarize subject=docs/plans/083-md-editor/tasks/phase-5-fileviewerpanel-integration/execution.log.md::Execution Log: Phase 5 — FileViewerPanel Integration::Pre-Phase Harness Validation ms=13 left=36176
2026-08-28T10:30:59.848235Z  INFO fs3_daemon::runner: batch kind="embed" subject=1 x smart jobs=1 ms=0
2026-08-28T10:30:59.861179Z  INFO fs3_daemon::runner: done kind="embed" id=640356 left=36175
2026-08-28T10:30:59.966967Z  INFO fs3_daemon::runner: done kind=summarize subject=docs/plans/083-md-editor/tasks/phase-5-fileviewerpanel-integration/execution.log.md::Execution Log: Phase 5 — FileViewerPanel Integration::Task Log ms=22 left=36175
2026-08-28T10:30:59.968300Z  INFO fs3_daemon::runner: batch kind="embed" subject=1 x smart jobs=1 ms=0
2026-08-28T10:30:59.986353Z  INFO fs3_daemon::runner: done kind="embed" id=640357 left=36174
2026-08-28T10:31:00.076715Z  INFO fs3_daemon::runner: done kind=summarize subject=docs/plans/083-md-editor/tasks/phase-5-fileviewerpanel-integration/execution.log.md::Execution Log: Phase 5 — FileViewerPanel Integration::Task Log::T001 — ViewerMode union + params literal (completed 2026-04-19) ms=13 left=36174
2026-08-28T10:31:00.080330Z  INFO fs3_daemon::runner: batch kind="embed" subject=1 x smart jobs=1 ms=2
2026-08-28T10:31:00.094481Z  INFO fs3_daemon::runner: done kind="embed" id=640358 left=36173
2026-08-28T10:31:00.195509Z  INFO fs3_daemon::runner: done kind=summarize subject=docs/plans/083-md-editor/tasks/phase-5-fileviewerpanel-integration/execution.log.md::Execution Log: Phase 5 — FileViewerPanel Integration::Task Log::T002 — browser-client migration + legacy URL coercion (completed 2026-04-19) ms=21 left=36173
2026-08-28T10:31:00.196621Z  INFO fs3_daemon::runner: batch kind="embed" subject=1 x smart jobs=1 ms=0
2026-08-28T10:31:00.212162Z  INFO fs3_daemon::runner: done kind="embed" id=640359 left=36172
2026-08-28T10:31:00.323638Z  INFO fs3_daemon::runner: batch kind="embed" subject=1 x smart jobs=1 ms=0
2026-08-28T10:31:00.324904Z  INFO fs3_daemon::runner: done kind=summarize subject=docs/plans/083-md-editor/tasks/phase-5-fileviewerpanel-integration/execution.log.md::Execution Log: Phase 5 — FileViewerPanel Integration::Task Log::T003 + T004 + T005 + T006 — FileViewerPanel Rich branch + gates + banner + Cmd+S (completed 2026-04-19) ms=20 left=36172
2026-08-28T10:31:00.337873Z  INFO fs3_daemon::runner: done kind="embed" id=640360 left=36171
2026-08-28T10:31:00.454950Z  INFO fs3_daemon::runner: batch kind="embed" subject=1 x smart jobs=1 ms=0
2026-08-28T10:31:00.456844Z  INFO fs3_daemon::runner: done kind=summarize subject=docs/plans/083-md-editor/tasks/phase-5-fileviewerpanel-integration/execution.log.md::Execution Log: Phase 5 — FileViewerPanel Integration::Task Log::T007 — language-pill decoration (completed 2026-04-19) ms=30 left=36171
2026-08-28T10:31:00.468983Z  INFO fs3_daemon::runner: done kind="embed" id=640361 left=36170
2026-08-28T10:31:00.584494Z  INFO fs3_daemon::runner: done kind=summarize subject=docs/plans/083-md-editor/tasks/phase-5-fileviewerpanel-integration/execution.log.md::Execution Log: Phase 5 — FileViewerPanel Integration::Task Log::T010 — unit test migration (completed 2026-04-19) ms=21 left=36170
2026-08-28T10:31:00.586675Z  INFO fs3_daemon::runner: batch kind="embed" subject=1 x smart jobs=1 ms=0
2026-08-28T10:31:00.603854Z  INFO fs3_daemon::runner: done kind="embed" id=640362 left=36169
2026-08-28T10:31:00.692376Z  INFO fs3_daemon::runner: done kind=summarize subject=docs/plans/083-md-editor/tasks/phase-5-fileviewerpanel-integration/execution.log.md::Execution Log: Phase 5 — FileViewerPanel Integration::Task Log::T008 + T009 — cross-mode sync + FakeSaveFile integration (completed 2026-04-19) ms=13 left=36169
2026-08-28T10:31:00.698914Z  INFO fs3_daemon::runner: batch kind="embed" subject=1 x smart jobs=1 ms=0
2026-08-28T10:31:00.725117Z  INFO fs3_daemon::runner: done kind="embed" id=640363 left=36168
2026-08-28T10:31:00.823413Z  INFO fs3_daemon::runner: done kind=summarize subject=docs/plans/083-md-editor/tasks/phase-5-fileviewerpanel-integration/execution.log.md::Execution Log: Phase 5 — FileViewerPanel Integration::Task Log::T011 — harness smoke migration + dev-route deletion (completed 2026-04-19) ms=15 left=36168
2026-08-28T10:31:00.823665Z  INFO fs3_daemon::runner: batch kind="embed" subject=1 x smart jobs=1 ms=0
2026-08-28T10:31:00.850153Z  INFO fs3_daemon::runner: done kind="embed" id=640364 left=36167
2026-08-28T10:31:00.974482Z  INFO fs3_daemon::runner: batch kind="embed" subject=1 x smart jobs=1 ms=0
2026-08-28T10:31:00.995259Z  INFO fs3_daemon::runner: done kind=summarize subject=docs/plans/083-md-editor/tasks/phase-5-fileviewerpanel-integration/execution.log.md::Execution Log: Phase 5 — FileViewerPanel Integration::Summary ms=52 left=36167
2026-08-28T10:31:01.004738Z  INFO fs3_daemon::runner: done kind="embed" id=640365 left=36166
2026-08-28T10:31:01.134041Z  INFO fs3_daemon::runner: done kind=summarize subject=docs/plans/083-md-editor/tasks/phase-5-fileviewerpanel-integration/execution.log.md::Execution Log: Phase 5 — FileViewerPanel Integration::Discoveries & Learnings ms=33 left=36166
2026-08-28T10:31:01.136657Z  INFO fs3_daemon::runner: batch kind="embed" subject=1 x smart jobs=1 ms=1
2026-08-28T10:31:01.164372Z  INFO fs3_daemon::runner: done kind="embed" id=640366 left=36165
2026-08-28T10:31:01.300192Z  INFO fs3_daemon::runner: done kind=summarize subject=docs/plans/083-md-editor/tasks/phase-5-fileviewerpanel-integration/reviews/review.phase-5-fileviewerpanel-integration.md::Code Review: Phase 5 — FileViewerPanel Integration ms=37 left=36165
2026-08-28T10:31:01.304504Z  INFO fs3_daemon::runner: batch kind="embed" subject=1 x smart jobs=1 ms=5
2026-08-28T10:31:01.332951Z  INFO fs3_daemon::runner: done kind="embed" id=640367 left=36164
2026-08-28T10:31:01.443307Z  INFO fs3_daemon::runner: batch kind="embed" subject=1 x smart jobs=1 ms=0
2026-08-28T10:31:01.465246Z  INFO fs3_daemon::runner: done kind=summarize subject=docs/plans/083-md-editor/tasks/phase-5-fileviewerpanel-integration/execution.log.md::Execution Log: Phase 5 — FileViewerPanel Integration::Post-Review Follow-up (2026-04-20) ms=50 left=36164
2026-08-28T10:31:01.488186Z  INFO fs3_daemon::runner: done kind="embed" id=640368 left=36163
2026-08-28T10:31:01.624139Z  INFO fs3_daemon::runner: done kind=summarize subject=docs/plans/083-md-editor/tasks/phase-5-fileviewerpanel-integration/reviews/review.phase-5-fileviewerpanel-integration.md::Code Review: Phase 5 — FileViewerPanel Integration::A) Verdict ms=36 left=36163
2026-08-28T10:31:01.626827Z  INFO fs3_daemon::runner: batch kind="embed" subject=1 x smart jobs=1 ms=0
2026-08-28T10:31:01.663548Z  INFO fs3_daemon::runner: done kind="embed" id=640369 left=36162
2026-08-28T10:31:01.793911Z  INFO fs3_daemon::runner: batch kind="embed" subject=1 x smart jobs=1 ms=1
2026-08-28T10:31:01.816578Z  INFO fs3_daemon::runner: done kind=summarize subject=docs/plans/083-md-editor/tasks/phase-5-fileviewerpanel-integration/execution.log.md::Execution Log: Phase 5 — FileViewerPanel Integration::Post-Review Follow-up (2026-04-20)::F002 (MEDIUM) — AC-02 automation gap closed ms=54 left=36162
2026-08-28T10:31:01.829745Z  INFO fs3_daemon::runner: done kind="embed" id=640370 left=36161
2026-08-28T10:31:01.947922Z  INFO fs3_daemon::runner: done kind=summarize subject=docs/plans/083-md-editor/tasks/phase-5-fileviewerpanel-integration/reviews/review.phase-5-fileviewerpanel-integration.md::Code Review: Phase 5 — FileViewerPanel Integration::C) Checklist ms=29 left=36161
2026-08-28T10:31:01.952090Z  INFO fs3_daemon::runner: batch kind="embed" subject=1 x smart jobs=1 ms=2
2026-08-28T10:31:01.986629Z  INFO fs3_daemon::runner: done kind="embed" id=640371 left=36160
2026-08-28T10:31:02.109312Z  INFO fs3_daemon::runner: done kind=summarize subject=docs/plans/083-md-editor/tasks/phase-5-fileviewerpanel-integration/reviews/review.phase-5-fileviewerpanel-integration.md::Code Review: Phase 5 — FileViewerPanel Integration::D) Findings Table ms=37 left=36160
2026-08-28T10:31:02.117529Z  INFO fs3_daemon::runner: batch kind="embed" subject=1 x smart jobs=1 ms=3
2026-08-28T10:31:02.149734Z  INFO fs3_daemon::runner: done kind="embed" id=640372 left=36159
2026-08-28T10:31:02.280159Z  INFO fs3_daemon::runner: batch kind="embed" subject=1 x smart jobs=1 ms=0
2026-08-28T10:31:02.305263Z  INFO fs3_daemon::runner: done kind=summarize subject=docs/plans/083-md-editor/tasks/phase-5-fileviewerpanel-integration/reviews/review.phase-5-fileviewerpanel-integration.md::Code Review: Phase 5 — FileViewerPanel Integration::E) Detailed Findings ms=67 left=36159
2026-08-28T10:31:02.319738Z  INFO fs3_daemon::runner: done kind="embed" id=640373 left=36158
2026-08-28T10:31:02.453423Z  INFO fs3_daemon::runner: done kind=summarize subject=docs/plans/083-md-editor/tasks/phase-5-fileviewerpanel-integration/reviews/review.phase-5-fileviewerpanel-integration.md::Code Review: Phase 5 — FileViewerPanel Integration::E) Detailed Findings::E.1) Implementation Quality ms=37 left=36158
2026-08-28T10:31:02.481601Z  INFO fs3_daemon::runner: progress phase="working" scanned=59493 scan_left=174 summarized=120890 summarize_left=35983 embedded=196776 embed_left=1 failed=0
2026-08-28T10:31:02.512003Z  INFO fs3_daemon::runner: batch kind="embed" subject=2 x smart jobs=2 ms=0
2026-08-28T10:31:02.529102Z  INFO fs3_daemon::runner: done kind="embed" id=640375 left=36157
2026-08-28T10:31:02.600702Z  INFO fs3_daemon::runner: done kind="embed" id=640374 left=36156
2026-08-28T10:31:02.704193Z  INFO fs3_daemon::runner: done kind=summarize subject=docs/plans/083-md-editor/tasks/phase-5-fileviewerpanel-integration/reviews/review.phase-5-fileviewerpanel-integration.md::Code Review: Phase 5 — FileViewerPanel Integration::E) Detailed Findings::E.2) Domain Compliance ms=22 left=36156
2026-08-28T10:31:02.752935Z  INFO fs3_daemon::runner: done kind=summarize subject=docs/plans/083-md-editor/tasks/phase-5-fileviewerpanel-integration/reviews/review.phase-5-fileviewerpanel-integration.md::Code Review: Phase 5 — FileViewerPanel Integration::E) Detailed Findings::E.3) Anti-Reinvention ms=19 left=36156
2026-08-28T10:31:02.755313Z  INFO fs3_daemon::runner: batch kind="embed" subject=1 x smart jobs=1 ms=0
2026-08-28T10:31:02.775774Z  INFO fs3_daemon::runner: done kind="embed" id=640376 left=36155
2026-08-28T10:31:02.875753Z  INFO fs3_daemon::runner: done kind=summarize subject=docs/plans/083-md-editor/tasks/phase-5-fileviewerpanel-integration/reviews/review.phase-5-fileviewerpanel-integration.md::Code Review: Phase 5 — FileViewerPanel Integration::E) Detailed Findings::E.4) Testing & Evidence ms=18 left=36155
2026-08-28T10:31:02.880648Z  INFO fs3_daemon::runner: batch kind="embed" subject=1 x smart jobs=1 ms=2
2026-08-28T10:31:02.895013Z  INFO fs3_daemon::runner: done kind="embed" id=640377 left=36154
2026-08-28T10:31:02.993319Z  INFO fs3_daemon::runner: batch kind="embed" subject=1 x smart jobs=1 ms=1
2026-08-28T10:31:03.000118Z  INFO fs3_daemon::runner: done kind=summarize subject=docs/plans/083-md-editor/tasks/phase-5-fileviewerpanel-integration/reviews/review.phase-5-fileviewerpanel-integration.md::Code Review: Phase 5 — FileViewerPanel Integration::E) Detailed Findings::E.5) Doctrine Compliance ms=25 left=36154
2026-08-28T10:31:03.006019Z  INFO fs3_daemon::runner: done kind="embed" id=640378 left=36153
2026-08-28T10:31:03.121246Z  INFO fs3_daemon::runner: done kind=summarize subject=docs/plans/083-md-editor/tasks/phase-5-fileviewerpanel-integration/reviews/review.phase-5-fileviewerpanel-integration.md::Code Review: Phase 5 — FileViewerPanel Integration::E) Detailed Findings::E.6) Harness Live Validation ms=23 left=36153
2026-08-28T10:31:03.131674Z  INFO fs3_daemon::runner: batch kind="embed" subject=1 x smart jobs=1 ms=0
2026-08-28T10:31:03.153275Z  INFO fs3_daemon::runner: done kind="embed" id=640379 left=36152
2026-08-28T10:31:03.268053Z  INFO fs3_daemon::runner: batch kind="embed" subject=1 x smart jobs=1 ms=0
2026-08-28T10:31:03.284054Z  INFO fs3_daemon::runner: done kind=summarize subject=docs/plans/083-md-editor/tasks/phase-5-fileviewerpanel-integration/reviews/review.phase-5-fileviewerpanel-integration.md::Code Review: Phase 5 — FileViewerPanel Integration::F) Coverage Map ms=39 left=36152
2026-08-28T10:31:03.284111Z  INFO fs3_daemon::runner: done kind="embed" id=640380 left=36151
2026-08-28T10:31:03.385739Z  INFO fs3_daemon::runner: batch kind="embed" subject=1 x smart jobs=1 ms=0
2026-08-28T10:31:03.403385Z  INFO fs3_daemon::runner: done kind=summarize subject=docs/plans/083-md-editor/tasks/phase-5-fileviewerpanel-integration/reviews/review.phase-5-fileviewerpanel-integration.md::Code Review: Phase 5 — FileViewerPanel Integration::G) Commands Executed ms=32 left=36151
2026-08-28T10:31:03.404385Z  INFO fs3_daemon::runner: done kind="embed" id=640381 left=36150
2026-08-28T10:31:03.507258Z  INFO fs3_daemon::runner: done kind=summarize subject=docs/plans/083-md-editor/tasks/phase-5-fileviewerpanel-integration/reviews/review.phase-5-fileviewerpanel-integration.md::Code Review: Phase 5 — FileViewerPanel Integration::H) Handover Brief ms=19 left=36150
2026-08-28T10:31:03.513510Z  INFO fs3_daemon::runner: batch kind="embed" subject=1 x smart jobs=1 ms=0
2026-08-28T10:31:03.529054Z  INFO fs3_daemon::runner: done kind="embed" id=640382 left=36149
2026-08-28T10:31:03.635210Z  INFO fs3_daemon::runner: batch kind="embed" subject=1 x smart jobs=1 ms=0
2026-08-28T10:31:03.639461Z  INFO fs3_daemon::runner: done kind=summarize subject=docs/plans/083-md-editor/tasks/phase-5-fileviewerpanel-integration/reviews/review.phase-5-fileviewerpanel-integration.md::Code Review: Phase 5 — FileViewerPanel Integration::H) Handover Brief::Files Reviewed ms=23 left=36149
2026-08-28T10:31:03.651379Z  INFO fs3_daemon::runner: done kind="embed" id=640383 left=36148
2026-08-28T10:31:03.747704Z  INFO fs3_daemon::runner: done kind=summarize subject=docs/plans/083-md-editor/tasks/phase-5-fileviewerpanel-integration/tasks.fltplan.md::Flight Plan: Phase 5 — FileViewerPanel Integration ms=13 left=36148
2026-08-28T10:31:03.751043Z  INFO fs3_daemon::runner: batch kind="embed" subject=1 x smart jobs=1 ms=2
2026-08-28T10:31:03.766107Z  INFO fs3_daemon::runner: done kind="embed" id=640384 left=36147
2026-08-28T10:31:03.872102Z  INFO fs3_daemon::runner: done kind=summarize subject=docs/plans/083-md-editor/tasks/phase-5-fileviewerpanel-integration/tasks.fltplan.md::Flight Plan: Phase 5 — FileViewerPanel Integration::Domain Context ms=23 left=36147
2026-08-28T10:31:03.876500Z  INFO fs3_daemon::runner: batch kind="embed" subject=1 x smart jobs=1 ms=1
2026-08-28T10:31:03.895060Z  INFO fs3_daemon::runner: done kind="embed" id=640385 left=36146
2026-08-28T10:31:03.995490Z  INFO fs3_daemon::runner: batch kind="embed" subject=1 x smart jobs=1 ms=1
2026-08-28T10:31:04.002459Z  INFO fs3_daemon::runner: done kind=summarize subject=docs/plans/083-md-editor/tasks/phase-5-fileviewerpanel-integration/tasks.fltplan.md::Flight Plan: Phase 5 — FileViewerPanel Integration::Domain Context::Domains We Depend On (no changes) ms=24 left=36146
2026-08-28T10:31:04.010652Z  INFO fs3_daemon::runner: done kind="embed" id=640386 left=36145
2026-08-28T10:31:04.116694Z  INFO fs3_daemon::runner: done kind=summarize subject=docs/plans/083-md-editor/tasks/phase-5-fileviewerpanel-integration/tasks.fltplan.md::Flight Plan: Phase 5 — FileViewerPanel Integration::Flight Status ms=22 left=36145
2026-08-28T10:31:04.119504Z  INFO fs3_daemon::runner: batch kind="embed" subject=1 x smart jobs=1 ms=0
2026-08-28T10:31:04.132500Z  INFO fs3_daemon::runner: done kind="embed" id=640387 left=36144
2026-08-28T10:31:04.241990Z  INFO fs3_daemon::runner: done kind=summarize subject=docs/plans/083-md-editor/tasks/phase-5-fileviewerpanel-integration/tasks.fltplan.md::Flight Plan: Phase 5 — FileViewerPanel Integration::Stages ms=21 left=36144
2026-08-28T10:31:04.245311Z  INFO fs3_daemon::runner: batch kind="embed" subject=1 x smart jobs=1 ms=3
2026-08-28T10:31:04.261490Z  INFO fs3_daemon::runner: done kind="embed" id=640388 left=36143
2026-08-28T10:31:04.369890Z  INFO fs3_daemon::runner: done kind=summarize subject=docs/plans/083-md-editor/tasks/phase-5-fileviewerpanel-integration/tasks.fltplan.md::Flight Plan: Phase 5 — FileViewerPanel Integration::Architecture: Before & After ms=22 left=36143
2026-08-28T10:31:04.370428Z  INFO fs3_daemon::runner: batch kind="embed" subject=1 x smart jobs=1 ms=0
2026-08-28T10:31:04.386549Z  INFO fs3_daemon::runner: done kind="embed" id=640389 left=36142
2026-08-28T10:31:04.487810Z  INFO fs3_daemon::runner: batch kind="embed" subject=1 x smart jobs=1 ms=0
2026-08-28T10:31:04.489844Z  INFO fs3_daemon::runner: done kind=summarize subject=docs/plans/083-md-editor/tasks/phase-5-fileviewerpanel-integration/tasks.fltplan.md::Flight Plan: Phase 5 — FileViewerPanel Integration::Acceptance Criteria ms=21 left=36142
2026-08-28T10:31:04.506772Z  INFO fs3_daemon::runner: done kind="embed" id=640390 left=36141
2026-08-28T10:31:04.622504Z  INFO fs3_daemon::runner: batch kind="embed" subject=1 x smart jobs=1 ms=3
2026-08-28T10:31:04.629459Z  INFO fs3_daemon::runner: done kind=summarize subject=docs/plans/083-md-editor/tasks/phase-5-fileviewerpanel-integration/tasks.fltplan.md::Flight Plan: Phase 5 — FileViewerPanel Integration::Goals & Non-Goals ms=31 left=36141
2026-08-28T10:31:04.634260Z  INFO fs3_daemon::runner: done kind="embed" id=640391 left=36140
2026-08-28T10:31:04.737190Z  INFO fs3_daemon::runner: done kind=summarize subject=docs/plans/083-md-editor/tasks/phase-5-fileviewerpanel-integration/tasks.fltplan.md::Flight Plan: Phase 5 — FileViewerPanel Integration::Checklist ms=19 left=36140
2026-08-28T10:31:04.740874Z  INFO fs3_daemon::runner: batch kind="embed" subject=1 x smart jobs=1 ms=2
2026-08-28T10:31:04.764404Z  INFO fs3_daemon::runner: done kind="embed" id=640392 left=36139
2026-08-28T10:31:04.865207Z  INFO fs3_daemon::runner: batch kind="embed" subject=1 x smart jobs=1 ms=0
2026-08-28T10:31:04.868901Z  INFO fs3_daemon::runner: done kind=summarize subject=docs/plans/083-md-editor/tasks/phase-5-fileviewerpanel-integration/tasks.md::Phase 5: FileViewerPanel Integration — Tasks Dossier ms=22 left=36139
2026-08-28T10:31:04.880048Z  INFO fs3_daemon::runner: done kind="embed" id=640393 left=36138
2026-08-28T10:31:04.970349Z  INFO fs3_daemon::runner: done kind=summarize subject=docs/plans/083-md-editor/tasks/phase-5-fileviewerpanel-integration/tasks.md::Phase 5: FileViewerPanel Integration — Tasks Dossier::Executive Briefing ms=13 left=36138
2026-08-28T10:31:04.972721Z  INFO fs3_daemon::runner: batch kind="embed" subject=1 x smart jobs=1 ms=0
2026-08-28T10:31:04.988163Z  INFO fs3_daemon::runner: done kind="embed" id=640394 left=36137
2026-08-28T10:31:05.085972Z  INFO fs3_daemon::runner: done kind=summarize subject=docs/plans/083-md-editor/tasks/phase-5-fileviewerpanel-integration/tasks.md::Phase 5: FileViewerPanel Integration — Tasks Dossier::Prior Phase Context ms=13 left=36137
2026-08-28T10:31:05.088003Z  INFO fs3_daemon::runner: batch kind="embed" subject=1 x smart jobs=1 ms=0
2026-08-28T10:31:05.107576Z  INFO fs3_daemon::runner: done kind="embed" id=640395 left=36136
2026-08-28T10:31:05.215454Z  INFO fs3_daemon::runner: batch kind="embed" subject=1 x smart jobs=1 ms=1
2026-08-28T10:31:05.217789Z  INFO fs3_daemon::runner: done kind=summarize subject=docs/plans/083-md-editor/tasks/phase-5-fileviewerpanel-integration/tasks.md::Phase 5: FileViewerPanel Integration — Tasks Dossier::Prior Phase Context::Phase 1: Foundation (landed 2026-04-18) ms=21 left=36136
2026-08-28T10:31:05.231160Z  INFO fs3_daemon::runner: done kind="embed" id=640396 left=36135
2026-08-28T10:31:05.351984Z  INFO fs3_daemon::runner: done kind=summarize subject=docs/plans/083-md-editor/tasks/phase-5-fileviewerpanel-integration/tasks.md::Phase 5: FileViewerPanel Integration — Tasks Dossier::Prior Phase Context::Phase 2: Toolbar & Shortcuts (landed 2026-04-18) ms=30 left=36135
2026-08-28T10:31:05.355548Z  INFO fs3_daemon::runner: batch kind="embed" subject=1 x smart jobs=1 ms=0
2026-08-28T10:31:05.385403Z  INFO fs3_daemon::runner: done kind="embed" id=640397 left=36134
2026-08-28T10:31:05.508282Z  INFO fs3_daemon::runner: done kind=summarize subject=docs/plans/083-md-editor/tasks/phase-5-fileviewerpanel-integration/tasks.md::Phase 5: FileViewerPanel Integration — Tasks Dossier::Prior Phase Context::Phase 3: Link Popover (landed 2026-04-19) ms=31 left=36134
2026-08-28T10:31:05.511219Z  INFO fs3_daemon::runner: batch kind="embed" subject=1 x smart jobs=1 ms=1
2026-08-28T10:31:05.534019Z  INFO fs3_daemon::runner: done kind="embed" id=640398 left=36133
2026-08-28T10:31:05.667329Z  INFO fs3_daemon::runner: batch kind="embed" subject=1 x smart jobs=1 ms=0
2026-08-28T10:31:05.671111Z  INFO fs3_daemon::runner: done kind=summarize subject=docs/plans/083-md-editor/tasks/phase-5-fileviewerpanel-integration/tasks.md::Phase 5: FileViewerPanel Integration — Tasks Dossier::Prior Phase Context::Phase 4: Utilities TDD (landed 2026-04-19) ms=37 left=36133
2026-08-28T10:31:05.695646Z  INFO fs3_daemon::runner: done kind="embed" id=640399 left=36132
2026-08-28T10:31:05.805309Z  INFO fs3_daemon::runner: batch kind="embed" subject=1 x smart jobs=1 ms=0
2026-08-28T10:31:05.816597Z  INFO fs3_daemon::runner: done kind=summarize subject=docs/plans/083-md-editor/tasks/phase-5-fileviewerpanel-integration/tasks.md::Phase 5: FileViewerPanel Integration — Tasks Dossier::Pre-Implementation Check ms=37 left=36132
2026-08-28T10:31:05.830848Z  INFO fs3_daemon::runner: done kind="embed" id=640400 left=36131
2026-08-28T10:31:05.951657Z  INFO fs3_daemon::runner: done kind=summarize subject=docs/plans/083-md-editor/tasks/phase-5-fileviewerpanel-integration/tasks.md::Phase 5: FileViewerPanel Integration — Tasks Dossier::Plan → Dossier Task Mapping ms=29 left=36131
2026-08-28T10:31:05.957116Z  INFO fs3_daemon::runner: batch kind="embed" subject=1 x smart jobs=1 ms=2
2026-08-28T10:31:05.979831Z  INFO fs3_daemon::runner: done kind="embed" id=640401 left=36130
2026-08-28T10:31:06.105159Z  INFO fs3_daemon::runner: done kind=summarize subject=docs/plans/083-md-editor/tasks/phase-5-fileviewerpanel-integration/tasks.md::Phase 5: FileViewerPanel Integration — Tasks Dossier::Architecture Map ms=36 left=36130
2026-08-28T10:31:06.109313Z  INFO fs3_daemon::runner: batch kind="embed" subject=1 x smart jobs=1 ms=3
2026-08-28T10:31:06.138809Z  INFO fs3_daemon::runner: done kind="embed" id=640402 left=36129
2026-08-28T10:31:06.249639Z  INFO fs3_daemon::runner: done kind=summarize subject=docs/plans/083-md-editor/tasks/phase-5-fileviewerpanel-integration/tasks.md::Phase 5: FileViewerPanel Integration — Tasks Dossier::Tasks ms=28 left=36129
2026-08-28T10:31:06.254292Z  INFO fs3_daemon::runner: batch kind="embed" subject=1 x smart jobs=1 ms=3
2026-08-28T10:31:06.273118Z  INFO fs3_daemon::runner: done kind="embed" id=640403 left=36128
2026-08-28T10:31:06.387206Z  INFO fs3_daemon::runner: done kind=summarize subject=docs/plans/083-md-editor/tasks/phase-5-fileviewerpanel-integration/tasks.md::Phase 5: FileViewerPanel Integration — Tasks Dossier::Plan-Level Acceptance Criteria Mapping ms=26 left=36128
2026-08-28T10:31:06.389752Z  INFO fs3_daemon::runner: batch kind="embed" subject=1 x smart jobs=1 ms=1
2026-08-28T10:31:06.418049Z  INFO fs3_daemon::runner: done kind="embed" id=640404 left=36127
2026-08-28T10:31:06.543335Z  INFO fs3_daemon::runner: batch kind="embed" subject=1 x smart jobs=1 ms=0
2026-08-28T10:31:06.544001Z  INFO fs3_daemon::runner: done kind=summarize subject=docs/plans/083-md-editor/tasks/phase-5-fileviewerpanel-integration/tasks.md::Phase 5: FileViewerPanel Integration — Tasks Dossier::Contracts New in Phase 5 (Phase 6.8 checklist) ms=35 left=36127
2026-08-28T10:31:06.570007Z  INFO fs3_daemon::runner: done kind="embed" id=640405 left=36126
2026-08-28T10:31:06.708434Z  INFO fs3_daemon::runner: batch kind="embed" subject=1 x smart jobs=1 ms=0
2026-08-28T10:31:06.713079Z  INFO fs3_daemon::runner: done kind=summarize subject=docs/plans/083-md-editor/tasks/phase-5-fileviewerpanel-integration/tasks.md::Phase 5: FileViewerPanel Integration — Tasks Dossier::Context Brief ms=38 left=36126
2026-08-28T10:31:06.733381Z  INFO fs3_daemon::runner: done kind="embed" id=640406 left=36125
2026-08-28T10:31:06.852405Z  INFO fs3_daemon::runner: batch kind="embed" subject=1 x smart jobs=1 ms=0
2026-08-28T10:31:06.854443Z  INFO fs3_daemon::runner: done kind=summarize subject=docs/plans/083-md-editor/tasks/phase-5-fileviewerpanel-integration/tasks.md::Phase 5: FileViewerPanel Integration — Tasks Dossier::Context Brief::Domain dependencies (concepts Phase 5 consumes) ms=23 left=36125
2026-08-28T10:31:06.867813Z  INFO fs3_daemon::runner: done kind="embed" id=640407 left=36124
2026-08-28T10:31:06.981185Z  INFO fs3_daemon::runner: done kind=summarize subject=docs/plans/083-md-editor/tasks/phase-5-fileviewerpanel-integration/tasks.md::Phase 5: FileViewerPanel Integration — Tasks Dossier::Context Brief::Mermaid flow (Rich-mode interactions) ms=19 left=36124
2026-08-28T10:31:06.983264Z  INFO fs3_daemon::runner: batch kind="embed" subject=1 x smart jobs=1 ms=0
2026-08-28T10:31:06.998930Z  INFO fs3_daemon::runner: done kind="embed" id=640408 left=36123
2026-08-28T10:31:07.100399Z  INFO fs3_daemon::runner: done kind=summarize subject=docs/plans/083-md-editor/tasks/phase-5-fileviewerpanel-integration/tasks.md::Phase 5: FileViewerPanel Integration — Tasks Dossier::Context Brief::Mermaid sequence (Cmd+S save in Rich) ms=20 left=36123
2026-08-28T10:31:07.106076Z  INFO fs3_daemon::runner: batch kind="embed" subject=1 x smart jobs=1 ms=0
2026-08-28T10:31:07.121117Z  INFO fs3_daemon::runner: done kind="embed" id=640409 left=36122
2026-08-28T10:31:07.229909Z  INFO fs3_daemon::runner: batch kind="embed" subject=1 x smart jobs=1 ms=0
2026-08-28T10:31:07.229969Z  INFO fs3_daemon::runner: done kind=summarize subject=docs/plans/083-md-editor/tasks/phase-5-fileviewerpanel-integration/tasks.md::Phase 5: FileViewerPanel Integration — Tasks Dossier::Discoveries & Learnings ms=19 left=36122
2026-08-28T10:31:07.243024Z  INFO fs3_daemon::runner: done kind="embed" id=640410 left=36121
2026-08-28T10:31:07.339572Z  INFO fs3_daemon::runner: done kind=summarize subject=docs/plans/083-md-editor/tasks/phase-5-fileviewerpanel-integration/tasks.md::Phase 5: FileViewerPanel Integration — Tasks Dossier::Validation Record (2026-04-19) ms=14 left=36121
2026-08-28T10:31:07.341660Z  INFO fs3_daemon::runner: batch kind="embed" subject=1 x smart jobs=1 ms=0
2026-08-28T10:31:07.355924Z  INFO fs3_daemon::runner: done kind="embed" id=640411 left=36120
2026-08-28T10:31:07.465057Z  INFO fs3_daemon::runner: done kind=summarize subject=docs/plans/083-md-editor/tasks/phase-5-fileviewerpanel-integration/tasks.md::Phase 5: FileViewerPanel Integration — Tasks Dossier::Validation Record (2026-04-19)::Forward-Compatibility Matrix ms=24 left=36120
2026-08-28T10:31:07.466553Z  INFO fs3_daemon::runner: batch kind="embed" subject=1 x smart jobs=1 ms=0
2026-08-28T10:31:07.484666Z  INFO fs3_daemon::runner: done kind="embed" id=640412 left=36119
2026-08-28T10:31:07.588276Z  INFO fs3_daemon::runner: done kind=summarize subject=docs/plans/083-md-editor/tasks/phase-5-fileviewerpanel-integration/tasks.md::Phase 5: FileViewerPanel Integration — Tasks Dossier::Directory Layout ms=19 left=36119
2026-08-28T10:31:07.634025Z  INFO fs3_daemon::runner: progress phase="working" scanned=59493 scan_left=174 summarized=120929 summarize_left=35944 embedded=196815 embed_left=1 failed=0
2026-08-28T10:31:07.652177Z  INFO fs3_daemon::runner: batch kind="embed" subject=2 x smart jobs=2 ms=0
2026-08-28T10:31:07.665088Z  INFO fs3_daemon::runner: done kind="embed" id=640414 left=36118
2026-08-28T10:31:07.731448Z  INFO fs3_daemon::runner: done kind="embed" id=640413 left=36117
2026-08-28T10:31:07.837786Z  INFO fs3_daemon::runner: done kind=summarize subject=docs/plans/083-md-editor/tasks/phase-6-roundtrip-polish-docs/execution.log.md::Phase 6 Execution Log ms=19 left=36117
2026-08-28T10:31:07.890469Z  INFO fs3_daemon::runner: batch kind="embed" subject=1 x smart jobs=1 ms=0
2026-08-28T10:31:07.899805Z  INFO fs3_daemon::runner: done kind=summarize subject=docs/plans/083-md-editor/tasks/phase-6-roundtrip-polish-docs/execution.log.md::Phase 6 Execution Log::Pre-Phase Harness Validation ms=29 left=36117
2026-08-28T10:31:07.914006Z  INFO fs3_daemon::runner: done kind="embed" id=640415 left=36116
2026-08-28T10:31:08.024777Z  INFO fs3_daemon::runner: batch kind="embed" subject=1 x smart jobs=1 ms=0
2026-08-28T10:31:08.027120Z  INFO fs3_daemon::runner: done kind=summarize subject=docs/plans/083-md-editor/tasks/phase-6-roundtrip-polish-docs/execution.log.md::Phase 6 Execution Log::Task Log ms=22 left=36116
2026-08-28T10:31:08.039525Z  INFO fs3_daemon::runner: done kind="embed" id=640416 left=36115
2026-08-28T10:31:08.140002Z  INFO fs3_daemon::runner: done kind=summarize subject=docs/plans/083-md-editor/tasks/phase-6-roundtrip-polish-docs/execution.log.md::Phase 6 Execution Log::Task Log::T002: Extract buildMarkdownExtensions + roundtrip test ✅ ms=13 left=36115
2026-08-28T10:31:08.143535Z  INFO fs3_daemon::runner: batch kind="embed" subject=1 x smart jobs=1 ms=2
2026-08-28T10:31:08.164560Z  INFO fs3_daemon::runner: done kind="embed" id=640417 left=36114
2026-08-28T10:31:08.269751Z  INFO fs3_daemon::runner: done kind=summarize subject=docs/plans/083-md-editor/tasks/phase-6-roundtrip-polish-docs/execution.log.md::Phase 6 Execution Log::Task Log::T008: Update domain.md ✅ ms=21 left=36114
2026-08-28T10:31:08.272047Z  INFO fs3_daemon::runner: batch kind="embed" subject=1 x smart jobs=1 ms=0
2026-08-28T10:31:08.287493Z  INFO fs3_daemon::runner: done kind="embed" id=640418 left=36113
2026-08-28T10:31:08.381982Z  INFO fs3_daemon::runner: done kind=summarize subject=docs/plans/083-md-editor/tasks/phase-6-roundtrip-polish-docs/execution.log.md::Phase 6 Execution Log::Task Log::T010: Regression sweep ✅ ms=19 left=36113
2026-08-28T10:31:08.382448Z  INFO fs3_daemon::runner: batch kind="embed" subject=1 x smart jobs=1 ms=0
2026-08-28T10:31:08.395746Z  INFO fs3_daemon::runner: done kind="embed" id=640419 left=36112
2026-08-28T10:31:08.502182Z  INFO fs3_daemon::runner: batch kind="embed" subject=1 x smart jobs=1 ms=0
2026-08-28T10:31:08.502819Z  INFO fs3_daemon::runner: done kind=summarize subject=docs/plans/083-md-editor/tasks/phase-6-roundtrip-polish-docs/execution.log.md::Phase 6 Execution Log::Remaining: T003, T004, T005 (Harness Browser Automation) ms=20 left=36112
2026-08-28T10:31:08.520297Z  INFO fs3_daemon::runner: done kind="embed" id=640420 left=36111
2026-08-28T10:31:08.626745Z  INFO fs3_daemon::runner: batch kind="embed" subject=1 x smart jobs=1 ms=0
2026-08-28T10:31:08.628889Z  INFO fs3_daemon::runner: done kind=summarize subject=docs/plans/083-md-editor/tasks/phase-6-roundtrip-polish-docs/tasks.fltplan.md::Flight Plan: Phase 6 — Round-trip Tests, Polish, Docs, Domain.md ms=24 left=36111
2026-08-28T10:31:08.641942Z  INFO fs3_daemon::runner: done kind="embed" id=640421 left=36110
2026-08-28T10:31:08.756203Z  INFO fs3_daemon::runner: done kind=summarize subject=docs/plans/083-md-editor/tasks/phase-6-roundtrip-polish-docs/tasks.fltplan.md::Flight Plan: Phase 6 — Round-trip Tests, Polish, Docs, Domain.md::Domain Context ms=15 left=36110
2026-08-28T10:31:08.757027Z  INFO fs3_daemon::runner: batch kind="embed" subject=1 x smart jobs=1 ms=0
2026-08-28T10:31:08.770706Z  INFO fs3_daemon::runner: done kind="embed" id=640422 left=36109
2026-08-28T10:31:08.862686Z  INFO fs3_daemon::runner: done kind=summarize subject=docs/plans/083-md-editor/tasks/phase-6-roundtrip-polish-docs/tasks.fltplan.md::Flight Plan: Phase 6 — Round-trip Tests, Polish, Docs, Domain.md::Domain Context::Domains We're Changing ms=18 left=36109
2026-08-28T10:31:08.864799Z  INFO fs3_daemon::runner: batch kind="embed" subject=1 x smart jobs=1 ms=0
2026-08-28T10:31:08.880062Z  INFO fs3_daemon::runner: done kind="embed" id=640423 left=36108
2026-08-28T10:31:08.974367Z  INFO fs3_daemon::runner: done kind=summarize subject=docs/plans/083-md-editor/tasks/phase-6-roundtrip-polish-docs/tasks.fltplan.md::Flight Plan: Phase 6 — Round-trip Tests, Polish, Docs, Domain.md::Domain Context::Domains We Depend On (no changes) ms=13 left=36108
2026-08-28T10:31:08.977735Z  INFO fs3_daemon::runner: batch kind="embed" subject=1 x smart jobs=1 ms=2
2026-08-28T10:31:09.001143Z  INFO fs3_daemon::runner: done kind="embed" id=640424 left=36107
2026-08-28T10:31:09.100966Z  INFO fs3_daemon::runner: done kind=summarize subject=docs/plans/083-md-editor/tasks/phase-6-roundtrip-polish-docs/tasks.fltplan.md::Flight Plan: Phase 6 — Round-trip Tests, Polish, Docs, Domain.md::Flight Status ms=19 left=36107
2026-08-28T10:31:09.104682Z  INFO fs3_daemon::runner: batch kind="embed" subject=1 x smart jobs=1 ms=0
2026-08-28T10:31:09.126820Z  INFO fs3_daemon::runner: done kind="embed" id=640425 left=36106
2026-08-28T10:31:09.226702Z  INFO fs3_daemon::runner: done kind=summarize subject=docs/plans/083-md-editor/tasks/phase-6-roundtrip-polish-docs/tasks.fltplan.md::Flight Plan: Phase 6 — Round-trip Tests, Polish, Docs, Domain.md::Stages ms=13 left=36106
2026-08-28T10:31:09.230250Z  INFO fs3_daemon::runner: batch kind="embed" subject=1 x smart jobs=1 ms=1
2026-08-28T10:31:09.254907Z  INFO fs3_daemon::runner: done kind="embed" id=640426 left=36105
2026-08-28T10:31:09.361832Z  INFO fs3_daemon::runner: done kind=summarize subject=docs/plans/083-md-editor/tasks/phase-6-roundtrip-polish-docs/tasks.fltplan.md::Flight Plan: Phase 6 — Round-trip Tests, Polish, Docs, Domain.md::Architecture: Before & After ms=17 left=36105
2026-08-28T10:31:09.362339Z  INFO fs3_daemon::runner: batch kind="embed" subject=1 x smart jobs=1 ms=2
2026-08-28T10:31:09.373936Z  INFO fs3_daemon::runner: done kind="embed" id=640427 left=36104
2026-08-28T10:31:09.474082Z  INFO fs3_daemon::runner: done kind=summarize subject=docs/plans/083-md-editor/tasks/phase-6-roundtrip-polish-docs/tasks.fltplan.md::Flight Plan: Phase 6 — Round-trip Tests, Polish, Docs, Domain.md::Acceptance Criteria ms=14 left=36104
2026-08-28T10:31:09.475890Z  INFO fs3_daemon::runner: batch kind="embed" subject=1 x smart jobs=1 ms=0
2026-08-28T10:31:09.490118Z  INFO fs3_daemon::runner: done kind="embed" id=640428 left=36103
2026-08-28T10:31:09.614924Z  INFO fs3_daemon::runner: done kind=summarize subject=docs/plans/083-md-editor/tasks/phase-6-roundtrip-polish-docs/tasks.fltplan.md::Flight Plan: Phase 6 — Round-trip Tests, Polish, Docs, Domain.md::Goals & Non-Goals ms=37 left=36103
2026-08-28T10:31:09.617683Z  INFO fs3_daemon::runner: batch kind="embed" subject=1 x smart jobs=1 ms=0
2026-08-28T10:31:09.645824Z  INFO fs3_daemon::runner: done kind="embed" id=640429 left=36102
2026-08-28T10:31:09.770527Z  INFO fs3_daemon::runner: batch kind="embed" subject=1 x smart jobs=1 ms=1
2026-08-28T10:31:09.793031Z  INFO fs3_daemon::runner: done kind=summarize subject=docs/plans/083-md-editor/tasks/phase-6-roundtrip-polish-docs/tasks.fltplan.md::Flight Plan: Phase 6 — Round-trip Tests, Polish, Docs, Domain.md::Checklist ms=51 left=36102
2026-08-28T10:31:09.805677Z  INFO fs3_daemon::runner: done kind="embed" id=640430 left=36101
2026-08-28T10:31:09.928321Z  INFO fs3_daemon::runner: batch kind="embed" subject=1 x smart jobs=1 ms=0
2026-08-28T10:31:09.950651Z  INFO fs3_daemon::runner: done kind=summarize subject=docs/plans/083-md-editor/tasks/phase-6-roundtrip-polish-docs/tasks.md::Phase 6: Round-trip Tests, Polish, Docs, Domain.md ms=47 left=36101
2026-08-28T10:31:09.971535Z  INFO fs3_daemon::runner: done kind="embed" id=640431 left=36100
2026-08-28T10:31:10.090444Z  INFO fs3_daemon::runner: done kind=summarize subject=docs/plans/083-md-editor/tasks/phase-6-roundtrip-polish-docs/tasks.md::Phase 6: Round-trip Tests, Polish, Docs, Domain.md::Executive Briefing ms=32 left=36100
2026-08-28T10:31:10.093764Z  INFO fs3_daemon::runner: batch kind="embed" subject=1 x smart jobs=1 ms=0
2026-08-28T10:31:10.117416Z  INFO fs3_daemon::runner: done kind="embed" id=640432 left=36099
2026-08-28T10:31:10.232008Z  INFO fs3_daemon::runner: done kind=summarize subject=docs/plans/083-md-editor/tasks/phase-6-roundtrip-polish-docs/tasks.md::Phase 6: Round-trip Tests, Polish, Docs, Domain.md::Prior Phase Context ms=27 left=36099
2026-08-28T10:31:10.239825Z  INFO fs3_daemon::runner: batch kind="embed" subject=1 x smart jobs=1 ms=0
2026-08-28T10:31:10.262689Z  INFO fs3_daemon::runner: done kind="embed" id=640433 left=36098
2026-08-28T10:31:10.377880Z  INFO fs3_daemon::runner: batch kind="embed" subject=1 x smart jobs=1 ms=0
2026-08-28T10:31:10.401969Z  INFO fs3_daemon::runner: done kind=summarize subject=docs/plans/083-md-editor/tasks/phase-6-roundtrip-polish-docs/tasks.md::Phase 6: Round-trip Tests, Polish, Docs, Domain.md::Pre-Implementation Check ms=49 left=36098
2026-08-28T10:31:10.421437Z  INFO fs3_daemon::runner: done kind="embed" id=640434 left=36097
2026-08-28T10:31:10.557517Z  INFO fs3_daemon::runner: done kind=summarize subject=docs/plans/083-md-editor/tasks/phase-6-roundtrip-polish-docs/tasks.md::Phase 6: Round-trip Tests, Polish, Docs, Domain.md::Architecture Map ms=36 left=36097
2026-08-28T10:31:10.560046Z  INFO fs3_daemon::runner: batch kind="embed" subject=1 x smart jobs=1 ms=0
2026-08-28T10:31:10.582602Z  INFO fs3_daemon::runner: done kind="embed" id=640435 left=36096
2026-08-28T10:31:10.705824Z  INFO fs3_daemon::runner: done kind=summarize subject=docs/plans/083-md-editor/tasks/phase-6-roundtrip-polish-docs/tasks.md::Phase 6: Round-trip Tests, Polish, Docs, Domain.md::Tasks ms=30 left=36096
2026-08-28T10:31:10.708155Z  INFO fs3_daemon::runner: batch kind="embed" subject=1 x smart jobs=1 ms=1
2026-08-28T10:31:10.735369Z  INFO fs3_daemon::runner: done kind="embed" id=640436 left=36095
2026-08-28T10:31:10.872397Z  INFO fs3_daemon::runner: batch kind="embed" subject=1 x smart jobs=1 ms=0
2026-08-28T10:31:10.891981Z  INFO fs3_daemon::runner: done kind=summarize subject=docs/plans/083-md-editor/tasks/phase-6-roundtrip-polish-docs/tasks.md::Phase 6: Round-trip Tests, Polish, Docs, Domain.md::Context Brief ms=47 left=36095
2026-08-28T10:31:10.912694Z  INFO fs3_daemon::runner: done kind="embed" id=640437 left=36094
2026-08-28T10:31:11.029342Z  INFO fs3_daemon::runner: batch kind="embed" subject=1 x smart jobs=1 ms=0
2026-08-28T10:31:11.051772Z  INFO fs3_daemon::runner: done kind=summarize subject=docs/plans/083-md-editor/tasks/phase-6-roundtrip-polish-docs/tasks.md::Phase 6: Round-trip Tests, Polish, Docs, Domain.md::Directory Layout ms=51 left=36094
2026-08-28T10:31:11.069148Z  INFO fs3_daemon::runner: done kind="embed" id=640438 left=36093
2026-08-28T10:31:11.164507Z  INFO fs3_daemon::runner: batch kind="embed" subject=1 x smart jobs=1 ms=0
2026-08-28T10:31:11.168811Z  INFO fs3_daemon::runner: done kind=summarize subject=docs/plans/083-md-editor/tasks/phase-6-roundtrip-polish-docs/tasks.md::Phase 6: Round-trip Tests, Polish, Docs, Domain.md::Validation Record (2026-04-20) ms=19 left=36093
2026-08-28T10:31:11.186097Z  INFO fs3_daemon::runner: done kind="embed" id=640439 left=36092
2026-08-28T10:31:11.280878Z  INFO fs3_daemon::runner: done kind=summarize subject=docs/plans/083-md-editor/tasks/phase-6-roundtrip-polish-docs/tasks.md::Phase 6: Round-trip Tests, Polish, Docs, Domain.md::Validation Record (2026-04-20)::Forward-Compatibility Matrix ms=14 left=36092
2026-08-28T10:31:11.286066Z  INFO fs3_daemon::runner: batch kind="embed" subject=1 x smart jobs=1 ms=0
2026-08-28T10:31:11.298474Z  INFO fs3_daemon::runner: done kind="embed" id=640440 left=36091
2026-08-28T10:31:11.392471Z  INFO fs3_daemon::runner: batch kind="embed" subject=1 x smart jobs=1 ms=0
2026-08-28T10:31:11.393660Z  INFO fs3_daemon::runner: done kind=summarize subject=docs/plans/083-md-editor/workshops/001-editing-experience-and-ui.md::Workshop: WYSIWYG Editing Experience & UI ms=17 left=36091
2026-08-28T10:31:11.407891Z  INFO fs3_daemon::runner: done kind="embed" id=640441 left=36090
2026-08-28T10:31:11.504663Z  INFO fs3_daemon::runner: batch kind="embed" subject=1 x smart jobs=1 ms=0
2026-08-28T10:31:11.513790Z  INFO fs3_daemon::runner: done kind=summarize subject=docs/plans/083-md-editor/workshops/001-editing-experience-and-ui.md::Workshop: WYSIWYG Editing Experience & UI::Key Questions Addressed ms=28 left=36090
2026-08-28T10:31:11.520511Z  INFO fs3_daemon::runner: done kind="embed" id=640442 left=36089
2026-08-28T10:31:11.624791Z  INFO fs3_daemon::runner: done kind=summarize subject=docs/plans/083-md-editor/workshops/001-editing-experience-and-ui.md::Workshop: WYSIWYG Editing Experience & UI::TL;DR — Design Summary ms=18 left=36089
2026-08-28T10:31:11.627800Z  INFO fs3_daemon::runner: batch kind="embed" subject=1 x smart jobs=1 ms=0
2026-08-28T10:31:11.646147Z  INFO fs3_daemon::runner: done kind="embed" id=640443 left=36088
2026-08-28T10:31:11.747501Z  INFO fs3_daemon::runner: batch kind="embed" subject=1 x smart jobs=1 ms=1
2026-08-28T10:31:11.749244Z  INFO fs3_daemon::runner: done kind=summarize subject=docs/plans/083-md-editor/workshops/001-editing-experience-and-ui.md::Workshop: WYSIWYG Editing Experience & UI::1. Mode Model ms=22 left=36088
2026-08-28T10:31:11.765814Z  INFO fs3_daemon::runner: done kind="embed" id=640444 left=36087
2026-08-28T10:31:11.876904Z  INFO fs3_daemon::runner: done kind=summarize subject=docs/plans/083-md-editor/workshops/001-editing-experience-and-ui.md::Workshop: WYSIWYG Editing Experience & UI::1. Mode Model::1.1 The modes ms=21 left=36087
2026-08-28T10:31:11.877370Z  INFO fs3_daemon::runner: batch kind="embed" subject=1 x smart jobs=1 ms=0
2026-08-28T10:31:11.892735Z  INFO fs3_daemon::runner: done kind="embed" id=640445 left=36086
2026-08-28T10:31:12.003947Z  INFO fs3_daemon::runner: done kind=summarize subject=docs/plans/083-md-editor/workshops/001-editing-experience-and-ui.md::Workshop: WYSIWYG Editing Experience & UI::1. Mode Model::1.2 When is Rich offered? ms=20 left=36086
2026-08-28T10:31:12.005924Z  INFO fs3_daemon::runner: batch kind="embed" subject=1 x smart jobs=1 ms=0
2026-08-28T10:31:12.024157Z  INFO fs3_daemon::runner: done kind="embed" id=640446 left=36085
2026-08-28T10:31:12.133114Z  INFO fs3_daemon::runner: batch kind="embed" subject=1 x smart jobs=1 ms=0
2026-08-28T10:31:12.133689Z  INFO fs3_daemon::runner: done kind=summarize subject=docs/plans/083-md-editor/workshops/001-editing-experience-and-ui.md::Workshop: WYSIWYG Editing Experience & UI::1. Mode Model::1.4 Mode toggle UI ms=21 left=36085
2026-08-28T10:31:12.151330Z  INFO fs3_daemon::runner: done kind="embed" id=640447 left=36084
2026-08-28T10:31:12.258060Z  INFO fs3_daemon::runner: done kind=summarize subject=docs/plans/083-md-editor/workshops/001-editing-experience-and-ui.md::Workshop: WYSIWYG Editing Experience & UI::1. Mode Model::1.5 Mode transitions — content sync ms=20 left=36084
2026-08-28T10:31:12.260738Z  INFO fs3_daemon::runner: batch kind="embed" subject=1 x smart jobs=1 ms=0
2026-08-28T10:31:12.286129Z  INFO fs3_daemon::runner: done kind="embed" id=640448 left=36083
2026-08-28T10:31:12.395861Z  INFO fs3_daemon::runner: done kind=summarize subject=docs/plans/083-md-editor/workshops/001-editing-experience-and-ui.md::Workshop: WYSIWYG Editing Experience & UI::2. UI Layout — Rich Mode ms=18 left=36083
2026-08-28T10:31:12.400595Z  INFO fs3_daemon::runner: batch kind="embed" subject=1 x smart jobs=1 ms=4
2026-08-28T10:31:12.425498Z  INFO fs3_daemon::runner: done kind="embed" id=640449 left=36082
2026-08-28T10:31:12.530182Z  INFO fs3_daemon::runner: done kind=summarize subject=docs/plans/083-md-editor/workshops/001-editing-experience-and-ui.md::Workshop: WYSIWYG Editing Experience & UI::2. UI Layout — Rich Mode::2.1 ASCII mockup — desktop ms=17 left=36082
2026-08-28T10:31:12.532476Z  INFO fs3_daemon::runner: batch kind="embed" subject=1 x smart jobs=1 ms=0
2026-08-28T10:31:12.546829Z  INFO fs3_daemon::runner: done kind="embed" id=640450 left=36081
2026-08-28T10:31:12.653032Z  INFO fs3_daemon::runner: done kind=summarize subject=docs/plans/083-md-editor/workshops/001-editing-experience-and-ui.md::Workshop: WYSIWYG Editing Experience & UI::2. UI Layout — Rich Mode::2.2 Toolbar grouping (with dividers) ms=20 left=36081
2026-08-28T10:31:12.657951Z  INFO fs3_daemon::runner: batch kind="embed" subject=1 x smart jobs=1 ms=0
2026-08-28T10:31:12.670729Z  INFO fs3_daemon::runner: done kind="embed" id=640451 left=36080
2026-08-28T10:31:12.788134Z  INFO fs3_daemon::runner: done kind=summarize subject=docs/plans/083-md-editor/workshops/001-editing-experience-and-ui.md::Workshop: WYSIWYG Editing Experience & UI::2. UI Layout — Rich Mode::2.3 Toolbar button inventory ms=26 left=36080
2026-08-28T10:31:12.824358Z  INFO fs3_daemon::runner: progress phase="working" scanned=59493 scan_left=174 summarized=120968 summarize_left=35905 embedded=196854 embed_left=1 failed=0
2026-08-28T10:31:12.846930Z  INFO fs3_daemon::runner: batch kind="embed" subject=2 x smart jobs=2 ms=0
2026-08-28T10:31:12.861159Z  INFO fs3_daemon::runner: done kind="embed" id=640452 left=36079
2026-08-28T10:31:12.932166Z  INFO fs3_daemon::runner: done kind="embed" id=640453 left=36078
2026-08-28T10:31:13.031786Z  INFO fs3_daemon::runner: done kind=summarize subject=docs/plans/083-md-editor/workshops/001-editing-experience-and-ui.md::Workshop: WYSIWYG Editing Experience & UI::2. UI Layout — Rich Mode::2.4 Disabled-button rules ms=16 left=36078
2026-08-28T10:31:13.081250Z  INFO fs3_daemon::runner: done kind=summarize subject=docs/plans/083-md-editor/workshops/001-editing-experience-and-ui.md::Workshop: WYSIWYG Editing Experience & UI::3. Markdown Input Rules (Type-to-Format) ms=19 left=36078
2026-08-28T10:31:13.083105Z  INFO fs3_daemon::runner: batch kind="embed" subject=1 x smart jobs=1 ms=0
2026-08-28T10:31:13.098770Z  INFO fs3_daemon::runner: done kind="embed" id=640454 left=36077
2026-08-28T10:31:13.213550Z  INFO fs3_daemon::runner: done kind=summarize subject=docs/plans/083-md-editor/workshops/001-editing-experience-and-ui.md::Workshop: WYSIWYG Editing Experience & UI::4. Keyboard Shortcuts — Full Table ms=18 left=36077
2026-08-28T10:31:13.213811Z  INFO fs3_daemon::runner: batch kind="embed" subject=1 x smart jobs=1 ms=0
2026-08-28T10:31:13.245158Z  INFO fs3_daemon::runner: done kind="embed" id=640455 left=36076
2026-08-28T10:31:13.353241Z  INFO fs3_daemon::runner: done kind=summarize subject=docs/plans/083-md-editor/workshops/001-editing-experience-and-ui.md::Workshop: WYSIWYG Editing Experience & UI::5. Link Insertion UX ms=20 left=36076
2026-08-28T10:31:13.374880Z  INFO fs3_daemon::runner: batch kind="embed" subject=1 x smart jobs=1 ms=1
2026-08-28T10:31:13.400160Z  INFO fs3_daemon::runner: done kind="embed" id=640456 left=36075
2026-08-28T10:31:13.538452Z  INFO fs3_daemon::runner: done kind=summarize subject=docs/plans/083-md-editor/workshops/001-editing-experience-and-ui.md::Workshop: WYSIWYG Editing Experience & UI::5. Link Insertion UX::5.2 Popover layout — desktop ms=15 left=36075
2026-08-28T10:31:13.541684Z  INFO fs3_daemon::runner: batch kind="embed" subject=1 x smart jobs=1 ms=0
2026-08-28T10:31:13.557777Z  INFO fs3_daemon::runner: done kind="embed" id=640457 left=36074
2026-08-28T10:31:13.672287Z  INFO fs3_daemon::runner: batch kind="embed" subject=1 x smart jobs=1 ms=4
2026-08-28T10:31:13.672769Z  INFO fs3_daemon::runner: done kind=summarize subject=docs/plans/083-md-editor/workshops/001-editing-experience-and-ui.md::Workshop: WYSIWYG Editing Experience & UI::5. Link Insertion UX::5.3 Editing an existing link ms=25 left=36074
2026-08-28T10:31:13.695587Z  INFO fs3_daemon::runner: done kind="embed" id=640458 left=36073
2026-08-28T10:31:13.796026Z  INFO fs3_daemon::runner: done kind=summarize subject=docs/plans/083-md-editor/workshops/001-editing-experience-and-ui.md::Workshop: WYSIWYG Editing Experience & UI::6. Visual Styling ms=19 left=36073
2026-08-28T10:31:13.801525Z  INFO fs3_daemon::runner: batch kind="embed" subject=1 x smart jobs=1 ms=1
2026-08-28T10:31:13.815541Z  INFO fs3_daemon::runner: done kind="embed" id=640459 left=36072
2026-08-28T10:31:13.951459Z  INFO fs3_daemon::runner: batch kind="embed" subject=1 x smart jobs=1 ms=0
2026-08-28T10:31:13.972896Z  INFO fs3_daemon::runner: done kind=summarize subject=docs/plans/083-md-editor/workshops/001-editing-experience-and-ui.md::Workshop: WYSIWYG Editing Experience & UI::6. Visual Styling::6.1 Prose classes on editor content ms=65 left=36072
2026-08-28T10:31:13.999804Z  INFO fs3_daemon::runner: done kind="embed" id=640460 left=36071
2026-08-28T10:31:14.139853Z  INFO fs3_daemon::runner: done kind=summarize subject=docs/plans/083-md-editor/workshops/001-editing-experience-and-ui.md::Workshop: WYSIWYG Editing Experience & UI::6. Visual Styling::6.2 Placeholder (empty state) ms=36 left=36071
2026-08-28T10:31:14.144371Z  INFO fs3_daemon::runner: batch kind="embed" subject=1 x smart jobs=1 ms=3
2026-08-28T10:31:14.175985Z  INFO fs3_daemon::runner: done kind="embed" id=640461 left=36070
2026-08-28T10:31:14.305513Z  INFO fs3_daemon::runner: batch kind="embed" subject=1 x smart jobs=1 ms=3
2026-08-28T10:31:14.308843Z  INFO fs3_daemon::runner: done kind=summarize subject=docs/plans/083-md-editor/workshops/001-editing-experience-and-ui.md::Workshop: WYSIWYG Editing Experience & UI::6. Visual Styling::6.4 Theme sync ms=34 left=36070
2026-08-28T10:31:14.330172Z  INFO fs3_daemon::runner: done kind="embed" id=640462 left=36069
2026-08-28T10:31:14.491152Z  INFO fs3_daemon::runner: done kind=summarize subject=docs/plans/083-md-editor/workshops/001-editing-experience-and-ui.md::Workshop: WYSIWYG Editing Experience & UI::7. Special-content Handling (Rich Mode) ms=42 left=36069
2026-08-28T10:31:14.503518Z  INFO fs3_daemon::runner: batch kind="embed" subject=1 x smart jobs=1 ms=0
2026-08-28T10:31:14.544964Z  INFO fs3_daemon::runner: done kind="embed" id=640463 left=36068
2026-08-28T10:31:14.676131Z  INFO fs3_daemon::runner: done kind=summarize subject=docs/plans/083-md-editor/workshops/001-editing-experience-and-ui.md::Workshop: WYSIWYG Editing Experience & UI::8. Paste Behavior ms=34 left=36068
2026-08-28T10:31:14.678819Z  INFO fs3_daemon::runner: batch kind="embed" subject=1 x smart jobs=1 ms=0
2026-08-28T10:31:14.712597Z  INFO fs3_daemon::runner: done kind="embed" id=640464 left=36067
2026-08-28T10:31:14.860351Z  INFO fs3_daemon::runner: batch kind="embed" subject=1 x smart jobs=1 ms=0
2026-08-28T10:31:14.866693Z  INFO fs3_daemon::runner: done kind=summarize subject=docs/plans/083-md-editor/workshops/001-editing-experience-and-ui.md::Workshop: WYSIWYG Editing Experience & UI::10. Loading & Error States ms=51 left=36067
2026-08-28T10:31:14.886720Z  INFO fs3_daemon::runner: done kind="embed" id=640465 left=36066
2026-08-28T10:31:15.063287Z  INFO fs3_daemon::runner: done kind=summarize subject=docs/plans/083-md-editor/workshops/001-editing-experience-and-ui.md::Workshop: WYSIWYG Editing Experience & UI::10. Loading & Error States::10.1 Lazy loading ms=48 left=36066
2026-08-28T10:31:15.072857Z  INFO fs3_daemon::runner: batch kind="embed" subject=1 x smart jobs=1 ms=0
2026-08-28T10:31:15.101374Z  INFO fs3_daemon::runner: done kind="embed" id=640466 left=36065
2026-08-28T10:31:15.244425Z  INFO fs3_daemon::runner: batch kind="embed" subject=1 x smart jobs=1 ms=0
2026-08-28T10:31:15.248626Z  INFO fs3_daemon::runner: done kind=summarize subject=docs/plans/083-md-editor/workshops/001-editing-experience-and-ui.md::Workshop: WYSIWYG Editing Experience & UI::10. Loading & Error States::10.2 Initialization failure ms=41 left=36065
2026-08-28T10:31:15.275292Z  INFO fs3_daemon::runner: done kind="embed" id=640467 left=36064
2026-08-28T10:31:15.423327Z  INFO fs3_daemon::runner: batch kind="embed" subject=1 x smart jobs=1 ms=1
2026-08-28T10:31:15.426450Z  INFO fs3_daemon::runner: done kind=summarize subject=docs/plans/083-md-editor/workshops/001-editing-experience-and-ui.md::Workshop: WYSIWYG Editing Experience & UI::11. Mobile Adaptation ms=45 left=36064
2026-08-28T10:31:15.450849Z  INFO fs3_daemon::runner: done kind="embed" id=640468 left=36063
2026-08-28T10:31:15.556406Z  INFO fs3_daemon::runner: done kind=summarize subject=docs/plans/083-md-editor/workshops/001-editing-experience-and-ui.md::Workshop: WYSIWYG Editing Experience & UI::11. Mobile Adaptation::11.1 Toolbar overflow ms=19 left=36063
2026-08-28T10:31:15.556458Z  INFO fs3_daemon::runner: batch kind="embed" subject=1 x smart jobs=1 ms=0
2026-08-28T10:31:15.573148Z  INFO fs3_daemon::runner: done kind="embed" id=640469 left=36062
2026-08-28T10:31:15.685008Z  INFO fs3_daemon::runner: done kind=summarize subject=docs/plans/083-md-editor/workshops/001-editing-experience-and-ui.md::Workshop: WYSIWYG Editing Experience & UI::12. Accessibility ms=18 left=36062
2026-08-28T10:31:15.687700Z  INFO fs3_daemon::runner: batch kind="embed" subject=1 x smart jobs=1 ms=1
2026-08-28T10:31:15.702436Z  INFO fs3_daemon::runner: done kind="embed" id=640470 left=36061
2026-08-28T10:31:15.811979Z  INFO fs3_daemon::runner: done kind=summarize subject=docs/plans/083-md-editor/workshops/001-editing-experience-and-ui.md::Workshop: WYSIWYG Editing Experience & UI::13. Round-trip Fidelity Rules ms=16 left=36061
2026-08-28T10:31:15.822554Z  INFO fs3_daemon::runner: batch kind="embed" subject=1 x smart jobs=1 ms=1
2026-08-28T10:31:15.841928Z  INFO fs3_daemon::runner: done kind="embed" id=640471 left=36060
2026-08-28T10:31:15.939633Z  INFO fs3_daemon::runner: done kind=summarize subject=docs/plans/083-md-editor/workshops/001-editing-experience-and-ui.md::Workshop: WYSIWYG Editing Experience & UI::13. Round-trip Fidelity Rules::13.2 Preserved semantically (normalized but equivalent) ms=16 left=36060
2026-08-28T10:31:15.940517Z  INFO fs3_daemon::runner: batch kind="embed" subject=1 x smart jobs=1 ms=0
2026-08-28T10:31:15.957242Z  INFO fs3_daemon::runner: done kind="embed" id=640472 left=36059
2026-08-28T10:31:16.058634Z  INFO fs3_daemon::runner: done kind=summarize subject=docs/plans/083-md-editor/workshops/001-editing-experience-and-ui.md::Workshop: WYSIWYG Editing Experience & UI::13. Round-trip Fidelity Rules::13.3 NOT preserved by Rich mode (edit in Source) ms=20 left=36059
2026-08-28T10:31:16.061333Z  INFO fs3_daemon::runner: batch kind="embed" subject=1 x smart jobs=1 ms=0
2026-08-28T10:31:16.088977Z  INFO fs3_daemon::runner: done kind="embed" id=640473 left=36058
2026-08-28T10:31:16.197923Z  INFO fs3_daemon::runner: done kind=summarize subject=docs/plans/083-md-editor/workshops/001-editing-experience-and-ui.md::Workshop: WYSIWYG Editing Experience & UI::13. Round-trip Fidelity Rules::13.4 Front-matter handling ms=14 left=36058
2026-08-28T10:31:16.201402Z  INFO fs3_daemon::runner: batch kind="embed" subject=1 x smart jobs=1 ms=2
2026-08-28T10:31:16.218716Z  INFO fs3_daemon::runner: done kind="embed" id=640474 left=36057
2026-08-28T10:31:16.360072Z  INFO fs3_daemon::runner: done kind=summarize subject=docs/plans/083-md-editor/workshops/001-editing-experience-and-ui.md::Workshop: WYSIWYG Editing Experience & UI::13. Round-trip Fidelity Rules::13.5 Round-trip test corpus ms=35 left=36057
2026-08-28T10:31:16.360810Z  INFO fs3_daemon::runner: batch kind="embed" subject=1 x smart jobs=1 ms=0
2026-08-28T10:31:16.377169Z  INFO fs3_daemon::runner: done kind="embed" id=640475 left=36056
2026-08-28T10:31:16.502841Z  INFO fs3_daemon::runner: done kind=summarize subject=docs/plans/083-md-editor/workshops/001-editing-experience-and-ui.md::Workshop: WYSIWYG Editing Experience & UI::14. Edge Cases ms=27 left=36056
2026-08-28T10:31:16.506676Z  INFO fs3_daemon::runner: batch kind="embed" subject=1 x smart jobs=1 ms=0
2026-08-28T10:31:16.525965Z  INFO fs3_daemon::runner: done kind="embed" id=640476 left=36055
2026-08-28T10:31:16.658387Z  INFO fs3_daemon::runner: done kind=summarize subject=docs/plans/083-md-editor/workshops/001-editing-experience-and-ui.md::Workshop: WYSIWYG Editing Experience & UI::15. Component API ms=25 left=36055
2026-08-28T10:31:16.664427Z  INFO fs3_daemon::runner: batch kind="embed" subject=1 x smart jobs=1 ms=0
2026-08-28T10:31:16.680525Z  INFO fs3_daemon::runner: done kind="embed" id=640477 left=36054
2026-08-28T10:31:16.822784Z  INFO fs3_daemon::runner: done kind=summarize subject=docs/plans/083-md-editor/workshops/001-editing-experience-and-ui.md::Workshop: WYSIWYG Editing Experience & UI::15. Component API::15.1 `<MarkdownWysiwygEditor />` — new component ms=31 left=36054
2026-08-28T10:31:16.828467Z  INFO fs3_daemon::runner: batch kind="embed" subject=1 x smart jobs=1 ms=1
2026-08-28T10:31:16.847744Z  INFO fs3_daemon::runner: done kind="embed" id=640478 left=36053
2026-08-28T10:31:16.984809Z  INFO fs3_daemon::runner: done kind=summarize subject=docs/plans/083-md-editor/workshops/001-editing-experience-and-ui.md::Workshop: WYSIWYG Editing Experience & UI::15. Component API::15.2 `<WysiwygToolbar />` — separate component ms=31 left=36053
2026-08-28T10:31:16.992456Z  INFO fs3_daemon::runner: batch kind="embed" subject=1 x smart jobs=1 ms=0
2026-08-28T10:31:17.019032Z  INFO fs3_daemon::runner: done kind="embed" id=640479 left=36052
2026-08-28T10:31:17.135036Z  INFO fs3_daemon::runner: batch kind="embed" subject=1 x smart jobs=1 ms=0
2026-08-28T10:31:17.137463Z  INFO fs3_daemon::runner: done kind=summarize subject=docs/plans/083-md-editor/workshops/001-editing-experience-and-ui.md::Workshop: WYSIWYG Editing Experience & UI::15. Component API::15.3 Integration into `FileViewerPanel` ms=20 left=36052
2026-08-28T10:31:17.153592Z  INFO fs3_daemon::runner: done kind="embed" id=640480 left=36051
2026-08-28T10:31:17.264480Z  INFO fs3_daemon::runner: done kind=summarize subject=docs/plans/083-md-editor/workshops/001-editing-experience-and-ui.md::Workshop: WYSIWYG Editing Experience & UI::16. Open Questions ms=16 left=36051
2026-08-28T10:31:17.266500Z  INFO fs3_daemon::runner: batch kind="embed" subject=1 x smart jobs=1 ms=0
2026-08-28T10:31:17.280924Z  INFO fs3_daemon::runner: done kind="embed" id=640481 left=36050
2026-08-28T10:31:17.390404Z  INFO fs3_daemon::runner: done kind=summarize subject=docs/plans/083-md-editor/workshops/001-editing-experience-and-ui.md::Workshop: WYSIWYG Editing Experience & UI::17. Quick Reference — "Keep this open while implementing" ms=17 left=36050
2026-08-28T10:31:17.397732Z  INFO fs3_daemon::runner: batch kind="embed" subject=1 x smart jobs=1 ms=0
2026-08-28T10:31:17.410106Z  INFO fs3_daemon::runner: done kind="embed" id=640482 left=36049
2026-08-28T10:31:17.503092Z  INFO fs3_daemon::runner: done kind=summarize subject=docs/plans/083-md-editor/workshops/001-editing-experience-and-ui.md::Workshop: WYSIWYG Editing Experience & UI::17. Quick Reference — "Keep this open while implementing"::Shortcuts cheatsheet ms=14 left=36049
2026-08-28T10:31:17.505395Z  INFO fs3_daemon::runner: batch kind="embed" subject=1 x smart jobs=1 ms=0
2026-08-28T10:31:17.526587Z  INFO fs3_daemon::runner: done kind="embed" id=640483 left=36048
2026-08-28T10:31:17.620737Z  INFO fs3_daemon::runner: done kind=summarize subject=docs/plans/083-md-editor/workshops/001-editing-experience-and-ui.md::Workshop: WYSIWYG Editing Experience & UI::17. Quick Reference — "Keep this open while implementing"::Input rules cheatsheet ms=14 left=36048
2026-08-28T10:31:17.624257Z  INFO fs3_daemon::runner: batch kind="embed" subject=1 x smart jobs=1 ms=1
2026-08-28T10:31:17.645498Z  INFO fs3_daemon::runner: done kind="embed" id=640484 left=36047
2026-08-28T10:31:17.752849Z  INFO fs3_daemon::runner: done kind=summarize subject=docs/plans/083-md-editor/workshops/001-editing-experience-and-ui.md::Workshop: WYSIWYG Editing Experience & UI::17. Quick Reference — "Keep this open while implementing"::Tiptap extension list (MVP) ms=18 left=36047
2026-08-28T10:31:17.754877Z  INFO fs3_daemon::runner: batch kind="embed" subject=1 x smart jobs=1 ms=0
2026-08-28T10:31:17.775343Z  INFO fs3_daemon::runner: done kind="embed" id=640485 left=36046
2026-08-28T10:31:17.899264Z  INFO fs3_daemon::runner: done kind=summarize subject=docs/plans/083-md-editor/workshops/001-editing-experience-and-ui.md::Workshop: WYSIWYG Editing Experience & UI::17. Quick Reference — "Keep this open while implementing"::Files to modify ms=28 left=36046
2026-08-28T10:31:17.927166Z  INFO fs3_daemon::runner: progress phase="working" scanned=59493 scan_left=174 summarized=121002 summarize_left=35871 embedded=196888 embed_left=1 failed=0
2026-08-28T10:31:17.947139Z  INFO fs3_daemon::runner: batch kind="embed" subject=2 x smart jobs=2 ms=0
2026-08-28T10:31:17.962354Z  INFO fs3_daemon::runner: done kind="embed" id=640486 left=36045
2026-08-28T10:31:18.033572Z  INFO fs3_daemon::runner: done kind="embed" id=640487 left=36044
2026-08-28T10:31:18.131102Z  INFO fs3_daemon::runner: done kind=summarize subject=docs/plans/083-md-editor/workshops/001-editing-experience-and-ui.md::Workshop: WYSIWYG Editing Experience & UI::17. Quick Reference — "Keep this open while implementing"::Acceptance criteria (for the spec to formalize) ms=21 left=36044
2026-08-28T10:31:18.183421Z  INFO fs3_daemon::runner: batch kind="embed" subject=1 x smart jobs=1 ms=1
2026-08-28T10:31:18.186299Z  INFO fs3_daemon::runner: done kind=summarize subject=docs/plans/083-md-editor/workshops/001-editing-experience-and-ui.md::Workshop: WYSIWYG Editing Experience & UI::18. Out of Scope (Explicit) ms=25 left=36044
2026-08-28T10:31:18.198105Z  INFO fs3_daemon::runner: done kind="embed" id=640488 left=36043
2026-08-28T10:31:18.308126Z  INFO fs3_daemon::runner: done kind=summarize subject=docs/plans/083-md-editor/workshops/002-editor-e2e-test-agent.md::Workshop: Markdown Editor E2E Test Agent ms=22 left=36043
2026-08-28T10:31:18.308191Z  INFO fs3_daemon::runner: batch kind="embed" subject=1 x smart jobs=1 ms=0
2026-08-28T10:31:18.320477Z  INFO fs3_daemon::runner: done kind="embed" id=640489 left=36042
2026-08-28T10:31:18.453312Z  INFO fs3_daemon::runner: batch kind="embed" subject=1 x smart jobs=1 ms=0
2026-08-28T10:31:18.454556Z  INFO fs3_daemon::runner: done kind=summarize subject=docs/plans/083-md-editor/workshops/002-editor-e2e-test-agent.md::Workshop: Markdown Editor E2E Test Agent::Key Questions Addressed ms=38 left=36042
2026-08-28T10:31:18.481115Z  INFO fs3_daemon::runner: done kind="embed" id=640490 left=36041
2026-08-28T10:31:18.622019Z  INFO fs3_daemon::runner: batch kind="embed" subject=1 x smart jobs=1 ms=2
2026-08-28T10:31:18.624278Z  INFO fs3_daemon::runner: done kind=summarize subject=docs/plans/083-md-editor/workshops/002-editor-e2e-test-agent.md::Workshop: Markdown Editor E2E Test Agent::TL;DR — Design Summary ms=46 left=36041
2026-08-28T10:31:18.658391Z  INFO fs3_daemon::runner: done kind="embed" id=640491 left=36040
2026-08-28T10:31:18.805420Z  INFO fs3_daemon::runner: done kind=summarize subject=docs/plans/083-md-editor/workshops/002-editor-e2e-test-agent.md::Workshop: Markdown Editor E2E Test Agent::1. Agent Identity ms=38 left=36040
2026-08-28T10:31:18.807740Z  INFO fs3_daemon::runner: batch kind="embed" subject=1 x smart jobs=1 ms=0
2026-08-28T10:31:18.839937Z  INFO fs3_daemon::runner: done kind="embed" id=640492 left=36039
