2026-08-28T05:52:46.029184Z  INFO fs3_daemon::runner: done kind=summarize subject=pocs/human-render/README.md::human-render — the human skin over the frozen fs3 envelope ms=1648 left=153
2026-08-28T05:52:46.107262Z  INFO fs3_daemon::runner: batch kind="embed" subject=1 x smart jobs=1 ms=0
2026-08-28T05:52:46.138101Z  INFO fs3_daemon::watch: paths under a re-listed directory are gone removed=219 prefix="."
2026-08-28T05:52:46.138508Z  INFO fs3_daemon::runner: done kind=summarize subject=pocs/human-render/README.md::human-render — the human skin over the frozen fs3 envelope::Run it ms=58 left=152
2026-08-28T05:52:46.142944Z  INFO fs3_daemon::runner: done kind="embed" id=53180 left=152
2026-08-28T05:52:46.206299Z  INFO fs3_daemon::runner: batch kind="embed" subject=1 x smart jobs=1 ms=0
2026-08-28T05:52:46.231293Z  INFO fs3_daemon::runner: done kind=summarize subject=pocs/human-render/README.md::human-render — the human skin over the frozen fs3 envelope::The four surfaces ms=40 left=152
2026-08-28T05:52:46.231510Z  INFO fs3_daemon::runner: done kind="embed" id=53181 left=152
2026-08-28T05:52:46.295437Z  INFO fs3_daemon::watch: re-listed a changed directory directory=/Users/jordanknight/substrate/flowspace/fs3-w-ask-fake/docs/reference events=2 enqueued=1 settled=Quiet
2026-08-28T05:52:46.310783Z  INFO fs3_daemon::runner: batch kind="embed" subject=1 x smart jobs=1 ms=0
2026-08-28T05:52:46.397034Z  INFO fs3_daemon::runner: done kind="embed" id=53183 left=151
2026-08-28T05:52:46.440086Z  INFO fs3_daemon::runner: done kind=summarize subject=pocs/human-render/README.md::human-render — the human skin over the frozen fs3 envelope::The TTY strategy ms=175 left=151
2026-08-28T05:52:46.601922Z  INFO fs3_daemon::runner: batch kind="embed" subject=1 x smart jobs=1 ms=1
2026-08-28T05:52:46.631200Z  INFO fs3_daemon::runner: done kind=summarize subject=pocs/human-render/README.md::human-render — the human skin over the frozen fs3 envelope::Layout ms=143 left=150
2026-08-28T05:52:46.636491Z  INFO fs3_daemon::runner: done kind="embed" id=53184 left=150
2026-08-28T05:52:46.653776Z  INFO fs3_daemon::runner: batch kind="embed" subject=1 x smart jobs=1 ms=0
2026-08-28T05:52:46.660126Z  INFO fs3_daemon::runner: done kind=summarize subject=pocs/human-render/src/bin/demo.rs::Cli ms=18 left=150
2026-08-28T05:52:46.663566Z  INFO fs3_daemon::runner: done kind="embed" id=53185 left=149
2026-08-28T05:52:46.701027Z  INFO fs3_daemon::runner: batch kind="embed" subject=1 x smart jobs=1 ms=0
2026-08-28T05:52:46.716474Z  INFO fs3_daemon::runner: done kind="embed" id=53186 left=148
2026-08-28T05:52:46.719295Z  INFO fs3_daemon::runner: done kind=summarize subject=pocs/human-render/src/bin/demo.rs::Surface ms=32 left=148
2026-08-28T05:52:46.737094Z  INFO fs3_daemon::runner: batch kind="embed" subject=1 x smart jobs=1 ms=0
2026-08-28T05:52:46.746922Z  INFO fs3_daemon::runner: done kind="embed" id=53187 left=148
2026-08-28T05:52:46.750344Z  INFO fs3_daemon::runner: done kind=summarize subject=pocs/human-render/src/bin/demo.rs::main ms=25 left=147
2026-08-28T05:52:46.761446Z  INFO fs3_daemon::runner: batch kind="embed" subject=1 x smart jobs=1 ms=2
2026-08-28T05:52:46.780351Z  INFO fs3_daemon::runner: done kind="embed" id=53188 left=146
2026-08-28T05:52:46.781364Z  INFO fs3_daemon::runner: done kind=summarize subject=pocs/human-render/src/bin/demo.rs::load ms=27 left=146
2026-08-28T05:52:46.801333Z  INFO fs3_daemon::runner: batch kind="embed" subject=1 x smart jobs=1 ms=2
2026-08-28T05:52:46.803761Z  INFO fs3_daemon::runner: done kind=summarize subject=pocs/human-render/src/mode.rs::ColorPolicy ms=12 left=146
2026-08-28T05:52:46.821568Z  INFO fs3_daemon::runner: done kind="embed" id=53189 left=145
2026-08-28T05:52:46.853368Z  INFO fs3_daemon::runner: batch kind="embed" subject=1 x smart jobs=1 ms=0
2026-08-28T05:52:46.876425Z  INFO fs3_daemon::runner: done kind=summarize subject=pocs/human-render/src/mode.rs::ColorPolicy::choice ms=42 left=144
2026-08-28T05:52:46.876621Z  INFO fs3_daemon::runner: done kind="embed" id=53190 left=144
2026-08-28T05:52:46.893251Z  INFO fs3_daemon::runner: batch kind="embed" subject=1 x smart jobs=1 ms=1
2026-08-28T05:52:46.905228Z  INFO fs3_daemon::runner: done kind="embed" id=53191 left=144
2026-08-28T05:52:46.908932Z  INFO fs3_daemon::runner: done kind=summarize subject=pocs/human-render/src/mode.rs::Presentation ms=25 left=143
2026-08-28T05:52:46.927869Z  INFO fs3_daemon::runner: batch kind="embed" subject=1 x smart jobs=1 ms=0
2026-08-28T05:52:46.944749Z  INFO fs3_daemon::runner: done kind="embed" id=53192 left=143
2026-08-28T05:52:46.950289Z  INFO fs3_daemon::runner: done kind=summarize subject=pocs/human-render/src/mode.rs::Presentation::decide ms=38 left=142
2026-08-28T05:52:46.963876Z  INFO fs3_daemon::runner: batch kind="embed" subject=1 x smart jobs=1 ms=1
2026-08-28T05:52:46.989470Z  INFO fs3_daemon::runner: done kind="embed" id=53193 left=141
2026-08-28T05:52:46.990696Z  INFO fs3_daemon::runner: done kind=summarize subject=pocs/human-render/src/mode.rs::tests ms=39 left=141
2026-08-28T05:52:47.022998Z  INFO fs3_daemon::runner: batch kind="embed" subject=1 x smart jobs=1 ms=0
2026-08-28T05:52:47.049622Z  INFO fs3_daemon::runner: done kind=summarize subject=pocs/human-render/src/mode.rs::tests::a_terminal_gets_rich_and_a_pipe_gets_json ms=43 left=141
2026-08-28T05:52:47.055676Z  INFO fs3_daemon::runner: done kind="embed" id=53194 left=140
2026-08-28T05:52:47.101305Z  INFO fs3_daemon::runner: batch kind="embed" subject=1 x smart jobs=1 ms=2
2026-08-28T05:52:47.121329Z  INFO fs3_daemon::runner: done kind="embed" id=53195 left=140
2026-08-28T05:52:47.156698Z  INFO fs3_daemon::runner: done kind=summarize subject=pocs/human-render/src/render.rs::RenderOptions ms=83 left=139
2026-08-28T05:52:47.174138Z  INFO fs3_daemon::runner: batch kind="embed" subject=1 x smart jobs=1 ms=1
2026-08-28T05:52:47.188227Z  INFO fs3_daemon::runner: done kind="embed" id=53196 left=138
2026-08-28T05:52:47.188559Z  INFO fs3_daemon::runner: done kind=summarize subject=pocs/human-render/src/render.rs::render ms=35 left=138
2026-08-28T05:52:47.206215Z  INFO fs3_daemon::runner: batch kind="embed" subject=1 x smart jobs=1 ms=1
2026-08-28T05:52:47.231616Z  INFO fs3_daemon::runner: done kind="embed" id=53197 left=138
2026-08-28T05:52:47.233010Z  INFO fs3_daemon::runner: done kind=summarize subject=pocs/human-render/src/render.rs::tests ms=38 left=137
2026-08-28T05:52:47.351427Z  INFO fs3_daemon::runner: batch kind="embed" subject=1 x smart jobs=1 ms=4
2026-08-28T05:52:47.404964Z  INFO fs3_daemon::runner: done kind="embed" id=53198 left=136
2026-08-28T05:52:47.407533Z  INFO fs3_daemon::runner: done kind=summarize subject=pocs/human-render/src/render.rs::tests::a_failure_renders_as_a_failure_whatever_the_verb ms=152 left=136
2026-08-28T05:52:47.516185Z  INFO fs3_daemon::runner: batch kind="embed" subject=1 x smart jobs=1 ms=12
2026-08-28T05:52:47.545981Z  INFO fs3_daemon::runner: done kind="embed" id=53199 left=136
2026-08-28T05:52:47.557490Z  INFO fs3_daemon::runner: done kind=summarize subject=pocs/human-render/src/surfaces/doctor.rs::render ms=69 left=135
2026-08-28T05:52:47.788645Z  INFO fs3_daemon::runner: batch kind="embed" subject=1 x smart jobs=1 ms=1
2026-08-28T05:52:47.805862Z  INFO fs3_daemon::runner: done kind=summarize subject=pocs/human-render/src/surfaces/doctor.rs::summary ms=231 left=134
2026-08-28T05:52:47.806518Z  INFO fs3_daemon::runner: done kind="embed" id=53200 left=134
2026-08-28T05:52:47.878622Z  INFO fs3_daemon::runner: batch kind="embed" subject=1 x smart jobs=1 ms=5
2026-08-28T05:52:47.894040Z  INFO fs3_daemon::runner: done kind=summarize subject=pocs/human-render/src/surfaces/doctor.rs::checklist ms=79 left=133
2026-08-28T05:52:47.908983Z  INFO fs3_daemon::runner: done kind="embed" id=53201 left=133
2026-08-28T05:52:47.984401Z  INFO fs3_daemon::runner: batch kind="embed" subject=1 x smart jobs=1 ms=3
2026-08-28T05:52:48.057279Z  INFO fs3_daemon::runner: done kind="embed" id=53202 left=132
2026-08-28T05:52:48.060727Z  INFO fs3_daemon::runner: done kind=summarize subject=pocs/human-render/src/surfaces/doctor.rs::detail ms=118 left=132
2026-08-28T05:52:48.145807Z  INFO fs3_daemon::runner: batch kind="embed" subject=1 x smart jobs=1 ms=0
2026-08-28T05:52:48.174836Z  INFO fs3_daemon::runner: done kind="embed" id=53203 left=131
2026-08-28T05:52:48.175212Z  INFO fs3_daemon::runner: done kind=summarize subject=pocs/human-render/src/surfaces/doctor.rs::elapsed_label ms=80 left=131
2026-08-28T05:52:48.283003Z  INFO fs3_daemon::runner: batch kind="embed" subject=1 x smart jobs=1 ms=3
2026-08-28T05:52:48.321029Z  INFO fs3_daemon::runner: done kind=summarize subject=pocs/human-render/src/surfaces/doctor.rs::tests ms=126 left=130
2026-08-28T05:52:48.326896Z  INFO fs3_daemon::runner: done kind="embed" id=53204 left=130
2026-08-28T05:52:48.853033Z  INFO fs3_daemon::runner: batch kind="embed" subject=1 x smart jobs=1 ms=24
2026-08-28T05:52:48.864889Z  INFO fs3_daemon::runner: done kind=summarize subject=pocs/human-render/src/surfaces/failure.rs::render ms=103 left=129
2026-08-28T05:52:48.865068Z  INFO fs3_daemon::runner: done kind="embed" id=53205 left=129
2026-08-28T05:52:48.905021Z  INFO fs3_daemon::runner: progress phase="working" scanned=4925 scan_left=77 summarized=9412 summarize_left=51 embedded=15791 embed_left=1 failed=0
2026-08-28T05:52:48.972691Z  INFO fs3_daemon::runner: batch kind="embed" subject=1 x smart jobs=1 ms=1
2026-08-28T05:52:48.996597Z  INFO fs3_daemon::runner: done kind="embed" id=53206 left=128
2026-08-28T05:52:48.998556Z  INFO fs3_daemon::runner: done kind=summarize subject=pocs/human-render/src/surfaces/doctor.rs::tests::an_unhealthy_store_says_so_in_the_title ms=116 left=128
2026-08-28T05:52:49.048508Z  INFO fs3_daemon::runner: batch kind="embed" subject=1 x smart jobs=1 ms=2
2026-08-28T05:52:49.145551Z  INFO fs3_daemon::runner: done kind=summarize subject=pocs/human-render/src/surfaces/failure.rs::fix_box ms=132 left=127
2026-08-28T05:52:49.145728Z  INFO fs3_daemon::runner: done kind="embed" id=53207 left=127
2026-08-28T05:52:49.212777Z  INFO fs3_daemon::runner: batch kind="embed" subject=1 x smart jobs=1 ms=1
2026-08-28T05:52:49.243088Z  INFO fs3_daemon::runner: done kind="embed" id=53208 left=126
2026-08-28T05:52:49.247538Z  INFO fs3_daemon::runner: done kind=summarize subject=pocs/human-render/src/surfaces/failure.rs::details_block ms=56 left=126
2026-08-28T05:52:49.313685Z  INFO fs3_daemon::runner: batch kind="embed" subject=1 x smart jobs=1 ms=0
2026-08-28T05:52:49.361103Z  INFO fs3_daemon::runner: done kind=summarize subject=pocs/human-render/src/surfaces/generic.rs::render ms=83 left=125
2026-08-28T05:52:49.361473Z  INFO fs3_daemon::runner: done kind="embed" id=53209 left=125
2026-08-28T05:52:49.402588Z  INFO fs3_daemon::runner: batch kind="embed" subject=1 x smart jobs=1 ms=1
2026-08-28T05:52:49.417413Z  INFO fs3_daemon::runner: done kind=summarize subject=pocs/human-render/src/surfaces/failure.rs::tests ms=33 left=124
2026-08-28T05:52:49.417567Z  INFO fs3_daemon::runner: done kind="embed" id=53210 left=124
2026-08-28T05:52:49.501723Z  INFO fs3_daemon::runner: batch kind="embed" subject=1 x smart jobs=1 ms=1
2026-08-28T05:52:49.578194Z  INFO fs3_daemon::runner: done kind="embed" id=53211 left=123
2026-08-28T05:52:49.580829Z  INFO fs3_daemon::runner: done kind=summarize subject=pocs/human-render/src/surfaces/failure.rs::tests::the_fix_is_framed_and_the_code_is_not ms=134 left=123
2026-08-28T05:52:49.639801Z  INFO fs3_daemon::runner: batch kind="embed" subject=1 x smart jobs=1 ms=1
2026-08-28T05:52:49.659224Z  INFO fs3_daemon::runner: done kind="embed" id=53212 left=122
2026-08-28T05:52:49.659280Z  INFO fs3_daemon::runner: done kind=summarize subject=pocs/human-render/src/surfaces/generic.rs::tests ms=57 left=122
2026-08-28T05:52:49.725286Z  INFO fs3_daemon::runner: batch kind="embed" subject=1 x smart jobs=1 ms=1
2026-08-28T05:52:49.754539Z  INFO fs3_daemon::runner: done kind="embed" id=53213 left=121
2026-08-28T05:52:49.757953Z  INFO fs3_daemon::runner: done kind=summarize subject=pocs/human-render/src/surfaces/failure.rs::tests::a_failure_with_no_error_object_degrades_instead_of_inventing_one ms=60 left=121
2026-08-28T05:52:49.804256Z  INFO fs3_daemon::runner: batch kind="embed" subject=1 x smart jobs=1 ms=2
2026-08-28T05:52:49.844661Z  INFO fs3_daemon::runner: done kind="embed" id=53214 left=121
2026-08-28T05:52:49.856272Z  INFO fs3_daemon::runner: done kind=summarize subject=pocs/human-render/src/surfaces/generic.rs::tests::a_future_verb_renders_its_envelope_fields_and_its_payload ms=66 left=120
2026-08-28T05:52:49.905143Z  INFO fs3_daemon::runner: batch kind="embed" subject=1 x smart jobs=1 ms=4
2026-08-28T05:52:49.918756Z  INFO fs3_daemon::runner: done kind="embed" id=53215 left=119
2026-08-28T05:52:49.919701Z  INFO fs3_daemon::runner: done kind=summarize subject=pocs/human-render/src/surfaces/generic.rs::tests::an_envelope_with_a_field_this_build_never_heard_of_still_renders ms=58 left=119
2026-08-28T05:52:49.980171Z  INFO fs3_daemon::runner: batch kind="embed" subject=1 x smart jobs=1 ms=3
2026-08-28T05:52:50.001037Z  INFO fs3_daemon::runner: done kind="embed" id=53216 left=119
2026-08-28T05:52:50.016752Z  INFO fs3_daemon::runner: done kind=summarize subject=pocs/human-render/src/surfaces/search.rs::render ms=46 left=118
2026-08-28T05:52:50.028473Z  INFO fs3_daemon::runner: batch kind="embed" subject=1 x smart jobs=1 ms=1
2026-08-28T05:52:50.041273Z  INFO fs3_daemon::runner: done kind=summarize subject=pocs/human-render/src/surfaces/search.rs::summary ms=25 left=117
2026-08-28T05:52:50.041660Z  INFO fs3_daemon::runner: done kind="embed" id=53217 left=117
2026-08-28T05:52:50.063559Z  INFO fs3_daemon::runner: batch kind="embed" subject=1 x smart jobs=1 ms=0
2026-08-28T05:52:50.082734Z  INFO fs3_daemon::runner: done kind="embed" id=53218 left=116
2026-08-28T05:52:50.083093Z  INFO fs3_daemon::runner: done kind=summarize subject=pocs/human-render/src/surfaces/search.rs::filters_line ms=31 left=116
2026-08-28T05:52:50.139632Z  INFO fs3_daemon::runner: batch kind="embed" subject=1 x smart jobs=1 ms=1
2026-08-28T05:52:50.150850Z  INFO fs3_daemon::runner: done kind=summarize subject=pocs/human-render/src/surfaces/search.rs::hits_table ms=41 left=115
2026-08-28T05:52:50.150984Z  INFO fs3_daemon::runner: done kind="embed" id=53219 left=115
2026-08-28T05:52:50.183310Z  INFO fs3_daemon::runner: batch kind="embed" subject=1 x smart jobs=1 ms=1
2026-08-28T05:52:50.243608Z  INFO fs3_daemon::runner: done kind=summarize subject=pocs/human-render/src/surfaces/search.rs::kind_cell ms=80 left=114
2026-08-28T05:52:50.243771Z  INFO fs3_daemon::runner: done kind="embed" id=53220 left=114
2026-08-28T05:52:50.328054Z  INFO fs3_daemon::runner: batch kind="embed" subject=1 x smart jobs=1 ms=1
2026-08-28T05:52:50.351573Z  INFO fs3_daemon::runner: done kind=summarize subject=pocs/human-render/src/surfaces/search.rs::element_cell ms=56 left=113
2026-08-28T05:52:50.352053Z  INFO fs3_daemon::runner: done kind="embed" id=53221 left=113
2026-08-28T05:52:50.417540Z  INFO fs3_daemon::runner: batch kind="embed" subject=1 x smart jobs=1 ms=1
2026-08-28T05:52:50.428284Z  INFO fs3_daemon::runner: done kind="embed" id=53222 left=113
2026-08-28T05:52:50.434369Z  INFO fs3_daemon::runner: done kind=summarize subject=pocs/human-render/src/surfaces/search.rs::tags_cell ms=59 left=112
2026-08-28T05:52:50.456980Z  INFO fs3_daemon::runner: batch kind="embed" subject=1 x smart jobs=1 ms=1
2026-08-28T05:52:50.481925Z  INFO fs3_daemon::runner: done kind="embed" id=53223 left=112
2026-08-28T05:52:50.492022Z  INFO fs3_daemon::runner: done kind=summarize subject=pocs/human-render/src/surfaces/search.rs::folders_block ms=49 left=111
2026-08-28T05:52:50.515205Z  INFO fs3_daemon::runner: batch kind="embed" subject=1 x smart jobs=1 ms=0
2026-08-28T05:52:50.541280Z  INFO fs3_daemon::runner: done kind="embed" id=53224 left=111
2026-08-28T05:52:50.549569Z  INFO fs3_daemon::runner: done kind=summarize subject=pocs/human-render/src/surfaces/status.rs::render ms=48 left=110
2026-08-28T05:52:50.576806Z  INFO fs3_daemon::runner: batch kind="embed" subject=1 x smart jobs=1 ms=4
2026-08-28T05:52:50.680726Z  INFO fs3_daemon::runner: done kind="embed" id=53225 left=110
2026-08-28T05:52:50.713863Z  INFO fs3_daemon::runner: done kind=summarize subject=pocs/human-render/src/surfaces/search.rs::tests ms=158 left=109
2026-08-28T05:52:50.812707Z  INFO fs3_daemon::runner: batch kind="embed" subject=1 x smart jobs=1 ms=1
2026-08-28T05:52:50.838852Z  INFO fs3_daemon::runner: done kind=summarize subject=pocs/human-render/src/surfaces/status.rs::summary ms=68 left=108
2026-08-28T05:52:50.841078Z  INFO fs3_daemon::runner: done kind="embed" id=53226 left=108
2026-08-28T05:52:50.895675Z  INFO fs3_daemon::runner: batch kind="embed" subject=1 x smart jobs=1 ms=2
2026-08-28T05:52:50.910046Z  INFO fs3_daemon::runner: done kind="embed" id=53227 left=108
2026-08-28T05:52:50.921349Z  INFO fs3_daemon::runner: done kind=summarize subject=pocs/human-render/src/surfaces/search.rs::tests::the_ranked_rows_carry_address_score_kind_span_tags_and_a_blurb ms=52 left=107
2026-08-28T05:52:50.935919Z  INFO fs3_daemon::runner: batch kind="embed" subject=1 x smart jobs=1 ms=0
2026-08-28T05:52:50.946261Z  INFO fs3_daemon::runner: done kind="embed" id=53228 left=107
2026-08-28T05:52:50.952487Z  INFO fs3_daemon::runner: done kind=summarize subject=pocs/human-render/src/surfaces/status.rs::roots_table ms=20 left=106
2026-08-28T05:52:50.982294Z  INFO fs3_daemon::runner: batch kind="embed" subject=1 x smart jobs=1 ms=0
2026-08-28T05:52:51.010380Z  INFO fs3_daemon::runner: done kind=summarize subject=pocs/human-render/src/surfaces/search.rs::tests::the_folder_steer_is_ordered_by_count ms=52 left=106
2026-08-28T05:52:51.020755Z  INFO fs3_daemon::runner: done kind="embed" id=53229 left=105
2026-08-28T05:52:51.059140Z  INFO fs3_daemon::runner: batch kind="embed" subject=1 x smart jobs=1 ms=0
2026-08-28T05:52:51.066204Z  INFO fs3_daemon::runner: done kind=summarize subject=pocs/human-render/src/surfaces/status.rs::queue_table ms=35 left=105
2026-08-28T05:52:51.074193Z  INFO fs3_daemon::runner: done kind="embed" id=53230 left=104
2026-08-28T05:52:51.133970Z  INFO fs3_daemon::runner: batch kind="embed" subject=1 x smart jobs=1 ms=3
2026-08-28T05:52:51.144791Z  INFO fs3_daemon::runner: done kind=summarize subject=pocs/human-render/src/surfaces/status.rs::tests ms=58 left=103
2026-08-28T05:52:51.145827Z  INFO fs3_daemon::runner: done kind="embed" id=53231 left=103
2026-08-28T05:52:51.163027Z  INFO fs3_daemon::runner: batch kind="embed" subject=1 x smart jobs=1 ms=0
2026-08-28T05:52:51.165892Z  INFO fs3_daemon::runner: done kind=summarize subject=pocs/human-render/src/surfaces/status.rs::tests::the_queue_is_pivoted_to_one_row_per_kind ms=14 left=103
2026-08-28T05:52:51.169604Z  INFO fs3_daemon::runner: done kind="embed" id=53232 left=102
2026-08-28T05:52:51.191663Z  INFO fs3_daemon::runner: batch kind="embed" subject=1 x smart jobs=1 ms=0
2026-08-28T05:52:51.224496Z  INFO fs3_daemon::runner: done kind="embed" id=53233 left=102
2026-08-28T05:52:51.228778Z  INFO fs3_daemon::runner: done kind=summarize subject=pocs/human-render/src/surfaces/search.rs::tests::no_hits_says_what_would_widen_the_search ms=50 left=101
2026-08-28T05:52:51.243067Z  INFO fs3_daemon::runner: batch kind="embed" subject=1 x smart jobs=1 ms=0
2026-08-28T05:52:51.253374Z  INFO fs3_daemon::runner: done kind=summarize subject=pocs/human-render/src/surfaces/status.rs::tests::a_database_ahead_of_the_binary_is_shouted_about ms=21 left=101
2026-08-28T05:52:51.268957Z  INFO fs3_daemon::runner: done kind="embed" id=53234 left=100
2026-08-28T05:52:51.340649Z  INFO fs3_daemon::runner: batch kind="embed" subject=1 x smart jobs=1 ms=0
2026-08-28T05:52:51.369820Z  INFO fs3_daemon::runner: done kind="embed" id=53235 left=99
2026-08-28T05:52:51.374019Z  INFO fs3_daemon::runner: done kind=summarize subject=pocs/human-render/src/surfaces/search.rs::tests::a_search_with_no_meta_at_all_still_renders_its_rows ms=70 left=99
2026-08-28T05:52:51.428131Z  INFO fs3_daemon::runner: batch kind="embed" subject=1 x smart jobs=1 ms=8
2026-08-28T05:52:51.452568Z  INFO fs3_daemon::runner: done kind="embed" id=53236 left=99
2026-08-28T05:52:51.467830Z  INFO fs3_daemon::runner: done kind=summarize subject=pocs/human-render/src/theme.rs::spans ms=66 left=98
2026-08-28T05:52:51.536972Z  INFO fs3_daemon::runner: batch kind="embed" subject=1 x smart jobs=1 ms=1
2026-08-28T05:52:51.574509Z  INFO fs3_daemon::runner: done kind="embed" id=53237 left=98
2026-08-28T05:52:51.593435Z  INFO fs3_daemon::runner: done kind=summarize subject=pocs/human-render/src/theme.rs::next_action ms=78 left=97
2026-08-28T05:52:51.664641Z  INFO fs3_daemon::runner: batch kind="embed" subject=1 x smart jobs=1 ms=0
2026-08-28T05:52:51.697377Z  INFO fs3_daemon::runner: done kind="embed" id=53238 left=96
2026-08-28T05:52:51.699338Z  INFO fs3_daemon::runner: done kind=summarize subject=pocs/human-render/src/theme.rs::score_meter ms=81 left=96
2026-08-28T05:52:51.786252Z  INFO fs3_daemon::runner: batch kind="embed" subject=1 x smart jobs=1 ms=19
2026-08-28T05:52:51.809678Z  INFO fs3_daemon::runner: done kind=summarize subject=pocs/human-render/src/theme.rs::meter ms=76 left=96
2026-08-28T05:52:51.835941Z  INFO fs3_daemon::runner: done kind="embed" id=53239 left=95
2026-08-28T05:52:51.911361Z  INFO fs3_daemon::runner: batch kind="embed" subject=1 x smart jobs=1 ms=0
2026-08-28T05:52:51.949426Z  INFO fs3_daemon::runner: done kind="embed" id=53240 left=94
2026-08-28T05:52:51.956134Z  INFO fs3_daemon::runner: done kind=summarize subject=pocs/human-render/src/theme.rs::count_or_dim ms=76 left=94
2026-08-28T05:52:52.077893Z  INFO fs3_daemon::runner: batch kind="embed" subject=1 x smart jobs=1 ms=28
2026-08-28T05:52:52.140026Z  INFO fs3_daemon::runner: done kind=summarize subject=pocs/human-render/src/theme.rs::Emphasis ms=144 left=93
2026-08-28T05:52:52.146252Z  INFO fs3_daemon::runner: done kind="embed" id=53241 left=93
2026-08-28T05:52:52.209938Z  INFO fs3_daemon::runner: batch kind="embed" subject=1 x smart jobs=1 ms=1
2026-08-28T05:52:52.236296Z  INFO fs3_daemon::runner: done kind=summarize subject=pocs/human-render/src/theme.rs::block ms=57 left=92
2026-08-28T05:52:52.236422Z  INFO fs3_daemon::runner: done kind="embed" id=53242 left=92
2026-08-28T05:52:52.271491Z  INFO fs3_daemon::runner: batch kind="embed" subject=1 x smart jobs=1 ms=1
2026-08-28T05:52:52.304284Z  INFO fs3_daemon::runner: done kind="embed" id=53243 left=92
2026-08-28T05:52:52.329861Z  INFO fs3_daemon::runner: done kind=summarize subject=pocs/human-render/src/theme.rs::tests ms=77 left=91
2026-08-28T05:52:52.376818Z  INFO fs3_daemon::runner: batch kind="embed" subject=1 x smart jobs=1 ms=0
2026-08-28T05:52:52.412208Z  INFO fs3_daemon::runner: done kind="embed" id=53244 left=91
2026-08-28T05:52:52.430945Z  INFO fs3_daemon::runner: done kind=summarize subject=pocs/human-render/src/views.rs::Hit ms=78 left=90
2026-08-28T05:52:52.494312Z  INFO fs3_daemon::runner: batch kind="embed" subject=1 x smart jobs=1 ms=1
2026-08-28T05:52:52.558510Z  INFO fs3_daemon::runner: done kind=summarize subject=pocs/human-render/src/views.rs::SearchMeta ms=106 left=89
2026-08-28T05:52:52.558669Z  INFO fs3_daemon::runner: done kind="embed" id=53245 left=89
2026-08-28T05:52:52.650253Z  INFO fs3_daemon::runner: batch kind="embed" subject=1 x smart jobs=1 ms=1
2026-08-28T05:52:52.700148Z  INFO fs3_daemon::runner: done kind="embed" id=53246 left=88
2026-08-28T05:52:52.705412Z  INFO fs3_daemon::runner: done kind=summarize subject=pocs/human-render/src/views.rs::Step ms=115 left=88
2026-08-28T05:52:52.819292Z  INFO fs3_daemon::runner: batch kind="embed" subject=1 x smart jobs=1 ms=0
2026-08-28T05:52:52.901376Z  INFO fs3_daemon::runner: done kind="embed" id=53247 left=87
2026-08-28T05:52:52.904952Z  INFO fs3_daemon::runner: done kind=summarize subject=pocs/human-render/src/views.rs::StatusReport ms=153 left=87
2026-08-28T05:52:53.169174Z  INFO fs3_daemon::runner: batch kind="embed" subject=1 x smart jobs=1 ms=1
2026-08-28T05:52:53.205414Z  INFO fs3_daemon::runner: done kind="embed" id=53248 left=86
2026-08-28T05:52:53.205450Z  INFO fs3_daemon::runner: done kind=summarize subject=pocs/human-render/src/views.rs::Root ms=228 left=86
2026-08-28T05:52:53.279674Z  INFO fs3_daemon::runner: batch kind="embed" subject=1 x smart jobs=1 ms=1
2026-08-28T05:52:53.298622Z  INFO fs3_daemon::runner: done kind="embed" id=53249 left=85
2026-08-28T05:52:53.300034Z  INFO fs3_daemon::runner: done kind=summarize subject=pocs/human-render/src/views.rs::QueueRow ms=43 left=85
2026-08-28T05:52:53.353397Z  INFO fs3_daemon::runner: batch kind="embed" subject=1 x smart jobs=1 ms=0
2026-08-28T05:52:53.364578Z  INFO fs3_daemon::runner: done kind=summarize subject=pocs/human-render/tests/surfaces.rs::demo ms=56 left=84
2026-08-28T05:52:53.364735Z  INFO fs3_daemon::runner: done kind="embed" id=53250 left=84
2026-08-28T05:52:53.422033Z  INFO fs3_daemon::runner: batch kind="embed" subject=1 x smart jobs=1 ms=0
2026-08-28T05:52:53.457939Z  INFO fs3_daemon::runner: done kind=summarize subject=pocs/human-render/tests/surfaces.rs::every_fixture_renders_something_a_person_can_read ms=73 left=83
2026-08-28T05:52:53.458761Z  INFO fs3_daemon::runner: done kind="embed" id=53251 left=83
2026-08-28T05:52:53.486422Z  INFO fs3_daemon::runner: batch kind="embed" subject=1 x smart jobs=1 ms=2
2026-08-28T05:52:53.518239Z  INFO fs3_daemon::runner: done kind="embed" id=53252 left=82
2026-08-28T05:52:53.518399Z  INFO fs3_daemon::runner: done kind=summarize subject=pocs/human-render/tests/surfaces.rs::a_pipe_gets_the_envelope_and_a_terminal_would_get_the_table ms=49 left=82
2026-08-28T05:52:53.549798Z  INFO fs3_daemon::runner: batch kind="embed" subject=1 x smart jobs=1 ms=0
2026-08-28T05:52:53.645489Z  INFO fs3_daemon::runner: done kind="embed" id=53253 left=81
2026-08-28T05:52:53.645773Z  INFO fs3_daemon::runner: done kind=summarize subject=pocs/human-render/tests/surfaces.rs::the_json_path_is_the_same_bytes_not_a_reserialisation ms=109 left=81
2026-08-28T05:52:53.753104Z  INFO fs3_daemon::runner: batch kind="embed" subject=1 x smart jobs=1 ms=0
2026-08-28T05:52:53.768183Z  INFO fs3_daemon::runner: done kind="embed" id=53254 left=81
2026-08-28T05:52:53.800949Z  INFO fs3_daemon::runner: done kind=summarize subject=pocs/human-render/tests/surfaces.rs::no_color_strips_the_styling_without_changing_the_layout ms=119 left=80
2026-08-28T05:52:53.874661Z  INFO fs3_daemon::runner: batch kind="embed" subject=1 x smart jobs=1 ms=0
2026-08-28T05:52:53.908825Z  INFO fs3_daemon::runner: done kind=summarize subject=pocs/human-render/tests/surfaces.rs::an_envelope_arriving_on_stdin_renders_like_any_other ms=93 left=79
2026-08-28T05:52:53.908917Z  INFO fs3_daemon::runner: done kind="embed" id=53255 left=79
2026-08-28T05:52:53.988420Z  INFO fs3_daemon::runner: progress phase="working" scanned=4925 scan_left=77 summarized=9462 summarize_left=1 embedded=15841 embed_left=1 failed=0
2026-08-28T05:52:54.001201Z  INFO fs3_daemon::runner: done kind=summarize subject=pocs/human-render/tests/surfaces.rs::a_narrow_terminal_still_produces_a_table_that_fits ms=32 left=79
2026-08-28T05:52:54.002924Z  INFO fs3_daemon::runner: batch kind="embed" subject=2 x smart jobs=2 ms=0
2026-08-28T05:52:54.019932Z  INFO fs3_daemon::runner: done kind="embed" id=53256 left=78
2026-08-28T05:52:54.039571Z  INFO fs3_daemon::runner: done kind="embed" id=53257 left=77
2026-08-28T05:52:54.095419Z  INFO fs3_daemon::runner: done kind=scan_file subject=docs/plans/006-worktree-diff/assets/probes/out/run-20260828T054918Z/p1-noop-jobs.txt ms=44 left=77
2026-08-28T05:52:54.096167Z  INFO fs3_daemon::runner: batch kind="embed" subject=1 x raw jobs=1 ms=11
2026-08-28T05:52:54.113018Z  INFO fs3_daemon::runner: done kind="embed" id=53258 left=76
2026-08-28T05:52:54.905791Z  INFO fs3_daemon::runner: batch kind="embed" subject=16 x raw jobs=1 ms=474
2026-08-28T05:52:54.984717Z  INFO fs3_daemon::runner: done kind=scan_file subject=AGENTS.md ms=829 left=126
2026-08-28T05:52:54.985260Z  INFO fs3_daemon::runner: done kind=scan_file subject=crates/cli/src/lib.rs ms=591 left=126
2026-08-28T05:52:54.993542Z  INFO fs3_daemon::runner: done kind="embed" id=53283 left=126
2026-08-28T05:52:55.013229Z  INFO fs3_daemon::runner: done kind=scan_file subject=crates/cli/docs/agents.md ms=808 left=131
2026-08-28T05:52:55.044374Z  INFO fs3_daemon::runner: done kind=scan_file subject=crates/cli/docs/search.md ms=787 left=135
2026-08-28T05:52:55.091113Z  INFO fs3_daemon::runner: batch kind="embed" subject=53 x raw jobs=5 ms=6
2026-08-28T05:52:55.153893Z  INFO fs3_daemon::runner: done kind=scan_file subject=crates/cli/docs/read.md ms=915 left=146
2026-08-28T05:52:55.184682Z  INFO fs3_daemon::runner: done kind="embed" id=53301 left=145
2026-08-28T05:52:55.250107Z  INFO fs3_daemon::runner: done kind="embed" id=53313 left=150
2026-08-28T05:52:55.274232Z  INFO fs3_daemon::runner: done kind=scan_file subject=crates/core/src/ports.rs ms=1206 left=154
2026-08-28T05:52:55.285069Z  INFO fs3_daemon::runner: done kind="embed" id=53298 left=153
2026-08-28T05:52:55.294142Z  INFO fs3_daemon::runner: done kind="embed" id=53316 left=157
2026-08-28T05:52:55.326356Z  INFO fs3_daemon::runner: done kind="embed" id=53309 left=161
2026-08-28T05:52:55.488895Z  INFO fs3_daemon::runner: done kind=scan_file subject=crates/cli/skills/flowspace/SKILL.md ms=1185 left=181
2026-08-28T05:52:55.506617Z  INFO fs3_daemon::runner: batch kind="embed" subject=51 x raw jobs=4 ms=108
2026-08-28T05:52:55.534832Z  INFO fs3_daemon::runner: done kind="embed" id=53323 left=190
2026-08-28T05:52:55.548978Z  INFO fs3_daemon::runner: done kind="embed" id=53335 left=192
2026-08-28T05:52:55.549079Z  INFO fs3_daemon::runner: done kind=scan_file subject=crates/cli/src/render/mod.rs ms=183 left=192
2026-08-28T05:52:55.559340Z  INFO fs3_daemon::runner: done kind="embed" id=53340 left=195
2026-08-28T05:52:55.567260Z  INFO fs3_daemon::runner: done kind=scan_file subject=crates/cli/src/client.rs ms=1247 left=195
2026-08-28T05:52:55.567443Z  INFO fs3_daemon::runner: done kind=scan_file subject=crates/cli/src/main.rs ms=526 left=195
2026-08-28T05:52:55.584353Z  INFO fs3_daemon::runner: done kind="embed" id=53360 left=194
2026-08-28T05:52:55.692133Z  INFO fs3_daemon::runner: batch kind="embed" subject=96 x raw jobs=8 ms=84
2026-08-28T05:52:55.729869Z  INFO fs3_daemon::runner: done kind=scan_file subject=crates/testkit/src/fakes.rs ms=1604 left=205
2026-08-28T05:52:55.763241Z  INFO fs3_daemon::runner: done kind="embed" id=53391 left=205
2026-08-28T05:52:55.791453Z  INFO fs3_daemon::runner: done kind="embed" id=53393 left=206
2026-08-28T05:52:55.805040Z  INFO fs3_daemon::runner: done kind="embed" id=53380 left=207
2026-08-28T05:52:55.813277Z  INFO fs3_daemon::runner: done kind="embed" id=53379 left=206
2026-08-28T05:52:55.813409Z  INFO fs3_daemon::runner: done kind=scan_file subject=crates/cli/src/render/progress.rs ms=216 left=206
2026-08-28T05:52:55.825926Z  INFO fs3_daemon::runner: done kind="embed" id=53371 left=206
2026-08-28T05:52:55.855996Z  INFO fs3_daemon::runner: done kind="embed" id=53394 left=206
2026-08-28T05:52:55.880009Z  INFO fs3_daemon::runner: done kind="embed" id=53382 left=206
2026-08-28T05:52:55.897573Z  INFO fs3_daemon::runner: done kind=scan_file subject=crates/cli/src/doctor.rs ms=1551 left=205
2026-08-28T05:52:55.901703Z  INFO fs3_daemon::runner: done kind="embed" id=53376 left=204
2026-08-28T05:52:55.923970Z  INFO fs3_daemon::runner: batch kind="embed" subject=34 x raw jobs=4 ms=0
2026-08-28T05:52:55.937708Z  INFO fs3_daemon::runner: done kind="embed" id=53406 left=205
2026-08-28T05:52:55.945319Z  INFO fs3_daemon::runner: done kind=scan_file subject=crates/cli/src/render/surfaces/doctor.rs ms=35 left=203
2026-08-28T05:52:55.945937Z  INFO fs3_daemon::runner: done kind="embed" id=53413 left=203
2026-08-28T05:52:55.969143Z  INFO fs3_daemon::runner: done kind="embed" id=53417 left=202
2026-08-28T05:52:55.998890Z  INFO fs3_daemon::runner: done kind="embed" id=53414 left=201
2026-08-28T05:52:56.039850Z  INFO fs3_daemon::runner: batch kind="embed" subject=1 x raw jobs=1 ms=1
2026-08-28T05:52:56.056404Z  INFO fs3_daemon::runner: done kind="embed" id=53419 left=201
2026-08-28T05:52:56.083265Z  INFO fs3_daemon::runner: done kind=scan_file subject=crates/cli/src/render/surfaces/failure.rs ms=62 left=202
2026-08-28T05:52:56.088905Z  INFO fs3_daemon::runner: batch kind="embed" subject=3 x raw jobs=1 ms=0
2026-08-28T05:52:56.093546Z  INFO fs3_daemon::runner: done kind="embed" id=53422 left=204
2026-08-28T05:52:56.120202Z  INFO fs3_daemon::runner: done kind=scan_file subject=crates/cli/src/render/surfaces/mod.rs ms=42 left=203
2026-08-28T05:52:56.128420Z  INFO fs3_daemon::runner: batch kind="embed" subject=8 x raw jobs=1 ms=0
2026-08-28T05:52:56.132600Z  INFO fs3_daemon::runner: done kind=scan_file subject=crates/cli/src/render/surfaces/lists.rs ms=62 left=204
2026-08-28T05:52:56.132664Z  INFO fs3_daemon::runner: done kind="embed" id=53424 left=204
2026-08-28T05:52:56.235657Z  INFO fs3_daemon::runner: batch kind="embed" subject=5 x raw jobs=1 ms=1
2026-08-28T05:52:56.244718Z  INFO fs3_daemon::runner: done kind="embed" id=53427 left=208
2026-08-28T05:52:56.256002Z  INFO fs3_daemon::runner: done kind=scan_file subject=crates/cli/src/render/surfaces/read.rs ms=133 left=208
2026-08-28T05:52:56.275576Z  INFO fs3_daemon::runner: batch kind="embed" subject=7 x raw jobs=2 ms=1
2026-08-28T05:52:56.276378Z  INFO fs3_daemon::runner: done kind=scan_file subject=crates/cli/src/render/surfaces/remove.rs ms=103 left=208
2026-08-28T05:52:56.285297Z  INFO fs3_daemon::runner: done kind="embed" id=53432 left=208
2026-08-28T05:52:56.293254Z  INFO fs3_daemon::runner: done kind=scan_file subject=crates/cli/src/render/surfaces/roots.rs ms=38 left=206
2026-08-28T05:52:56.293488Z  INFO fs3_daemon::runner: done kind="embed" id=53434 left=206
2026-08-28T05:52:56.342387Z  INFO fs3_daemon::runner: batch kind="embed" subject=1 x raw jobs=1 ms=6
2026-08-28T05:52:56.385428Z  INFO fs3_daemon::runner: done kind="embed" id=53436 left=206
2026-08-28T05:52:56.643899Z  INFO fs3_daemon::runner: done kind=scan_file subject=crates/cli/src/render/surfaces/search.rs ms=328 left=206
2026-08-28T05:52:56.644959Z  INFO fs3_daemon::runner: batch kind="embed" subject=2 x raw jobs=1 ms=2
2026-08-28T05:52:56.695313Z  INFO fs3_daemon::runner: done kind="embed" id=53438 left=206
2026-08-28T05:52:56.826851Z  INFO fs3_daemon::runner: batch kind="embed" subject=1 x raw jobs=1 ms=1
2026-08-28T05:52:56.839837Z  INFO fs3_daemon::runner: done kind=scan_file subject=crates/cli/src/render/surfaces/status.rs ms=383 left=206
2026-08-28T05:52:56.948805Z  INFO fs3_daemon::runner: done kind="embed" id=53440 left=206
2026-08-28T05:52:57.548517Z  INFO fs3_daemon::runner: batch kind="embed" subject=16 x raw jobs=1 ms=6
2026-08-28T05:52:57.571176Z  INFO fs3_daemon::runner: done kind=scan_file subject=crates/cli/src/watch.rs ms=323 left=223
2026-08-28T05:52:57.629923Z  INFO fs3_daemon::runner: done kind=scan_file subject=crates/cli/src/render/theme.rs ms=868 left=223
2026-08-28T05:52:57.633474Z  INFO fs3_daemon::runner: done kind="embed" id=53449 left=223
2026-08-28T05:52:57.765292Z  INFO fs3_daemon::runner: batch kind="embed" subject=22 x raw jobs=3 ms=0
2026-08-28T05:52:57.851341Z  INFO fs3_daemon::runner: done kind="embed" id=53456 left=233
2026-08-28T05:52:57.933147Z  INFO fs3_daemon::runner: done kind="embed" id=53462 left=236
2026-08-28T05:52:57.965886Z  INFO fs3_daemon::runner: done kind=scan_file subject=crates/cli/tests/envelope_goldens.rs ms=477 left=237
2026-08-28T05:52:57.966016Z  INFO fs3_daemon::runner: done kind="embed" id=53454 left=237
2026-08-28T05:52:58.005038Z  INFO fs3_daemon::runner: batch kind="embed" subject=8 x raw jobs=1 ms=1
2026-08-28T05:52:58.051861Z  INFO fs3_daemon::runner: done kind="embed" id=53476 left=246
2026-08-28T05:52:58.052285Z  INFO fs3_daemon::runner: done kind=scan_file subject=crates/cli/tests/doctor_daemon.rs ms=632 left=246
2026-08-28T05:52:58.067308Z  INFO fs3_daemon::runner: done kind=scan_file subject=crates/cli/tests/goldens/PROVENANCE.md ms=359 left=248
2026-08-28T05:52:58.071846Z  INFO fs3_daemon::runner: batch kind="embed" subject=34 x raw jobs=3 ms=0
2026-08-28T05:52:58.082163Z  INFO fs3_daemon::runner: done kind="embed" id=53486 left=253
2026-08-28T05:52:58.086608Z  INFO fs3_daemon::runner: done kind="embed" id=53491 left=255
2026-08-28T05:52:58.091688Z  INFO fs3_daemon::runner: done kind=scan_file subject=crates/cli/tests/messages_visible.rs ms=111 left=255
2026-08-28T05:52:58.091812Z  INFO fs3_daemon::runner: done kind="embed" id=53489 left=255
2026-08-28T05:52:58.124978Z  INFO fs3_daemon::runner: batch kind="embed" subject=5 x raw jobs=1 ms=1
2026-08-28T05:52:58.145053Z  INFO fs3_daemon::runner: done kind="embed" id=53502 left=263
2026-08-28T05:52:58.172373Z  INFO fs3_daemon::runner: done kind=scan_file subject=crates/cli/tests/render_progress.rs ms=71 left=266
2026-08-28T05:52:58.185621Z  INFO fs3_daemon::runner: batch kind="embed" subject=35 x raw jobs=3 ms=0
2026-08-28T05:52:58.196563Z  INFO fs3_daemon::runner: done kind="embed" id=53513 left=270
2026-08-28T05:52:58.202465Z  INFO fs3_daemon::runner: done kind="embed" id=53508 left=270
2026-08-28T05:52:58.202628Z  INFO fs3_daemon::runner: done kind=scan_file subject=crates/cli/tests/render_output.rs ms=141 left=270
2026-08-28T05:52:58.207459Z  INFO fs3_daemon::runner: done kind="embed" id=53515 left=270
2026-08-28T05:52:58.246789Z  INFO fs3_daemon::runner: batch kind="embed" subject=1 x raw jobs=1 ms=0
2026-08-28T05:52:58.265779Z  INFO fs3_daemon::runner: done kind="embed" id=53522 left=277
2026-08-28T05:52:58.332776Z  INFO fs3_daemon::runner: done kind=scan_file subject=crates/cli/tests/status_watch.rs ms=168 left=284
2026-08-28T05:52:58.335440Z  INFO fs3_daemon::runner: batch kind="embed" subject=23 x raw jobs=2 ms=0
2026-08-28T05:52:58.366812Z  INFO fs3_daemon::runner: done kind="embed" id=53540 left=288
2026-08-28T05:52:58.367371Z  INFO fs3_daemon::runner: done kind=scan_file subject=crates/core/src/lib.rs ms=85 left=288
2026-08-28T05:52:58.382011Z  INFO fs3_daemon::runner: done kind="embed" id=53538 left=290
2026-08-28T05:52:58.402570Z  INFO fs3_daemon::runner: batch kind="embed" subject=19 x raw jobs=2 ms=0
2026-08-28T05:52:58.416957Z  INFO fs3_daemon::runner: done kind=scan_file subject=crates/core/src/events.rs ms=197 left=296
2026-08-28T05:52:58.417898Z  INFO fs3_daemon::runner: done kind="embed" id=53541 left=296
2026-08-28T05:52:58.417916Z  INFO fs3_daemon::runner: done kind=scan_file subject=crates/core/src/output.rs ms=93 left=296
2026-08-28T05:52:58.445882Z  INFO fs3_daemon::runner: done kind="embed" id=53543 left=297
2026-08-28T05:52:58.469506Z  INFO fs3_daemon::runner: batch kind="embed" subject=22 x raw jobs=2 ms=3
2026-08-28T05:52:58.483157Z  INFO fs3_daemon::runner: done kind="embed" id=53556 left=306
2026-08-28T05:52:58.486633Z  INFO fs3_daemon::runner: done kind="embed" id=53555 left=308
2026-08-28T05:52:58.500044Z  INFO fs3_daemon::runner: done kind=scan_file subject=crates/core/src/views/mod.rs ms=42 left=309
2026-08-28T05:52:58.507769Z  INFO fs3_daemon::runner: done kind=scan_file subject=crates/core/src/views/doctor.rs ms=113 left=310
2026-08-28T05:52:58.509092Z  INFO fs3_daemon::runner: batch kind="embed" subject=36 x raw jobs=3 ms=1
2026-08-28T05:52:58.547371Z  INFO fs3_daemon::runner: done kind="embed" id=53576 left=311
2026-08-28T05:52:58.606221Z  INFO fs3_daemon::runner: done kind="embed" id=53575 left=312
2026-08-28T05:52:58.622166Z  INFO fs3_daemon::runner: done kind="embed" id=53573 left=313
2026-08-28T05:52:58.642316Z  INFO fs3_daemon::runner: done kind=scan_file subject=crates/core/src/views/read.rs ms=142 left=322
2026-08-28T05:52:58.644478Z  INFO fs3_daemon::runner: batch kind="embed" subject=7 x raw jobs=1 ms=0
2026-08-28T05:52:58.649706Z  INFO fs3_daemon::runner: done kind=scan_file subject=crates/core/src/views/remove.rs ms=22 left=325
2026-08-28T05:52:58.652367Z  INFO fs3_daemon::runner: done kind="embed" id=53591 left=327
2026-08-28T05:52:58.661036Z  INFO fs3_daemon::runner: done kind=scan_file subject=crates/core/src/views/roots.rs ms=28 left=326
2026-08-28T05:52:58.661207Z  INFO fs3_daemon::runner: done kind=scan_file subject=crates/core/src/views/search.rs ms=22 left=326
2026-08-28T05:52:58.664991Z  INFO fs3_daemon::runner: batch kind="embed" subject=7 x raw jobs=3 ms=0
2026-08-28T05:52:58.667163Z  INFO fs3_daemon::runner: done kind=scan_file subject=crates/cli/src/tui.rs ms=1631 left=327
2026-08-28T05:52:58.671816Z  INFO fs3_daemon::runner: done kind="embed" id=53601 left=326
2026-08-28T05:52:58.700689Z  INFO fs3_daemon::runner: done kind="embed" id=53599 left=326
2026-08-28T05:52:58.742924Z  INFO fs3_daemon::runner: done kind="embed" id=53595 left=326
2026-08-28T05:52:58.751991Z  INFO fs3_daemon::runner: done kind=scan_file subject=crates/core/src/views/status.rs ms=91 left=325
2026-08-28T05:52:58.764005Z  INFO fs3_daemon::runner: batch kind="embed" subject=15 x raw jobs=2 ms=0
2026-08-28T05:52:58.768844Z  INFO fs3_daemon::runner: done kind="embed" id=53606 left=325
2026-08-28T05:52:58.774381Z  INFO fs3_daemon::runner: done kind="embed" id=53603 left=325
2026-08-28T05:52:58.837215Z  INFO fs3_daemon::runner: done kind=scan_file subject=crates/daemon/src/remove.rs ms=48 left=356
2026-08-28T05:52:58.845084Z  INFO fs3_daemon::runner: batch kind="embed" subject=6 x raw jobs=1 ms=0
2026-08-28T05:52:58.846990Z  INFO fs3_daemon::runner: done kind=scan_file subject=crates/daemon/src/status.rs ms=22 left=365
2026-08-28T05:52:58.848296Z  INFO fs3_daemon::runner: done kind="embed" id=53632 left=367
2026-08-28T05:52:58.855366Z  INFO fs3_daemon::runner: batch kind="embed" subject=33 x raw jobs=3 ms=0
2026-08-28T05:52:58.864773Z  INFO fs3_daemon::runner: done kind="embed" id=53644 left=390
2026-08-28T05:52:58.876833Z  INFO fs3_daemon::runner: done kind="embed" id=53653 left=398
2026-08-28T05:52:58.884335Z  INFO fs3_daemon::runner: done kind="embed" id=53643 left=404
2026-08-28T05:52:58.896046Z  INFO fs3_daemon::runner: done kind=scan_file subject=crates/daemon/src/http.rs ms=138 left=414
2026-08-28T05:52:58.906866Z  INFO fs3_daemon::runner: done kind=scan_file subject=crates/daemon/src/roots.rs ms=112 left=418
2026-08-28T05:52:58.909097Z  INFO fs3_daemon::runner: batch kind="embed" subject=81 x raw jobs=6 ms=2
2026-08-28T05:52:58.924621Z  INFO fs3_daemon::runner: done kind="embed" id=53697 left=426
2026-08-28T05:52:58.928414Z  INFO fs3_daemon::runner: done kind="embed" id=53704 left=430
2026-08-28T05:52:58.934403Z  INFO fs3_daemon::runner: done kind=scan_file subject=crates/daemon/src/runner.rs ms=131 left=433
2026-08-28T05:52:58.948325Z  INFO fs3_daemon::runner: done kind="embed" id=53698 left=433
2026-08-28T05:52:58.951362Z  INFO fs3_daemon::runner: done kind=scan_file subject=crates/daemon/src/wiring.rs ms=115 left=434
2026-08-28T05:52:58.956780Z  INFO fs3_daemon::runner: done kind="embed" id=53693 left=435
2026-08-28T05:52:58.961173Z  INFO fs3_daemon::runner: done kind=scan_file subject=crates/daemon/src/search.rs ms=145 left=435
2026-08-28T05:52:58.966024Z  INFO fs3_daemon::runner: done kind="embed" id=53684 left=436
2026-08-28T05:52:58.969422Z  INFO fs3_daemon::runner: done kind=scan_file subject=crates/daemon/tests/conversation_query.rs ms=117 left=435
2026-08-28T05:52:58.974363Z  INFO fs3_daemon::runner: done kind="embed" id=53686 left=436
2026-08-28T05:52:59.015396Z  INFO fs3_daemon::runner: progress phase="working" scanned=4976 scan_left=26 summarized=9463 summarize_left=408 embedded=15913 embed_left=4 failed=0
2026-08-28T05:52:59.022475Z  INFO fs3_daemon::runner: batch kind="embed" subject=72 x raw jobs=6 ms=0
2026-08-28T05:52:59.031741Z  INFO fs3_daemon::runner: done kind="embed" id=53724 left=448
2026-08-28T05:52:59.042556Z  INFO fs3_daemon::runner: done kind="embed" id=53730 left=451
2026-08-28T05:52:59.048559Z  INFO fs3_daemon::runner: done kind=scan_file subject=crates/daemon/tests/event_stream.rs ms=153 left=451
2026-08-28T05:52:59.070349Z  INFO fs3_daemon::runner: done kind="embed" id=53742 left=451
2026-08-28T05:52:59.101746Z  INFO fs3_daemon::runner: done kind="embed" id=53727 left=452
2026-08-28T05:52:59.107041Z  INFO fs3_daemon::runner: done kind="embed" id=53741 left=453
2026-08-28T05:52:59.111958Z  INFO fs3_daemon::runner: done kind="embed" id=53734 left=454
2026-08-28T05:52:59.142285Z  INFO fs3_daemon::runner: done kind=scan_file subject=crates/daemon/src/read.rs ms=361 left=454
2026-08-28T05:52:59.170791Z  INFO fs3_daemon::runner: batch kind="embed" subject=27 x raw jobs=3 ms=0
2026-08-28T05:52:59.198879Z  INFO fs3_daemon::runner: done kind="embed" id=53763 left=456
2026-08-28T05:52:59.211877Z  INFO fs3_daemon::runner: done kind="embed" id=53754 left=457
2026-08-28T05:52:59.217194Z  INFO fs3_daemon::runner: done kind="embed" id=53760 left=458
2026-08-28T05:52:59.241152Z  INFO fs3_daemon::runner: done kind=scan_file subject=crates/daemon/tests/watcher.rs ms=236 left=470
2026-08-28T05:52:59.241342Z  INFO fs3_daemon::runner: batch kind="embed" subject=9 x raw jobs=1 ms=0
2026-08-28T05:52:59.243726Z  INFO fs3_daemon::runner: done kind="embed" id=53781 left=472
2026-08-28T05:52:59.252369Z  INFO fs3_daemon::runner: done kind=scan_file subject=docs/plans/007-human-interface/assets/first-light.md ms=23 left=478
2026-08-28T05:52:59.252559Z  INFO fs3_daemon::runner: batch kind="embed" subject=4 x raw jobs=1 ms=0
2026-08-28T05:52:59.259484Z  INFO fs3_daemon::runner: done kind="embed" id=53791 left=481
2026-08-28T05:52:59.321807Z  INFO fs3_daemon::runner: done kind=scan_file subject=docs/plans/007-human-interface/assets/inputs/README.md ms=88 left=482
2026-08-28T05:52:59.371531Z  INFO fs3_daemon::runner: batch kind="embed" subject=4 x raw jobs=1 ms=0
2026-08-28T05:52:59.387751Z  INFO fs3_daemon::runner: done kind=scan_file subject=docs/plans/007-human-interface/assets/first-light-transcript.md ms=246 left=487
2026-08-28T05:52:59.392965Z  INFO fs3_daemon::runner: done kind="embed" id=53797 left=488
2026-08-28T05:52:59.429970Z  INFO fs3_daemon::runner: done kind=scan_file subject=docs/plans/007-human-interface/assets/reviews/review-007.dd.md ms=182 left=492
2026-08-28T05:52:59.436081Z  INFO fs3_daemon::runner: done kind=scan_file subject=docs/plans/007-human-interface/assets/inputs/tui-poc-VERDICT.md ms=197 left=491
2026-08-28T05:52:59.445184Z  INFO fs3_daemon::runner: batch kind="embed" subject=26 x raw jobs=3 ms=1
2026-08-28T05:52:59.454628Z  INFO fs3_daemon::runner: done kind=scan_file subject=docs/plans/007-human-interface/assets/run/pm-ack.md ms=114 left=494
2026-08-28T05:52:59.454742Z  INFO fs3_daemon::runner: done kind="embed" id=53811 left=494
2026-08-28T05:52:59.459686Z  INFO fs3_daemon::runner: done kind="embed" id=53812 left=495
2026-08-28T05:52:59.467764Z  INFO fs3_daemon::runner: done kind="embed" id=53803 left=496
2026-08-28T05:52:59.512631Z  INFO fs3_daemon::runner: batch kind="embed" subject=5 x raw jobs=1 ms=0
2026-08-28T05:52:59.518482Z  INFO fs3_daemon::runner: done kind="embed" id=53814 left=501
2026-08-28T05:52:59.535565Z  INFO fs3_daemon::runner: done kind=scan_file subject=docs/plans/007-human-interface/assets/tasks/phase-1/tasks.dd.md ms=38 left=506
2026-08-28T05:52:59.537399Z  INFO fs3_daemon::runner: batch kind="embed" subject=5 x raw jobs=1 ms=0
2026-08-28T05:52:59.542077Z  INFO fs3_daemon::runner: done kind="embed" id=53832 left=508
2026-08-28T05:52:59.547502Z  INFO fs3_daemon::runner: done kind=scan_file subject=docs/plans/007-human-interface/assets/run/process-feedback.md ms=120 left=510
2026-08-28T05:52:59.554222Z  INFO fs3_daemon::runner: done kind=scan_file subject=docs/plans/007-human-interface/assets/tasks/phase-2/tasks.dd.md ms=28 left=512
2026-08-28T05:52:59.555440Z  INFO fs3_daemon::runner: done kind=scan_file subject=docs/plans/007-human-interface/assets/tasks/phase-3/tasks.dd.md ms=23 left=511
2026-08-28T05:52:59.558244Z  INFO fs3_daemon::runner: batch kind="embed" subject=16 x raw jobs=2 ms=3
2026-08-28T05:52:59.563005Z  INFO fs3_daemon::runner: done kind="embed" id=53840 left=511
2026-08-28T05:52:59.568925Z  INFO fs3_daemon::runner: done kind="embed" id=53842 left=511
2026-08-28T05:52:59.572593Z  INFO fs3_daemon::watch: re-listed a changed directory directory=/Users/jordanknight/substrate/flowspace/fs3-worktree-diff/docs/plans/006-worktree-diff/assets/probes/out/run-20260828T054918Z events=53 enqueued=5 settled=Quiet
2026-08-28T05:52:59.641105Z  INFO fs3_daemon::runner: batch kind="embed" subject=5 x raw jobs=1 ms=0
2026-08-28T05:52:59.648437Z  INFO fs3_daemon::runner: done kind="embed" id=53843 left=517
2026-08-28T05:52:59.763084Z  INFO fs3_daemon::runner: done kind=scan_file subject=docs/plans/007-human-interface/impl-guide.dd.md ms=213 left=530
2026-08-28T05:52:59.788410Z  INFO fs3_daemon::runner: batch kind="embed" subject=9 x raw jobs=1 ms=0
2026-08-28T05:52:59.842135Z  INFO fs3_daemon::runner: done kind="embed" id=53862 left=536
2026-08-28T05:52:59.882621Z  INFO fs3_daemon::runner: done kind=scan_file subject=docs/plans/007-human-interface/packet-coder-u-r.dd.md ms=294 left=539
2026-08-28T05:52:59.898668Z  INFO fs3_daemon::runner: batch kind="embed" subject=8 x raw jobs=1 ms=3
2026-08-28T05:52:59.906782Z  INFO fs3_daemon::runner: done kind="embed" id=53875 left=545
2026-08-28T05:52:59.962608Z  INFO fs3_daemon::runner: done kind=scan_file subject=docs/plans/007-human-interface/packet-coder-u-t.dd.md ms=307 left=552
2026-08-28T05:52:59.963166Z  INFO fs3_daemon::runner: done kind=scan_file subject=docs/plans/007-human-interface/packet-coder.dd.md ms=214 left=552
2026-08-28T05:52:59.963638Z  INFO fs3_daemon::runner: batch kind="embed" subject=16 x raw jobs=2 ms=1
2026-08-28T05:52:59.978672Z  INFO fs3_daemon::watch: re-listed a changed directory directory=/Users/jordanknight/substrate/flowspace/poctest-wtdiff-20260828T054918Z/crates/cli/src events=8 enqueued=8 settled=Quiet
2026-08-28T05:52:59.984098Z  INFO fs3_daemon::runner: done kind=scan_file subject=docs/plans/007-human-interface/packet-coder-u-w.dd.md ms=299 left=551
2026-08-28T05:52:59.988842Z  INFO fs3_daemon::runner: done kind="embed" id=53892 left=552
2026-08-28T05:52:59.995497Z  INFO fs3_daemon::runner: done kind="embed" id=53890 left=553
2026-08-28T05:53:00.016561Z  INFO fs3_daemon::runner: batch kind="embed" subject=8 x raw jobs=1 ms=2
2026-08-28T05:53:00.024831Z  INFO fs3_daemon::runner: done kind="embed" id=53893 left=557
2026-08-28T05:53:00.025072Z  INFO fs3_daemon::runner: done kind=scan_file subject=docs/plans/007-human-interface/packet-pm.dd.md ms=147 left=557
2026-08-28T05:53:00.039521Z  INFO fs3_daemon::runner: done kind=scan_file subject=docs/plans/007-human-interface/packet-reviewer.dd.md ms=100 left=558
2026-08-28T05:53:00.044589Z  INFO fs3_daemon::runner: batch kind="embed" subject=16 x raw jobs=2 ms=1
2026-08-28T05:53:00.052257Z  INFO fs3_daemon::runner: done kind="embed" id=53902 left=560
2026-08-28T05:53:00.058635Z  INFO fs3_daemon::runner: done kind=scan_file subject=docs/plans/007-human-interface/plan.dd.md ms=50 left=559
2026-08-28T05:53:00.058727Z  INFO fs3_daemon::runner: done kind="embed" id=53906 left=559
2026-08-28T05:53:00.076355Z  INFO fs3_daemon::runner: batch kind="embed" subject=7 x raw jobs=1 ms=1
2026-08-28T05:53:00.088413Z  INFO fs3_daemon::runner: done kind="embed" id=53910 left=562
2026-08-28T05:53:00.144922Z  INFO fs3_daemon::runner: done kind=scan_file subject=docs/services/human-render.md ms=74 left=573
2026-08-28T05:53:00.145046Z  INFO fs3_daemon::runner: batch kind="embed" subject=5 x raw jobs=1 ms=1
2026-08-28T05:53:00.151504Z  INFO fs3_daemon::runner: done kind=scan_file subject=docs/services/event-stream.md ms=117 left=572
2026-08-28T05:53:00.157106Z  INFO fs3_daemon::runner: done kind="embed" id=53925 left=572
2026-08-28T05:53:00.180614Z  INFO fs3_daemon::runner: batch kind="embed" subject=13 x raw jobs=1 ms=1
2026-08-28T05:53:00.187359Z  INFO fs3_daemon::runner: done kind=summarize subject=crates/core/src/ports.rs::Summary ms=21 left=579
2026-08-28T05:53:00.197098Z  INFO fs3_daemon::runner: done kind="embed" id=53927 left=579
2026-08-28T05:53:00.226422Z  INFO fs3_daemon::runner: batch kind="embed" subject=1 x smart jobs=1 ms=0
2026-08-28T05:53:00.226526Z  INFO fs3_daemon::runner: batch kind="embed" subject=7 x raw jobs=1 ms=0
2026-08-28T05:53:00.226996Z  INFO fs3_daemon::runner: done kind=scan_file subject=docs/services/tui.md ms=128 left=583
2026-08-28T05:53:00.245988Z  INFO fs3_daemon::runner: done kind="embed" id=53933 left=585
2026-08-28T05:53:00.247928Z  INFO fs3_daemon::runner: done kind=summarize subject=crates/core/src/ports.rs::Embedder ms=34 left=585
2026-08-28T05:53:00.263964Z  INFO fs3_daemon::runner: done kind="embed" id=53939 left=586
2026-08-28T05:53:00.301702Z  INFO fs3_daemon::runner: batch kind="embed" subject=1 x smart jobs=1 ms=0
2026-08-28T05:53:00.302279Z  INFO fs3_daemon::runner: batch kind="embed" subject=16 x raw jobs=1 ms=1
2026-08-28T05:53:00.368412Z  INFO fs3_daemon::runner: done kind=summarize subject=AGENTS.md::flowspace3 — agent guide ms=76 left=590
2026-08-28T05:53:00.368651Z  INFO fs3_daemon::runner: done kind="embed" id=53943 left=590
2026-08-28T05:53:00.392946Z  INFO fs3_daemon::runner: done kind="embed" id=53948 left=591
2026-08-28T05:53:00.468111Z  INFO fs3_daemon::runner: batch kind="embed" subject=1 x smart jobs=1 ms=1
2026-08-28T05:53:00.469683Z  INFO fs3_daemon::runner: done kind=scan_file subject=crates/core/src/catalog.rs ms=356 left=596
2026-08-28T05:53:00.477217Z  INFO fs3_daemon::runner: done kind=summarize subject=AGENTS.md::flowspace3 — agent guide::Dogfood the product — this is NOT optional ms=47 left=595
2026-08-28T05:53:00.498587Z  INFO fs3_daemon::runner: batch kind="embed" subject=16 x raw jobs=1 ms=31
2026-08-28T05:53:00.525963Z  INFO fs3_daemon::runner: done kind="embed" id=53952 left=597
2026-08-28T05:53:00.570990Z  INFO fs3_daemon::runner: done kind="embed" id=53953 left=597
2026-08-28T05:53:00.619780Z  INFO fs3_daemon::runner: batch kind="embed" subject=1 x smart jobs=1 ms=1
2026-08-28T05:53:00.620009Z  INFO fs3_daemon::runner: batch kind="embed" subject=8 x raw jobs=1 ms=1
2026-08-28T05:53:00.630050Z  INFO fs3_daemon::runner: done kind="embed" id=53960 left=599
2026-08-28T05:53:00.630566Z  INFO fs3_daemon::runner: done kind=summarize subject=crates/core/src/ports.rs::Summarizer ms=25 left=599
2026-08-28T05:53:00.651897Z  INFO fs3_daemon::runner: done kind="embed" id=53961 left=599
2026-08-28T05:53:00.687825Z  INFO fs3_daemon::runner: batch kind="embed" subject=1 x smart jobs=1 ms=0
2026-08-28T05:53:00.732971Z  INFO fs3_daemon::runner: batch kind="embed" subject=16 x raw jobs=1 ms=45
2026-08-28T05:53:00.733310Z  INFO fs3_daemon::runner: done kind=summarize subject=crates/cli/docs/agents.md::fs3 for agents ms=64 left=602
2026-08-28T05:53:00.756164Z  INFO fs3_daemon::runner: done kind=scan_file subject=docs/reference/error-codes.md ms=624 left=600
2026-08-28T05:53:00.756546Z  INFO fs3_daemon::runner: done kind="embed" id=53969 left=600
2026-08-28T05:53:00.771735Z  INFO fs3_daemon::runner: done kind="embed" id=53968 left=599
2026-08-28T05:53:00.805646Z  INFO fs3_daemon::runner: batch kind="embed" subject=7 x raw jobs=1 ms=1
2026-08-28T05:53:00.806455Z  INFO fs3_daemon::runner: batch kind="embed" subject=1 x smart jobs=1 ms=2
2026-08-28T05:53:00.814429Z  INFO fs3_daemon::runner: done kind="embed" id=53974 left=598
2026-08-28T05:53:00.814755Z  INFO fs3_daemon::runner: done kind=summarize subject=AGENTS.md::flowspace3 — agent guide::Engineering harness ms=26 left=598
2026-08-28T05:53:00.841806Z  INFO fs3_daemon::runner: done kind="embed" id=53975 left=597
2026-08-28T05:53:01.026640Z  INFO fs3_daemon::runner: batch kind="embed" subject=1 x smart jobs=1 ms=4
2026-08-28T05:53:01.093224Z  INFO fs3_daemon::runner: done kind=summarize subject=crates/core/src/ports.rs::ChatMessage ms=195 left=596
2026-08-28T05:53:01.097021Z  INFO fs3_daemon::runner: done kind="embed" id=53976 left=596
2026-08-28T05:53:01.281969Z  INFO fs3_daemon::runner: batch kind="embed" subject=1 x smart jobs=1 ms=0
2026-08-28T05:53:01.339423Z  INFO fs3_daemon::runner: done kind="embed" id=53977 left=595
2026-08-28T05:53:01.344371Z  INFO fs3_daemon::runner: done kind=summarize subject=crates/testkit/src/fakes.rs::hash_vector ms=179 left=595
2026-08-28T05:53:01.472109Z  INFO fs3_daemon::runner: batch kind="embed" subject=1 x smart jobs=1 ms=7
2026-08-28T05:53:01.559949Z  INFO fs3_daemon::runner: done kind=summarize subject=crates/cli/docs/read.md::get / tree ms=137 left=594
2026-08-28T05:53:01.564003Z  INFO fs3_daemon::runner: done kind="embed" id=53978 left=594
2026-08-28T05:53:01.694550Z  INFO fs3_daemon::runner: batch kind="embed" subject=1 x smart jobs=1 ms=3
2026-08-28T05:53:01.799774Z  INFO fs3_daemon::runner: done kind="embed" id=53979 left=593
2026-08-28T05:53:01.803926Z  INFO fs3_daemon::runner: done kind=summarize subject=crates/cli/docs/agents.md::fs3 for agents::The loop ms=179 left=593
2026-08-28T05:53:01.952833Z  INFO fs3_daemon::runner: batch kind="embed" subject=1 x smart jobs=1 ms=1
2026-08-28T05:53:02.021009Z  INFO fs3_daemon::runner: done kind="embed" id=53980 left=592
2026-08-28T05:53:02.025474Z  INFO fs3_daemon::runner: done kind=summarize subject=AGENTS.md::flowspace3 — agent guide::Engineering harness::Capture friction the moment it happens ms=160 left=592
2026-08-28T05:53:02.172208Z  INFO fs3_daemon::runner: batch kind="embed" subject=1 x smart jobs=1 ms=1
2026-08-28T05:53:02.256860Z  INFO fs3_daemon::runner: done kind=summarize subject=crates/cli/docs/read.md::get / tree::Output shape ms=144 left=591
2026-08-28T05:53:02.257919Z  INFO fs3_daemon::runner: done kind="embed" id=53981 left=591
2026-08-28T05:53:02.455818Z  INFO fs3_daemon::runner: batch kind="embed" subject=1 x smart jobs=1 ms=1
2026-08-28T05:53:02.512052Z  INFO fs3_daemon::runner: done kind="embed" id=53982 left=590
2026-08-28T05:53:02.515807Z  INFO fs3_daemon::runner: done kind=summarize subject=crates/testkit/src/fakes.rs::fnv1a ms=136 left=590
2026-08-28T05:53:02.616301Z  INFO fs3_daemon::runner: batch kind="embed" subject=1 x smart jobs=1 ms=0
2026-08-28T05:53:02.665320Z  INFO fs3_daemon::runner: done kind="embed" id=53983 left=589
2026-08-28T05:53:02.665475Z  INFO fs3_daemon::runner: done kind=summarize subject=crates/core/src/ports.rs::ToolCall ms=89 left=589
2026-08-28T05:53:02.709067Z  INFO fs3_daemon::runner: batch kind="embed" subject=1 x smart jobs=1 ms=0
2026-08-28T05:53:02.715366Z  INFO fs3_daemon::runner: done kind="embed" id=53984 left=588
2026-08-28T05:53:02.715562Z  INFO fs3_daemon::runner: done kind=summarize subject=AGENTS.md::flowspace3 — agent guide::Coming in cold? Read the operating manual ms=18 left=588
2026-08-28T05:53:02.779983Z  INFO fs3_daemon::runner: batch kind="embed" subject=1 x smart jobs=1 ms=0
2026-08-28T05:53:02.795617Z  INFO fs3_daemon::runner: done kind="embed" id=53985 left=587
2026-08-28T05:53:02.796429Z  INFO fs3_daemon::runner: done kind=summarize subject=crates/cli/docs/agents.md::fs3 for agents::Storing what you learned ms=49 left=587
2026-08-28T05:53:02.836238Z  INFO fs3_daemon::runner: batch kind="embed" subject=1 x smart jobs=1 ms=1
2026-08-28T05:53:02.847181Z  INFO fs3_daemon::runner: done kind="embed" id=53986 left=586
2026-08-28T05:53:02.847657Z  INFO fs3_daemon::runner: done kind=summarize subject=crates/cli/docs/search.md::search ms=37 left=586
2026-08-28T05:53:02.864261Z  INFO fs3_daemon::runner: batch kind="embed" subject=1 x smart jobs=1 ms=0
2026-08-28T05:53:02.876190Z  INFO fs3_daemon::runner: done kind=summarize subject=crates/testkit/src/fakes.rs::FakeEmbedder ms=22 left=585
2026-08-28T05:53:02.876504Z  INFO fs3_daemon::runner: done kind="embed" id=53987 left=585
2026-08-28T05:53:02.895805Z  INFO fs3_daemon::runner: batch kind="embed" subject=1 x smart jobs=1 ms=1
2026-08-28T05:53:02.900889Z  INFO fs3_daemon::runner: done kind="embed" id=53988 left=584
2026-08-28T05:53:02.901004Z  INFO fs3_daemon::runner: done kind=summarize subject=crates/cli/docs/read.md::get / tree::Addresses ms=18 left=584
2026-08-28T05:53:02.931179Z  INFO fs3_daemon::runner: batch kind="embed" subject=1 x smart jobs=1 ms=0
2026-08-28T05:53:02.957485Z  INFO fs3_daemon::runner: done kind="embed" id=53989 left=584
2026-08-28T05:53:02.981400Z  INFO fs3_daemon::runner: done kind=summarize subject=crates/cli/docs/agents.md::fs3 for agents::Finished with a repo ms=58 left=583
2026-08-28T05:53:03.066821Z  INFO fs3_daemon::runner: batch kind="embed" subject=1 x smart jobs=1 ms=0
2026-08-28T05:53:03.104476Z  INFO fs3_daemon::runner: done kind=summarize subject=crates/testkit/src/fakes.rs::FakeEmbedder ms=112 left=583
2026-08-28T05:53:03.126697Z  INFO fs3_daemon::runner: done kind="embed" id=53990 left=582
2026-08-28T05:53:03.273392Z  INFO fs3_daemon::runner: batch kind="embed" subject=1 x smart jobs=1 ms=1
2026-08-28T05:53:03.338765Z  INFO fs3_daemon::runner: done kind="embed" id=53991 left=581
2026-08-28T05:53:03.341165Z  INFO fs3_daemon::runner: done kind=summarize subject=crates/cli/docs/search.md::search::Flags ms=129 left=581
2026-08-28T05:53:03.449849Z  INFO fs3_daemon::runner: batch kind="embed" subject=1 x smart jobs=1 ms=3
2026-08-28T05:53:03.849398Z  INFO fs3_daemon::runner: done kind="embed" id=53992 left=580
2026-08-28T05:53:03.850920Z  INFO fs3_daemon::runner: done kind=summarize subject=AGENTS.md::flowspace3 — agent guide::Working model: worktree-per-coder + PRs (since 2026-08-27) ms=460 left=580
2026-08-28T05:53:04.038782Z  INFO fs3_daemon::runner: batch kind="embed" subject=1 x smart jobs=1 ms=0
2026-08-28T05:53:04.377153Z  INFO fs3_daemon::runner: done kind="embed" id=53993 left=579
2026-08-28T05:53:04.379991Z  INFO fs3_daemon::runner: done kind=summarize subject=crates/cli/docs/read.md::get / tree::get ms=428 left=579
2026-08-28T05:53:05.004539Z  INFO fs3_daemon::runner: progress phase="working" scanned=5002 scan_left=13 summarized=9488 summarize_left=565 embedded=15973 embed_left=1 failed=0
2026-08-28T05:53:05.303275Z  INFO fs3_daemon::runner: batch kind="embed" subject=1 x smart jobs=1 ms=1
2026-08-28T05:53:06.940920Z  INFO fs3_daemon::runner: done kind="embed" id=53994 left=578
2026-08-28T05:53:06.940935Z  INFO fs3_daemon::runner: done kind=summarize subject=crates/cli/docs/search.md::search::Reading a hit ms=1948 left=578
2026-08-28T05:53:07.009236Z  INFO fs3_daemon::runner: batch kind="embed" subject=1 x smart jobs=1 ms=1
2026-08-28T05:53:07.043664Z  INFO fs3_daemon::runner: done kind=summarize subject=crates/cli/docs/read.md::get / tree::tree ms=64 left=577
2026-08-28T05:53:07.047482Z  INFO fs3_daemon::runner: done kind="embed" id=53995 left=577
2026-08-28T05:53:07.108171Z  INFO fs3_daemon::runner: batch kind="embed" subject=1 x smart jobs=1 ms=1
2026-08-28T05:53:07.141537Z  INFO fs3_daemon::runner: done kind=summarize subject=crates/testkit/src/fakes.rs::FakeEmbedder ms=67 left=576
2026-08-28T05:53:07.144638Z  INFO fs3_daemon::runner: done kind="embed" id=53996 left=576
2026-08-28T05:53:07.261064Z  INFO fs3_daemon::runner: batch kind="embed" subject=1 x smart jobs=1 ms=1
2026-08-28T05:53:07.324642Z  INFO fs3_daemon::runner: done kind=summarize subject=crates/cli/docs/agents.md::fs3 for agents::First run: you will have no real provider ms=124 left=575
2026-08-28T05:53:07.328472Z  INFO fs3_daemon::runner: done kind="embed" id=53997 left=575
2026-08-28T05:53:07.434283Z  INFO fs3_daemon::runner: batch kind="embed" subject=1 x smart jobs=1 ms=1
2026-08-28T05:53:07.486233Z  INFO fs3_daemon::runner: done kind="embed" id=53998 left=574
2026-08-28T05:53:07.490590Z  INFO fs3_daemon::runner: done kind=summarize subject=crates/cli/docs/search.md::search::Two spaces, one table ms=111 left=574
2026-08-28T05:53:07.603575Z  INFO fs3_daemon::runner: batch kind="embed" subject=1 x smart jobs=1 ms=0
2026-08-28T05:53:07.658559Z  INFO fs3_daemon::runner: done kind="embed" id=53999 left=573
2026-08-28T05:53:07.658979Z  INFO fs3_daemon::runner: done kind=summarize subject=crates/core/src/ports.rs::ChatTurn ms=122 left=573
2026-08-28T05:53:07.761116Z  INFO fs3_daemon::runner: batch kind="embed" subject=1 x smart jobs=1 ms=0
2026-08-28T05:53:07.799365Z  INFO fs3_daemon::runner: done kind="embed" id=54000 left=572
2026-08-28T05:53:07.803830Z  INFO fs3_daemon::runner: done kind=summarize subject=crates/cli/src/client.rs::authenticated ms=111 left=572
2026-08-28T05:53:07.955516Z  INFO fs3_daemon::runner: batch kind="embed" subject=1 x smart jobs=1 ms=0
2026-08-28T05:53:08.012681Z  INFO fs3_daemon::runner: done kind="embed" id=54001 left=572
2026-08-28T05:53:08.026858Z  INFO fs3_daemon::runner: done kind=summarize subject=crates/cli/docs/agents.md::fs3 for agents::Every command answers one envelope ms=102 left=571
2026-08-28T05:53:08.070482Z  INFO fs3_daemon::runner: batch kind="embed" subject=1 x smart jobs=1 ms=3
2026-08-28T05:53:08.106942Z  INFO fs3_daemon::runner: done kind="embed" id=54002 left=571
2026-08-28T05:53:08.113150Z  INFO fs3_daemon::runner: done kind=summarize subject=crates/cli/docs/read.md::get / tree::One address, two elements ms=73 left=570
2026-08-28T05:53:08.215953Z  INFO fs3_daemon::runner: batch kind="embed" subject=1 x smart jobs=1 ms=4
2026-08-28T05:53:08.323774Z  INFO fs3_daemon::runner: done kind="embed" id=54003 left=570
2026-08-28T05:53:08.350677Z  INFO fs3_daemon::runner: done kind=summarize subject=AGENTS.md::flowspace3 — agent guide::Committing in this repo ms=192 left=569
2026-08-28T05:53:08.431576Z  INFO fs3_daemon::runner: batch kind="embed" subject=1 x smart jobs=1 ms=0
2026-08-28T05:53:08.465660Z  INFO fs3_daemon::runner: done kind="embed" id=54004 left=569
2026-08-28T05:53:08.496291Z  INFO fs3_daemon::runner: done kind=summarize subject=crates/core/src/ports.rs::ChatProvider ms=121 left=568
2026-08-28T05:53:08.711201Z  INFO fs3_daemon::runner: done kind=summarize subject=crates/cli/docs/agents.md::fs3 for agents::Reading a search result ms=181 left=568
2026-08-28T05:53:08.820763Z  INFO fs3_daemon::runner: batch kind="embed" subject=1 x smart jobs=1 ms=211
2026-08-28T05:53:08.873893Z  INFO fs3_daemon::runner: done kind="embed" id=54005 left=567
2026-08-28T05:53:09.035845Z  INFO fs3_daemon::runner: batch kind="embed" subject=1 x smart jobs=1 ms=0
2026-08-28T05:53:09.119254Z  INFO fs3_daemon::runner: done kind=summarize subject=crates/cli/src/doctor.rs::run ms=200 left=566
2026-08-28T05:53:09.119459Z  INFO fs3_daemon::runner: done kind="embed" id=54006 left=566
2026-08-28T05:53:09.372281Z  INFO fs3_daemon::runner: batch kind="embed" subject=1 x smart jobs=1 ms=1
2026-08-28T05:53:09.416332Z  INFO fs3_daemon::runner: done kind="embed" id=54007 left=566
2026-08-28T05:53:09.417857Z  INFO fs3_daemon::runner: done kind=summarize subject=crates/testkit/src/fakes.rs::FakeEmbedder ms=230 left=565
2026-08-28T05:53:09.427839Z  INFO fs3_daemon::runner: batch kind="embed" subject=1 x smart jobs=1 ms=0
2026-08-28T05:53:09.430281Z  INFO fs3_daemon::runner: done kind=summarize subject=crates/cli/docs/search.md::search::Things that surprise people ms=10 left=565
2026-08-28T05:53:09.434345Z  INFO fs3_daemon::runner: done kind="embed" id=54008 left=564
2026-08-28T05:53:09.447027Z  INFO fs3_daemon::runner: batch kind="embed" subject=1 x smart jobs=1 ms=0
2026-08-28T05:53:09.450271Z  INFO fs3_daemon::runner: done kind="embed" id=54009 left=564
2026-08-28T05:53:09.453695Z  INFO fs3_daemon::runner: done kind=summarize subject=crates/cli/src/client.rs::authenticated::Client ms=10 left=563
2026-08-28T05:53:09.457595Z  INFO fs3_daemon::runner: batch kind="embed" subject=1 x smart jobs=1 ms=0
2026-08-28T05:53:09.463715Z  INFO fs3_daemon::runner: done kind="embed" id=54010 left=563
2026-08-28T05:53:09.466194Z  INFO fs3_daemon::runner: done kind=summarize subject=crates/cli/docs/read.md::get / tree::Scope: what "here" means ms=11 left=562
2026-08-28T05:53:09.476348Z  INFO fs3_daemon::runner: batch kind="embed" subject=1 x smart jobs=1 ms=0
2026-08-28T05:53:09.482384Z  INFO fs3_daemon::runner: done kind="embed" id=54011 left=562
2026-08-28T05:53:09.489391Z  INFO fs3_daemon::runner: done kind=summarize subject=crates/cli/skills/flowspace/SKILL.md::flowspace — search code by meaning ms=21 left=561
2026-08-28T05:53:09.504027Z  INFO fs3_daemon::runner: done kind=summarize subject=crates/cli/docs/agents.md::fs3 for agents::Things that will save you a wrong turn ms=15 left=561
2026-08-28T05:53:09.509837Z  INFO fs3_daemon::runner: batch kind="embed" subject=1 x smart jobs=1 ms=13
2026-08-28T05:53:09.514730Z  INFO fs3_daemon::runner: done kind="embed" id=54012 left=560
2026-08-28T05:53:09.523371Z  INFO fs3_daemon::runner: batch kind="embed" subject=1 x smart jobs=1 ms=0
2026-08-28T05:53:09.526665Z  INFO fs3_daemon::runner: done kind="embed" id=54013 left=559
2026-08-28T05:53:09.526865Z  INFO fs3_daemon::runner: done kind=summarize subject=crates/cli/docs/search.md::search::Scope: a bare search is about where you are ms=10 left=559
2026-08-28T05:53:09.540883Z  INFO fs3_daemon::runner: batch kind="embed" subject=1 x smart jobs=1 ms=0
2026-08-28T05:53:09.547960Z  INFO fs3_daemon::runner: done kind="embed" id=54014 left=559
2026-08-28T05:53:09.549408Z  INFO fs3_daemon::runner: done kind=summarize subject=crates/core/src/ports.rs::tests ms=15 left=558
2026-08-28T05:53:09.554841Z  INFO fs3_daemon::runner: batch kind="embed" subject=1 x smart jobs=1 ms=0
2026-08-28T05:53:09.558140Z  INFO fs3_daemon::runner: done kind="embed" id=54015 left=558
2026-08-28T05:53:09.560033Z  INFO fs3_daemon::runner: done kind=summarize subject=crates/testkit/src/fakes.rs::FakeEmbedder::embed ms=8 left=557
2026-08-28T05:53:09.567661Z  INFO fs3_daemon::runner: batch kind="embed" subject=1 x smart jobs=1 ms=0
2026-08-28T05:53:09.570494Z  INFO fs3_daemon::runner: done kind=summarize subject=crates/cli/skills/flowspace/SKILL.md::flowspace — search code by meaning::1. Detect ms=8 left=557
2026-08-28T05:53:09.572786Z  INFO fs3_daemon::runner: done kind="embed" id=54016 left=556
2026-08-28T05:53:09.576802Z  INFO fs3_daemon::runner: batch kind="embed" subject=1 x smart jobs=1 ms=0
2026-08-28T05:53:09.586787Z  INFO fs3_daemon::runner: done kind=summarize subject=crates/cli/src/doctor.rs::check_config ms=12 left=555
2026-08-28T05:53:09.586999Z  INFO fs3_daemon::runner: done kind="embed" id=54017 left=555
2026-08-28T05:53:09.594111Z  INFO fs3_daemon::runner: batch kind="embed" subject=1 x smart jobs=1 ms=0
2026-08-28T05:53:09.606741Z  INFO fs3_daemon::runner: done kind="embed" id=54018 left=554
2026-08-28T05:53:09.606882Z  INFO fs3_daemon::runner: done kind=summarize subject=crates/cli/docs/read.md::get / tree::Errors ms=17 left=554
2026-08-28T05:53:09.614163Z  INFO fs3_daemon::runner: batch kind="embed" subject=1 x smart jobs=1 ms=0
2026-08-28T05:53:09.618936Z  INFO fs3_daemon::runner: done kind="embed" id=54019 left=553
2026-08-28T05:53:09.619031Z  INFO fs3_daemon::runner: done kind=summarize subject=crates/core/src/ports.rs::tests::tag_band_matches_prd_req_36 ms=8 left=553
2026-08-28T05:53:09.626518Z  INFO fs3_daemon::runner: batch kind="embed" subject=1 x smart jobs=1 ms=0
2026-08-28T05:53:09.628840Z  INFO fs3_daemon::runner: done kind=summarize subject=crates/cli/src/client.rs::authenticated::Client::request ms=7 left=553
2026-08-28T05:53:09.640727Z  INFO fs3_daemon::runner: done kind="embed" id=54020 left=552
2026-08-28T05:53:09.650536Z  INFO fs3_daemon::runner: batch kind="embed" subject=1 x smart jobs=1 ms=0
2026-08-28T05:53:09.656730Z  INFO fs3_daemon::runner: done kind="embed" id=54021 left=551
2026-08-28T05:53:09.656918Z  INFO fs3_daemon::runner: done kind=summarize subject=crates/cli/src/doctor.rs::insert_config_warning ms=10 left=551
2026-08-28T05:53:09.664151Z  INFO fs3_daemon::runner: batch kind="embed" subject=1 x smart jobs=1 ms=0
2026-08-28T05:53:09.667581Z  INFO fs3_daemon::runner: done kind="embed" id=54022 left=550
2026-08-28T05:53:09.667668Z  INFO fs3_daemon::runner: done kind=summarize subject=crates/cli/skills/flowspace/SKILL.md::flowspace — search code by meaning::2. Install ms=7 left=550
2026-08-28T05:53:09.676909Z  INFO fs3_daemon::runner: batch kind="embed" subject=1 x smart jobs=1 ms=0
2026-08-28T05:53:09.679916Z  INFO fs3_daemon::runner: done kind=summarize subject=crates/testkit/src/fakes.rs::FakeSummarizer ms=9 left=549
2026-08-28T05:53:09.680111Z  INFO fs3_daemon::runner: done kind="embed" id=54023 left=549
2026-08-28T05:53:09.686192Z  INFO fs3_daemon::runner: batch kind="embed" subject=1 x smart jobs=1 ms=0
2026-08-28T05:53:09.690915Z  INFO fs3_daemon::runner: done kind="embed" id=54024 left=549
2026-08-28T05:53:09.692716Z  INFO fs3_daemon::runner: done kind=summarize subject=crates/core/src/ports.rs::tests::an_unknown_field_lands_in_extras_rather_than_being_discarded ms=9 left=548
2026-08-28T05:53:09.702834Z  INFO fs3_daemon::runner: batch kind="embed" subject=1 x smart jobs=1 ms=0
2026-08-28T05:53:09.705842Z  INFO fs3_daemon::runner: done kind=summarize subject=crates/cli/src/doctor.rs::walk ms=9 left=547
2026-08-28T05:53:09.705983Z  INFO fs3_daemon::runner: done kind="embed" id=54025 left=547
2026-08-28T05:53:09.716161Z  INFO fs3_daemon::runner: batch kind="embed" subject=1 x smart jobs=1 ms=0
2026-08-28T05:53:09.720677Z  INFO fs3_daemon::runner: done kind="embed" id=54026 left=547
2026-08-28T05:53:09.724039Z  INFO fs3_daemon::runner: done kind=summarize subject=crates/cli/src/client.rs::HealthReport ms=13 left=546
2026-08-28T05:53:09.730884Z  INFO fs3_daemon::runner: batch kind="embed" subject=1 x smart jobs=1 ms=0
2026-08-28T05:53:09.735749Z  INFO fs3_daemon::runner: done kind="embed" id=54027 left=545
2026-08-28T05:53:09.736036Z  INFO fs3_daemon::runner: done kind=summarize subject=crates/cli/src/client.rs::DaemonClient ms=10 left=545
2026-08-28T05:53:09.744300Z  INFO fs3_daemon::runner: batch kind="embed" subject=1 x smart jobs=1 ms=0
2026-08-28T05:53:09.748087Z  INFO fs3_daemon::runner: done kind="embed" id=54028 left=545
2026-08-28T05:53:09.749349Z  INFO fs3_daemon::runner: done kind=summarize subject=crates/testkit/src/fakes.rs::FakeSummarizer ms=9 left=544
2026-08-28T05:53:09.756549Z  INFO fs3_daemon::runner: batch kind="embed" subject=1 x smart jobs=1 ms=0
2026-08-28T05:53:09.760236Z  INFO fs3_daemon::runner: done kind=summarize subject=crates/cli/src/doctor.rs::check_update ms=6 left=543
2026-08-28T05:53:09.760431Z  INFO fs3_daemon::runner: done kind="embed" id=54029 left=544
2026-08-28T05:53:09.767124Z  INFO fs3_daemon::runner: batch kind="embed" subject=1 x smart jobs=1 ms=0
2026-08-28T05:53:09.770478Z  INFO fs3_daemon::runner: done kind="embed" id=54030 left=543
2026-08-28T05:53:09.771291Z  INFO fs3_daemon::runner: done kind=summarize subject=crates/cli/skills/flowspace/SKILL.md::flowspace — search code by meaning::3. Learn ms=7 left=542
2026-08-28T05:53:09.775161Z  INFO fs3_daemon::runner: batch kind="embed" subject=1 x smart jobs=1 ms=0
2026-08-28T05:53:09.777294Z  INFO fs3_daemon::runner: done kind="embed" id=54031 left=542
2026-08-28T05:53:09.779176Z  INFO fs3_daemon::runner: done kind=summarize subject=crates/core/src/ports.rs::tests::extras_round_trip_flattened ms=6 left=541
2026-08-28T05:53:09.782042Z  INFO fs3_daemon::runner: batch kind="embed" subject=1 x smart jobs=1 ms=0
2026-08-28T05:53:09.783988Z  INFO fs3_daemon::runner: done kind="embed" id=54032 left=541
2026-08-28T05:53:09.785613Z  INFO fs3_daemon::runner: done kind=summarize subject=crates/cli/skills/flowspace/SKILL.md::flowspace — search code by meaning::4. Search — the heart ms=6 left=540
2026-08-28T05:53:09.789808Z  INFO fs3_daemon::runner: batch kind="embed" subject=1 x smart jobs=1 ms=0
2026-08-28T05:53:09.792829Z  INFO fs3_daemon::runner: done kind=summarize subject=crates/core/src/ports.rs::tests::empty_extras_serialise_to_nothing ms=6 left=539
2026-08-28T05:53:09.793078Z  INFO fs3_daemon::runner: done kind="embed" id=54033 left=539
2026-08-28T05:53:09.801823Z  INFO fs3_daemon::runner: batch kind="embed" subject=1 x smart jobs=1 ms=0
2026-08-28T05:53:09.804014Z  INFO fs3_daemon::runner: done kind=summarize subject=crates/cli/src/client.rs::DaemonClient::health ms=8 left=538
2026-08-28T05:53:09.804186Z  INFO fs3_daemon::runner: done kind="embed" id=54034 left=538
2026-08-28T05:53:09.808649Z  INFO fs3_daemon::runner: batch kind="embed" subject=1 x smart jobs=1 ms=0
2026-08-28T05:53:09.810824Z  INFO fs3_daemon::runner: done kind="embed" id=54035 left=538
2026-08-28T05:53:09.811809Z  INFO fs3_daemon::runner: done kind=summarize subject=crates/cli/src/doctor.rs::check_messages ms=5 left=537
2026-08-28T05:53:09.818751Z  INFO fs3_daemon::runner: batch kind="embed" subject=1 x smart jobs=1 ms=0
2026-08-28T05:53:09.821340Z  INFO fs3_daemon::runner: done kind="embed" id=54036 left=537
2026-08-28T05:53:09.822152Z  INFO fs3_daemon::runner: done kind=summarize subject=crates/testkit/src/fakes.rs::FakeSummarizer ms=6 left=536
2026-08-28T05:53:09.829514Z  INFO fs3_daemon::runner: batch kind="embed" subject=1 x smart jobs=1 ms=0
2026-08-28T05:53:09.831960Z  INFO fs3_daemon::runner: done kind=summarize subject=crates/cli/src/main.rs::Cli ms=7 left=536
2026-08-28T05:53:09.834937Z  INFO fs3_daemon::runner: done kind="embed" id=54037 left=535
2026-08-28T05:53:09.843201Z  INFO fs3_daemon::runner: batch kind="embed" subject=1 x smart jobs=1 ms=0
2026-08-28T05:53:09.850260Z  INFO fs3_daemon::runner: done kind="embed" id=54038 left=535
2026-08-28T05:53:09.852089Z  INFO fs3_daemon::runner: done kind=summarize subject=crates/cli/src/main.rs::Command ms=14 left=534
2026-08-28T05:53:09.857658Z  INFO fs3_daemon::runner: batch kind="embed" subject=1 x smart jobs=1 ms=0
2026-08-28T05:53:09.874804Z  INFO fs3_daemon::runner: done kind="embed" id=54039 left=534
2026-08-28T05:53:09.878907Z  INFO fs3_daemon::runner: done kind=summarize subject=crates/cli/skills/flowspace/SKILL.md::flowspace — search code by meaning::4b. Get and tree — read what you found ms=24 left=533
2026-08-28T05:53:09.907509Z  INFO fs3_daemon::runner: batch kind="embed" subject=1 x smart jobs=1 ms=0
2026-08-28T05:53:09.911535Z  INFO fs3_daemon::runner: done kind="embed" id=54040 left=532
2026-08-28T05:53:09.912376Z  INFO fs3_daemon::runner: done kind=summarize subject=crates/testkit/src/fakes.rs::FakeSummarizer ms=24 left=532
2026-08-28T05:53:09.919084Z  INFO fs3_daemon::runner: batch kind="embed" subject=1 x smart jobs=1 ms=0
2026-08-28T05:53:09.921360Z  INFO fs3_daemon::runner: done kind="embed" id=54041 left=532
2026-08-28T05:53:09.922623Z  INFO fs3_daemon::runner: done kind=summarize subject=crates/cli/src/doctor.rs::next_action ms=8 left=531
2026-08-28T05:53:09.932663Z  INFO fs3_daemon::runner: batch kind="embed" subject=1 x smart jobs=1 ms=0
2026-08-28T05:53:09.935126Z  INFO fs3_daemon::runner: done kind="embed" id=54042 left=530
2026-08-28T05:53:09.936201Z  INFO fs3_daemon::runner: done kind=summarize subject=crates/cli/src/client.rs::DaemonClient::ask ms=10 left=530
2026-08-28T05:53:09.942241Z  INFO fs3_daemon::runner: batch kind="embed" subject=1 x smart jobs=1 ms=0
2026-08-28T05:53:09.945271Z  INFO fs3_daemon::runner: done kind="embed" id=54043 left=529
2026-08-28T05:53:09.945528Z  INFO fs3_daemon::runner: done kind=summarize subject=crates/cli/src/doctor.rs::check_engine ms=8 left=529
2026-08-28T05:53:09.950193Z  INFO fs3_daemon::runner: batch kind="embed" subject=1 x smart jobs=1 ms=0
2026-08-28T05:53:09.953900Z  INFO fs3_daemon::runner: done kind="embed" id=54044 left=529
2026-08-28T05:53:09.956841Z  INFO fs3_daemon::runner: done kind=summarize subject=crates/testkit/src/fakes.rs::FakeSummarizer::summarize ms=9 left=528
2026-08-28T05:53:09.967969Z  INFO fs3_daemon::runner: batch kind="embed" subject=1 x smart jobs=1 ms=0
2026-08-28T05:53:09.970913Z  INFO fs3_daemon::runner: done kind=summarize subject=crates/cli/src/main.rs::ConversationCommand ms=13 left=527
2026-08-28T05:53:09.971304Z  INFO fs3_daemon::runner: done kind="embed" id=54045 left=527
2026-08-28T05:53:09.975883Z  INFO fs3_daemon::runner: batch kind="embed" subject=1 x smart jobs=1 ms=0
2026-08-28T05:53:09.979434Z  INFO fs3_daemon::runner: done kind="embed" id=54046 left=527
2026-08-28T05:53:09.980716Z  INFO fs3_daemon::runner: done kind=summarize subject=crates/cli/skills/flowspace/SKILL.md::flowspace — search code by meaning::4c. Ask — when you want an answer, not hits ms=7 left=526
2026-08-28T05:53:09.985704Z  INFO fs3_daemon::runner: batch kind="embed" subject=1 x smart jobs=1 ms=0
2026-08-28T05:53:09.989852Z  INFO fs3_daemon::runner: done kind="embed" id=54047 left=526
2026-08-28T05:53:09.991664Z  INFO fs3_daemon::runner: done kind=summarize subject=crates/testkit/src/fakes.rs::FakeChatProvider ms=10 left=525
2026-08-28T05:53:10.003176Z  INFO fs3_daemon::runner: batch kind="embed" subject=1 x smart jobs=1 ms=8
2026-08-28T05:53:10.004004Z  INFO fs3_daemon::runner: done kind=summarize subject=crates/cli/src/client.rs::DaemonClient::events ms=11 left=525
2026-08-28T05:53:10.006225Z  INFO fs3_daemon::runner: done kind="embed" id=54048 left=524
2026-08-28T05:53:10.019608Z  INFO fs3_daemon::runner: done kind=summarize subject=crates/cli/src/main.rs::ConfigCommand ms=10 left=524
2026-08-28T05:53:10.021541Z  INFO fs3_daemon::runner: progress phase="working" scanned=5002 scan_left=13 summarized=9543 summarize_left=510 embedded=16028 embed_left=1 failed=0
2026-08-28T05:53:10.024194Z  INFO fs3_daemon::runner: batch kind="embed" subject=2 x smart jobs=2 ms=0
2026-08-28T05:53:10.026286Z  INFO fs3_daemon::runner: done kind="embed" id=54049 left=523
2026-08-28T05:53:10.028236Z  INFO fs3_daemon::runner: done kind="embed" id=54050 left=522
2026-08-28T05:53:10.045137Z  INFO fs3_daemon::runner: batch kind="embed" subject=1 x smart jobs=1 ms=0
2026-08-28T05:53:10.045616Z  INFO fs3_daemon::runner: done kind=summarize subject=crates/cli/skills/flowspace/SKILL.md::flowspace — search code by meaning::4c. Ask — when you want an answer, not hits::Scope it, or you pay to read the world ms=14 left=523
2026-08-28T05:53:10.047607Z  INFO fs3_daemon::runner: done kind=summarize subject=crates/cli/src/doctor.rs::check_stack ms=5 left=521
2026-08-28T05:53:10.047685Z  INFO fs3_daemon::runner: done kind="embed" id=54051 left=521
2026-08-28T05:53:10.055931Z  INFO fs3_daemon::runner: batch kind="embed" subject=1 x smart jobs=1 ms=0
2026-08-28T05:53:10.059002Z  INFO fs3_daemon::runner: done kind=summarize subject=crates/cli/src/client.rs::DaemonClient::get_json ms=7 left=520
2026-08-28T05:53:10.059553Z  INFO fs3_daemon::runner: done kind="embed" id=54052 left=520
2026-08-28T05:53:10.066980Z  INFO fs3_daemon::runner: batch kind="embed" subject=1 x smart jobs=1 ms=0
2026-08-28T05:53:10.069595Z  INFO fs3_daemon::runner: done kind="embed" id=54053 left=519
2026-08-28T05:53:10.069816Z  INFO fs3_daemon::runner: done kind=summarize subject=crates/cli/src/main.rs::DoctorCommand ms=6 left=519
2026-08-28T05:53:10.076750Z  INFO fs3_daemon::runner: batch kind="embed" subject=1 x smart jobs=1 ms=0
2026-08-28T05:53:10.079544Z  INFO fs3_daemon::runner: done kind="embed" id=54054 left=518
2026-08-28T05:53:10.081399Z  INFO fs3_daemon::runner: done kind=summarize subject=crates/cli/skills/flowspace/SKILL.md::flowspace — search code by meaning::4c. Ask — when you want an answer, not hits::Reading the report ms=8 left=518
2026-08-28T05:53:10.090703Z  INFO fs3_daemon::runner: batch kind="embed" subject=1 x smart jobs=1 ms=0
2026-08-28T05:53:10.094931Z  INFO fs3_daemon::runner: done kind="embed" id=54055 left=518
2026-08-28T05:53:10.096446Z  INFO fs3_daemon::runner: done kind=summarize subject=crates/testkit/src/fakes.rs::FakeChatProvider ms=10 left=517
2026-08-28T05:53:10.106929Z  INFO fs3_daemon::runner: done kind=summarize subject=crates/cli/src/doctor.rs::check_database ms=8 left=517
2026-08-28T05:53:10.109233Z  INFO fs3_daemon::runner: batch kind="embed" subject=1 x smart jobs=1 ms=8
2026-08-28T05:53:10.114260Z  INFO fs3_daemon::runner: done kind="embed" id=54056 left=516
2026-08-28T05:53:10.122746Z  INFO fs3_daemon::runner: batch kind="embed" subject=1 x smart jobs=1 ms=0
2026-08-28T05:53:10.124374Z  INFO fs3_daemon::runner: done kind=summarize subject=crates/cli/skills/flowspace/SKILL.md::flowspace — search code by meaning::5. Why semantic — the judgment ms=5 left=516
2026-08-28T05:53:10.125243Z  INFO fs3_daemon::runner: done kind="embed" id=54057 left=515
2026-08-28T05:53:10.132201Z  INFO fs3_daemon::runner: batch kind="embed" subject=1 x smart jobs=1 ms=0
2026-08-28T05:53:10.135342Z  INFO fs3_daemon::runner: done kind="embed" id=54058 left=515
2026-08-28T05:53:10.136252Z  INFO fs3_daemon::runner: done kind=summarize subject=crates/cli/src/main.rs::main ms=6 left=514
2026-08-28T05:53:10.139555Z  INFO fs3_daemon::runner: batch kind="embed" subject=1 x smart jobs=1 ms=0
2026-08-28T05:53:10.141936Z  INFO fs3_daemon::runner: done kind="embed" id=54059 left=514
2026-08-28T05:53:10.144239Z  INFO fs3_daemon::runner: done kind=summarize subject=crates/cli/src/client.rs::DaemonClient::post ms=6 left=513
2026-08-28T05:53:10.146458Z  INFO fs3_daemon::runner: batch kind="embed" subject=1 x smart jobs=1 ms=0
2026-08-28T05:53:10.149600Z  INFO fs3_daemon::runner: done kind="embed" id=54060 left=513
2026-08-28T05:53:10.150790Z  INFO fs3_daemon::runner: done kind=summarize subject=crates/cli/src/doctor.rs::check_schema ms=6 left=512
2026-08-28T05:53:10.155640Z  INFO fs3_daemon::runner: batch kind="embed" subject=1 x smart jobs=1 ms=0
2026-08-28T05:53:10.158674Z  INFO fs3_daemon::runner: done kind="embed" id=54061 left=511
2026-08-28T05:53:10.160064Z  INFO fs3_daemon::runner: done kind=summarize subject=crates/cli/src/client.rs::DaemonClient::send ms=7 left=511
2026-08-28T05:53:10.165030Z  INFO fs3_daemon::runner: batch kind="embed" subject=1 x smart jobs=1 ms=0
2026-08-28T05:53:10.167449Z  INFO fs3_daemon::runner: done kind="embed" id=54062 left=510
2026-08-28T05:53:10.169359Z  INFO fs3_daemon::runner: done kind=summarize subject=crates/testkit/src/fakes.rs::FakeChatProvider ms=7 left=510
2026-08-28T05:53:10.178900Z  INFO fs3_daemon::runner: done kind=summarize subject=crates/cli/src/doctor.rs::check_daemon ms=9 left=510
2026-08-28T05:53:10.180619Z  INFO fs3_daemon::runner: batch kind="embed" subject=1 x smart jobs=1 ms=8
2026-08-28T05:53:10.183219Z  INFO fs3_daemon::runner: done kind="embed" id=54063 left=509
2026-08-28T05:53:10.189027Z  INFO fs3_daemon::runner: batch kind="embed" subject=1 x smart jobs=1 ms=0
2026-08-28T05:53:10.191382Z  INFO fs3_daemon::runner: done kind=summarize subject=crates/cli/skills/flowspace/SKILL.md::flowspace — search code by meaning::6. Failure paths ms=4 left=508
2026-08-28T05:53:10.191552Z  INFO fs3_daemon::runner: done kind="embed" id=54064 left=508
2026-08-28T05:53:10.196398Z  INFO fs3_daemon::runner: batch kind="embed" subject=1 x smart jobs=1 ms=0
2026-08-28T05:53:10.198546Z  INFO fs3_daemon::runner: done kind=summarize subject=crates/cli/src/main.rs::boot ms=5 left=508
2026-08-28T05:53:10.199319Z  INFO fs3_daemon::runner: done kind="embed" id=54065 left=507
2026-08-28T05:53:10.204378Z  INFO fs3_daemon::runner: batch kind="embed" subject=1 x smart jobs=1 ms=0
2026-08-28T05:53:10.206479Z  INFO fs3_daemon::runner: done kind="embed" id=54066 left=507
2026-08-28T05:53:10.207564Z  INFO fs3_daemon::runner: done kind=summarize subject=crates/cli/src/render/mod.rs::render_at_width ms=6 left=506
2026-08-28T05:53:10.211491Z  INFO fs3_daemon::runner: batch kind="embed" subject=1 x smart jobs=1 ms=0
2026-08-28T05:53:10.214326Z  INFO fs3_daemon::runner: done kind="embed" id=54067 left=505
2026-08-28T05:53:10.218863Z  INFO fs3_daemon::runner: done kind=summarize subject=crates/testkit/src/fakes.rs::FakeChatProvider ms=9 left=505
2026-08-28T05:53:10.221917Z  INFO fs3_daemon::runner: done kind=summarize subject=crates/cli/src/main.rs::run ms=4 left=505
2026-08-28T05:53:10.226059Z  INFO fs3_daemon::runner: batch kind="embed" subject=1 x smart jobs=1 ms=6
2026-08-28T05:53:10.228844Z  INFO fs3_daemon::runner: done kind="embed" id=54068 left=504
2026-08-28T05:53:10.234562Z  INFO fs3_daemon::runner: batch kind="embed" subject=1 x smart jobs=1 ms=0
2026-08-28T05:53:10.237964Z  INFO fs3_daemon::runner: done kind=summarize subject=crates/cli/src/doctor.rs::check_auth ms=6 left=503
2026-08-28T05:53:10.238153Z  INFO fs3_daemon::runner: done kind="embed" id=54069 left=503
2026-08-28T05:53:10.243905Z  INFO fs3_daemon::runner: batch kind="embed" subject=1 x smart jobs=1 ms=0
2026-08-28T05:53:10.246217Z  INFO fs3_daemon::runner: done kind="embed" id=54070 left=503
2026-08-28T05:53:10.249489Z  INFO fs3_daemon::runner: done kind=summarize subject=crates/cli/src/client.rs::DaemonClient::envelope ms=8 left=502
2026-08-28T05:53:10.253626Z  INFO fs3_daemon::runner: batch kind="embed" subject=1 x smart jobs=1 ms=0
2026-08-28T05:53:10.256924Z  INFO fs3_daemon::runner: done kind="embed" id=54071 left=501
2026-08-28T05:53:10.257161Z  INFO fs3_daemon::runner: done kind=summarize subject=crates/cli/src/render/mod.rs::tests ms=5 left=501
2026-08-28T05:53:10.261874Z  INFO fs3_daemon::runner: batch kind="embed" subject=1 x smart jobs=1 ms=0
2026-08-28T05:53:10.263772Z  INFO fs3_daemon::runner: done kind="embed" id=54072 left=501
2026-08-28T05:53:10.264759Z  INFO fs3_daemon::runner: done kind=summarize subject=crates/cli/src/doctor.rs::check_providers ms=5 left=500
2026-08-28T05:53:10.267775Z  INFO fs3_daemon::runner: batch kind="embed" subject=1 x smart jobs=1 ms=0
2026-08-28T05:53:10.270496Z  INFO fs3_daemon::runner: done kind="embed" id=54073 left=500
2026-08-28T05:53:10.273149Z  INFO fs3_daemon::runner: done kind=summarize subject=crates/cli/src/main.rs::emit ms=7 left=499
2026-08-28T05:53:10.277187Z  INFO fs3_daemon::runner: batch kind="embed" subject=1 x smart jobs=1 ms=0
2026-08-28T05:53:10.279861Z  INFO fs3_daemon::runner: done kind="embed" id=54074 left=499
2026-08-28T05:53:10.281294Z  INFO fs3_daemon::runner: done kind=summarize subject=crates/testkit/src/fakes.rs::FakeChatProvider::turn ms=6 left=498
2026-08-28T05:53:10.284619Z  INFO fs3_daemon::runner: batch kind="embed" subject=1 x smart jobs=1 ms=0
2026-08-28T05:53:10.287229Z  INFO fs3_daemon::runner: done kind="embed" id=54075 left=497
2026-08-28T05:53:10.287414Z  INFO fs3_daemon::runner: done kind=summarize subject=crates/cli/src/render/mod.rs::tests::a_sixty_column_failure_stays_inside_its_canvas ms=5 left=497
2026-08-28T05:53:10.293943Z  INFO fs3_daemon::runner: batch kind="embed" subject=1 x smart jobs=1 ms=0
2026-08-28T05:53:10.297302Z  INFO fs3_daemon::runner: done kind="embed" id=54076 left=496
2026-08-28T05:53:10.297397Z  INFO fs3_daemon::runner: done kind=summarize subject=crates/testkit/src/fakes.rs::tests ms=7 left=496
2026-08-28T05:53:10.301735Z  INFO fs3_daemon::runner: batch kind="embed" subject=1 x smart jobs=1 ms=0
2026-08-28T05:53:10.304322Z  INFO fs3_daemon::runner: done kind="embed" id=54077 left=495
2026-08-28T05:53:10.304488Z  INFO fs3_daemon::runner: done kind=summarize subject=crates/cli/src/client.rs::tests ms=5 left=495
2026-08-28T05:53:10.310108Z  INFO fs3_daemon::runner: batch kind="embed" subject=1 x smart jobs=1 ms=0
2026-08-28T05:53:10.312038Z  INFO fs3_daemon::runner: done kind="embed" id=54078 left=495
2026-08-28T05:53:10.313654Z  INFO fs3_daemon::runner: done kind=summarize subject=crates/cli/src/main.rs::config_show ms=6 left=494
2026-08-28T05:53:10.316746Z  INFO fs3_daemon::runner: batch kind="embed" subject=1 x smart jobs=1 ms=0
2026-08-28T05:53:10.319638Z  INFO fs3_daemon::runner: done kind="embed" id=54079 left=494
2026-08-28T05:53:10.322741Z  INFO fs3_daemon::runner: done kind=summarize subject=crates/cli/src/doctor.rs::skills_row ms=8 left=493
2026-08-28T05:53:10.326881Z  INFO fs3_daemon::runner: batch kind="embed" subject=1 x smart jobs=1 ms=0
2026-08-28T05:53:10.329487Z  INFO fs3_daemon::runner: done kind="embed" id=54080 left=493
2026-08-28T05:53:10.330693Z  INFO fs3_daemon::runner: done kind=summarize subject=crates/cli/src/client.rs::tests::every_daemon_verb_inherits_authorization_from_the_request_boundary ms=6 left=492
2026-08-28T05:53:10.334598Z  INFO fs3_daemon::runner: batch kind="embed" subject=1 x smart jobs=1 ms=0
2026-08-28T05:53:10.337100Z  INFO fs3_daemon::runner: done kind="embed" id=54081 left=492
2026-08-28T05:53:10.339470Z  INFO fs3_daemon::runner: done kind=summarize subject=crates/testkit/src/fakes.rs::tests::block_on ms=7 left=491
2026-08-28T05:53:10.343721Z  INFO fs3_daemon::runner: batch kind="embed" subject=1 x smart jobs=1 ms=0
2026-08-28T05:53:10.346291Z  INFO fs3_daemon::runner: done kind="embed" id=54082 left=491
2026-08-28T05:53:10.347634Z  INFO fs3_daemon::runner: done kind=summarize subject=crates/cli/src/main.rs::ping ms=7 left=490
2026-08-28T05:53:10.350372Z  INFO fs3_daemon::runner: batch kind="embed" subject=1 x smart jobs=1 ms=0
2026-08-28T05:53:10.353012Z  INFO fs3_daemon::runner: done kind="embed" id=54083 left=490
2026-08-28T05:53:10.354180Z  INFO fs3_daemon::runner: done kind=summarize subject=crates/testkit/src/fakes.rs::tests::a_chat_script_replays_tool_use_then_an_answer ms=5 left=489
2026-08-28T05:53:10.357708Z  INFO fs3_daemon::runner: batch kind="embed" subject=1 x smart jobs=1 ms=0
2026-08-28T05:53:10.360441Z  INFO fs3_daemon::runner: done kind="embed" id=54084 left=488
2026-08-28T05:53:10.361247Z  INFO fs3_daemon::runner: done kind=summarize subject=crates/cli/src/client.rs::tests::a_verb_that_bypasses_the_authenticated_boundary_is_named ms=5 left=488
2026-08-28T05:53:10.365718Z  INFO fs3_daemon::runner: batch kind="embed" subject=1 x smart jobs=1 ms=0
2026-08-28T05:53:10.368344Z  INFO fs3_daemon::runner: done kind="embed" id=54085 left=487
2026-08-28T05:53:10.368498Z  INFO fs3_daemon::runner: done kind=summarize subject=crates/cli/src/doctor.rs::check_skills ms=5 left=487
2026-08-28T05:53:10.373039Z  INFO fs3_daemon::runner: batch kind="embed" subject=1 x smart jobs=1 ms=0
2026-08-28T05:53:10.375126Z  INFO fs3_daemon::runner: done kind="embed" id=54086 left=487
2026-08-28T05:53:10.376431Z  INFO fs3_daemon::runner: done kind=summarize subject=crates/cli/src/doctor.rs::check_logs ms=6 left=486
2026-08-28T05:53:10.380260Z  INFO fs3_daemon::runner: batch kind="embed" subject=1 x smart jobs=1 ms=0
2026-08-28T05:53:10.382247Z  INFO fs3_daemon::runner: done kind="embed" id=54087 left=486
2026-08-28T05:53:10.385100Z  INFO fs3_daemon::runner: done kind=summarize subject=crates/cli/src/doctor.rs::map_store ms=7 left=485
2026-08-28T05:53:10.386956Z  INFO fs3_daemon::runner: batch kind="embed" subject=1 x smart jobs=1 ms=0
2026-08-28T05:53:10.388946Z  INFO fs3_daemon::runner: done kind="embed" id=54088 left=485
2026-08-28T05:53:10.390361Z  INFO fs3_daemon::runner: done kind=summarize subject=crates/testkit/src/fakes.rs::tests::chat_requests_record_messages_and_tool_schemas ms=6 left=484
2026-08-28T05:53:10.393299Z  INFO fs3_daemon::runner: batch kind="embed" subject=1 x smart jobs=1 ms=0
2026-08-28T05:53:10.395280Z  INFO fs3_daemon::runner: done kind="embed" id=54089 left=484
2026-08-28T05:53:10.396669Z  INFO fs3_daemon::runner: done kind=summarize subject=crates/testkit/src/fakes.rs::tests::hash_vectors_are_deterministic_and_normalised ms=5 left=483
2026-08-28T05:53:10.401532Z  INFO fs3_daemon::runner: batch kind="embed" subject=1 x smart jobs=1 ms=0
2026-08-28T05:53:10.411270Z  INFO fs3_daemon::runner: done kind="embed" id=54090 left=483
2026-08-28T05:53:10.416548Z  INFO fs3_daemon::runner: done kind=summarize subject=crates/cli/src/doctor.rs::tests ms=19 left=482
2026-08-28T05:53:10.445988Z  INFO fs3_daemon::runner: batch kind="embed" subject=1 x smart jobs=1 ms=0
2026-08-28T05:53:10.453251Z  INFO fs3_daemon::runner: done kind=summarize subject=crates/testkit/src/fakes.rs::tests::related_text_ranks_above_unrelated_text ms=27 left=481
2026-08-28T05:53:10.453392Z  INFO fs3_daemon::runner: done kind="embed" id=54091 left=481
2026-08-28T05:53:10.460131Z  INFO fs3_daemon::runner: batch kind="embed" subject=1 x smart jobs=1 ms=0
2026-08-28T05:53:10.465281Z  INFO fs3_daemon::runner: done kind="embed" id=54092 left=481
2026-08-28T05:53:10.466218Z  INFO fs3_daemon::runner: done kind=summarize subject=crates/cli/src/doctor.rs::tests::a_repaired_step_records_both_the_finding_and_the_action ms=9 left=480
2026-08-28T05:53:10.474487Z  INFO fs3_daemon::runner: batch kind="embed" subject=1 x smart jobs=1 ms=0
2026-08-28T05:53:10.477336Z  INFO fs3_daemon::runner: done kind="embed" id=54093 left=479
2026-08-28T05:53:10.477510Z  INFO fs3_daemon::runner: done kind=summarize subject=crates/cli/src/render/progress.rs::while_pending ms=8 left=479
2026-08-28T05:53:10.484114Z  INFO fs3_daemon::runner: batch kind="embed" subject=1 x smart jobs=1 ms=0
2026-08-28T05:53:10.487538Z  INFO fs3_daemon::runner: done kind="embed" id=54094 left=479
2026-08-28T05:53:10.492455Z  INFO fs3_daemon::runner: done kind=summarize subject=crates/testkit/src/fakes.rs::tests::tokenless_input_still_yields_a_unit_vector ms=11 left=478
2026-08-28T05:53:10.495147Z  INFO fs3_daemon::runner: batch kind="embed" subject=1 x smart jobs=1 ms=0
2026-08-28T05:53:10.498992Z  INFO fs3_daemon::runner: done kind="embed" id=54095 left=478
2026-08-28T05:53:10.500400Z  INFO fs3_daemon::runner: done kind=summarize subject=crates/cli/src/doctor.rs::tests::the_logs_row_names_the_active_file_when_it_can_be_written ms=8 left=477
2026-08-28T05:53:10.507752Z  INFO fs3_daemon::runner: batch kind="embed" subject=1 x smart jobs=1 ms=0
2026-08-28T05:53:10.516113Z  INFO fs3_daemon::runner: done kind="embed" id=54096 left=477
2026-08-28T05:53:10.517098Z  INFO fs3_daemon::runner: done kind=summarize subject=crates/cli/src/render/progress.rs::consume ms=15 left=476
2026-08-28T05:53:10.525474Z  INFO fs3_daemon::runner: batch kind="embed" subject=1 x smart jobs=1 ms=0
2026-08-28T05:53:10.532411Z  INFO fs3_daemon::runner: done kind="embed" id=54097 left=475
2026-08-28T05:53:10.532612Z  INFO fs3_daemon::runner: done kind=summarize subject=crates/cli/src/doctor.rs::tests::a_log_directory_that_does_not_exist_yet_is_reported_not_created ms=10 left=475
2026-08-28T05:53:10.537994Z  INFO fs3_daemon::runner: batch kind="embed" subject=1 x smart jobs=1 ms=0
2026-08-28T05:53:10.542884Z  INFO fs3_daemon::runner: done kind="embed" id=54098 left=475
2026-08-28T05:53:10.543817Z  INFO fs3_daemon::runner: done kind=summarize subject=crates/cli/src/render/progress.rs::format_event ms=8 left=474
2026-08-28T05:53:10.552902Z  INFO fs3_daemon::runner: batch kind="embed" subject=1 x smart jobs=1 ms=0
2026-08-28T05:53:10.557242Z  INFO fs3_daemon::runner: done kind="embed" id=54099 left=474
2026-08-28T05:53:10.559689Z  INFO fs3_daemon::runner: done kind=summarize subject=crates/cli/src/doctor.rs::tests::an_unwritable_log_directory_warns_and_steers ms=10 left=473
2026-08-28T05:53:10.567310Z  INFO fs3_daemon::runner: batch kind="embed" subject=1 x smart jobs=1 ms=0
2026-08-28T05:53:10.573897Z  INFO fs3_daemon::runner: done kind=summarize subject=crates/cli/src/render/progress.rs::tests ms=12 left=472
2026-08-28T05:53:10.574136Z  INFO fs3_daemon::runner: done kind="embed" id=54100 left=472
2026-08-28T05:53:10.615629Z  INFO fs3_daemon::runner: batch kind="embed" subject=1 x smart jobs=1 ms=1
2026-08-28T05:53:10.625062Z  INFO fs3_daemon::runner: done kind="embed" id=54101 left=471
2026-08-28T05:53:10.625588Z  INFO fs3_daemon::runner: done kind=summarize subject=crates/cli/src/doctor.rs::tests::a_log_dir_that_is_a_file_says_so_rather_than_calling_it_missing ms=42 left=471
2026-08-28T05:53:10.639497Z  INFO fs3_daemon::runner: batch kind="embed" subject=1 x smart jobs=1 ms=3
2026-08-28T05:53:10.642627Z  INFO fs3_daemon::runner: done kind=summarize subject=crates/cli/src/render/progress.rs::tests::recorded_stream_supplies_honest_counts_and_current_path ms=10 left=471
2026-08-28T05:53:10.644919Z  INFO fs3_daemon::runner: done kind="embed" id=54102 left=470
2026-08-28T05:53:10.659691Z  INFO fs3_daemon::runner: batch kind="embed" subject=1 x smart jobs=1 ms=0
2026-08-28T05:53:10.664565Z  INFO fs3_daemon::runner: done kind=summarize subject=crates/cli/src/doctor.rs::tests::an_ignored_config_section_reaches_a_warning_row ms=12 left=470
2026-08-28T05:53:10.667376Z  INFO fs3_daemon::runner: done kind="embed" id=54103 left=469
2026-08-28T05:53:10.681897Z  INFO fs3_daemon::runner: batch kind="embed" subject=1 x smart jobs=1 ms=0
2026-08-28T05:53:10.689072Z  INFO fs3_daemon::runner: done kind="embed" id=54104 left=469
2026-08-28T05:53:10.692713Z  INFO fs3_daemon::runner: done kind=summarize subject=crates/cli/src/doctor.rs::tests::a_down_daemon_steers_before_an_ignored_config_section ms=19 left=468
2026-08-28T05:53:10.708530Z  INFO fs3_daemon::runner: batch kind="embed" subject=1 x smart jobs=1 ms=0
2026-08-28T05:53:10.714598Z  INFO fs3_daemon::runner: done kind="embed" id=54105 left=468
2026-08-28T05:53:10.715436Z  INFO fs3_daemon::runner: done kind=summarize subject=crates/cli/src/doctor.rs::tests::the_skills_row_shapes_its_states_verbatim ms=20 left=467
2026-08-28T05:53:10.721880Z  INFO fs3_daemon::runner: batch kind="embed" subject=1 x smart jobs=1 ms=0
2026-08-28T05:53:10.730399Z  INFO fs3_daemon::runner: done kind="embed" id=54106 left=467
2026-08-28T05:53:10.731437Z  INFO fs3_daemon::runner: done kind=summarize subject=crates/cli/src/render/surfaces/doctor.rs::render ms=12 left=466
2026-08-28T05:53:10.750825Z  INFO fs3_daemon::runner: batch kind="embed" subject=1 x smart jobs=1 ms=0
2026-08-28T05:53:10.756692Z  INFO fs3_daemon::runner: done kind="embed" id=54107 left=465
2026-08-28T05:53:10.756695Z  INFO fs3_daemon::runner: done kind=summarize subject=crates/cli/src/render/surfaces/failure.rs::render ms=14 left=465
2026-08-28T05:53:10.767698Z  INFO fs3_daemon::runner: batch kind="embed" subject=1 x smart jobs=1 ms=0
2026-08-28T05:53:10.773794Z  INFO fs3_daemon::runner: done kind="embed" id=54108 left=465
2026-08-28T05:53:10.775192Z  INFO fs3_daemon::runner: done kind=summarize subject=crates/cli/src/render/surfaces/failure.rs::tests ms=12 left=464
2026-08-28T05:53:10.790221Z  INFO fs3_daemon::runner: batch kind="embed" subject=1 x smart jobs=1 ms=1
2026-08-28T05:53:10.795085Z  INFO fs3_daemon::runner: done kind=summarize subject=crates/cli/src/render/surfaces/lists.rs::docs ms=15 left=463
2026-08-28T05:53:10.795190Z  INFO fs3_daemon::runner: done kind="embed" id=54109 left=463
2026-08-28T05:53:10.812003Z  INFO fs3_daemon::runner: batch kind="embed" subject=1 x smart jobs=1 ms=0
2026-08-28T05:53:10.817764Z  INFO fs3_daemon::runner: done kind="embed" id=54110 left=462
2026-08-28T05:53:10.818044Z  INFO fs3_daemon::runner: done kind=summarize subject=crates/cli/src/render/surfaces/lists.rs::agents ms=15 left=462
2026-08-28T05:53:10.829292Z  INFO fs3_daemon::runner: batch kind="embed" subject=1 x smart jobs=1 ms=1
2026-08-28T05:53:10.835055Z  INFO fs3_daemon::runner: done kind=summarize subject=crates/cli/src/render/surfaces/lists.rs::conversations ms=11 left=462
2026-08-28T05:53:10.839478Z  INFO fs3_daemon::runner: done kind="embed" id=54111 left=461
2026-08-28T05:53:10.859809Z  INFO fs3_daemon::runner: batch kind="embed" subject=1 x smart jobs=1 ms=0
2026-08-28T05:53:10.864388Z  INFO fs3_daemon::runner: done kind="embed" id=54112 left=460
2026-08-28T05:53:10.864502Z  INFO fs3_daemon::runner: done kind=summarize subject=crates/cli/src/render/surfaces/read.rs::get ms=20 left=460
2026-08-28T05:53:10.877339Z  INFO fs3_daemon::runner: batch kind="embed" subject=1 x smart jobs=1 ms=0
2026-08-28T05:53:10.883860Z  INFO fs3_daemon::runner: done kind="embed" id=54113 left=459
2026-08-28T05:53:10.883983Z  INFO fs3_daemon::runner: done kind=summarize subject=crates/cli/src/render/surfaces/read.rs::tree ms=14 left=459
2026-08-28T05:53:10.900128Z  INFO fs3_daemon::runner: batch kind="embed" subject=1 x smart jobs=1 ms=0
2026-08-28T05:53:10.906127Z  INFO fs3_daemon::runner: done kind="embed" id=54114 left=458
2026-08-28T05:53:10.906237Z  INFO fs3_daemon::runner: done kind=summarize subject=crates/cli/src/render/surfaces/read.rs::add_entries ms=16 left=458
2026-08-28T05:53:10.926591Z  INFO fs3_daemon::runner: batch kind="embed" subject=1 x smart jobs=1 ms=0
2026-08-28T05:53:10.934334Z  INFO fs3_daemon::runner: done kind="embed" id=54115 left=458
2026-08-28T05:53:10.936637Z  INFO fs3_daemon::runner: done kind=summarize subject=crates/cli/src/render/surfaces/remove.rs::remove ms=22 left=457
2026-08-28T05:53:10.947632Z  INFO fs3_daemon::runner: batch kind="embed" subject=1 x smart jobs=1 ms=0
2026-08-28T05:53:10.955989Z  INFO fs3_daemon::runner: done kind="embed" id=54116 left=456
2026-08-28T05:53:10.956460Z  INFO fs3_daemon::runner: done kind=summarize subject=crates/cli/src/render/surfaces/remove.rs::gc ms=17 left=456
2026-08-28T05:53:10.976577Z  INFO fs3_daemon::runner: batch kind="embed" subject=1 x smart jobs=1 ms=0
2026-08-28T05:53:10.981598Z  INFO fs3_daemon::runner: done kind=summarize subject=crates/cli/src/render/surfaces/roots.rs::render ms=20 left=456
2026-08-28T05:53:10.982629Z  INFO fs3_daemon::runner: done kind="embed" id=54117 left=455
2026-08-28T05:53:10.994923Z  INFO fs3_daemon::runner: batch kind="embed" subject=1 x smart jobs=1 ms=0
2026-08-28T05:53:11.003757Z  INFO fs3_daemon::runner: done kind="embed" id=54118 left=455
2026-08-28T05:53:11.006530Z  INFO fs3_daemon::runner: done kind=summarize subject=crates/cli/src/render/surfaces/search.rs::render ms=16 left=454
2026-08-28T05:53:11.020273Z  INFO fs3_daemon::runner: batch kind="embed" subject=1 x smart jobs=1 ms=0
2026-08-28T05:53:11.030498Z  INFO fs3_daemon::runner: done kind=summarize subject=crates/cli/src/render/surfaces/status.rs::render ms=21 left=453
2026-08-28T05:53:11.030967Z  INFO fs3_daemon::runner: done kind="embed" id=54119 left=453
2026-08-28T05:53:11.044486Z  INFO fs3_daemon::runner: batch kind="embed" subject=1 x smart jobs=1 ms=0
2026-08-28T05:53:11.048558Z  INFO fs3_daemon::runner: done kind="embed" id=54120 left=452
2026-08-28T05:53:11.048821Z  INFO fs3_daemon::runner: done kind=summarize subject=crates/cli/src/render/theme.rs::spans ms=11 left=452
2026-08-28T05:53:11.054733Z  INFO fs3_daemon::runner: batch kind="embed" subject=1 x smart jobs=1 ms=0
2026-08-28T05:53:11.056987Z  INFO fs3_daemon::runner: done kind="embed" id=54121 left=452
2026-08-28T05:53:11.058342Z  INFO fs3_daemon::runner: done kind=summarize subject=crates/cli/src/render/theme.rs::next_action ms=5 left=451
2026-08-28T05:53:11.062340Z  INFO fs3_daemon::runner: batch kind="embed" subject=1 x smart jobs=1 ms=0
2026-08-28T05:53:11.066712Z  INFO fs3_daemon::runner: done kind="embed" id=54122 left=451
2026-08-28T05:53:11.070467Z  INFO fs3_daemon::runner: done kind=summarize subject=crates/cli/src/render/theme.rs::score_meter ms=11 left=450
2026-08-28T05:53:11.082704Z  INFO fs3_daemon::runner: batch kind="embed" subject=1 x smart jobs=1 ms=0
2026-08-28T05:53:11.089230Z  INFO fs3_daemon::runner: done kind="embed" id=54123 left=450
2026-08-28T05:53:11.093188Z  INFO fs3_daemon::runner: done kind=summarize subject=crates/cli/src/render/theme.rs::meter ms=17 left=449
2026-08-28T05:53:11.099422Z  INFO fs3_daemon::runner: batch kind="embed" subject=1 x smart jobs=1 ms=1
2026-08-28T05:53:11.105671Z  INFO fs3_daemon::runner: done kind="embed" id=54124 left=449
2026-08-28T05:53:11.107980Z  INFO fs3_daemon::runner: done kind=summarize subject=crates/cli/src/tui.rs::run ms=14 left=448
2026-08-28T05:53:11.117558Z  INFO fs3_daemon::runner: batch kind="embed" subject=1 x smart jobs=1 ms=0
2026-08-28T05:53:11.121338Z  INFO fs3_daemon::runner: done kind="embed" id=54125 left=447
2026-08-28T05:53:11.121469Z  INFO fs3_daemon::runner: done kind=summarize subject=crates/cli/src/render/theme.rs::outcome_glyph ms=12 left=447
2026-08-28T05:53:11.133612Z  INFO fs3_daemon::runner: batch kind="embed" subject=1 x smart jobs=1 ms=0
2026-08-28T05:53:11.137141Z  INFO fs3_daemon::runner: done kind="embed" id=54126 left=446
2026-08-28T05:53:11.137281Z  INFO fs3_daemon::runner: done kind=summarize subject=crates/cli/src/tui.rs::run_loop ms=9 left=446
2026-08-28T05:53:11.147543Z  INFO fs3_daemon::runner: batch kind="embed" subject=1 x smart jobs=1 ms=0
2026-08-28T05:53:11.152281Z  INFO fs3_daemon::runner: done kind=summarize subject=crates/cli/src/watch.rs::run ms=12 left=445
2026-08-28T05:53:11.152534Z  INFO fs3_daemon::runner: done kind="embed" id=54127 left=445
2026-08-28T05:53:11.162065Z  INFO fs3_daemon::runner: batch kind="embed" subject=1 x smart jobs=1 ms=0
2026-08-28T05:53:11.165738Z  INFO fs3_daemon::runner: done kind="embed" id=54128 left=444
2026-08-28T05:53:11.167057Z  INFO fs3_daemon::runner: done kind=summarize subject=crates/cli/src/tui.rs::TerminalSession ms=9 left=444
2026-08-28T05:53:11.178507Z  INFO fs3_daemon::runner: batch kind="embed" subject=1 x smart jobs=1 ms=1
2026-08-28T05:53:11.180929Z  INFO fs3_daemon::runner: done kind=summarize subject=crates/cli/src/watch.rs::render_line ms=7 left=443
2026-08-28T05:53:11.181295Z  INFO fs3_daemon::runner: done kind="embed" id=54129 left=443
2026-08-28T05:53:11.186754Z  INFO fs3_daemon::runner: batch kind="embed" subject=1 x smart jobs=1 ms=0
2026-08-28T05:53:11.190058Z  INFO fs3_daemon::runner: done kind="embed" id=54130 left=443
2026-08-28T05:53:11.191877Z  INFO fs3_daemon::runner: done kind=summarize subject=crates/cli/src/render/theme.rs::tests ms=7 left=442
2026-08-28T05:53:11.196064Z  INFO fs3_daemon::runner: batch kind="embed" subject=1 x smart jobs=1 ms=0
2026-08-28T05:53:11.199096Z  INFO fs3_daemon::runner: done kind="embed" id=54131 left=442
2026-08-28T05:53:11.200331Z  INFO fs3_daemon::runner: done kind=summarize subject=crates/cli/tests/doctor_daemon.rs::config_for ms=7 left=441
2026-08-28T05:53:11.209470Z  INFO fs3_daemon::runner: batch kind="embed" subject=1 x smart jobs=1 ms=0
2026-08-28T05:53:11.213673Z  INFO fs3_daemon::runner: done kind="embed" id=54132 left=440
2026-08-28T05:53:11.213820Z  INFO fs3_daemon::runner: done kind=summarize subject=crates/cli/src/tui.rs::TerminalSession::enter ms=10 left=440
2026-08-28T05:53:11.219048Z  INFO fs3_daemon::runner: batch kind="embed" subject=1 x smart jobs=1 ms=0
2026-08-28T05:53:11.221913Z  INFO fs3_daemon::runner: done kind="embed" id=54133 left=440
2026-08-28T05:53:11.223269Z  INFO fs3_daemon::runner: done kind=summarize subject=crates/cli/tests/doctor_daemon.rs::run ms=7 left=439
2026-08-28T05:53:11.229579Z  INFO fs3_daemon::runner: batch kind="embed" subject=1 x smart jobs=1 ms=1
2026-08-28T05:53:11.232793Z  INFO fs3_daemon::runner: done kind=summarize subject=crates/cli/tests/envelope_goldens.rs::flowspace3 ms=7 left=438
2026-08-28T05:53:11.232945Z  INFO fs3_daemon::runner: done kind="embed" id=54134 left=438
2026-08-28T05:53:11.242988Z  INFO fs3_daemon::runner: batch kind="embed" subject=1 x smart jobs=1 ms=0
2026-08-28T05:53:11.252715Z  INFO fs3_daemon::runner: done kind=summarize subject=crates/cli/src/tui.rs::SearchHit ms=13 left=437
2026-08-28T05:53:11.252779Z  INFO fs3_daemon::runner: done kind="embed" id=54135 left=437
2026-08-28T05:53:11.262743Z  INFO fs3_daemon::runner: batch kind="embed" subject=1 x smart jobs=1 ms=0
2026-08-28T05:53:11.265954Z  INFO fs3_daemon::runner: done kind="embed" id=54136 left=437
2026-08-28T05:53:11.266950Z  INFO fs3_daemon::runner: done kind=summarize subject=crates/cli/tests/envelope_goldens.rs::serve ms=8 left=436
2026-08-28T05:53:11.283214Z  INFO fs3_daemon::runner: batch kind="embed" subject=1 x smart jobs=1 ms=0
2026-08-28T05:53:11.287580Z  INFO fs3_daemon::runner: done kind="embed" id=54137 left=435
2026-08-28T05:53:11.287771Z  INFO fs3_daemon::runner: done kind=summarize subject=crates/cli/tests/doctor_daemon.rs::doctor_reports_degraded_when_no_daemon_is_listening ms=12 left=435
2026-08-28T05:53:11.294111Z  INFO fs3_daemon::runner: batch kind="embed" subject=1 x smart jobs=1 ms=0
2026-08-28T05:53:11.297400Z  INFO fs3_daemon::runner: done kind=summarize subject=crates/cli/tests/envelope_goldens.rs::run ms=6 left=434
2026-08-28T05:53:11.297491Z  INFO fs3_daemon::runner: done kind="embed" id=54138 left=434
2026-08-28T05:53:11.308383Z  INFO fs3_daemon::runner: batch kind="embed" subject=1 x smart jobs=1 ms=0
2026-08-28T05:53:11.310925Z  INFO fs3_daemon::runner: done kind="embed" id=54139 left=433
2026-08-28T05:53:11.311089Z  INFO fs3_daemon::runner: done kind=summarize subject=crates/cli/tests/doctor_daemon.rs::doctor_reports_ok_when_the_daemon_answers ms=7 left=433
2026-08-28T05:53:11.317945Z  INFO fs3_daemon::runner: batch kind="embed" subject=1 x smart jobs=1 ms=0
2026-08-28T05:53:11.322073Z  INFO fs3_daemon::runner: done kind="embed" id=54140 left=432
2026-08-28T05:53:11.322217Z  INFO fs3_daemon::runner: done kind=summarize subject=crates/cli/src/tui.rs::Mailbox ms=8 left=432
2026-08-28T05:53:11.343351Z  INFO fs3_daemon::runner: batch kind="embed" subject=1 x smart jobs=1 ms=1
2026-08-28T05:53:11.346929Z  INFO fs3_daemon::runner: done kind="embed" id=54141 left=432
2026-08-28T05:53:11.350352Z  INFO fs3_daemon::runner: done kind=summarize subject=crates/cli/tests/doctor_daemon.rs::doctor_warns_when_only_the_offline_fake_is_configured ms=18 left=431
2026-08-28T05:53:11.355836Z  INFO fs3_daemon::runner: batch kind="embed" subject=1 x smart jobs=1 ms=0
2026-08-28T05:53:11.359266Z  INFO fs3_daemon::runner: done kind="embed" id=54142 left=431
2026-08-28T05:53:11.360599Z  INFO fs3_daemon::runner: done kind=summarize subject=crates/cli/tests/envelope_goldens.rs::the_piped_envelope_is_byte_identical_to_pre_plan_main ms=10 left=430
2026-08-28T05:53:11.364982Z  INFO fs3_daemon::runner: batch kind="embed" subject=1 x smart jobs=1 ms=0
2026-08-28T05:53:11.368473Z  INFO fs3_daemon::runner: done kind="embed" id=54143 left=430
2026-08-28T05:53:11.369919Z  INFO fs3_daemon::runner: done kind=summarize subject=crates/cli/tests/goldens/PROVENANCE.md::PROVENANCE — the ac-0002 byte-goldens ms=7 left=429
2026-08-28T05:53:11.374633Z  INFO fs3_daemon::runner: batch kind="embed" subject=1 x smart jobs=1 ms=0
2026-08-28T05:53:11.377566Z  INFO fs3_daemon::runner: done kind="embed" id=54144 left=429
2026-08-28T05:53:11.379534Z  INFO fs3_daemon::runner: done kind=summarize subject=crates/cli/src/tui.rs::Mailbox::push ms=8 left=428
2026-08-28T05:53:11.391471Z  INFO fs3_daemon::runner: batch kind="embed" subject=1 x smart jobs=1 ms=1
2026-08-28T05:53:11.396453Z  INFO fs3_daemon::runner: done kind="embed" id=54145 left=427
2026-08-28T05:53:11.396646Z  INFO fs3_daemon::runner: done kind=summarize subject=crates/cli/tests/doctor_daemon.rs::doctor_warns_when_a_real_provider_has_no_key ms=10 left=427
2026-08-28T05:53:11.403174Z  INFO fs3_daemon::runner: batch kind="embed" subject=1 x smart jobs=1 ms=0
2026-08-28T05:53:11.406654Z  INFO fs3_daemon::runner: done kind="embed" id=54146 left=427
2026-08-28T05:53:11.408391Z  INFO fs3_daemon::runner: done kind=summarize subject=crates/cli/tests/envelope_goldens.rs::the_documentation_verbs_keep_their_shape ms=9 left=426
2026-08-28T05:53:11.415456Z  INFO fs3_daemon::runner: batch kind="embed" subject=1 x smart jobs=1 ms=0
2026-08-28T05:53:11.417506Z  INFO fs3_daemon::runner: done kind=summarize subject=crates/cli/tests/goldens/PROVENANCE.md::PROVENANCE — the ac-0002 byte-goldens::Who minted them, and why that is the whole point ms=7 left=426
2026-08-28T05:53:11.418556Z  INFO fs3_daemon::runner: done kind="embed" id=54147 left=425
2026-08-28T05:53:11.423283Z  INFO fs3_daemon::runner: batch kind="embed" subject=1 x smart jobs=1 ms=0
2026-08-28T05:53:11.426424Z  INFO fs3_daemon::runner: done kind="embed" id=54148 left=425
2026-08-28T05:53:11.428398Z  INFO fs3_daemon::runner: done kind=summarize subject=crates/cli/src/tui.rs::Mailbox::apply_to ms=7 left=424
2026-08-28T05:53:11.431984Z  INFO fs3_daemon::runner: batch kind="embed" subject=1 x smart jobs=1 ms=0
2026-08-28T05:53:11.436026Z  INFO fs3_daemon::runner: done kind="embed" id=54149 left=424
2026-08-28T05:53:11.439444Z  INFO fs3_daemon::runner: done kind=summarize subject=crates/cli/tests/doctor_daemon.rs::doctor_warns_when_an_active_names_no_configured_instance ms=9 left=423
2026-08-28T05:53:11.444581Z  INFO fs3_daemon::runner: batch kind="embed" subject=1 x smart jobs=1 ms=0
2026-08-28T05:53:11.448054Z  INFO fs3_daemon::runner: done kind="embed" id=54150 left=423
2026-08-28T05:53:11.449335Z  INFO fs3_daemon::runner: done kind=summarize subject=crates/cli/tests/goldens/PROVENANCE.md::PROVENANCE — the ac-0002 byte-goldens::Why the daemon's answer is a file rather than a database ms=8 left=422
2026-08-28T05:53:11.454071Z  INFO fs3_daemon::runner: batch kind="embed" subject=1 x smart jobs=1 ms=0
2026-08-28T05:53:11.457856Z  INFO fs3_daemon::runner: done kind="embed" id=54151 left=422
2026-08-28T05:53:11.459515Z  INFO fs3_daemon::runner: done kind=summarize subject=crates/cli/src/tui.rs::spawn_search_worker ms=9 left=421
2026-08-28T05:53:11.462846Z  INFO fs3_daemon::runner: batch kind="embed" subject=1 x smart jobs=1 ms=0
2026-08-28T05:53:11.467085Z  INFO fs3_daemon::runner: done kind="embed" id=54152 left=421
2026-08-28T05:53:11.468571Z  INFO fs3_daemon::runner: done kind=summarize subject=crates/cli/tests/goldens/PROVENANCE.md::PROVENANCE — the ac-0002 byte-goldens::The frozen answers (`responses/`) ms=8 left=420
2026-08-28T05:53:11.473428Z  INFO fs3_daemon::runner: batch kind="embed" subject=1 x smart jobs=1 ms=0
2026-08-28T05:53:11.478051Z  INFO fs3_daemon::runner: done kind="embed" id=54153 left=419
2026-08-28T05:53:11.478233Z  INFO fs3_daemon::runner: done kind=summarize subject=crates/cli/tests/doctor_daemon.rs::an_informational_row_reports_without_degrading_the_verdict ms=7 left=419
2026-08-28T05:53:11.492512Z  INFO fs3_daemon::runner: batch kind="embed" subject=1 x smart jobs=1 ms=0
2026-08-28T05:53:11.496919Z  INFO fs3_daemon::runner: done kind="embed" id=54154 left=419
2026-08-28T05:53:11.499336Z  INFO fs3_daemon::runner: done kind=summarize subject=crates/cli/src/tui.rs::decode_envelope ms=9 left=418
2026-08-28T05:53:11.505535Z  INFO fs3_daemon::runner: batch kind="embed" subject=1 x smart jobs=1 ms=0
2026-08-28T05:53:11.509791Z  INFO fs3_daemon::runner: done kind="embed" id=54155 left=418
2026-08-28T05:53:11.511370Z  INFO fs3_daemon::runner: done kind=summarize subject=crates/cli/tests/doctor_daemon.rs::doctor_walks_the_skills_row_last_and_informationally ms=9 left=417
2026-08-28T05:53:11.515520Z  INFO fs3_daemon::runner: batch kind="embed" subject=1 x smart jobs=1 ms=0
2026-08-28T05:53:11.543888Z  INFO fs3_daemon::runner: done kind="embed" id=54156 left=417
2026-08-28T05:53:11.548940Z  INFO fs3_daemon::runner: done kind=summarize subject=crates/cli/tests/goldens/PROVENANCE.md::PROVENANCE — the ac-0002 byte-goldens::Checksums ms=36 left=416
2026-08-28T05:53:11.577007Z  INFO fs3_daemon::runner: batch kind="embed" subject=1 x smart jobs=1 ms=0
2026-08-28T05:53:11.616459Z  INFO fs3_daemon::runner: done kind="embed" id=54157 left=416
2026-08-28T05:53:11.623689Z  INFO fs3_daemon::runner: done kind=summarize subject=crates/cli/src/tui.rs::spawn_event_worker ms=59 left=415
2026-08-28T05:53:11.656886Z  INFO fs3_daemon::runner: batch kind="embed" subject=1 x smart jobs=1 ms=1
2026-08-28T05:53:11.682331Z  INFO fs3_daemon::runner: done kind="embed" id=54158 left=415
2026-08-28T05:53:11.698404Z  INFO fs3_daemon::runner: done kind=summarize subject=crates/cli/tests/goldens/PROVENANCE.md::PROVENANCE — the ac-0002 byte-goldens::Why `docs list` and `agents-start-here` are shape-asserted, not byte-frozen ms=58 left=414
2026-08-28T05:53:11.721607Z  INFO fs3_daemon::runner: batch kind="embed" subject=1 x smart jobs=1 ms=0
2026-08-28T05:53:11.754549Z  INFO fs3_daemon::runner: done kind="embed" id=54159 left=414
2026-08-28T05:53:11.778160Z  INFO fs3_daemon::runner: done kind=summarize subject=crates/cli/src/tui.rs::consume_event_stream ms=69 left=413
2026-08-28T05:53:11.818846Z  INFO fs3_daemon::runner: batch kind="embed" subject=1 x smart jobs=1 ms=0
2026-08-28T05:53:11.845335Z  INFO fs3_daemon::runner: done kind="embed" id=54160 left=413
2026-08-28T05:53:11.851688Z  INFO fs3_daemon::runner: done kind=summarize subject=crates/cli/tests/messages_visible.rs::flowspace3 ms=56 left=412
2026-08-28T05:53:11.884785Z  INFO fs3_daemon::runner: batch kind="embed" subject=1 x smart jobs=1 ms=1
2026-08-28T05:53:11.924889Z  INFO fs3_daemon::runner: done kind="embed" id=54161 left=412
2026-08-28T05:53:11.948961Z  INFO fs3_daemon::runner: done kind=summarize subject=crates/cli/tests/goldens/PROVENANCE.md::PROVENANCE — the ac-0002 byte-goldens::What main's daemon authentication (#43) changed here, and what it did not ms=85 left=411
2026-08-28T05:53:12.005121Z  INFO fs3_daemon::runner: batch kind="embed" subject=1 x smart jobs=1 ms=5
2026-08-28T05:53:12.048176Z  INFO fs3_daemon::runner: done kind="embed" id=54162 left=411
2026-08-28T05:53:12.053352Z  INFO fs3_daemon::runner: done kind=summarize subject=crates/cli/tests/messages_visible.rs::serve ms=83 left=410
2026-08-28T05:53:12.089091Z  INFO fs3_daemon::runner: batch kind="embed" subject=1 x smart jobs=1 ms=0
2026-08-28T05:53:12.135059Z  INFO fs3_daemon::runner: done kind="embed" id=54163 left=410
2026-08-28T05:53:12.147234Z  INFO fs3_daemon::runner: done kind=summarize subject=crates/cli/tests/messages_visible.rs::status_with_a_standing_message ms=82 left=409
2026-08-28T05:53:12.182594Z  INFO fs3_daemon::runner: batch kind="embed" subject=1 x smart jobs=1 ms=0
2026-08-28T05:53:12.266757Z  INFO fs3_daemon::runner: done kind="embed" id=54164 left=409
2026-08-28T05:53:12.287217Z  INFO fs3_daemon::runner: done kind=summarize subject=crates/cli/src/tui.rs::EventDecoder ms=129 left=408
2026-08-28T05:53:12.339238Z  INFO fs3_daemon::runner: batch kind="embed" subject=1 x smart jobs=1 ms=1
2026-08-28T05:53:12.374551Z  INFO fs3_daemon::runner: done kind="embed" id=54165 left=408
2026-08-28T05:53:12.425817Z  INFO fs3_daemon::runner: done kind=summarize subject=crates/cli/src/tui.rs::EventDecoder::push ms=113 left=407
2026-08-28T05:53:12.450238Z  INFO fs3_daemon::runner: batch kind="embed" subject=1 x smart jobs=1 ms=0
2026-08-28T05:53:12.484065Z  INFO fs3_daemon::runner: done kind="embed" id=54166 left=407
2026-08-28T05:53:12.507380Z  INFO fs3_daemon::runner: done kind=summarize subject=crates/cli/tests/messages_visible.rs::a_standing_message_reaches_a_reader_in_json_mode ms=82 left=406
2026-08-28T05:53:12.556138Z  INFO fs3_daemon::runner: batch kind="embed" subject=1 x smart jobs=1 ms=0
2026-08-28T05:53:12.568791Z  INFO fs3_daemon::runner: done kind="embed" id=54167 left=406
2026-08-28T05:53:12.572545Z  INFO fs3_daemon::runner: done kind=summarize subject=crates/cli/tests/render_output.rs::run ms=41 left=405
2026-08-28T05:53:12.581593Z  INFO fs3_daemon::runner: batch kind="embed" subject=1 x smart jobs=1 ms=0
2026-08-28T05:53:12.588494Z  INFO fs3_daemon::runner: done kind="embed" id=54168 left=405
2026-08-28T05:53:12.592018Z  INFO fs3_daemon::runner: done kind=summarize subject=crates/cli/tests/render_output.rs::script_flavor ms=15 left=404
2026-08-28T05:53:12.598927Z  INFO fs3_daemon::runner: batch kind="embed" subject=1 x smart jobs=1 ms=0
2026-08-28T05:53:12.603336Z  INFO fs3_daemon::runner: done kind="embed" id=54169 left=404
2026-08-28T05:53:12.612155Z  INFO fs3_daemon::runner: done kind=summarize subject=crates/cli/tests/messages_visible.rs::a_standing_message_survives_the_human_layer ms=17 left=403
2026-08-28T05:53:12.618800Z  INFO fs3_daemon::runner: batch kind="embed" subject=1 x smart jobs=1 ms=0
2026-08-28T05:53:12.622128Z  INFO fs3_daemon::runner: done kind="embed" id=54170 left=403
2026-08-28T05:53:12.623512Z  INFO fs3_daemon::runner: done kind=summarize subject=crates/cli/src/tui.rs::Focus ms=8 left=402
2026-08-28T05:53:12.631448Z  INFO fs3_daemon::runner: batch kind="embed" subject=1 x smart jobs=1 ms=2
2026-08-28T05:53:12.635034Z  INFO fs3_daemon::runner: done kind="embed" id=54171 left=402
2026-08-28T05:53:12.639879Z  INFO fs3_daemon::runner: done kind=summarize subject=crates/cli/tests/render_output.rs::run_tty ms=13 left=401
2026-08-28T05:53:12.646380Z  INFO fs3_daemon::runner: batch kind="embed" subject=1 x smart jobs=1 ms=1
2026-08-28T05:53:12.647124Z  INFO fs3_daemon::runner: done kind=summarize subject=crates/cli/src/tui.rs::InputBuffer ms=6 left=401
2026-08-28T05:53:12.650260Z  INFO fs3_daemon::runner: done kind="embed" id=54172 left=400
2026-08-28T05:53:12.656398Z  INFO fs3_daemon::runner: batch kind="embed" subject=1 x smart jobs=1 ms=0
2026-08-28T05:53:12.660204Z  INFO fs3_daemon::runner: done kind="embed" id=54173 left=400
2026-08-28T05:53:12.662425Z  INFO fs3_daemon::runner: done kind=summarize subject=crates/cli/tests/render_output.rs::serve ms=9 left=399
2026-08-28T05:53:12.666447Z  INFO fs3_daemon::runner: batch kind="embed" subject=1 x smart jobs=1 ms=0
2026-08-28T05:53:12.669370Z  INFO fs3_daemon::runner: done kind="embed" id=54174 left=399
2026-08-28T05:53:12.671692Z  INFO fs3_daemon::runner: done kind=summarize subject=crates/cli/src/tui.rs::InputBuffer::backspace ms=8 left=398
2026-08-28T05:53:12.677576Z  INFO fs3_daemon::runner: batch kind="embed" subject=1 x smart jobs=1 ms=0
2026-08-28T05:53:12.680486Z  INFO fs3_daemon::runner: done kind="embed" id=54175 left=398
2026-08-28T05:53:12.682751Z  INFO fs3_daemon::runner: done kind=summarize subject=crates/cli/tests/render_output.rs::every_covered_daemon_verb_obeys_the_four_case_matrix ms=9 left=397
2026-08-28T05:53:12.689240Z  INFO fs3_daemon::runner: batch kind="embed" subject=1 x smart jobs=1 ms=0
2026-08-28T05:53:12.692940Z  INFO fs3_daemon::runner: done kind="embed" id=54176 left=397
2026-08-28T05:53:12.695630Z  INFO fs3_daemon::runner: done kind=summarize subject=crates/cli/src/tui.rs::InputBuffer::delete ms=9 left=396
2026-08-28T05:53:12.703151Z  INFO fs3_daemon::runner: batch kind="embed" subject=1 x smart jobs=1 ms=1
2026-08-28T05:53:12.706111Z  INFO fs3_daemon::runner: done kind=summarize subject=crates/cli/tests/render_output.rs::every_covered_verb_obeys_both_real_tty_legs ms=8 left=396
2026-08-28T05:53:12.708159Z  INFO fs3_daemon::runner: done kind="embed" id=54177 left=395
2026-08-28T05:53:12.713247Z  INFO fs3_daemon::runner: batch kind="embed" subject=1 x smart jobs=1 ms=0
2026-08-28T05:53:12.718002Z  INFO fs3_daemon::runner: done kind="embed" id=54178 left=395
2026-08-28T05:53:12.719937Z  INFO fs3_daemon::runner: done kind=summarize subject=crates/cli/tests/render_progress.rs::serve ms=9 left=394
2026-08-28T05:53:12.723200Z  INFO fs3_daemon::runner: batch kind="embed" subject=1 x smart jobs=1 ms=0
2026-08-28T05:53:12.729532Z  INFO fs3_daemon::runner: done kind="embed" id=54179 left=394
2026-08-28T05:53:12.731950Z  INFO fs3_daemon::runner: done kind=summarize subject=crates/cli/tests/render_output.rs::doctor_obeys_the_matrix_without_touching_a_real_container_engine ms=10 left=393
2026-08-28T05:53:12.736448Z  INFO fs3_daemon::runner: batch kind="embed" subject=1 x smart jobs=1 ms=0
2026-08-28T05:53:12.739381Z  INFO fs3_daemon::runner: done kind="embed" id=54180 left=393
2026-08-28T05:53:12.740698Z  INFO fs3_daemon::runner: done kind=summarize subject=crates/cli/src/tui.rs::InputBuffer::commit ms=7 left=392
2026-08-28T05:53:12.744338Z  INFO fs3_daemon::runner: batch kind="embed" subject=1 x smart jobs=1 ms=0
2026-08-28T05:53:12.747916Z  INFO fs3_daemon::runner: done kind="embed" id=54181 left=392
2026-08-28T05:53:12.750162Z  INFO fs3_daemon::runner: done kind=summarize subject=crates/cli/tests/render_progress.rs::add_progress_is_stderr_only_and_is_erased_without_waiting_for_the_stream ms=7 left=391
2026-08-28T05:53:12.753738Z  INFO fs3_daemon::runner: batch kind="embed" subject=1 x smart jobs=1 ms=0
2026-08-28T05:53:12.761074Z  INFO fs3_daemon::runner: done kind="embed" id=54182 left=391
2026-08-28T05:53:12.763714Z  INFO fs3_daemon::runner: done kind=summarize subject=crates/cli/src/tui.rs::InputBuffer::newer ms=12 left=390
2026-08-28T05:53:12.768406Z  INFO fs3_daemon::runner: batch kind="embed" subject=1 x smart jobs=1 ms=0
2026-08-28T05:53:12.772714Z  INFO fs3_daemon::runner: done kind="embed" id=54183 left=390
2026-08-28T05:53:12.776820Z  INFO fs3_daemon::runner: done kind=summarize subject=crates/cli/tests/render_output.rs::a_human_mode_usage_error_still_writes_nothing_to_stdout ms=12 left=389
2026-08-28T05:53:12.780632Z  INFO fs3_daemon::runner: batch kind="embed" subject=1 x smart jobs=1 ms=0
2026-08-28T05:53:12.784519Z  INFO fs3_daemon::runner: done kind="embed" id=54184 left=389
2026-08-28T05:53:12.786646Z  INFO fs3_daemon::runner: done kind=summarize subject=crates/cli/src/tui.rs::App ms=8 left=388
2026-08-28T05:53:12.790595Z  INFO fs3_daemon::runner: batch kind="embed" subject=1 x smart jobs=1 ms=0
2026-08-28T05:53:12.797422Z  INFO fs3_daemon::runner: done kind="embed" id=54185 left=388
2026-08-28T05:53:12.800986Z  INFO fs3_daemon::runner: done kind=summarize subject=crates/cli/tests/render_output.rs::agents_start_here_teaches_every_output_mode_rule ms=12 left=387
2026-08-28T05:53:12.804465Z  INFO fs3_daemon::runner: batch kind="embed" subject=1 x smart jobs=1 ms=0
2026-08-28T05:53:12.808854Z  INFO fs3_daemon::runner: done kind="embed" id=54186 left=387
2026-08-28T05:53:12.810662Z  INFO fs3_daemon::runner: done kind=summarize subject=crates/cli/tests/status_watch.rs::flowspace3 ms=9 left=386
2026-08-28T05:53:12.814473Z  INFO fs3_daemon::runner: batch kind="embed" subject=1 x smart jobs=1 ms=0
2026-08-28T05:53:12.855487Z  INFO fs3_daemon::runner: done kind="embed" id=54187 left=386
2026-08-28T05:53:12.874935Z  INFO fs3_daemon::runner: done kind=summarize subject=crates/cli/src/tui.rs::App ms=62 left=385
2026-08-28T05:53:12.917050Z  INFO fs3_daemon::runner: batch kind="embed" subject=1 x smart jobs=1 ms=0
2026-08-28T05:53:12.989286Z  INFO fs3_daemon::runner: done kind="embed" id=54188 left=385
2026-08-28T05:53:13.012546Z  INFO fs3_daemon::runner: done kind=summarize subject=crates/cli/tests/status_watch.rs::serve_once ms=122 left=384
2026-08-28T05:53:13.021018Z  INFO fs3_daemon::runner: batch kind="embed" subject=1 x smart jobs=1 ms=0
2026-08-28T05:53:13.029958Z  INFO fs3_daemon::runner: done kind="embed" id=54189 left=384
2026-08-28T05:53:13.032263Z  INFO fs3_daemon::runner: done kind=summarize subject=crates/cli/src/tui.rs::App::default ms=15 left=383
2026-08-28T05:53:13.041974Z  INFO fs3_daemon::runner: batch kind="embed" subject=1 x smart jobs=1 ms=0
2026-08-28T05:53:13.049211Z  INFO fs3_daemon::runner: done kind="embed" id=54190 left=383
2026-08-28T05:53:13.052637Z  INFO fs3_daemon::runner: done kind=summarize subject=crates/cli/tests/status_watch.rs::output_with_deadline ms=16 left=382
2026-08-28T05:53:13.058765Z  INFO fs3_daemon::runner: batch kind="embed" subject=1 x smart jobs=1 ms=0
2026-08-28T05:53:13.064849Z  INFO fs3_daemon::runner: done kind="embed" id=54191 left=382
2026-08-28T05:53:13.068632Z  INFO fs3_daemon::runner: done kind=summarize subject=crates/cli/src/tui.rs::App ms=12 left=381
2026-08-28T05:53:13.077173Z  INFO fs3_daemon::runner: batch kind="embed" subject=1 x smart jobs=1 ms=0
2026-08-28T05:53:13.087833Z  INFO fs3_daemon::runner: done kind="embed" id=54192 left=381
2026-08-28T05:53:13.096155Z  INFO fs3_daemon::runner: done kind=summarize subject=crates/cli/tests/status_watch.rs::json_watch_copies_daemon_ndjson_byte_for_byte ms=23 left=380
2026-08-28T05:53:13.104193Z  INFO fs3_daemon::runner: batch kind="embed" subject=1 x smart jobs=1 ms=0
2026-08-28T05:53:13.108097Z  INFO fs3_daemon::runner: done kind="embed" id=54193 left=380
2026-08-28T05:53:13.109630Z  INFO fs3_daemon::runner: done kind=summarize subject=crates/cli/src/tui.rs::App::apply ms=12 left=379
2026-08-28T05:53:13.147572Z  INFO fs3_daemon::runner: batch kind="embed" subject=1 x smart jobs=1 ms=0
2026-08-28T05:53:13.157259Z  INFO fs3_daemon::runner: done kind="embed" id=54194 left=379
2026-08-28T05:53:13.159645Z  INFO fs3_daemon::runner: done kind=summarize subject=crates/cli/tests/status_watch.rs::human_watch_is_a_terse_feed_not_an_envelope ms=22 left=378
2026-08-28T05:53:13.166251Z  INFO fs3_daemon::runner: batch kind="embed" subject=1 x smart jobs=1 ms=0
2026-08-28T05:53:13.184521Z  INFO fs3_daemon::runner: done kind="embed" id=54195 left=378
2026-08-28T05:53:13.200858Z  INFO fs3_daemon::runner: done kind=summarize subject=crates/cli/src/tui.rs::App::apply_event ms=39 left=377
2026-08-28T05:53:13.271834Z  INFO fs3_daemon::runner: batch kind="embed" subject=1 x smart jobs=1 ms=19
2026-08-28T05:53:13.286872Z  INFO fs3_daemon::runner: done kind="embed" id=54196 left=377
2026-08-28T05:53:13.290773Z  INFO fs3_daemon::runner: done kind=summarize subject=crates/core/src/events.rs::Hello ms=80 left=376
2026-08-28T05:53:13.301788Z  INFO fs3_daemon::runner: batch kind="embed" subject=1 x smart jobs=1 ms=0
2026-08-28T05:53:13.314351Z  INFO fs3_daemon::runner: done kind="embed" id=54197 left=376
2026-08-28T05:53:13.319886Z  INFO fs3_daemon::runner: done kind=summarize subject=crates/cli/src/tui.rs::App::remember_queue_depth ms=25 left=375
2026-08-28T05:53:13.335302Z  INFO fs3_daemon::runner: batch kind="embed" subject=1 x smart jobs=1 ms=10
2026-08-28T05:53:13.344269Z  INFO fs3_daemon::runner: done kind="embed" id=54198 left=375
2026-08-28T05:53:13.347247Z  INFO fs3_daemon::runner: done kind=summarize subject=crates/cli/tests/status_watch.rs::incompatible_version_is_rejected_for_humans_but_raw_json_is_untouched ms=25 left=374
2026-08-28T05:53:13.356126Z  INFO fs3_daemon::runner: batch kind="embed" subject=1 x smart jobs=1 ms=0
2026-08-28T05:53:13.363591Z  INFO fs3_daemon::runner: done kind="embed" id=54199 left=374
2026-08-28T05:53:13.368251Z  INFO fs3_daemon::runner: done kind=summarize subject=crates/core/src/events.rs::Hello ms=19 left=373
2026-08-28T05:53:13.376275Z  INFO fs3_daemon::runner: batch kind="embed" subject=1 x smart jobs=1 ms=0
2026-08-28T05:53:13.384529Z  INFO fs3_daemon::runner: done kind="embed" id=54200 left=373
2026-08-28T05:53:13.386893Z  INFO fs3_daemon::runner: done kind=summarize subject=crates/cli/src/tui.rs::App::handle_key ms=15 left=372
2026-08-28T05:53:13.396545Z  INFO fs3_daemon::runner: batch kind="embed" subject=1 x smart jobs=1 ms=0
2026-08-28T05:53:13.404833Z  INFO fs3_daemon::runner: done kind="embed" id=54201 left=372
2026-08-28T05:53:13.409032Z  INFO fs3_daemon::runner: done kind=summarize subject=crates/cli/tests/status_watch.rs::a_version_drift_after_a_compatible_hello_is_rejected ms=18 left=371
2026-08-28T05:53:13.421398Z  INFO fs3_daemon::runner: batch kind="embed" subject=1 x smart jobs=1 ms=0
2026-08-28T05:53:13.431689Z  INFO fs3_daemon::runner: done kind="embed" id=54202 left=371
2026-08-28T05:53:13.434764Z  INFO fs3_daemon::runner: done kind=summarize subject=crates/core/src/events.rs::Event ms=24 left=370
2026-08-28T05:53:13.441063Z  INFO fs3_daemon::runner: batch kind="embed" subject=1 x smart jobs=1 ms=0
2026-08-28T05:53:13.445736Z  INFO fs3_daemon::runner: done kind="embed" id=54203 left=370
2026-08-28T05:53:13.447239Z  INFO fs3_daemon::runner: done kind=summarize subject=crates/cli/src/tui.rs::App::snapshot_badge ms=10 left=369
2026-08-28T05:53:13.452454Z  INFO fs3_daemon::runner: batch kind="embed" subject=1 x smart jobs=1 ms=0
2026-08-28T05:53:13.481219Z  INFO fs3_daemon::runner: done kind="embed" id=54204 left=369
2026-08-28T05:53:13.483312Z  INFO fs3_daemon::runner: done kind=summarize subject=crates/core/src/events.rs::Event ms=33 left=368
2026-08-28T05:53:13.487810Z  INFO fs3_daemon::runner: batch kind="embed" subject=1 x smart jobs=1 ms=0
2026-08-28T05:53:13.491557Z  INFO fs3_daemon::runner: done kind="embed" id=54205 left=368
2026-08-28T05:53:13.492723Z  INFO fs3_daemon::runner: done kind=summarize subject=crates/core/src/events.rs::EventKind ms=7 left=367
2026-08-28T05:53:13.502534Z  INFO fs3_daemon::runner: batch kind="embed" subject=1 x smart jobs=1 ms=0
2026-08-28T05:53:13.506023Z  INFO fs3_daemon::runner: done kind="embed" id=54206 left=367
2026-08-28T05:53:13.509561Z  INFO fs3_daemon::runner: done kind=summarize subject=crates/core/src/output.rs::OutputMode ms=12 left=366
2026-08-28T05:53:13.515465Z  INFO fs3_daemon::runner: batch kind="embed" subject=1 x smart jobs=1 ms=0
2026-08-28T05:53:13.519870Z  INFO fs3_daemon::runner: done kind="embed" id=54207 left=366
2026-08-28T05:53:13.522359Z  INFO fs3_daemon::runner: done kind=summarize subject=crates/cli/src/tui.rs::App::snapshot_pane_title ms=11 left=365
2026-08-28T05:53:13.530276Z  INFO fs3_daemon::runner: batch kind="embed" subject=1 x smart jobs=1 ms=0
2026-08-28T05:53:13.533858Z  INFO fs3_daemon::runner: done kind="embed" id=54208 left=365
2026-08-28T05:53:13.536364Z  INFO fs3_daemon::runner: done kind=summarize subject=crates/core/src/output.rs::resolve ms=10 left=364
2026-08-28T05:53:13.540478Z  INFO fs3_daemon::runner: batch kind="embed" subject=1 x smart jobs=1 ms=0
2026-08-28T05:53:13.543952Z  INFO fs3_daemon::runner: done kind="embed" id=54209 left=364
2026-08-28T05:53:13.546111Z  INFO fs3_daemon::runner: done kind=summarize subject=crates/core/src/events.rs::tests ms=8 left=363
2026-08-28T05:53:13.553614Z  INFO fs3_daemon::runner: batch kind="embed" subject=1 x smart jobs=1 ms=0
2026-08-28T05:53:13.555800Z  INFO fs3_daemon::runner: done kind="embed" id=54210 left=363
2026-08-28T05:53:13.556581Z  INFO fs3_daemon::runner: done kind=summarize subject=crates/cli/src/tui.rs::dashboard_layout ms=8 left=362
2026-08-28T05:53:13.562551Z  INFO fs3_daemon::runner: batch kind="embed" subject=1 x smart jobs=1 ms=0
2026-08-28T05:53:13.568387Z  INFO fs3_daemon::runner: done kind="embed" id=54211 left=362
2026-08-28T05:53:13.569840Z  INFO fs3_daemon::runner: done kind=summarize subject=crates/core/src/output.rs::tests ms=11 left=361
2026-08-28T05:53:13.574389Z  INFO fs3_daemon::runner: batch kind="embed" subject=1 x smart jobs=1 ms=0
2026-08-28T05:53:13.577932Z  INFO fs3_daemon::runner: done kind="embed" id=54212 left=361
2026-08-28T05:53:13.580028Z  INFO fs3_daemon::runner: done kind=summarize subject=crates/core/src/events.rs::tests::an_event_line_is_flat ms=8 left=360
2026-08-28T05:53:13.587131Z  INFO fs3_daemon::runner: batch kind="embed" subject=1 x smart jobs=1 ms=0
2026-08-28T05:53:13.591047Z  INFO fs3_daemon::runner: done kind="embed" id=54213 left=360
2026-08-28T05:53:13.592477Z  INFO fs3_daemon::runner: done kind=summarize subject=crates/cli/src/tui.rs::draw ms=9 left=359
2026-08-28T05:53:13.597196Z  INFO fs3_daemon::runner: batch kind="embed" subject=1 x smart jobs=1 ms=0
2026-08-28T05:53:13.600889Z  INFO fs3_daemon::runner: done kind="embed" id=54214 left=359
2026-08-28T05:53:13.602087Z  INFO fs3_daemon::runner: done kind=summarize subject=crates/core/src/output.rs::tests::the_precedence_table_is_exhaustive ms=7 left=358
2026-08-28T05:53:13.607102Z  INFO fs3_daemon::runner: batch kind="embed" subject=1 x smart jobs=1 ms=0
2026-08-28T05:53:13.614242Z  INFO fs3_daemon::runner: done kind="embed" id=54215 left=358
2026-08-28T05:53:13.638458Z  INFO fs3_daemon::runner: done kind=summarize subject=crates/core/src/events.rs::tests::every_kind_round_trips ms=34 left=357
2026-08-28T05:53:13.644461Z  INFO fs3_daemon::runner: batch kind="embed" subject=1 x smart jobs=1 ms=0
2026-08-28T05:53:13.648205Z  INFO fs3_daemon::runner: done kind="embed" id=54216 left=357
2026-08-28T05:53:13.651312Z  INFO fs3_daemon::runner: done kind=summarize subject=crates/cli/src/tui.rs::draw_header ms=10 left=356
2026-08-28T05:53:13.660255Z  INFO fs3_daemon::runner: batch kind="embed" subject=1 x smart jobs=1 ms=0
2026-08-28T05:53:13.663011Z  INFO fs3_daemon::runner: done kind="embed" id=54217 left=356
2026-08-28T05:53:13.664440Z  INFO fs3_daemon::runner: done kind=summarize subject=crates/core/src/views/doctor.rs::Step ms=9 left=355
2026-08-28T05:53:13.668263Z  INFO fs3_daemon::runner: batch kind="embed" subject=1 x smart jobs=1 ms=0
2026-08-28T05:53:13.674217Z  INFO fs3_daemon::runner: done kind="embed" id=54218 left=355
2026-08-28T05:53:13.675405Z  INFO fs3_daemon::runner: done kind=summarize subject=crates/cli/src/tui.rs::draw_roots ms=9 left=354
2026-08-28T05:53:13.679048Z  INFO fs3_daemon::runner: batch kind="embed" subject=1 x smart jobs=1 ms=0
2026-08-28T05:53:13.682667Z  INFO fs3_daemon::runner: done kind="embed" id=54219 left=354
2026-08-28T05:53:13.683848Z  INFO fs3_daemon::runner: done kind=summarize subject=crates/core/src/views/doctor.rs::Step ms=7 left=353
2026-08-28T05:53:13.686643Z  INFO fs3_daemon::runner: batch kind="embed" subject=1 x smart jobs=1 ms=0
2026-08-28T05:53:13.689099Z  INFO fs3_daemon::runner: done kind="embed" id=54220 left=353
2026-08-28T05:53:13.690185Z  INFO fs3_daemon::runner: done kind=summarize subject=crates/cli/src/tui.rs::draw_queue ms=5 left=352
2026-08-28T05:53:13.693954Z  INFO fs3_daemon::runner: batch kind="embed" subject=1 x smart jobs=1 ms=0
2026-08-28T05:53:13.696882Z  INFO fs3_daemon::runner: done kind="embed" id=54221 left=352
2026-08-28T05:53:13.697761Z  INFO fs3_daemon::runner: done kind=summarize subject=crates/core/src/views/doctor.rs::Step::ok ms=7 left=351
2026-08-28T05:53:13.703349Z  INFO fs3_daemon::runner: batch kind="embed" subject=1 x smart jobs=1 ms=1
2026-08-28T05:53:13.704871Z  INFO fs3_daemon::runner: done kind="embed" id=54222 left=351
2026-08-28T05:53:13.707124Z  INFO fs3_daemon::runner: done kind=summarize subject=crates/cli/src/tui.rs::draw_activity ms=6 left=350
2026-08-28T05:53:13.709384Z  INFO fs3_daemon::runner: batch kind="embed" subject=1 x smart jobs=1 ms=0
2026-08-28T05:53:13.711215Z  INFO fs3_daemon::runner: done kind="embed" id=54223 left=350
2026-08-28T05:53:13.712181Z  INFO fs3_daemon::runner: done kind=summarize subject=crates/core/src/views/doctor.rs::Step::warn ms=4 left=349
2026-08-28T05:53:13.714582Z  INFO fs3_daemon::runner: batch kind="embed" subject=1 x smart jobs=1 ms=0
2026-08-28T05:53:13.717686Z  INFO fs3_daemon::runner: done kind="embed" id=54224 left=349
2026-08-28T05:53:13.718315Z  INFO fs3_daemon::runner: done kind=summarize subject=crates/cli/src/tui.rs::draw_search_input ms=5 left=348
2026-08-28T05:53:13.726743Z  INFO fs3_daemon::runner: batch kind="embed" subject=1 x smart jobs=1 ms=0
2026-08-28T05:53:13.729375Z  INFO fs3_daemon::runner: done kind="embed" id=54225 left=348
2026-08-28T05:53:13.732070Z  INFO fs3_daemon::runner: done kind=summarize subject=crates/core/src/views/doctor.rs::Step::info ms=9 left=347
2026-08-28T05:53:13.736662Z  INFO fs3_daemon::runner: batch kind="embed" subject=1 x smart jobs=1 ms=0
2026-08-28T05:53:13.738524Z  INFO fs3_daemon::runner: done kind="embed" id=54226 left=347
2026-08-28T05:53:13.739534Z  INFO fs3_daemon::runner: done kind=summarize subject=crates/cli/src/tui.rs::draw_search_results ms=5 left=346
2026-08-28T05:53:13.741616Z  INFO fs3_daemon::runner: batch kind="embed" subject=1 x smart jobs=1 ms=0
2026-08-28T05:53:13.742985Z  INFO fs3_daemon::runner: done kind="embed" id=54227 left=346
2026-08-28T05:53:13.745261Z  INFO fs3_daemon::runner: done kind=summarize subject=crates/core/src/views/doctor.rs::Step::down ms=5 left=345
2026-08-28T05:53:13.748515Z  INFO fs3_daemon::runner: batch kind="embed" subject=1 x smart jobs=1 ms=0
2026-08-28T05:53:13.750065Z  INFO fs3_daemon::runner: done kind="embed" id=54228 left=345
2026-08-28T05:53:13.751141Z  INFO fs3_daemon::runner: done kind=summarize subject=crates/core/src/views/mod.rs::tests ms=5 left=344
2026-08-28T05:53:13.755055Z  INFO fs3_daemon::runner: batch kind="embed" subject=1 x smart jobs=1 ms=1
2026-08-28T05:53:13.756602Z  INFO fs3_daemon::runner: done kind="embed" id=54229 left=344
2026-08-28T05:53:13.757553Z  INFO fs3_daemon::runner: done kind=summarize subject=crates/cli/src/tui.rs::draw_footer ms=5 left=343
2026-08-28T05:53:13.760683Z  INFO fs3_daemon::runner: batch kind="embed" subject=1 x smart jobs=1 ms=0
2026-08-28T05:53:13.762400Z  INFO fs3_daemon::runner: done kind="embed" id=54230 left=343
2026-08-28T05:53:13.765864Z  INFO fs3_daemon::runner: done kind=summarize subject=crates/core/src/views/doctor.rs::Step::repaired ms=6 left=342
2026-08-28T05:53:13.773005Z  INFO fs3_daemon::runner: batch kind="embed" subject=1 x smart jobs=1 ms=0
2026-08-28T05:53:13.775600Z  INFO fs3_daemon::runner: done kind="embed" id=54231 left=342
2026-08-28T05:53:13.777039Z  INFO fs3_daemon::runner: done kind=summarize subject=crates/core/src/views/mod.rs::tests::every_view_reads_back_what_it_writes ms=8 left=341
2026-08-28T05:53:13.781735Z  INFO fs3_daemon::runner: batch kind="embed" subject=1 x smart jobs=1 ms=0
2026-08-28T05:53:13.783370Z  INFO fs3_daemon::runner: done kind="embed" id=54232 left=341
2026-08-28T05:53:13.808966Z  INFO fs3_daemon::runner: done kind=summarize subject=crates/cli/src/tui.rs::panel ms=31 left=340
2026-08-28T05:53:13.816394Z  INFO fs3_daemon::runner: batch kind="embed" subject=1 x smart jobs=1 ms=0
2026-08-28T05:53:13.821406Z  INFO fs3_daemon::runner: done kind="embed" id=54233 left=340
2026-08-28T05:53:13.822735Z  INFO fs3_daemon::runner: done kind=summarize subject=crates/core/src/views/doctor.rs::DoctorReport ms=12 left=339
2026-08-28T05:53:13.827144Z  INFO fs3_daemon::runner: batch kind="embed" subject=1 x smart jobs=1 ms=0
2026-08-28T05:53:13.856373Z  INFO fs3_daemon::runner: done kind="embed" id=54234 left=339
2026-08-28T05:53:13.861763Z  INFO fs3_daemon::runner: done kind=summarize subject=crates/cli/src/tui.rs::tests ms=37 left=338
2026-08-28T05:53:13.874642Z  INFO fs3_daemon::runner: batch kind="embed" subject=1 x smart jobs=1 ms=0
2026-08-28T05:53:13.878617Z  INFO fs3_daemon::runner: done kind="embed" id=54235 left=338
2026-08-28T05:53:13.881571Z  INFO fs3_daemon::runner: done kind=summarize subject=crates/core/src/views/read.rs::GetResult ms=12 left=337
2026-08-28T05:53:13.889058Z  INFO fs3_daemon::runner: batch kind="embed" subject=1 x smart jobs=1 ms=0
2026-08-28T05:53:13.893783Z  INFO fs3_daemon::runner: done kind="embed" id=54236 left=337
2026-08-28T05:53:13.896510Z  INFO fs3_daemon::runner: done kind=summarize subject=crates/cli/src/tui.rs::tests::layout_becomes_results_dominant_when_search_is_focused ms=10 left=336
2026-08-28T05:53:13.904420Z  INFO fs3_daemon::runner: batch kind="embed" subject=1 x smart jobs=1 ms=0
2026-08-28T05:53:13.914857Z  INFO fs3_daemon::runner: done kind="embed" id=54237 left=336
2026-08-28T05:53:13.916514Z  INFO fs3_daemon::runner: done kind=summarize subject=crates/core/src/views/read.rs::ConversationWindow ms=16 left=335
2026-08-28T05:53:13.926145Z  INFO fs3_daemon::runner: batch kind="embed" subject=1 x smart jobs=1 ms=2
2026-08-28T05:53:13.930704Z  INFO fs3_daemon::runner: done kind="embed" id=54238 left=335
2026-08-28T05:53:13.934461Z  INFO fs3_daemon::runner: done kind=summarize subject=crates/cli/src/tui.rs::tests::editor_changes_unicode_scalars_without_corrupting_utf8 ms=15 left=334
2026-08-28T05:53:13.938358Z  INFO fs3_daemon::runner: batch kind="embed" subject=1 x smart jobs=1 ms=0
2026-08-28T05:53:13.941262Z  INFO fs3_daemon::runner: done kind="embed" id=54239 left=334
2026-08-28T05:53:13.942977Z  INFO fs3_daemon::runner: done kind=summarize subject=crates/core/src/views/read.rs::TurnView ms=7 left=333
2026-08-28T05:53:13.948586Z  INFO fs3_daemon::runner: batch kind="embed" subject=1 x smart jobs=1 ms=0
2026-08-28T05:53:13.951947Z  INFO fs3_daemon::runner: done kind="embed" id=54240 left=333
2026-08-28T05:53:13.953262Z  INFO fs3_daemon::runner: done kind=summarize subject=crates/cli/src/tui.rs::tests::editor_keeps_query_history_without_stealing_result_arrows ms=8 left=332
2026-08-28T05:53:13.965244Z  INFO fs3_daemon::runner: batch kind="embed" subject=1 x smart jobs=1 ms=0
2026-08-28T05:53:13.974825Z  INFO fs3_daemon::runner: done kind="embed" id=54241 left=332
2026-08-28T05:53:13.978766Z  INFO fs3_daemon::runner: done kind=summarize subject=crates/core/src/views/read.rs::Outline ms=20 left=331
2026-08-28T05:53:13.986892Z  INFO fs3_daemon::runner: batch kind="embed" subject=1 x smart jobs=1 ms=0
2026-08-28T05:53:13.993673Z  INFO fs3_daemon::runner: done kind="embed" id=54242 left=331
2026-08-28T05:53:13.995931Z  INFO fs3_daemon::runner: done kind=summarize subject=crates/cli/src/tui.rs::tests::fixture_parses_hello_events_and_skips_future_kinds_in_the_ui ms=14 left=330
2026-08-28T05:53:14.216071Z  INFO fs3_daemon::runner: batch kind="embed" subject=1 x smart jobs=1 ms=0
2026-08-28T05:53:14.226942Z  INFO fs3_daemon::runner: done kind="embed" id=54243 left=330
2026-08-28T05:53:14.231022Z  INFO fs3_daemon::runner: done kind=summarize subject=crates/core/src/views/read.rs::TreeResult ms=232 left=329
2026-08-28T05:53:14.263677Z  INFO fs3_daemon::runner: batch kind="embed" subject=1 x smart jobs=1 ms=0
2026-08-28T05:53:14.291614Z  INFO fs3_daemon::runner: done kind="embed" id=54244 left=329
2026-08-28T05:53:14.316646Z  INFO fs3_daemon::runner: done kind=summarize subject=crates/cli/src/tui.rs::tests::disconnect_in_the_middle_of_a_line_is_named ms=82 left=328
2026-08-28T05:53:14.354632Z  INFO fs3_daemon::runner: batch kind="embed" subject=1 x smart jobs=1 ms=0
2026-08-28T05:53:14.358935Z  INFO fs3_daemon::runner: done kind=summarize subject=crates/core/src/views/read.rs::TreeEntry ms=17 left=328
2026-08-28T05:53:14.364608Z  INFO fs3_daemon::runner: done kind="embed" id=54245 left=327
2026-08-28T05:53:14.370926Z  INFO fs3_daemon::runner: batch kind="embed" subject=1 x smart jobs=1 ms=0
2026-08-28T05:53:14.375431Z  INFO fs3_daemon::runner: done kind="embed" id=54246 left=327
2026-08-28T05:53:14.376561Z  INFO fs3_daemon::runner: done kind=summarize subject=crates/core/src/views/remove.rs::RemoveReport ms=8 left=326
2026-08-28T05:53:14.381496Z  INFO fs3_daemon::runner: batch kind="embed" subject=1 x smart jobs=1 ms=0
2026-08-28T05:53:14.384662Z  INFO fs3_daemon::runner: done kind="embed" id=54247 left=326
2026-08-28T05:53:14.389092Z  INFO fs3_daemon::runner: done kind=summarize subject=crates/cli/src/tui.rs::tests::stale_snapshot_keeps_numbers_but_labels_them_stale ms=10 left=325
2026-08-28T05:53:14.393792Z  INFO fs3_daemon::runner: batch kind="embed" subject=1 x smart jobs=1 ms=0
2026-08-28T05:53:16.232638Z  INFO fs3_daemon::runner: done kind="embed" id=54248 left=324
2026-08-28T05:53:16.232655Z  INFO fs3_daemon::runner: done kind=summarize subject=crates/cli/src/tui.rs::tests::successful_snapshot_clears_stale_state ms=1842 left=324
2026-08-28T05:53:16.322943Z  INFO fs3_daemon::runner: progress phase="working" scanned=5002 scan_left=14 summarized=9743 summarize_left=310 embedded=16228 embed_left=1 failed=0
2026-08-28T05:53:16.424419Z  INFO fs3_daemon::runner: batch kind="embed" subject=1 x smart jobs=1 ms=1
2026-08-28T05:53:16.491781Z  INFO fs3_daemon::runner: done kind=summarize subject=crates/core/src/views/remove.rs::GcCounts ms=184 left=326
2026-08-28T05:53:16.492590Z  INFO fs3_daemon::runner: done kind="embed" id=54249 left=326
2026-08-28T05:53:16.672851Z  INFO fs3_daemon::runner: batch kind="embed" subject=1 x smart jobs=1 ms=0
2026-08-28T05:53:16.765785Z  INFO fs3_daemon::runner: done kind=summarize subject=crates/core/src/views/roots.rs::RootReport ms=150 left=328
2026-08-28T05:53:16.766147Z  INFO fs3_daemon::runner: done kind="embed" id=54252 left=328
2026-08-28T05:53:16.927977Z  INFO fs3_daemon::runner: batch kind="embed" subject=1 x smart jobs=1 ms=1
2026-08-28T05:53:16.984327Z  INFO fs3_daemon::runner: done kind="embed" id=54256 left=330
2026-08-28T05:53:16.988529Z  INFO fs3_daemon::runner: done kind=summarize subject=crates/core/src/views/roots.rs::PrunedDirectoryRow ms=135 left=330
2026-08-28T05:53:17.140431Z  INFO fs3_daemon::runner: batch kind="embed" subject=1 x smart jobs=1 ms=1
2026-08-28T05:53:17.211258Z  INFO fs3_daemon::runner: done kind="embed" id=54259 left=332
2026-08-28T05:53:17.219177Z  INFO fs3_daemon::runner: done kind=summarize subject=crates/cli/src/tui.rs::tests::dropped_stream_is_visible_and_recovery_clears_it ms=140 left=332
2026-08-28T05:53:17.320108Z  INFO fs3_daemon::runner: batch kind="embed" subject=1 x smart jobs=1 ms=0
2026-08-28T05:53:17.332780Z  INFO fs3_daemon::runner: done kind="embed" id=54264 left=334
2026-08-28T05:53:17.333138Z  INFO fs3_daemon::runner: done kind=summarize subject=crates/core/src/views/search.rs::Hit ms=77 left=334
2026-08-28T05:53:17.362351Z  INFO fs3_daemon::runner: batch kind="embed" subject=1 x smart jobs=1 ms=0
2026-08-28T05:53:17.391987Z  INFO fs3_daemon::runner: done kind="embed" id=54268 left=336
2026-08-28T05:53:17.411138Z  INFO fs3_daemon::runner: done kind=summarize subject=crates/cli/src/tui.rs::tests::heartbeats_and_unknown_events_never_invent_activity ms=59 left=336
2026-08-28T05:53:17.435575Z  INFO fs3_daemon::runner: batch kind="embed" subject=1 x smart jobs=1 ms=1
2026-08-28T05:53:17.445116Z  INFO fs3_daemon::runner: done kind="embed" id=54272 left=337
2026-08-28T05:53:17.445351Z  INFO fs3_daemon::runner: done kind=summarize subject=crates/cli/src/tui.rs::tests::an_event_flood_cannot_delay_draw_or_quit_beyond_one_budget ms=28 left=337
2026-08-28T05:53:17.471271Z  INFO fs3_daemon::runner: batch kind="embed" subject=1 x smart jobs=1 ms=0
2026-08-28T05:53:17.490657Z  INFO fs3_daemon::runner: done kind="embed" id=54275 left=339
2026-08-28T05:53:17.490794Z  INFO fs3_daemon::runner: done kind=summarize subject=crates/core/src/views/status.rs::StatusReport ms=35 left=339
2026-08-28T05:53:17.598422Z  INFO fs3_daemon::runner: batch kind="embed" subject=1 x smart jobs=1 ms=0
2026-08-28T05:53:17.614368Z  INFO fs3_daemon::runner: done kind=summarize subject=crates/core/src/views/status.rs::QueueRow ms=65 left=342
2026-08-28T05:53:17.619285Z  INFO fs3_daemon::runner: done kind="embed" id=54279 left=342
2026-08-28T05:53:17.703683Z  INFO fs3_daemon::runner: batch kind="embed" subject=1 x smart jobs=1 ms=2
2026-08-28T05:53:17.772032Z  INFO fs3_daemon::runner: done kind=summarize subject=crates/daemon/src/http.rs::Health ms=104 left=344
2026-08-28T05:53:17.772146Z  INFO fs3_daemon::runner: done kind="embed" id=54283 left=344
2026-08-28T05:53:17.795770Z  INFO fs3_daemon::runner: batch kind="embed" subject=1 x smart jobs=1 ms=0
2026-08-28T05:53:17.812029Z  INFO fs3_daemon::runner: done kind=summarize subject=crates/daemon/src/http.rs::router ms=27 left=346
2026-08-28T05:53:17.812159Z  INFO fs3_daemon::runner: done kind="embed" id=54288 left=346
2026-08-28T05:53:17.822939Z  INFO fs3_daemon::runner: batch kind="embed" subject=1 x smart jobs=1 ms=0
2026-08-28T05:53:17.829686Z  INFO fs3_daemon::runner: done kind="embed" id=54292 left=348
2026-08-28T05:53:17.830978Z  INFO fs3_daemon::runner: done kind=summarize subject=crates/daemon/src/http.rs::ask ms=13 left=347
2026-08-28T05:53:17.847629Z  INFO fs3_daemon::runner: batch kind="embed" subject=1 x smart jobs=1 ms=7
2026-08-28T05:53:17.857893Z  INFO fs3_daemon::runner: done kind=summarize subject=crates/daemon/src/http.rs::remove ms=23 left=349
2026-08-28T05:53:17.857917Z  INFO fs3_daemon::runner: done kind="embed" id=54295 left=349
2026-08-28T05:53:17.943360Z  INFO fs3_daemon::runner: batch kind="embed" subject=1 x smart jobs=1 ms=0
2026-08-28T05:53:17.947306Z  INFO fs3_daemon::runner: done kind="embed" id=54299 left=352
2026-08-28T05:53:17.954238Z  INFO fs3_daemon::runner: done kind=summarize subject=crates/daemon/src/read.rs::GetRequest ms=91 left=351
2026-08-28T05:53:17.965921Z  INFO fs3_daemon::runner: batch kind="embed" subject=1 x smart jobs=1 ms=1
2026-08-28T05:53:17.968548Z  INFO fs3_daemon::runner: done kind=summarize subject=crates/daemon/src/http.rs::conversation_list ms=10 left=351
2026-08-28T05:53:17.969446Z  INFO fs3_daemon::runner: done kind="embed" id=54303 left=350
2026-08-28T05:53:17.978882Z  INFO fs3_daemon::runner: batch kind="embed" subject=1 x smart jobs=1 ms=1
2026-08-28T05:53:17.991333Z  INFO fs3_daemon::runner: done kind=summarize subject=crates/daemon/src/remove.rs::remove ms=19 left=351
2026-08-28T05:53:17.996203Z  INFO fs3_daemon::runner: done kind="embed" id=54305 left=351
2026-08-28T05:53:18.054749Z  INFO fs3_daemon::runner: batch kind="embed" subject=1 x smart jobs=1 ms=1
2026-08-28T05:53:18.060278Z  INFO fs3_daemon::runner: done kind=summarize subject=crates/daemon/src/http.rs::conversation_remove ms=31 left=353
2026-08-28T05:53:18.072536Z  INFO fs3_daemon::runner: done kind="embed" id=54307 left=353
2026-08-28T05:53:18.168513Z  INFO fs3_daemon::runner: batch kind="embed" subject=1 x smart jobs=1 ms=1
2026-08-28T05:53:18.175085Z  INFO fs3_daemon::runner: done kind="embed" id=54311 left=355
2026-08-28T05:53:18.178720Z  INFO fs3_daemon::runner: done kind=summarize subject=crates/daemon/src/read.rs::TreeRequest ms=69 left=355
2026-08-28T05:53:18.193554Z  INFO fs3_daemon::runner: batch kind="embed" subject=1 x smart jobs=1 ms=1
2026-08-28T05:53:18.210838Z  INFO fs3_daemon::runner: done kind="embed" id=54315 left=355
2026-08-28T05:53:18.213427Z  INFO fs3_daemon::runner: done kind=summarize subject=crates/daemon/src/remove.rs::next_after_remove ms=29 left=354
2026-08-28T05:53:18.314093Z  INFO fs3_daemon::runner: batch kind="embed" subject=1 x smart jobs=1 ms=1
2026-08-28T05:53:18.916849Z  INFO fs3_daemon::runner: done kind="embed" id=54317 left=356
2026-08-28T05:53:18.925976Z  INFO fs3_daemon::runner: done kind=summarize subject=crates/daemon/src/http.rs::conversations ms=702 left=355
2026-08-28T05:53:18.953933Z  INFO fs3_daemon::runner: batch kind="embed" subject=1 x smart jobs=1 ms=3
2026-08-28T05:53:18.969083Z  INFO fs3_daemon::runner: done kind="embed" id=54320 left=357
2026-08-28T05:53:18.969583Z  INFO fs3_daemon::runner: done kind=summarize subject=crates/daemon/src/read.rs::get ms=37 left=357
2026-08-28T05:53:19.019428Z  INFO fs3_daemon::runner: batch kind="embed" subject=1 x smart jobs=1 ms=2
2026-08-28T05:53:19.037642Z  INFO fs3_daemon::runner: done kind=summarize subject=crates/daemon/src/roots.rs::ScanProgress ms=49 left=359
2026-08-28T05:53:19.038335Z  INFO fs3_daemon::runner: done kind="embed" id=54323 left=359
2026-08-28T05:53:19.082953Z  INFO fs3_daemon::runner: batch kind="embed" subject=1 x smart jobs=1 ms=1
2026-08-28T05:53:19.098332Z  INFO fs3_daemon::runner: done kind="embed" id=54327 left=361
2026-08-28T05:53:19.098628Z  INFO fs3_daemon::runner: done kind=summarize subject=crates/daemon/src/roots.rs::ScanProgress::new ms=40 left=361
2026-08-28T05:53:19.143051Z  INFO fs3_daemon::runner: batch kind="embed" subject=1 x smart jobs=1 ms=1
2026-08-28T05:53:19.154772Z  INFO fs3_daemon::runner: done kind=summarize subject=crates/daemon/src/http.rs::gc ms=35 left=364
2026-08-28T05:53:19.159691Z  INFO fs3_daemon::runner: done kind="embed" id=54331 left=364
2026-08-28T05:53:19.178491Z  INFO fs3_daemon::runner: batch kind="embed" subject=1 x smart jobs=1 ms=1
2026-08-28T05:53:19.197014Z  INFO fs3_daemon::runner: done kind="embed" id=54335 left=366
2026-08-28T05:53:19.209876Z  INFO fs3_daemon::runner: done kind=summarize subject=crates/daemon/src/read.rs::tree ms=39 left=366
2026-08-28T05:53:19.266656Z  INFO fs3_daemon::runner: batch kind="embed" subject=1 x smart jobs=1 ms=2
2026-08-28T05:53:19.307831Z  INFO fs3_daemon::runner: done kind=summarize subject=crates/daemon/src/remove.rs::next_after_gc ms=99 left=367
2026-08-28T05:53:19.307855Z  INFO fs3_daemon::runner: done kind="embed" id=54340 left=367
2026-08-28T05:53:19.347771Z  INFO fs3_daemon::runner: batch kind="embed" subject=1 x smart jobs=1 ms=1
2026-08-28T05:53:19.372026Z  INFO fs3_daemon::runner: done kind="embed" id=54343 left=367
2026-08-28T05:53:19.388845Z  INFO fs3_daemon::runner: done kind=summarize subject=crates/daemon/src/runner.rs::park_delay ms=53 left=366
2026-08-28T05:53:19.404023Z  INFO fs3_daemon::runner: batch kind="embed" subject=1 x smart jobs=1 ms=3
2026-08-28T05:53:19.430937Z  INFO fs3_daemon::runner: done kind="embed" id=54345 left=366
2026-08-28T05:53:19.444759Z  INFO fs3_daemon::runner: done kind=summarize subject=crates/daemon/src/roots.rs::ScanProgress::publish ms=57 left=365
2026-08-28T05:53:19.482599Z  INFO fs3_daemon::runner: batch kind="embed" subject=1 x smart jobs=1 ms=1
2026-08-28T05:53:19.495909Z  INFO fs3_daemon::runner: done kind="embed" id=54346 left=366
2026-08-28T05:53:19.496092Z  INFO fs3_daemon::runner: done kind=summarize subject=crates/daemon/src/remove.rs::must_be_absolute ms=23 left=366
2026-08-28T05:53:19.526066Z  INFO fs3_daemon::runner: batch kind="embed" subject=1 x smart jobs=1 ms=3
2026-08-28T05:53:19.555914Z  INFO fs3_daemon::runner: done kind="embed" id=54349 left=366
2026-08-28T05:53:19.583355Z  INFO fs3_daemon::runner: done kind=summarize subject=crates/daemon/src/read.rs::index_tree ms=78 left=365
2026-08-28T05:53:19.621692Z  INFO fs3_daemon::runner: batch kind="embed" subject=1 x smart jobs=1 ms=4
2026-08-28T05:53:19.652726Z  INFO fs3_daemon::runner: done kind="embed" id=54350 left=366
2026-08-28T05:53:19.663280Z  INFO fs3_daemon::runner: done kind=summarize subject=crates/daemon/src/http.rs::events ms=75 left=365
2026-08-28T05:53:19.686364Z  INFO fs3_daemon::runner: batch kind="embed" subject=1 x smart jobs=1 ms=3
2026-08-28T05:53:19.709528Z  INFO fs3_daemon::runner: done kind="embed" id=54352 left=364
2026-08-28T05:53:19.709666Z  INFO fs3_daemon::runner: done kind=summarize subject=crates/daemon/src/roots.rs::ScanFileJob ms=43 left=364
2026-08-28T05:53:19.763639Z  INFO fs3_daemon::runner: batch kind="embed" subject=1 x smart jobs=1 ms=1
2026-08-28T05:53:19.800310Z  INFO fs3_daemon::runner: done kind=summarize subject=crates/daemon/src/http.rs::stream_events ms=61 left=363
2026-08-28T05:53:19.801977Z  INFO fs3_daemon::runner: done kind="embed" id=54353 left=363
2026-08-28T05:53:19.935499Z  INFO fs3_daemon::runner: batch kind="embed" subject=1 x smart jobs=1 ms=1
2026-08-28T05:53:19.957443Z  INFO fs3_daemon::runner: done kind=summarize subject=crates/daemon/src/runner.rs::Drained ms=85 left=362
2026-08-28T05:53:19.957627Z  INFO fs3_daemon::runner: done kind="embed" id=54354 left=362
2026-08-28T05:53:20.002436Z  INFO fs3_daemon::runner: batch kind="embed" subject=1 x smart jobs=1 ms=3
2026-08-28T05:53:20.032500Z  INFO fs3_daemon::runner: done kind=summarize subject=crates/daemon/src/read.rs::file_tree ms=63 left=361
2026-08-28T05:53:20.033290Z  INFO fs3_daemon::runner: done kind="embed" id=54355 left=361
2026-08-28T05:53:20.087881Z  INFO fs3_daemon::runner: batch kind="embed" subject=1 x smart jobs=1 ms=1
2026-08-28T05:53:20.105082Z  INFO fs3_daemon::runner: done kind="embed" id=54356 left=360
2026-08-28T05:53:20.105228Z  INFO fs3_daemon::runner: done kind=summarize subject=crates/daemon/src/search.rs::SearchRequest ms=54 left=360
2026-08-28T05:53:20.198512Z  INFO fs3_daemon::runner: batch kind="embed" subject=1 x smart jobs=1 ms=3
2026-08-28T05:53:20.201241Z  INFO fs3_daemon::watch: re-listed a changed directory directory=/Users/jordanknight/substrate/flowspace/fs3-convo-ingest events=14 enqueued=72 settled=Quiet
2026-08-28T05:53:20.217084Z  INFO fs3_daemon::runner: done kind="embed" id=54357 left=359
2026-08-28T05:53:20.217105Z  INFO fs3_daemon::runner: done kind=summarize subject=crates/daemon/src/roots.rs::ScanFileJob ms=84 left=359
2026-08-28T05:53:20.249045Z  INFO fs3_daemon::runner: batch kind="embed" subject=1 x smart jobs=1 ms=0
2026-08-28T05:53:20.262189Z  INFO fs3_daemon::runner: done kind=summarize subject=crates/daemon/src/http.rs::add_root ms=28 left=359
2026-08-28T05:53:20.262514Z  INFO fs3_daemon::runner: done kind="embed" id=54358 left=359
2026-08-28T05:53:20.332099Z  INFO fs3_daemon::watch: re-listed a changed directory directory=/Users/jordanknight/substrate/flowspace/fs3-w-ask-fake/docs/reference events=2 enqueued=1 settled=Quiet
2026-08-28T05:53:20.333638Z  INFO fs3_daemon::runner: batch kind="embed" subject=1 x smart jobs=1 ms=1
2026-08-28T05:53:20.368795Z  INFO fs3_daemon::runner: done kind=summarize subject=crates/daemon/src/runner.rs::Drained ms=58 left=358
2026-08-28T05:53:20.369581Z  INFO fs3_daemon::runner: done kind="embed" id=54360 left=358
2026-08-28T05:53:21.183383Z  INFO fs3_daemon::runner: batch kind="embed" subject=1 x smart jobs=1 ms=0
2026-08-28T05:53:21.197066Z  INFO fs3_daemon::runner: done kind="embed" id=54361 left=357
2026-08-28T05:53:21.210947Z  INFO fs3_daemon::runner: done kind=summarize subject=crates/daemon/src/read.rs::absolute_target ms=63 left=357
2026-08-28T05:53:21.212956Z  INFO fs3_daemon::runner: batch kind="embed" subject=1 x smart jobs=1 ms=1
2026-08-28T05:53:21.241176Z  INFO fs3_daemon::runner: done kind=summarize subject=crates/daemon/src/search.rs::search ms=37 left=356
2026-08-28T05:53:21.246848Z  INFO fs3_daemon::watch: paths under a re-listed directory are gone removed=219 prefix="."
2026-08-28T05:53:21.247829Z  INFO fs3_daemon::runner: done kind="embed" id=54362 left=356
2026-08-28T05:53:21.265282Z  INFO fs3_daemon::runner: batch kind="embed" subject=1 x smart jobs=1 ms=2
2026-08-28T05:53:21.271197Z  INFO fs3_daemon::runner: done kind=summarize subject=crates/daemon/src/status.rs::report ms=16 left=356
2026-08-28T05:53:21.274888Z  INFO fs3_daemon::runner: done kind="embed" id=54363 left=355
2026-08-28T05:53:21.288184Z  INFO fs3_daemon::runner: batch kind="embed" subject=1 x smart jobs=1 ms=3
2026-08-28T05:53:21.291785Z  INFO fs3_daemon::runner: done kind=summarize subject=crates/daemon/src/roots.rs::scan_root ms=10 left=355
2026-08-28T05:53:21.294060Z  INFO fs3_daemon::runner: done kind="embed" id=54364 left=354
2026-08-28T05:53:21.325791Z  INFO fs3_daemon::runner: batch kind="embed" subject=1 x smart jobs=1 ms=0
2026-08-28T05:53:21.344781Z  INFO fs3_daemon::runner: done kind=summarize subject=crates/daemon/src/read.rs::locate ms=46 left=354
2026-08-28T05:53:21.351110Z  INFO fs3_daemon::runner: done kind="embed" id=54365 left=353
2026-08-28T05:53:21.379834Z  INFO fs3_daemon::runner: progress phase="working" scanned=5002 scan_left=86 summarized=9787 summarize_left=266 embedded=16272 embed_left=1 failed=0
2026-08-28T05:53:21.390902Z  INFO fs3_daemon::runner: batch kind="embed" subject=1 x smart jobs=1 ms=2
2026-08-28T05:53:21.398158Z  INFO fs3_daemon::runner: done kind=summarize subject=crates/daemon/src/runner.rs::drain ms=31 left=353
2026-08-28T05:53:21.402751Z  INFO fs3_daemon::runner: done kind="embed" id=54366 left=352
2026-08-28T05:53:21.414922Z  INFO fs3_daemon::runner: batch kind="embed" subject=1 x smart jobs=1 ms=1
2026-08-28T05:53:21.421195Z  INFO fs3_daemon::runner: done kind="embed" id=54367 left=352
2026-08-28T05:53:21.426759Z  INFO fs3_daemon::runner: done kind=summarize subject=crates/daemon/src/search.rs::empty_because ms=17 left=351
2026-08-28T05:53:21.438700Z  INFO fs3_daemon::runner: batch kind="embed" subject=1 x smart jobs=1 ms=0
2026-08-28T05:53:21.444872Z  INFO fs3_daemon::runner: done kind="embed" id=54368 left=351
2026-08-28T05:53:21.447755Z  INFO fs3_daemon::runner: done kind=summarize subject=crates/daemon/src/roots.rs::known_blobs ms=16 left=350
2026-08-28T05:53:21.463058Z  INFO fs3_daemon::runner: batch kind="embed" subject=1 x smart jobs=1 ms=0
2026-08-28T05:53:21.466904Z  INFO fs3_daemon::runner: done kind="embed" id=54369 left=350
2026-08-28T05:53:21.468143Z  INFO fs3_daemon::runner: done kind=summarize subject=crates/daemon/src/wiring.rs::AppState ms=13 left=349
2026-08-28T05:53:21.473784Z  INFO fs3_daemon::runner: batch kind="embed" subject=1 x smart jobs=1 ms=0
2026-08-28T05:53:21.480793Z  INFO fs3_daemon::runner: done kind="embed" id=54370 left=349
2026-08-28T05:53:21.481407Z  INFO fs3_daemon::runner: done kind=summarize subject=crates/daemon/src/http.rs::scan ms=11 left=348
2026-08-28T05:53:21.493175Z  INFO fs3_daemon::runner: batch kind="embed" subject=1 x smart jobs=1 ms=0
2026-08-28T05:53:21.526222Z  INFO fs3_daemon::runner: done kind="embed" id=54371 left=348
2026-08-28T05:53:21.543852Z  INFO fs3_daemon::runner: done kind=summarize subject=crates/daemon/src/read.rs::choose_file ms=55 left=347
2026-08-28T05:53:21.591414Z  INFO fs3_daemon::runner: batch kind="embed" subject=1 x smart jobs=1 ms=0
2026-08-28T05:53:21.610276Z  INFO fs3_daemon::runner: done kind="embed" id=54372 left=346
2026-08-28T05:53:21.614348Z  INFO fs3_daemon::runner: done kind=summarize subject=crates/daemon/src/runner.rs::run_forever ms=46 left=346
2026-08-28T05:53:21.678039Z  INFO fs3_daemon::runner: batch kind="embed" subject=1 x smart jobs=1 ms=5
2026-08-28T05:53:21.724037Z  INFO fs3_daemon::runner: done kind=summarize subject=crates/daemon/src/search.rs::nothing_to_search ms=72 left=345
2026-08-28T05:53:21.727651Z  INFO fs3_daemon::runner: done kind="embed" id=54373 left=345
2026-08-28T05:53:21.778781Z  INFO fs3_daemon::runner: batch kind="embed" subject=1 x smart jobs=1 ms=2
2026-08-28T05:53:21.804200Z  INFO fs3_daemon::runner: done kind=summarize subject=crates/daemon/src/read.rs::parse_tree ms=52 left=344
2026-08-28T05:53:21.807270Z  INFO fs3_daemon::runner: done kind="embed" id=54374 left=344
2026-08-28T05:53:21.848488Z  INFO fs3_daemon::runner: batch kind="embed" subject=1 x smart jobs=1 ms=4
2026-08-28T05:53:21.876440Z  INFO fs3_daemon::runner: done kind="embed" id=54375 left=343
2026-08-28T05:53:21.882710Z  INFO fs3_daemon::runner: done kind=summarize subject=crates/daemon/src/wiring.rs::AppState ms=58 left=343
2026-08-28T05:53:21.932971Z  INFO fs3_daemon::runner: batch kind="embed" subject=1 x smart jobs=1 ms=0
2026-08-28T05:53:21.990394Z  INFO fs3_daemon::runner: done kind=summarize subject=crates/daemon/src/http.rs::status ms=73 left=343
2026-08-28T05:53:21.996141Z  INFO fs3_daemon::runner: done kind="embed" id=54376 left=342
2026-08-28T05:53:22.084806Z  INFO fs3_daemon::runner: batch kind="embed" subject=1 x smart jobs=1 ms=1
2026-08-28T05:53:22.146902Z  INFO fs3_daemon::runner: done kind=summarize subject=crates/daemon/src/search.rs::anchor_not_indexed ms=111 left=342
2026-08-28T05:53:22.170146Z  INFO fs3_daemon::runner: done kind="embed" id=54377 left=341
2026-08-28T05:53:22.246683Z  INFO fs3_daemon::runner: batch kind="embed" subject=1 x smart jobs=1 ms=1
2026-08-28T05:53:22.255458Z  INFO fs3_daemon::runner: done kind=summarize subject=crates/daemon/src/roots.rs::skip_counts ms=50 left=341
2026-08-28T05:53:22.277821Z  INFO fs3_daemon::runner: done kind="embed" id=54378 left=340
2026-08-28T05:53:22.343690Z  INFO fs3_daemon::runner: batch kind="embed" subject=1 x smart jobs=1 ms=7
2026-08-28T05:53:22.404699Z  INFO fs3_daemon::runner: done kind="embed" id=54379 left=340
2026-08-28T05:53:22.468885Z  INFO fs3_daemon::runner: done kind=summarize subject=crates/daemon/src/runner.rs::drain_embed ms=162 left=339
2026-08-28T05:53:22.538819Z  INFO fs3_daemon::runner: batch kind="embed" subject=1 x smart jobs=1 ms=0
2026-08-28T05:53:22.599191Z  INFO fs3_daemon::runner: done kind="embed" id=54380 left=338
2026-08-28T05:53:22.603500Z  INFO fs3_daemon::runner: done kind=summarize subject=crates/daemon/src/read.rs::pick ms=121 left=338
2026-08-28T05:53:22.674557Z  INFO fs3_daemon::runner: batch kind="embed" subject=1 x smart jobs=1 ms=1
2026-08-28T05:53:22.715368Z  INFO fs3_daemon::runner: done kind=summarize subject=crates/daemon/src/wiring.rs::AppState::fmt ms=78 left=337
2026-08-28T05:53:22.718952Z  INFO fs3_daemon::runner: done kind="embed" id=54381 left=337
2026-08-28T05:53:22.783161Z  INFO fs3_daemon::runner: batch kind="embed" subject=1 x smart jobs=1 ms=0
2026-08-28T05:53:22.849099Z  INFO fs3_daemon::runner: done kind="embed" id=54382 left=336
2026-08-28T05:53:22.853536Z  INFO fs3_daemon::runner: done kind=summarize subject=crates/daemon/src/roots.rs::pruned_rows ms=99 left=336
2026-08-28T05:53:22.922060Z  INFO fs3_daemon::runner: batch kind="embed" subject=1 x smart jobs=1 ms=1
2026-08-28T05:53:22.951003Z  INFO fs3_daemon::runner: done kind="embed" id=54383 left=336
2026-08-28T05:53:22.957187Z  INFO fs3_daemon::runner: done kind=summarize subject=crates/daemon/src/search.rs::render ms=56 left=335
2026-08-28T05:53:22.977513Z  INFO fs3_daemon::runner: batch kind="embed" subject=1 x smart jobs=1 ms=1
2026-08-28T05:53:22.986913Z  INFO fs3_daemon::runner: done kind=summarize subject=crates/daemon/src/http.rs::search ms=24 left=335
2026-08-28T05:53:22.990252Z  INFO fs3_daemon::runner: done kind="embed" id=54384 left=334
2026-08-28T05:53:23.013448Z  INFO fs3_daemon::runner: batch kind="embed" subject=1 x smart jobs=1 ms=0
2026-08-28T05:53:23.024444Z  INFO fs3_daemon::runner: done kind=summarize subject=crates/daemon/src/runner.rs::report_progress ms=26 left=333
2026-08-28T05:53:23.024873Z  INFO fs3_daemon::runner: done kind="embed" id=54385 left=333
2026-08-28T05:53:23.076047Z  INFO fs3_daemon::runner: batch kind="embed" subject=1 x smart jobs=1 ms=2
2026-08-28T05:53:23.086591Z  INFO fs3_daemon::runner: done kind=summarize subject=crates/daemon/src/read.rs::collect ms=31 left=333
2026-08-28T05:53:23.115325Z  INFO fs3_daemon::runner: done kind="embed" id=54386 left=332
2026-08-28T05:53:23.156906Z  INFO fs3_daemon::runner: batch kind="embed" subject=1 x smart jobs=1 ms=1
2026-08-28T05:53:23.161599Z  INFO fs3_daemon::runner: done kind=summarize subject=crates/daemon/src/wiring.rs::AppState ms=24 left=332
2026-08-28T05:53:23.167250Z  INFO fs3_daemon::runner: done kind="embed" id=54387 left=331
2026-08-28T05:53:23.198036Z  INFO fs3_daemon::runner: batch kind="embed" subject=1 x smart jobs=1 ms=3
2026-08-28T05:53:23.209763Z  INFO fs3_daemon::runner: done kind="embed" id=54388 left=331
2026-08-28T05:53:23.213120Z  INFO fs3_daemon::runner: done kind=summarize subject=crates/daemon/src/roots.rs::canonical ms=26 left=330
2026-08-28T05:53:23.244905Z  INFO fs3_daemon::runner: batch kind="embed" subject=1 x smart jobs=1 ms=1
2026-08-28T05:53:23.250708Z  INFO fs3_daemon::runner: done kind=summarize subject=crates/daemon/src/search.rs::glob_to_like ms=31 left=330
2026-08-28T05:53:23.263417Z  INFO fs3_daemon::runner: done kind="embed" id=54389 left=329
2026-08-28T05:53:23.325597Z  INFO fs3_daemon::runner: batch kind="embed" subject=1 x smart jobs=1 ms=0
2026-08-28T05:53:23.379555Z  INFO fs3_daemon::runner: done kind="embed" id=54390 left=328
2026-08-28T05:53:23.379977Z  INFO fs3_daemon::runner: done kind=summarize subject=crates/daemon/src/http.rs::get_address ms=101 left=328
2026-08-28T05:53:23.398231Z  INFO fs3_daemon::runner: batch kind="embed" subject=1 x smart jobs=1 ms=1
2026-08-28T05:53:23.405466Z  INFO fs3_daemon::runner: done kind="embed" id=54391 left=328
2026-08-28T05:53:23.412190Z  INFO fs3_daemon::runner: done kind=summarize subject=crates/daemon/src/runner.rs::emit_queue ms=26 left=327
2026-08-28T05:53:23.437882Z  INFO fs3_daemon::runner: batch kind="embed" subject=1 x smart jobs=1 ms=1
2026-08-28T05:53:23.443562Z  INFO fs3_daemon::runner: done kind=summarize subject=crates/daemon/src/read.rs::unknown_element ms=27 left=326
2026-08-28T05:53:23.443655Z  INFO fs3_daemon::runner: done kind="embed" id=54392 left=326
2026-08-28T05:53:23.529854Z  INFO fs3_daemon::runner: batch kind="embed" subject=1 x smart jobs=1 ms=2
2026-08-28T05:53:23.550648Z  INFO fs3_daemon::runner: done kind="embed" id=54393 left=326
2026-08-28T05:53:23.574301Z  INFO fs3_daemon::runner: done kind=summarize subject=crates/daemon/src/http.rs::tree ms=115 left=325
2026-08-28T05:53:23.637519Z  INFO fs3_daemon::runner: batch kind="embed" subject=1 x smart jobs=1 ms=0
2026-08-28T05:53:23.645618Z  INFO fs3_daemon::runner: done kind="embed" id=54394 left=324
2026-08-28T05:53:23.645843Z  INFO fs3_daemon::runner: done kind=summarize subject=crates/daemon/src/search.rs::tests ms=27 left=324
2026-08-28T05:53:23.664179Z  INFO fs3_daemon::runner: batch kind="embed" subject=1 x smart jobs=1 ms=0
2026-08-28T05:53:23.668066Z  INFO fs3_daemon::runner: done kind=summarize subject=crates/daemon/src/roots.rs::RootError ms=15 left=323
2026-08-28T05:53:23.671483Z  INFO fs3_daemon::runner: done kind="embed" id=54395 left=323
2026-08-28T05:53:23.691818Z  INFO fs3_daemon::runner: batch kind="embed" subject=1 x smart jobs=1 ms=0
2026-08-28T05:53:23.712651Z  INFO fs3_daemon::runner: done kind="embed" id=54396 left=322
2026-08-28T05:53:23.712885Z  INFO fs3_daemon::runner: done kind=summarize subject=crates/daemon/src/wiring.rs::AppState::from_config ms=32 left=322
2026-08-28T05:53:23.866980Z  INFO fs3_daemon::runner: batch kind="embed" subject=1 x smart jobs=1 ms=0
2026-08-28T05:53:23.884569Z  INFO fs3_daemon::runner: done kind="embed" id=54397 left=321
2026-08-28T05:53:23.884940Z  INFO fs3_daemon::runner: done kind=summarize subject=crates/daemon/src/runner.rs::emit_failure ms=36 left=321
2026-08-28T05:53:23.911370Z  INFO fs3_daemon::runner: batch kind="embed" subject=1 x smart jobs=1 ms=1
2026-08-28T05:53:23.925840Z  INFO fs3_daemon::runner: done kind="embed" id=54398 left=320
2026-08-28T05:53:23.926476Z  INFO fs3_daemon::runner: done kind=summarize subject=crates/daemon/src/read.rs::ambiguous_element ms=34 left=320
2026-08-28T05:53:23.944464Z  INFO fs3_daemon::runner: batch kind="embed" subject=1 x smart jobs=1 ms=1
2026-08-28T05:53:23.953034Z  INFO fs3_daemon::runner: done kind=summarize subject=crates/daemon/tests/conversation_query.rs::turn ms=17 left=319
2026-08-28T05:53:23.953407Z  INFO fs3_daemon::runner: done kind="embed" id=54399 left=319
2026-08-28T05:53:24.003389Z  INFO fs3_daemon::runner: batch kind="embed" subject=1 x smart jobs=1 ms=1
2026-08-28T05:53:24.012772Z  INFO fs3_daemon::runner: done kind=summarize subject=crates/daemon/src/search.rs::tests::a_glob_becomes_a_like_pattern_with_its_metacharacters_escaped ms=39 left=319
2026-08-28T05:53:24.018685Z  INFO fs3_daemon::runner: done kind="embed" id=54400 left=318
2026-08-28T05:53:24.064040Z  INFO fs3_daemon::runner: batch kind="embed" subject=1 x smart jobs=1 ms=3
2026-08-28T05:53:24.078361Z  INFO fs3_daemon::runner: done kind=summarize subject=crates/daemon/src/roots.rs::tests ms=40 left=317
2026-08-28T05:53:24.079041Z  INFO fs3_daemon::runner: done kind="embed" id=54401 left=317
2026-08-28T05:53:24.108490Z  INFO fs3_daemon::runner: batch kind="embed" subject=1 x smart jobs=1 ms=1
2026-08-28T05:53:24.115226Z  INFO fs3_daemon::runner: done kind="embed" id=54402 left=316
2026-08-28T05:53:24.115631Z  INFO fs3_daemon::runner: done kind=summarize subject=crates/daemon/src/http.rs::next_after_scan ms=24 left=316
2026-08-28T05:53:24.133732Z  INFO fs3_daemon::runner: batch kind="embed" subject=1 x smart jobs=1 ms=0
2026-08-28T05:53:24.137392Z  INFO fs3_daemon::runner: done kind=summarize subject=crates/daemon/src/runner.rs::settle ms=12 left=315
2026-08-28T05:53:24.137623Z  INFO fs3_daemon::runner: done kind="embed" id=54403 left=315
2026-08-28T05:53:24.157888Z  INFO fs3_daemon::runner: batch kind="embed" subject=1 x smart jobs=1 ms=0
2026-08-28T05:53:24.172025Z  INFO fs3_daemon::runner: done kind="embed" id=54404 left=315
2026-08-28T05:53:24.179385Z  INFO fs3_daemon::runner: done kind=summarize subject=crates/daemon/tests/conversation_query.rs::store ms=33 left=314
2026-08-28T05:53:24.202746Z  INFO fs3_daemon::runner: batch kind="embed" subject=1 x smart jobs=1 ms=0
2026-08-28T05:53:24.216406Z  INFO fs3_daemon::runner: done kind="embed" id=54405 left=313
2026-08-28T05:53:24.216618Z  INFO fs3_daemon::runner: done kind=summarize subject=crates/daemon/src/search.rs::tests::a_snippet_is_lean_rather_than_the_whole_body ms=27 left=313
2026-08-28T05:53:24.272957Z  INFO fs3_daemon::runner: batch kind="embed" subject=1 x smart jobs=1 ms=0
2026-08-28T05:53:24.298116Z  INFO fs3_daemon::runner: done kind="embed" id=54406 left=312
2026-08-28T05:53:24.298354Z  INFO fs3_daemon::runner: done kind=summarize subject=crates/daemon/src/roots.rs::tests::the_dedupe_key_is_the_path_not_the_content ms=66 left=312
2026-08-28T05:53:24.321703Z  INFO fs3_daemon::runner: batch kind="embed" subject=1 x smart jobs=1 ms=0
2026-08-28T05:53:24.406602Z  INFO fs3_daemon::runner: done kind=summarize subject=crates/daemon/src/wiring.rs::build_embedder ms=98 left=311
2026-08-28T05:53:24.409458Z  INFO fs3_daemon::runner: done kind="embed" id=54407 left=311
2026-08-28T05:53:24.461438Z  INFO fs3_daemon::runner: batch kind="embed" subject=1 x smart jobs=1 ms=1
2026-08-28T05:53:24.470021Z  INFO fs3_daemon::runner: done kind=summarize subject=crates/daemon/src/http.rs::serve_listener ms=24 left=311
2026-08-28T05:53:24.474479Z  INFO fs3_daemon::runner: done kind="embed" id=54408 left=310
2026-08-28T05:53:24.495023Z  INFO fs3_daemon::runner: batch kind="embed" subject=1 x smart jobs=1 ms=0
2026-08-28T05:53:24.498000Z  INFO fs3_daemon::runner: done kind="embed" id=54409 left=310
2026-08-28T05:53:24.501344Z  INFO fs3_daemon::runner: done kind=summarize subject=crates/daemon/src/read.rs::missing_path ms=11 left=309
2026-08-28T05:53:24.510956Z  INFO fs3_daemon::runner: batch kind="embed" subject=1 x smart jobs=1 ms=0
2026-08-28T05:53:24.519217Z  INFO fs3_daemon::runner: done kind="embed" id=54410 left=309
2026-08-28T05:53:24.528370Z  INFO fs3_daemon::runner: done kind=summarize subject=crates/daemon/tests/conversation_query.rs::conversations_answer_only_when_asked_for ms=26 left=308
2026-08-28T05:53:24.539513Z  INFO fs3_daemon::runner: batch kind="embed" subject=1 x smart jobs=1 ms=0
2026-08-28T05:53:24.541913Z  INFO fs3_daemon::runner: done kind=summarize subject=crates/daemon/src/wiring.rs::build_agent ms=9 left=308
2026-08-28T05:53:24.543660Z  INFO fs3_daemon::runner: done kind="embed" id=54411 left=307
2026-08-28T05:53:24.553348Z  INFO fs3_daemon::runner: batch kind="embed" subject=1 x smart jobs=1 ms=0
2026-08-28T05:53:24.574247Z  INFO fs3_daemon::runner: done kind="embed" id=54412 left=307
2026-08-28T05:53:24.593338Z  INFO fs3_daemon::runner: done kind=summarize subject=crates/daemon/src/roots.rs::tests::a_scan_job_round_trips_through_its_payload ms=44 left=306
2026-08-28T05:53:24.636490Z  INFO fs3_daemon::runner: batch kind="embed" subject=1 x smart jobs=1 ms=4
2026-08-28T05:53:24.659170Z  INFO fs3_daemon::runner: done kind=summarize subject=crates/daemon/src/runner.rs::subject_of ms=50 left=306
2026-08-28T05:53:24.665281Z  INFO fs3_daemon::runner: done kind="embed" id=54413 left=305
2026-08-28T05:53:24.686778Z  INFO fs3_daemon::runner: batch kind="embed" subject=1 x smart jobs=1 ms=1
2026-08-28T05:53:24.692155Z  INFO fs3_daemon::runner: done kind="embed" id=54414 left=305
2026-08-28T05:53:24.694457Z  INFO fs3_daemon::runner: done kind=summarize subject=crates/daemon/src/read.rs::element_address ms=10 left=304
2026-08-28T05:53:24.745233Z  INFO fs3_daemon::runner: batch kind="embed" subject=1 x smart jobs=1 ms=0
2026-08-28T05:53:24.768810Z  INFO fs3_daemon::runner: done kind="embed" id=54415 left=304
2026-08-28T05:53:24.794006Z  INFO fs3_daemon::runner: done kind=summarize subject=crates/daemon/tests/conversation_query.rs::a_hit_on_text_shared_with_code_resolves_to_the_turn ms=94 left=303
2026-08-28T05:53:24.804478Z  INFO fs3_daemon::runner: batch kind="embed" subject=1 x smart jobs=1 ms=0
2026-08-28T05:53:24.832809Z  INFO fs3_daemon::runner: done kind=summarize subject=crates/daemon/src/wiring.rs::build_summarizer ms=34 left=303
2026-08-28T05:53:24.841551Z  INFO fs3_daemon::runner: done kind="embed" id=54416 left=302
2026-08-28T05:53:24.873038Z  INFO fs3_daemon::runner: batch kind="embed" subject=1 x smart jobs=1 ms=1
2026-08-28T05:53:24.883518Z  INFO fs3_daemon::runner: done kind="embed" id=54417 left=302
2026-08-28T05:53:24.885550Z  INFO fs3_daemon::runner: done kind=summarize subject=crates/daemon/src/search.rs::tests::empty_answers ms=21 left=301
2026-08-28T05:53:24.893706Z  INFO fs3_daemon::runner: batch kind="embed" subject=1 x smart jobs=1 ms=0
2026-08-28T05:53:24.899488Z  INFO fs3_daemon::runner: done kind="embed" id=54418 left=301
2026-08-28T05:53:24.930036Z  INFO fs3_daemon::runner: done kind=summarize subject=crates/daemon/src/read.rs::conversation_window ms=41 left=300
2026-08-28T05:53:24.958855Z  INFO fs3_daemon::runner: batch kind="embed" subject=1 x smart jobs=1 ms=0
2026-08-28T05:53:24.977332Z  INFO fs3_daemon::runner: done kind="embed" id=54419 left=299
2026-08-28T05:53:24.977491Z  INFO fs3_daemon::runner: done kind=summarize subject=crates/daemon/src/runner.rs::dispatch ms=36 left=299
2026-08-28T05:53:24.988485Z  INFO fs3_daemon::runner: batch kind="embed" subject=1 x smart jobs=1 ms=0
2026-08-28T05:53:24.993182Z  INFO fs3_daemon::runner: done kind="embed" id=54420 left=299
2026-08-28T05:53:24.995281Z  INFO fs3_daemon::runner: done kind=summarize subject=crates/daemon/src/search.rs::tests::empty_answers::an_anchored_search_with_no_floor_blames_the_scan_and_names_the_scope ms=10 left=298
2026-08-28T05:53:25.005512Z  INFO fs3_daemon::runner: batch kind="embed" subject=1 x smart jobs=1 ms=0
2026-08-28T05:53:25.020341Z  INFO fs3_daemon::runner: done kind="embed" id=54421 left=298
2026-08-28T05:53:25.031022Z  INFO fs3_daemon::runner: done kind=summarize subject=crates/daemon/src/wiring.rs::azure_config ms=33 left=297
2026-08-28T05:53:25.051688Z  INFO fs3_daemon::runner: batch kind="embed" subject=1 x smart jobs=1 ms=0
2026-08-28T05:53:25.072901Z  INFO fs3_daemon::runner: done kind=summarize subject=crates/daemon/tests/conversation_query.rs::an_anchor_filter_narrows_conversations_instead_of_erasing_them ms=35 left=297
2026-08-28T05:53:25.098395Z  INFO fs3_daemon::runner: done kind="embed" id=54422 left=296
2026-08-28T05:53:25.109801Z  INFO fs3_daemon::runner: batch kind="embed" subject=1 x smart jobs=1 ms=0
2026-08-28T05:53:25.120873Z  INFO fs3_daemon::runner: done kind="embed" id=54423 left=296
2026-08-28T05:53:25.123876Z  INFO fs3_daemon::runner: done kind=summarize subject=crates/daemon/src/read.rs::unknown_conversation ms=19 left=295
2026-08-28T05:53:25.132512Z  INFO fs3_daemon::runner: batch kind="embed" subject=1 x smart jobs=1 ms=0
2026-08-28T05:53:25.137801Z  INFO fs3_daemon::runner: done kind="embed" id=54424 left=295
2026-08-28T05:53:25.139812Z  INFO fs3_daemon::runner: done kind=summarize subject=crates/daemon/src/runner.rs::tests ms=11 left=294
2026-08-28T05:53:25.143588Z  INFO fs3_daemon::runner: batch kind="embed" subject=1 x smart jobs=1 ms=0
2026-08-28T05:53:25.149287Z  INFO fs3_daemon::runner: done kind="embed" id=54425 left=294
2026-08-28T05:53:25.157010Z  INFO fs3_daemon::runner: done kind=summarize subject=crates/daemon/tests/event_stream.rs::RateLimited ms=16 left=293
2026-08-28T05:53:25.163183Z  INFO fs3_daemon::runner: batch kind="embed" subject=1 x smart jobs=1 ms=0
2026-08-28T05:53:25.166340Z  INFO fs3_daemon::runner: done kind=summarize subject=crates/daemon/src/search.rs::tests::empty_answers::a_floor_is_reported_as_the_floor ms=7 left=293
2026-08-28T05:53:25.169647Z  INFO fs3_daemon::runner: done kind="embed" id=54426 left=292
2026-08-28T05:53:25.181623Z  INFO fs3_daemon::runner: batch kind="embed" subject=1 x smart jobs=1 ms=2
2026-08-28T05:53:25.185289Z  INFO fs3_daemon::runner: done kind=summarize subject=crates/daemon/src/wiring.rs::now ms=11 left=292
2026-08-28T05:53:25.187264Z  INFO fs3_daemon::runner: done kind="embed" id=54427 left=291
2026-08-28T05:53:25.199949Z  INFO fs3_daemon::runner: batch kind="embed" subject=1 x smart jobs=1 ms=1
2026-08-28T05:53:25.204252Z  INFO fs3_daemon::runner: done kind="embed" id=54428 left=291
2026-08-28T05:53:25.210712Z  INFO fs3_daemon::runner: done kind=summarize subject=crates/daemon/tests/conversation_query.rs::a_window_reads_around_a_turn_and_stops_at_the_edges ms=17 left=290
2026-08-28T05:53:25.221550Z  INFO fs3_daemon::runner: batch kind="embed" subject=1 x smart jobs=1 ms=0
2026-08-28T05:53:25.223885Z  INFO fs3_daemon::runner: done kind=summarize subject=crates/daemon/src/runner.rs::tests::drain_totals_accumulate_every_outcome ms=9 left=290
2026-08-28T05:53:25.232842Z  INFO fs3_daemon::runner: done kind="embed" id=54429 left=289
2026-08-28T05:53:25.250100Z  INFO fs3_daemon::runner: batch kind="embed" subject=1 x smart jobs=1 ms=1
2026-08-28T05:53:25.257771Z  INFO fs3_daemon::runner: done kind="embed" id=54430 left=288
2026-08-28T05:53:25.257883Z  INFO fs3_daemon::runner: done kind=summarize subject=crates/daemon/tests/event_stream.rs::next_line ms=15 left=288
2026-08-28T05:53:25.264244Z  INFO fs3_daemon::runner: batch kind="embed" subject=1 x smart jobs=1 ms=0
2026-08-28T05:53:25.269003Z  INFO fs3_daemon::runner: done kind="embed" id=54431 left=288
2026-08-28T05:53:25.270352Z  INFO fs3_daemon::runner: done kind=summarize subject=crates/daemon/src/read.rs::conversation_outline ms=10 left=287
2026-08-28T05:53:25.273355Z  INFO fs3_daemon::runner: batch kind="embed" subject=1 x smart jobs=1 ms=0
2026-08-28T05:53:25.275534Z  INFO fs3_daemon::runner: done kind="embed" id=54432 left=287
2026-08-28T05:53:25.276498Z  INFO fs3_daemon::runner: done kind=summarize subject=crates/daemon/src/wiring.rs::civil_from_days ms=5 left=286
2026-08-28T05:53:25.279339Z  INFO fs3_daemon::runner: batch kind="embed" subject=1 x smart jobs=1 ms=0
2026-08-28T05:53:25.285115Z  INFO fs3_daemon::runner: done kind="embed" id=54433 left=285
2026-08-28T05:53:25.285494Z  INFO fs3_daemon::runner: done kind=summarize subject=crates/daemon/tests/conversation_query.rs::a_conversation_address_with_no_ordinal_starts_at_the_beginning ms=8 left=285
2026-08-28T05:53:25.298974Z  INFO fs3_daemon::runner: batch kind="embed" subject=1 x smart jobs=1 ms=0
2026-08-28T05:53:25.332927Z  INFO fs3_daemon::runner: done kind="embed" id=54434 left=285
2026-08-28T05:53:25.336114Z  INFO fs3_daemon::runner: done kind=summarize subject=crates/daemon/src/search.rs::tests::empty_answers::a_floor_of_zero_explains_nothing_and_is_not_offered_as_one ms=46 left=284
2026-08-28T05:53:25.341243Z  INFO fs3_daemon::runner: batch kind="embed" subject=1 x smart jobs=1 ms=0
2026-08-28T05:53:25.344901Z  INFO fs3_daemon::runner: done kind="embed" id=54435 left=283
2026-08-28T05:53:25.345162Z  INFO fs3_daemon::runner: done kind=summarize subject=crates/daemon/src/read.rs::outline ms=6 left=283
2026-08-28T05:53:25.355872Z  INFO fs3_daemon::runner: batch kind="embed" subject=1 x smart jobs=1 ms=2
2026-08-28T05:53:25.357736Z  INFO fs3_daemon::runner: done kind=summarize subject=crates/daemon/tests/event_stream.rs::stack ms=7 left=283
2026-08-28T05:53:25.360708Z  INFO fs3_daemon::runner: done kind="embed" id=54436 left=282
2026-08-28T05:53:25.417738Z  INFO fs3_daemon::runner: batch kind="embed" subject=1 x smart jobs=1 ms=0
2026-08-28T05:53:25.446459Z  INFO fs3_daemon::runner: done kind="embed" id=54437 left=282
2026-08-28T05:53:25.448256Z  INFO fs3_daemon::runner: done kind=summarize subject=crates/daemon/src/search.rs::tests::empty_answers::a_path_filter_is_named_as_the_scope ms=84 left=282
2026-08-28T05:53:25.456685Z  INFO fs3_daemon::runner: batch kind="embed" subject=1 x smart jobs=1 ms=0
2026-08-28T05:53:25.459305Z  INFO fs3_daemon::runner: done kind="embed" id=54438 left=282
2026-08-28T05:53:25.462683Z  INFO fs3_daemon::runner: done kind=summarize subject=crates/daemon/tests/conversation_query.rs::a_conversation_tree_is_its_turn_outline ms=11 left=281
2026-08-28T05:53:25.472053Z  INFO fs3_daemon::runner: batch kind="embed" subject=1 x smart jobs=1 ms=0
2026-08-28T05:53:25.478571Z  INFO fs3_daemon::runner: done kind="embed" id=54440 left=281
2026-08-28T05:53:25.488782Z  INFO fs3_daemon::runner: done kind=summarize subject=crates/daemon/src/read.rs::element_entry ms=22 left=280
2026-08-28T05:53:25.494472Z  INFO fs3_daemon::runner: batch kind="embed" subject=1 x smart jobs=1 ms=0
2026-08-28T05:53:25.499257Z  INFO fs3_daemon::runner: done kind="embed" id=54441 left=280
2026-08-28T05:53:25.503261Z  INFO fs3_daemon::runner: done kind=summarize subject=crates/daemon/tests/event_stream.rs::drain_events ms=10 left=279
2026-08-28T05:53:25.510192Z  INFO fs3_daemon::runner: batch kind="embed" subject=1 x smart jobs=1 ms=1
2026-08-28T05:53:25.516292Z  INFO fs3_daemon::runner: done kind="embed" id=54442 left=279
2026-08-28T05:53:25.517946Z  INFO fs3_daemon::runner: done kind=summarize subject=crates/daemon/tests/conversation_query.rs::listing_narrows_and_removing_forgets_exactly_one ms=14 left=278
2026-08-28T05:53:25.527948Z  INFO fs3_daemon::runner: batch kind="embed" subject=1 x smart jobs=1 ms=0
2026-08-28T05:53:25.544900Z  INFO fs3_daemon::runner: done kind=summarize subject=crates/daemon/tests/event_stream.rs::fanout_is_identical_and_a_lagging_watcher_is_dropped ms=23 left=277
2026-08-28T05:53:25.547052Z  INFO fs3_daemon::runner: done kind="embed" id=54443 left=277
2026-08-28T05:53:25.550240Z  INFO fs3_daemon::watch: re-listed a changed directory directory=/Users/jordanknight/substrate/flowspace/fs3-w-ask-fake/crates/daemon/src events=2 enqueued=1 settled=Quiet
2026-08-28T05:53:25.580031Z  INFO fs3_daemon::runner: batch kind="embed" subject=1 x smart jobs=1 ms=0
2026-08-28T05:53:25.611243Z  INFO fs3_daemon::runner: done kind=summarize subject=crates/daemon/src/read.rs::directory_entries ms=45 left=277
2026-08-28T05:53:25.620473Z  INFO fs3_daemon::runner: done kind="embed" id=54444 left=276
2026-08-28T05:53:25.652421Z  INFO fs3_daemon::runner: batch kind="embed" subject=1 x smart jobs=1 ms=1
2026-08-28T05:53:25.657941Z  INFO fs3_daemon::runner: done kind="embed" id=54445 left=276
2026-08-28T05:53:25.686149Z  INFO fs3_daemon::runner: done kind=summarize subject=crates/daemon/tests/event_stream.rs::two_http_watchers_receive_the_same_live_event_after_hello ms=61 left=275
2026-08-28T05:53:25.707320Z  INFO fs3_daemon::runner: batch kind="embed" subject=1 x smart jobs=1 ms=0
2026-08-28T05:53:25.716458Z  INFO fs3_daemon::runner: done kind=summarize subject=crates/daemon/src/read.rs::next_after_get ms=22 left=274
2026-08-28T05:53:25.716995Z  INFO fs3_daemon::runner: done kind="embed" id=54446 left=274
2026-08-28T05:53:25.752390Z  INFO fs3_daemon::runner: batch kind="embed" subject=1 x smart jobs=1 ms=1
2026-08-28T05:53:25.759368Z  INFO fs3_daemon::runner: done kind=summarize subject=crates/daemon/tests/event_stream.rs::heartbeat_override_is_per_subscriber_and_keeps_the_stream_live ms=25 left=274
2026-08-28T05:53:25.764558Z  INFO fs3_daemon::runner: done kind="embed" id=54447 left=273
2026-08-28T05:53:25.813823Z  INFO fs3_daemon::runner: batch kind="embed" subject=1 x smart jobs=1 ms=1
2026-08-28T05:53:25.829710Z  INFO fs3_daemon::runner: done kind=summarize subject=crates/daemon/src/read.rs::next_after_tree ms=57 left=272
2026-08-28T05:53:25.829962Z  INFO fs3_daemon::runner: done kind="embed" id=54448 left=272
2026-08-28T05:53:25.850459Z  INFO fs3_daemon::runner: batch kind="embed" subject=1 x smart jobs=1 ms=0
2026-08-28T05:53:25.858944Z  INFO fs3_daemon::runner: done kind="embed" id=54449 left=272
2026-08-28T05:53:25.860278Z  INFO fs3_daemon::runner: done kind=summarize subject=crates/daemon/tests/event_stream.rs::serial_success_and_failure_emit_their_settlement_and_queue_snapshot ms=19 left=271
2026-08-28T05:53:25.879782Z  INFO fs3_daemon::runner: batch kind="embed" subject=1 x smart jobs=1 ms=0
2026-08-28T05:53:25.892822Z  INFO fs3_daemon::runner: done kind="embed" id=54450 left=270
2026-08-28T05:53:25.893412Z  INFO fs3_daemon::runner: done kind=summarize subject=crates/daemon/src/read.rs::tests ms=27 left=270
2026-08-28T05:53:25.904614Z  INFO fs3_daemon::runner: batch kind="embed" subject=1 x smart jobs=1 ms=0
2026-08-28T05:53:25.913062Z  INFO fs3_daemon::runner: done kind="embed" id=54451 left=270
2026-08-28T05:53:25.915931Z  INFO fs3_daemon::runner: done kind=summarize subject=crates/daemon/tests/watcher.rs::Stack ms=18 left=269
2026-08-28T05:53:25.940974Z  INFO fs3_daemon::runner: batch kind="embed" subject=1 x smart jobs=1 ms=0
2026-08-28T05:53:25.956023Z  INFO fs3_daemon::runner: done kind="embed" id=54452 left=268
2026-08-28T05:53:25.956135Z  INFO fs3_daemon::runner: done kind=summarize subject=crates/daemon/src/read.rs::tests::element ms=33 left=268
2026-08-28T05:53:26.022699Z  INFO fs3_daemon::runner: batch kind="embed" subject=1 x smart jobs=1 ms=1
2026-08-28T05:53:26.027704Z  INFO fs3_daemon::runner: done kind=summarize subject=crates/daemon/tests/event_stream.rs::a_failed_embed_batch_emits_a_nonterminal_retry ms=63 left=267
2026-08-28T05:53:26.027852Z  INFO fs3_daemon::runner: done kind="embed" id=54453 left=267
2026-08-28T05:53:26.039734Z  INFO fs3_daemon::runner: batch kind="embed" subject=1 x smart jobs=1 ms=0
2026-08-28T05:53:26.045001Z  INFO fs3_daemon::runner: done kind="embed" id=54454 left=267
2026-08-28T05:53:26.080247Z  INFO fs3_daemon::runner: done kind=summarize subject=crates/daemon/tests/event_stream.rs::a_rate_limited_embed_emits_a_nonterminal_park ms=43 left=266
2026-08-28T05:53:26.090125Z  INFO fs3_daemon::runner: batch kind="embed" subject=1 x smart jobs=1 ms=0
2026-08-28T05:53:26.102173Z  INFO fs3_daemon::runner: done kind="embed" id=54455 left=265
2026-08-28T05:53:26.102298Z  INFO fs3_daemon::runner: done kind=summarize subject=crates/daemon/src/read.rs::tests::one_address_can_match_two_elements ms=22 left=265
2026-08-28T05:53:26.148124Z  INFO fs3_daemon::runner: batch kind="embed" subject=1 x smart jobs=1 ms=1
2026-08-28T05:53:26.181375Z  INFO fs3_daemon::runner: done kind="embed" id=54456 left=265
2026-08-28T05:53:26.201332Z  INFO fs3_daemon::runner: done kind=summarize subject=crates/daemon/tests/watcher.rs::Stack::create ms=95 left=264
2026-08-28T05:53:26.259009Z  INFO fs3_daemon::runner: batch kind="embed" subject=1 x smart jobs=1 ms=2
2026-08-28T05:53:26.291277Z  INFO fs3_daemon::runner: done kind="embed" id=54457 left=263
2026-08-28T05:53:26.295801Z  INFO fs3_daemon::runner: done kind=summarize subject=crates/daemon/src/read.rs::tests::a_match_carries_the_chain_above_it ms=77 left=263
2026-08-28T05:53:26.357473Z  INFO fs3_daemon::runner: batch kind="embed" subject=1 x smart jobs=1 ms=0
2026-08-28T05:53:26.389741Z  INFO fs3_daemon::runner: done kind=summarize subject=crates/daemon/tests/event_stream.rs::a_large_real_add_emits_bounded_progress_and_root_changes ms=58 left=262
2026-08-28T05:53:26.395858Z  INFO fs3_daemon::runner: done kind="embed" id=54458 left=262
2026-08-28T05:53:26.459757Z  INFO fs3_daemon::runner: progress phase="working" scanned=5002 scan_left=87 summarized=9879 summarize_left=174 embedded=16364 embed_left=1 failed=0
2026-08-28T05:53:26.479695Z  INFO fs3_daemon::runner: batch kind="embed" subject=1 x smart jobs=1 ms=0
2026-08-28T05:53:26.491007Z  INFO fs3_daemon::runner: done kind=summarize subject=crates/daemon/tests/watcher.rs::Stack::drain ms=49 left=262
2026-08-28T05:53:26.493578Z  INFO fs3_daemon::runner: done kind="embed" id=54459 left=261
2026-08-28T05:53:26.524104Z  INFO fs3_daemon::runner: batch kind="embed" subject=1 x smart jobs=1 ms=2
2026-08-28T05:53:26.539225Z  INFO fs3_daemon::runner: done kind="embed" id=54460 left=260
2026-08-28T05:53:26.539339Z  INFO fs3_daemon::runner: done kind=summarize subject=crates/daemon/src/read.rs::tests::a_flat_path_list_folds_into_directories_and_files ms=30 left=260
2026-08-28T05:53:26.567690Z  INFO fs3_daemon::runner: batch kind="embed" subject=1 x smart jobs=1 ms=0
2026-08-28T05:53:26.575560Z  INFO fs3_daemon::runner: done kind="embed" id=54461 left=259
2026-08-28T05:53:26.575692Z  INFO fs3_daemon::runner: done kind=summarize subject=crates/daemon/tests/watcher.rs::Stack::queued_scan_paths ms=22 left=259
2026-08-28T05:53:26.589277Z  INFO fs3_daemon::runner: batch kind="embed" subject=1 x smart jobs=1 ms=0
2026-08-28T05:53:26.596794Z  INFO fs3_daemon::runner: done kind=summarize subject=crates/daemon/src/read.rs::tests::depth_two_descends_one_directory_further ms=15 left=258
2026-08-28T05:53:26.596933Z  INFO fs3_daemon::runner: done kind="embed" id=54462 left=258
2026-08-28T05:53:26.610252Z  INFO fs3_daemon::runner: batch kind="embed" subject=1 x smart jobs=1 ms=0
2026-08-28T05:53:26.620539Z  INFO fs3_daemon::runner: done kind="embed" id=54463 left=258
2026-08-28T05:53:26.622547Z  INFO fs3_daemon::runner: done kind=summarize subject=crates/daemon/tests/watcher.rs::reconcile_until ms=19 left=257
2026-08-28T05:53:26.636736Z  INFO fs3_daemon::runner: batch kind="embed" subject=1 x smart jobs=1 ms=0
2026-08-28T05:53:26.641808Z  INFO fs3_daemon::runner: done kind="embed" id=54464 left=256
2026-08-28T05:53:26.642648Z  INFO fs3_daemon::runner: done kind=summarize subject=crates/daemon/src/read.rs::tests::a_prefixed_listing_names_only_what_is_below_the_prefix ms=11 left=256
2026-08-28T05:53:26.655192Z  INFO fs3_daemon::runner: batch kind="embed" subject=1 x smart jobs=1 ms=0
2026-08-28T05:53:26.662650Z  INFO fs3_daemon::runner: done kind=summarize subject=crates/daemon/tests/watcher.rs::a_file_written_under_a_watched_root_is_scanned_without_being_asked ms=14 left=256
2026-08-28T05:53:26.664253Z  INFO fs3_daemon::runner: done kind="embed" id=54465 left=255
2026-08-28T05:53:26.695821Z  INFO fs3_daemon::runner: batch kind="embed" subject=1 x smart jobs=1 ms=2
2026-08-28T05:53:26.816147Z  INFO fs3_daemon::runner: done kind=summarize subject=crates/daemon/src/read.rs::tests::a_conversation_address_is_the_wrong_shape_for_the_code_path ms=132 left=254
2026-08-28T05:53:26.820106Z  INFO fs3_daemon::runner: done kind="embed" id=54466 left=254
2026-08-28T05:53:26.884230Z  INFO fs3_daemon::runner: batch kind="embed" subject=1 x smart jobs=1 ms=0
2026-08-28T05:53:26.915862Z  INFO fs3_daemon::runner: done kind="embed" id=54467 left=254
2026-08-28T05:53:26.934472Z  INFO fs3_daemon::runner: done kind=summarize subject=crates/daemon/src/read.rs::tests::the_dispatcher_parses_both_address_schemes ms=85 left=253
2026-08-28T05:53:27.004452Z  INFO fs3_daemon::runner: batch kind="embed" subject=1 x smart jobs=1 ms=0
2026-08-28T05:53:27.078316Z  INFO fs3_daemon::runner: done kind=summarize subject=crates/daemon/tests/watcher.rs::a_root_added_after_the_supervisor_exists_starts_being_watched ms=122 left=252
2026-08-28T05:53:27.084644Z  INFO fs3_daemon::runner: done kind="embed" id=54468 left=252
2026-08-28T05:53:27.210246Z  INFO fs3_daemon::runner: batch kind="embed" subject=1 x smart jobs=1 ms=0
2026-08-28T05:53:27.257634Z  INFO fs3_daemon::runner: done kind=summarize subject=crates/daemon/tests/watcher.rs::files_created_inside_a_brand_new_directory_are_indexed_anyway ms=111 left=252
2026-08-28T05:53:27.300091Z  INFO fs3_daemon::runner: done kind="embed" id=54469 left=251
2026-08-28T05:53:27.449349Z  INFO fs3_daemon::runner: batch kind="embed" subject=1 x smart jobs=1 ms=0
2026-08-28T05:53:27.498489Z  INFO fs3_daemon::runner: done kind=summarize subject=crates/daemon/tests/watcher.rs::writes_inside_ignored_directories_never_become_work ms=137 left=250
2026-08-28T05:53:27.508265Z  INFO fs3_daemon::runner: done kind="embed" id=54470 left=250
2026-08-28T05:53:27.635817Z  INFO fs3_daemon::runner: batch kind="embed" subject=1 x smart jobs=1 ms=1
2026-08-28T05:53:27.730663Z  INFO fs3_daemon::runner: done kind="embed" id=54471 left=250
2026-08-28T05:53:27.794300Z  INFO fs3_daemon::runner: done kind=summarize subject=crates/daemon/tests/watcher.rs::an_event_inside_an_ignored_tree_never_enters_the_worktree_map ms=205 left=249
2026-08-28T05:53:27.912790Z  INFO fs3_daemon::runner: batch kind="embed" subject=1 x smart jobs=1 ms=1
2026-08-28T05:53:27.987839Z  INFO fs3_daemon::runner: done kind="embed" id=54472 left=249
2026-08-28T05:53:28.027262Z  INFO fs3_daemon::runner: done kind=summarize subject=docs/plans/007-human-interface/assets/first-light-transcript.md::First light — transcript ms=170 left=248
2026-08-28T05:53:28.123476Z  INFO fs3_daemon::runner: batch kind="embed" subject=1 x smart jobs=1 ms=4
2026-08-28T05:53:28.192914Z  INFO fs3_daemon::runner: done kind="embed" id=54473 left=247
2026-08-28T05:53:28.197059Z  INFO fs3_daemon::runner: done kind=summarize subject=crates/daemon/tests/watcher.rs::a_dirty_directory_whose_content_is_unchanged_enqueues_nothing ms=125 left=247
2026-08-28T05:53:28.250243Z  INFO fs3_daemon::runner: batch kind="embed" subject=1 x smart jobs=1 ms=3
2026-08-28T05:53:28.301341Z  INFO fs3_daemon::runner: done kind=summarize subject=docs/plans/007-human-interface/assets/first-light-transcript.md::First light — transcript::1. A terminal, no flags → HUMAN ms=76 left=246
2026-08-28T05:53:28.301743Z  INFO fs3_daemon::runner: done kind="embed" id=54474 left=246
2026-08-28T05:53:28.472617Z  INFO fs3_daemon::runner: batch kind="embed" subject=1 x smart jobs=1 ms=0
2026-08-28T05:53:28.485504Z  INFO fs3_daemon::runner: done kind="embed" id=54475 left=245
2026-08-28T05:53:28.487907Z  INFO fs3_daemon::runner: done kind=summarize subject=docs/plans/007-human-interface/assets/first-light-transcript.md::First light — transcript::2. A pipe, no flags → JSON, with no flag required ms=112 left=245
2026-08-28T05:53:28.507962Z  INFO fs3_daemon::runner: batch kind="embed" subject=1 x smart jobs=1 ms=4
2026-08-28T05:53:28.512668Z  INFO fs3_daemon::runner: done kind=summarize subject=crates/daemon/tests/watcher.rs::a_file_the_watcher_discovered_is_not_rescanned_on_the_next_event ms=19 left=245
2026-08-28T05:53:28.519212Z  INFO fs3_daemon::runner: done kind="embed" id=54476 left=244
2026-08-28T05:53:28.540295Z  INFO fs3_daemon::runner: batch kind="embed" subject=1 x smart jobs=1 ms=4
2026-08-28T05:53:28.548984Z  INFO fs3_daemon::runner: done kind="embed" id=54477 left=244
2026-08-28T05:53:28.551619Z  INFO fs3_daemon::runner: done kind=summarize subject=docs/plans/007-human-interface/assets/first-light-transcript.md::First light — transcript::3. A terminal with `--json` → JSON ms=19 left=243
2026-08-28T05:53:28.555458Z  INFO fs3_daemon::runner: batch kind="embed" subject=1 x smart jobs=1 ms=0
2026-08-28T05:53:28.559721Z  INFO fs3_daemon::runner: done kind="embed" id=54478 left=243
2026-08-28T05:53:28.562423Z  INFO fs3_daemon::runner: done kind=summarize subject=crates/daemon/tests/watcher.rs::a_file_deleted_from_a_watched_directory_leaves_the_worktree_map ms=10 left=242
2026-08-28T05:53:28.568882Z  INFO fs3_daemon::runner: batch kind="embed" subject=1 x smart jobs=1 ms=0
2026-08-28T05:53:28.577856Z  INFO fs3_daemon::runner: done kind="embed" id=54479 left=242
2026-08-28T05:53:28.579104Z  INFO fs3_daemon::runner: done kind=summarize subject=docs/plans/007-human-interface/assets/first-light-transcript.md::First light — transcript::5. The agent check — risk r2, retired here rather than assumed ms=15 left=241
2026-08-28T05:53:28.587345Z  INFO fs3_daemon::runner: batch kind="embed" subject=1 x smart jobs=1 ms=0
2026-08-28T05:53:28.592021Z  INFO fs3_daemon::runner: done kind="embed" id=54480 left=241
2026-08-28T05:53:28.594631Z  INFO fs3_daemon::runner: done kind=summarize subject=crates/daemon/tests/watcher.rs::a_root_that_vanished_from_disk_does_not_break_the_pass ms=11 left=240
2026-08-28T05:53:28.601439Z  INFO fs3_daemon::runner: batch kind="embed" subject=1 x smart jobs=1 ms=0
2026-08-28T05:53:28.605974Z  INFO fs3_daemon::runner: done kind=summarize subject=docs/plans/007-human-interface/assets/first-light-transcript.md::First light — transcript::6. The byte check ms=9 left=240
2026-08-28T05:53:28.609803Z  INFO fs3_daemon::runner: done kind="embed" id=54481 left=239
2026-08-28T05:53:28.617346Z  INFO fs3_daemon::runner: batch kind="embed" subject=1 x smart jobs=1 ms=0
2026-08-28T05:53:28.621073Z  INFO fs3_daemon::runner: done kind="embed" id=54482 left=239
2026-08-28T05:53:28.623151Z  INFO fs3_daemon::runner: done kind=summarize subject=crates/daemon/tests/watcher.rs::a_file_discovery_refuses_is_not_indexed_just_because_it_changed ms=10 left=238
2026-08-28T05:53:28.632275Z  INFO fs3_daemon::runner: batch kind="embed" subject=1 x smart jobs=1 ms=0
2026-08-28T05:53:28.641359Z  INFO fs3_daemon::runner: done kind="embed" id=54483 left=238
2026-08-28T05:53:28.643203Z  INFO fs3_daemon::runner: done kind=summarize subject=docs/plans/007-human-interface/assets/first-light.md::First light — the runbook for tk-a302 ms=14 left=237
2026-08-28T05:53:28.649319Z  INFO fs3_daemon::runner: batch kind="embed" subject=1 x smart jobs=1 ms=0
2026-08-28T05:53:28.654667Z  INFO fs3_daemon::runner: done kind="embed" id=54484 left=237
2026-08-28T05:53:28.656753Z  INFO fs3_daemon::runner: done kind=summarize subject=docs/plans/007-human-interface/assets/first-light-transcript.md::First light — transcript::Part 2 — the stream, the meter, and the TUI ms=11 left=236
2026-08-28T05:53:28.663282Z  INFO fs3_daemon::runner: batch kind="embed" subject=1 x smart jobs=1 ms=0
2026-08-28T05:53:28.667738Z  INFO fs3_daemon::runner: done kind="embed" id=54485 left=236
2026-08-28T05:53:28.670481Z  INFO fs3_daemon::runner: done kind=summarize subject=docs/plans/007-human-interface/assets/first-light.md::First light — the runbook for tk-a302::Preconditions ms=12 left=235
2026-08-28T05:53:28.688391Z  INFO fs3_daemon::runner: batch kind="embed" subject=1 x smart jobs=1 ms=0
2026-08-28T05:53:28.694539Z  INFO fs3_daemon::runner: done kind="embed" id=54486 left=235
2026-08-28T05:53:28.702185Z  INFO fs3_daemon::runner: done kind=summarize subject=docs/plans/007-human-interface/assets/inputs/README.md::Inputs — what plan 007 was built from, pinned ms=20 left=234
2026-08-28T05:53:28.709234Z  INFO fs3_daemon::runner: batch kind="embed" subject=1 x smart jobs=1 ms=0
2026-08-28T05:53:28.712922Z  INFO fs3_daemon::runner: done kind="embed" id=54487 left=234
2026-08-28T05:53:28.714400Z  INFO fs3_daemon::runner: done kind=summarize subject=docs/plans/007-human-interface/assets/first-light-transcript.md::First light — transcript::Part 2 — the stream, the meter, and the TUI::7. Two concurrent watchers see the same events ms=8 left=233
2026-08-28T05:53:28.729029Z  INFO fs3_daemon::runner: batch kind="embed" subject=1 x smart jobs=1 ms=1
2026-08-28T05:53:28.730215Z  INFO fs3_daemon::runner: done kind=summarize subject=docs/plans/007-human-interface/assets/first-light.md::First light — the runbook for tk-a302::The session, in order ms=8 left=233
2026-08-28T05:53:28.737524Z  INFO fs3_daemon::runner: done kind="embed" id=54488 left=232
2026-08-28T05:53:28.746797Z  INFO fs3_daemon::runner: batch kind="embed" subject=1 x smart jobs=1 ms=0
2026-08-28T05:53:28.751072Z  INFO fs3_daemon::runner: done kind="embed" id=54489 left=232
2026-08-28T05:53:28.752144Z  INFO fs3_daemon::runner: done kind=summarize subject=docs/plans/007-human-interface/assets/inputs/README.md::Inputs — what plan 007 was built from, pinned::Copied in (the source is gitignored — the ref would not resolve for a coder) ms=9 left=231
2026-08-28T05:53:28.756260Z  INFO fs3_daemon::runner: batch kind="embed" subject=1 x smart jobs=1 ms=0
2026-08-28T05:53:28.759760Z  INFO fs3_daemon::runner: done kind="embed" id=54490 left=231
2026-08-28T05:53:28.762547Z  INFO fs3_daemon::runner: done kind=summarize subject=docs/plans/007-human-interface/assets/first-light-transcript.md::First light — transcript::Part 2 — the stream, the meter, and the TUI::8. The stream is NDJSON, line by line, and it stops politely ms=9 left=230
2026-08-28T05:53:28.770093Z  INFO fs3_daemon::runner: batch kind="embed" subject=1 x smart jobs=1 ms=0
2026-08-28T05:53:28.778248Z  INFO fs3_daemon::runner: done kind=summarize subject=docs/plans/007-human-interface/assets/first-light.md::First light — the runbook for tk-a302::What would make this run a failure rather than a demo ms=14 left=229
2026-08-28T05:53:28.779873Z  INFO fs3_daemon::runner: done kind="embed" id=54491 left=229
2026-08-28T05:53:28.807995Z  INFO fs3_daemon::runner: batch kind="embed" subject=1 x smart jobs=1 ms=1
2026-08-28T05:53:28.813496Z  INFO fs3_daemon::runner: done kind=summarize subject=docs/plans/007-human-interface/assets/inputs/tui-poc-VERDICT.md::tui-poc verdict — ratatui mock of a `flowspace3 tui` verb ms=17 left=228
2026-08-28T05:53:28.813797Z  INFO fs3_daemon::runner: done kind="embed" id=54492 left=228
2026-08-28T05:53:28.838017Z  INFO fs3_daemon::runner: batch kind="embed" subject=1 x smart jobs=1 ms=1
2026-08-28T05:53:28.842244Z  INFO fs3_daemon::runner: done kind="embed" id=54493 left=228
2026-08-28T05:53:28.848327Z  INFO fs3_daemon::runner: done kind=summarize subject=docs/plans/007-human-interface/assets/first-light-transcript.md::First light — transcript::Part 2 — the stream, the meter, and the TUI::9. `scan_progress` fires on the ruled cadence ms=21 left=227
2026-08-28T05:53:28.876743Z  INFO fs3_daemon::runner: batch kind="embed" subject=1 x smart jobs=1 ms=4
2026-08-28T05:53:28.880687Z  INFO fs3_daemon::runner: done kind=summarize subject=docs/plans/007-human-interface/assets/inputs/README.md::Inputs — what plan 007 was built from, pinned::Pointed at (in this tree, so pinned rather than copied) ms=30 left=227
2026-08-28T05:53:28.883280Z  INFO fs3_daemon::runner: done kind="embed" id=54494 left=226
2026-08-28T05:53:28.897630Z  INFO fs3_daemon::runner: batch kind="embed" subject=1 x smart jobs=1 ms=0
2026-08-28T05:53:28.902849Z  INFO fs3_daemon::runner: done kind="embed" id=54495 left=226
2026-08-28T05:53:28.904016Z  INFO fs3_daemon::runner: done kind=summarize subject=docs/plans/007-human-interface/assets/inputs/README.md::Inputs — what plan 007 was built from, pinned::What the POC already proved, so u-r cites rather than re-derives ms=13 left=225
2026-08-28T05:53:28.910221Z  INFO fs3_daemon::runner: batch kind="embed" subject=1 x smart jobs=1 ms=0
2026-08-28T05:53:28.914901Z  INFO fs3_daemon::runner: done kind="embed" id=54496 left=225
2026-08-28T05:53:28.917790Z  INFO fs3_daemon::runner: done kind=summarize subject=docs/plans/007-human-interface/assets/first-light-transcript.md::First light — transcript::Part 2 — the stream, the meter, and the TUI::10. `add` at a terminal shows a human answer, and the queue it created ms=10 left=224
2026-08-28T05:53:28.922707Z  INFO fs3_daemon::runner: batch kind="embed" subject=1 x smart jobs=1 ms=0
2026-08-28T05:53:28.924689Z  INFO fs3_daemon::runner: done kind=summarize subject=docs/plans/007-human-interface/assets/inputs/tui-poc-VERDICT.md::tui-poc verdict — ratatui mock of a `flowspace3 tui` verb::How to run it ms=5 left=224
2026-08-28T05:53:28.929068Z  INFO fs3_daemon::runner: done kind="embed" id=54497 left=223
2026-08-28T05:53:28.938854Z  INFO fs3_daemon::runner: batch kind="embed" subject=1 x smart jobs=1 ms=0
2026-08-28T05:53:28.946735Z  INFO fs3_daemon::runner: done kind="embed" id=54498 left=223
2026-08-28T05:53:28.949638Z  INFO fs3_daemon::runner: done kind=summarize subject=docs/plans/007-human-interface/assets/inputs/tui-poc-VERDICT.md::tui-poc verdict — ratatui mock of a `flowspace3 tui` verb::Effort spent ms=16 left=222
2026-08-28T05:53:28.955455Z  INFO fs3_daemon::runner: batch kind="embed" subject=1 x smart jobs=1 ms=2
2026-08-28T05:53:28.963735Z  INFO fs3_daemon::runner: done kind="embed" id=54499 left=222
2026-08-28T05:53:28.967703Z  INFO fs3_daemon::runner: done kind=summarize subject=docs/plans/007-human-interface/assets/first-light-transcript.md::First light — transcript::Part 2 — the stream, the meter, and the TUI::11. The TUI, live, during a real scan ms=17 left=221
2026-08-28T05:53:28.991751Z  INFO fs3_daemon::runner: batch kind="embed" subject=1 x smart jobs=1 ms=1
2026-08-28T05:53:29.009812Z  INFO fs3_daemon::runner: done kind="embed" id=54500 left=220
2026-08-28T05:53:29.010008Z  INFO fs3_daemon::runner: done kind=summarize subject=docs/plans/007-human-interface/assets/reviews/review-007.dd.md::Cross-model review — 007-human-interface ms=29 left=220
2026-08-28T05:53:29.033505Z  INFO fs3_daemon::runner: batch kind="embed" subject=1 x smart jobs=1 ms=0
2026-08-28T05:53:29.039877Z  INFO fs3_daemon::runner: done kind="embed" id=54501 left=220
2026-08-28T05:53:29.051238Z  INFO fs3_daemon::runner: done kind=summarize subject=docs/plans/007-human-interface/assets/first-light-transcript.md::First light — transcript::Part 2 — the stream, the meter, and the TUI::12. The TUI when the daemon goes away ms=24 left=219
2026-08-28T05:53:29.057665Z  INFO fs3_daemon::runner: batch kind="embed" subject=1 x smart jobs=1 ms=1
2026-08-28T05:53:29.067240Z  INFO fs3_daemon::runner: done kind="embed" id=54502 left=218
2026-08-28T05:53:29.067368Z  INFO fs3_daemon::runner: done kind=summarize subject=docs/plans/007-human-interface/assets/inputs/tui-poc-VERDICT.md::tui-poc verdict — ratatui mock of a `flowspace3 tui` verb::What was easy in ratatui ms=16 left=218
2026-08-28T05:53:29.091871Z  INFO fs3_daemon::runner: batch kind="embed" subject=1 x smart jobs=1 ms=1
2026-08-28T05:53:29.101622Z  INFO fs3_daemon::runner: done kind="embed" id=54503 left=218
2026-08-28T05:53:29.105665Z  INFO fs3_daemon::runner: done kind=summarize subject=docs/plans/007-human-interface/assets/reviews/review-007.dd.md::Cross-model review — 007-human-interface::Meta ms=21 left=217
2026-08-28T05:53:29.131169Z  INFO fs3_daemon::runner: batch kind="embed" subject=1 x smart jobs=1 ms=0
2026-08-28T05:53:29.143585Z  INFO fs3_daemon::runner: done kind="embed" id=54504 left=217
2026-08-28T05:53:29.149300Z  INFO fs3_daemon::runner: done kind=summarize subject=docs/plans/007-human-interface/assets/inputs/tui-poc-VERDICT.md::tui-poc verdict — ratatui mock of a `flowspace3 tui` verb::What was painful ms=34 left=216
2026-08-28T05:53:29.154011Z  INFO fs3_daemon::runner: batch kind="embed" subject=1 x smart jobs=1 ms=0
2026-08-28T05:53:29.157116Z  INFO fs3_daemon::runner: done kind="embed" id=54505 left=216
2026-08-28T05:53:29.158309Z  INFO fs3_daemon::runner: done kind=summarize subject=docs/plans/007-human-interface/assets/reviews/review-007.dd.md::Cross-model review — 007-human-interface::Findings ms=9 left=215
2026-08-28T05:53:29.162019Z  INFO fs3_daemon::runner: batch kind="embed" subject=1 x smart jobs=1 ms=0
2026-08-28T05:53:29.171941Z  INFO fs3_daemon::runner: done kind="embed" id=54506 left=215
2026-08-28T05:53:29.179257Z  INFO fs3_daemon::runner: done kind=summarize subject=docs/plans/007-human-interface/assets/run/pm-ack.md::PM ack — plan 007-human-interface (pij-team run #3) ms=19 left=214
2026-08-28T05:53:29.187012Z  INFO fs3_daemon::runner: batch kind="embed" subject=1 x smart jobs=1 ms=0
2026-08-28T05:53:29.190303Z  INFO fs3_daemon::runner: done kind=summarize subject=docs/plans/007-human-interface/assets/inputs/tui-poc-VERDICT.md::tui-poc verdict — ratatui mock of a `flowspace3 tui` verb::What a web split would do better / worse ms=8 left=214
2026-08-28T05:53:29.195148Z  INFO fs3_daemon::runner: done kind="embed" id=54507 left=213
2026-08-28T05:53:29.232523Z  INFO fs3_daemon::runner: batch kind="embed" subject=1 x smart jobs=1 ms=0
2026-08-28T05:53:29.270501Z  INFO fs3_daemon::runner: done kind="embed" id=54508 left=213
2026-08-28T05:53:29.274187Z  INFO fs3_daemon::runner: done kind=summarize subject=docs/plans/007-human-interface/assets/run/pm-ack.md::PM ack — plan 007-human-interface (pij-team run #3)::What I read ms=75 left=212
2026-08-28T05:53:29.282594Z  INFO fs3_daemon::runner: batch kind="embed" subject=1 x smart jobs=1 ms=0
2026-08-28T05:53:29.292712Z  INFO fs3_daemon::runner: done kind="embed" id=54509 left=212
2026-08-28T05:53:29.295773Z  INFO fs3_daemon::runner: done kind=summarize subject=docs/plans/007-human-interface/assets/reviews/review-007.dd.md::Cross-model review — 007-human-interface::Verdict ms=18 left=211
2026-08-28T05:53:29.306219Z  INFO fs3_daemon::runner: batch kind="embed" subject=1 x smart jobs=1 ms=0
2026-08-28T05:53:29.319432Z  INFO fs3_daemon::runner: done kind=summarize subject=docs/plans/007-human-interface/assets/inputs/tui-poc-VERDICT.md::tui-poc verdict — ratatui mock of a `flowspace3 tui` verb::Recommendation ms=20 left=210
2026-08-28T05:53:29.319506Z  INFO fs3_daemon::runner: done kind="embed" id=54510 left=210
2026-08-28T05:53:29.344029Z  INFO fs3_daemon::runner: batch kind="embed" subject=1 x smart jobs=1 ms=0
2026-08-28T05:53:29.373658Z  INFO fs3_daemon::runner: done kind="embed" id=54511 left=210
2026-08-28T05:53:29.379041Z  INFO fs3_daemon::runner: done kind=summarize subject=docs/plans/007-human-interface/assets/run/pm-ack.md::PM ack — plan 007-human-interface (pij-team run #3)::Numbered plan ms=41 left=209
2026-08-28T05:53:29.475366Z  INFO fs3_daemon::runner: batch kind="embed" subject=1 x smart jobs=1 ms=3
2026-08-28T05:53:29.489068Z  INFO fs3_daemon::runner: done kind="embed" id=54512 left=208
2026-08-28T05:53:29.489912Z  INFO fs3_daemon::runner: done kind=summarize subject=docs/plans/007-human-interface/assets/run/pm-ack.md::PM ack — plan 007-human-interface (pij-team run #3)::Asks — rule by letter ms=55 left=208
2026-08-28T05:53:29.510791Z  INFO fs3_daemon::runner: batch kind="embed" subject=1 x smart jobs=1 ms=1
2026-08-28T05:53:29.519573Z  INFO fs3_daemon::runner: done kind="embed" id=54513 left=207
2026-08-28T05:53:29.526415Z  INFO fs3_daemon::runner: done kind=scan_file subject=docs/plans/006-worktree-diff/assets/probes/out/run-20260828T054918Z/p2a-deltas.txt ms=28 left=207
2026-08-28T05:53:29.532768Z  INFO fs3_daemon::runner: done kind=summarize subject=docs/plans/007-human-interface/assets/run/process-feedback.md::Process feedback — pij-team run #3 (plan 007), written as it happened ms=9 left=207
2026-08-28T05:53:29.537925Z  INFO fs3_daemon::runner: batch kind="embed" subject=1 x raw jobs=1 ms=10
2026-08-28T05:53:29.541462Z  INFO fs3_daemon::runner: done kind="embed" id=54514 left=206
2026-08-28T05:53:29.552357Z  INFO fs3_daemon::runner: batch kind="embed" subject=1 x smart jobs=1 ms=0
2026-08-28T05:53:29.569718Z  INFO fs3_daemon::runner: done kind="embed" id=54515 left=205
2026-08-28T05:53:29.577732Z  INFO fs3_daemon::runner: done kind=scan_file subject=docs/plans/006-worktree-diff/assets/probes/out/run-20260828T054918Z/p2a-jobs.txt ms=30 left=205
2026-08-28T05:53:29.722706Z  INFO fs3_daemon::runner: batch kind="embed" subject=1 x raw jobs=1 ms=142
2026-08-28T05:53:29.735240Z  INFO fs3_daemon::runner: done kind=summarize subject=docs/plans/007-human-interface/assets/run/process-feedback.md::Process feedback — pij-team run #3 (plan 007), written as it happened::What the templates got RIGHT, and should not be touched ms=158 left=205
2026-08-28T05:53:29.742294Z  INFO fs3_daemon::runner: done kind="embed" id=54516 left=204
2026-08-28T05:53:29.757614Z  INFO fs3_daemon::runner: batch kind="embed" subject=1 x smart jobs=1 ms=0
2026-08-28T05:53:29.764570Z  INFO fs3_daemon::runner: done kind="embed" id=54517 left=204
2026-08-28T05:53:29.770452Z  INFO fs3_daemon::runner: done kind=scan_file subject=docs/plans/006-worktree-diff/assets/probes/out/run-20260828T054918Z/p2a-paid.txt ms=19 left=203
2026-08-28T05:53:29.799855Z  INFO fs3_daemon::runner: done kind=summarize subject=docs/plans/007-human-interface/assets/run/process-feedback.md::Process feedback — pij-team run #3 (plan 007), written as it happened::What was MISSING and cost time ms=24 left=203
2026-08-28T05:53:29.803505Z  INFO fs3_daemon::runner: batch kind="embed" subject=1 x raw jobs=1 ms=16
2026-08-28T05:53:29.806785Z  INFO fs3_daemon::runner: done kind="embed" id=54518 left=202
2026-08-28T05:53:29.833204Z  INFO fs3_daemon::runner: batch kind="embed" subject=1 x smart jobs=1 ms=0
2026-08-28T05:53:29.842825Z  INFO fs3_daemon::runner: done kind=scan_file subject=docs/plans/006-worktree-diff/assets/probes/out/run-20260828T054918Z/p2b-edited-files.txt ms=31 left=202
2026-08-28T05:53:29.847065Z  INFO fs3_daemon::runner: done kind="embed" id=54519 left=201
2026-08-28T05:53:29.926661Z  INFO fs3_daemon::runner: batch kind="embed" subject=1 x raw jobs=1 ms=0
2026-08-28T05:53:29.938729Z  INFO fs3_daemon::runner: done kind=summarize subject=docs/plans/007-human-interface/assets/run/process-feedback.md::Process feedback — pij-team run #3 (plan 007), written as it happened::Frictions captured this run (`harness observe`, buffer NOT cleared) ms=68 left=201
2026-08-28T05:53:29.941679Z  INFO fs3_daemon::runner: done kind="embed" id=54520 left=200
2026-08-28T05:53:29.950426Z  INFO fs3_daemon::runner: batch kind="embed" subject=1 x smart jobs=1 ms=0
2026-08-28T05:53:29.955438Z  INFO fs3_daemon::runner: done kind="embed" id=54521 left=199
2026-08-28T05:53:29.962224Z  INFO fs3_daemon::runner: done kind=scan_file subject=docs/plans/006-worktree-diff/assets/probes/out/run-20260828T054918Z/p3-version-file.txt ms=16 left=199
2026-08-28T05:53:29.963846Z  INFO fs3_daemon::runner: batch kind="embed" subject=1 x raw jobs=1 ms=1
2026-08-28T05:53:29.970308Z  INFO fs3_daemon::runner: done kind="embed" id=54522 left=199
2026-08-28T05:53:29.972296Z  INFO fs3_daemon::runner: done kind=summarize subject=docs/plans/007-human-interface/assets/run/process-feedback.md::Process feedback — pij-team run #3 (plan 007), written as it happened::Decisions worth stealing for the next run ms=12 left=198
2026-08-28T05:53:29.988842Z  INFO fs3_daemon::runner: batch kind="embed" subject=1 x smart jobs=1 ms=0
2026-08-28T05:53:29.995020Z  INFO fs3_daemon::runner: done kind="embed" id=54523 left=198
2026-08-28T05:53:29.996420Z  INFO fs3_daemon::runner: done kind=summarize subject=docs/plans/007-human-interface/assets/run/process-feedback.md::Part 2 — what the rest of the run taught, written at close-out ms=16 left=197
2026-08-28T05:53:30.008179Z  INFO fs3_daemon::runner: batch kind="embed" subject=1 x smart jobs=1 ms=1
2026-08-28T05:53:30.020598Z  INFO fs3_daemon::runner: done kind=summarize subject=docs/plans/007-human-interface/assets/tasks/phase-1/tasks.dd.md::Phase 1: Output-mode contract + seams ms=18 left=197
2026-08-28T05:53:30.021109Z  INFO fs3_daemon::runner: done kind="embed" id=54524 left=196
2026-08-28T05:53:30.035969Z  INFO fs3_daemon::runner: batch kind="embed" subject=1 x smart jobs=1 ms=0
2026-08-28T05:53:30.043931Z  INFO fs3_daemon::runner: done kind="embed" id=54525 left=196
2026-08-28T05:53:30.048022Z  INFO fs3_daemon::runner: done kind=summarize subject=docs/plans/007-human-interface/assets/run/process-feedback.md::Part 2 — what the rest of the run taught, written at close-out::The three template changes I would make tomorrow ms=20 left=195
2026-08-28T05:53:30.152276Z  INFO fs3_daemon::runner: batch kind="embed" subject=1 x smart jobs=1 ms=0
2026-08-28T05:53:30.168510Z  INFO fs3_daemon::runner: done kind="embed" id=54526 left=194
2026-08-28T05:53:30.168632Z  INFO fs3_daemon::runner: done kind=summarize subject=docs/plans/007-human-interface/assets/tasks/phase-1/tasks.dd.md::Phase 1: Output-mode contract + seams::Meta ms=89 left=194
2026-08-28T05:53:30.182931Z  INFO fs3_daemon::runner: batch kind="embed" subject=1 x smart jobs=1 ms=1
2026-08-28T05:53:30.186627Z  INFO fs3_daemon::runner: done kind="embed" id=54527 left=194
2026-08-28T05:53:30.190538Z  INFO fs3_daemon::runner: done kind=summarize subject=docs/plans/007-human-interface/assets/run/process-feedback.md::Part 2 — what the rest of the run taught, written at close-out::The two rules this run produced, both learned the hard way ms=15 left=193
2026-08-28T05:53:30.247616Z  INFO fs3_daemon::runner: batch kind="embed" subject=1 x smart jobs=1 ms=0
2026-08-28T05:53:30.266111Z  INFO fs3_daemon::runner: done kind=summarize subject=docs/plans/007-human-interface/assets/tasks/phase-1/tasks.dd.md::Phase 1: Output-mode contract + seams::Tasks ms=73 left=193
2026-08-28T05:53:30.287902Z  INFO fs3_daemon::runner: done kind="embed" id=54528 left=192
2026-08-28T05:53:30.337656Z  INFO fs3_daemon::runner: batch kind="embed" subject=1 x smart jobs=1 ms=1
2026-08-28T05:53:30.352803Z  INFO fs3_daemon::runner: done kind="embed" id=54529 left=192
2026-08-28T05:53:30.356243Z  INFO fs3_daemon::runner: done kind=summarize subject=docs/plans/007-human-interface/assets/run/process-feedback.md::Part 2 — what the rest of the run taught, written at close-out::What the cross-model review was worth ms=52 left=191
2026-08-28T05:53:30.359994Z  INFO fs3_daemon::runner: batch kind="embed" subject=1 x smart jobs=1 ms=0
2026-08-28T05:53:30.372268Z  INFO fs3_daemon::runner: done kind="embed" id=54530 left=191
2026-08-28T05:53:30.374112Z  INFO fs3_daemon::runner: done kind=summarize subject=docs/plans/007-human-interface/assets/tasks/phase-2/tasks.dd.md::Phase 2: Three parallel units ms=16 left=190
2026-08-28T05:53:30.413867Z  INFO fs3_daemon::runner: batch kind="embed" subject=1 x smart jobs=1 ms=16
2026-08-28T05:53:30.414033Z  INFO fs3_daemon::runner: done kind=summarize subject=docs/plans/007-human-interface/assets/run/process-feedback.md::Part 2 — what the rest of the run taught, written at close-out::Hazards this run hit that the tenets do not yet name ms=39 left=190
2026-08-28T05:53:30.418048Z  INFO fs3_daemon::runner: done kind="embed" id=54531 left=189
2026-08-28T05:53:30.429636Z  INFO fs3_daemon::runner: batch kind="embed" subject=1 x smart jobs=1 ms=0
2026-08-28T05:53:30.437555Z  INFO fs3_daemon::runner: done kind="embed" id=54532 left=189
2026-08-28T05:53:30.438552Z  INFO fs3_daemon::runner: done kind=summarize subject=docs/plans/007-human-interface/assets/tasks/phase-3/tasks.dd.md::Phase 3: Composition + first light ms=14 left=188
2026-08-28T05:53:30.457048Z  INFO fs3_daemon::runner: batch kind="embed" subject=1 x smart jobs=1 ms=3
2026-08-28T05:53:30.458284Z  INFO fs3_daemon::runner: done kind=summarize subject=docs/plans/007-human-interface/assets/tasks/phase-2/tasks.dd.md::Phase 2: Three parallel units::Meta ms=16 left=188
2026-08-28T05:53:30.460033Z  INFO fs3_daemon::runner: done kind="embed" id=54533 left=187
2026-08-28T05:53:30.473764Z  INFO fs3_daemon::runner: batch kind="embed" subject=1 x smart jobs=1 ms=0
2026-08-28T05:53:30.480963Z  INFO fs3_daemon::runner: done kind="embed" id=54534 left=187
2026-08-28T05:53:30.608255Z  INFO fs3_daemon::runner: done kind=summarize subject=docs/plans/007-human-interface/assets/run/process-feedback.md::Part 2 — what the rest of the run taught, written at close-out::What the architecture actually bought, measured ms=142 left=186
2026-08-28T05:53:30.618659Z  INFO fs3_daemon::runner: batch kind="embed" subject=1 x smart jobs=1 ms=0
2026-08-28T05:53:30.622928Z  INFO fs3_daemon::runner: done kind=summarize subject=docs/plans/007-human-interface/assets/tasks/phase-3/tasks.dd.md::Phase 3: Composition + first light::Meta ms=15 left=185
2026-08-28T05:53:30.623056Z  INFO fs3_daemon::runner: done kind="embed" id=54535 left=185
2026-08-28T05:53:30.632631Z  INFO fs3_daemon::runner: batch kind="embed" subject=1 x smart jobs=1 ms=0
2026-08-28T05:53:30.634928Z  INFO fs3_daemon::runner: done kind="embed" id=54536 left=185
2026-08-28T05:53:30.661677Z  INFO fs3_daemon::runner: done kind=summarize subject=docs/plans/007-human-interface/assets/tasks/phase-2/tasks.dd.md::Phase 2: Three parallel units::Tasks ms=32 left=184
2026-08-28T05:53:30.669648Z  INFO fs3_daemon::runner: batch kind="embed" subject=1 x smart jobs=1 ms=0
2026-08-28T05:53:30.675991Z  INFO fs3_daemon::runner: done kind="embed" id=54537 left=184
2026-08-28T05:53:30.677713Z  INFO fs3_daemon::runner: done kind=summarize subject=docs/plans/007-human-interface/assets/tasks/phase-3/tasks.dd.md::Phase 3: Composition + first light::Tasks ms=14 left=183
2026-08-28T05:53:30.684532Z  INFO fs3_daemon::runner: batch kind="embed" subject=1 x smart jobs=1 ms=0
2026-08-28T05:53:30.688663Z  INFO fs3_daemon::runner: done kind="embed" id=54538 left=183
2026-08-28T05:53:30.690778Z  INFO fs3_daemon::runner: done kind=summarize subject=docs/plans/007-human-interface/impl-guide.dd.md::Implementation guide — human-interface ms=11 left=182
2026-08-28T05:53:30.694361Z  INFO fs3_daemon::runner: batch kind="embed" subject=1 x smart jobs=1 ms=0
2026-08-28T05:53:30.699800Z  INFO fs3_daemon::runner: done kind="embed" id=54539 left=182
2026-08-28T05:53:30.702405Z  INFO fs3_daemon::runner: done kind=summarize subject=docs/plans/007-human-interface/impl-guide.dd.md::Implementation guide — human-interface::Meta ms=10 left=181
2026-08-28T05:53:30.716225Z  INFO fs3_daemon::runner: batch kind="embed" subject=1 x smart jobs=1 ms=0
2026-08-28T05:53:30.722289Z  INFO fs3_daemon::runner: done kind="embed" id=54540 left=181
2026-08-28T05:53:30.724799Z  INFO fs3_daemon::runner: done kind=summarize subject=docs/plans/007-human-interface/impl-guide.dd.md::Implementation guide — human-interface::Architecture ms=16 left=180
2026-08-28T05:53:30.733156Z  INFO fs3_daemon::runner: batch kind="embed" subject=1 x smart jobs=1 ms=0
2026-08-28T05:53:30.743181Z  INFO fs3_daemon::runner: done kind="embed" id=54541 left=180
2026-08-28T05:53:30.749323Z  INFO fs3_daemon::runner: done kind=summarize subject=docs/plans/007-human-interface/impl-guide.dd.md::Implementation guide — human-interface::Units ms=23 left=179
2026-08-28T05:53:30.753008Z  INFO fs3_daemon::runner: batch kind="embed" subject=1 x smart jobs=1 ms=0
2026-08-28T05:53:30.756366Z  INFO fs3_daemon::runner: done kind="embed" id=54542 left=178
2026-08-28T05:53:30.766394Z  INFO fs3_daemon::runner: done kind=summarize subject=docs/plans/007-human-interface/packet-coder-u-r.dd.md::Coder packet — u-r renderer promotion (007-human-interface) ms=6 left=178
2026-08-28T05:53:30.769395Z  INFO fs3_daemon::runner: batch kind="embed" subject=1 x smart jobs=1 ms=0
2026-08-28T05:53:30.771626Z  INFO fs3_daemon::runner: done kind="embed" id=54543 left=178
2026-08-28T05:53:30.772908Z  INFO fs3_daemon::runner: done kind=summarize subject=docs/plans/007-human-interface/impl-guide.dd.md::Implementation guide — human-interface::Composition ms=8 left=177
2026-08-28T05:53:30.777871Z  INFO fs3_daemon::runner: batch kind="embed" subject=1 x smart jobs=1 ms=0
2026-08-28T05:53:30.779945Z  INFO fs3_daemon::runner: done kind="embed" id=54544 left=177
2026-08-28T05:53:30.780927Z  INFO fs3_daemon::runner: done kind=summarize subject=docs/plans/007-human-interface/packet-coder-u-r.dd.md::Coder packet — u-r renderer promotion (007-human-interface)::Meta ms=5 left=176
2026-08-28T05:53:30.801329Z  INFO fs3_daemon::runner: batch kind="embed" subject=1 x smart jobs=1 ms=1
2026-08-28T05:53:30.805612Z  INFO fs3_daemon::runner: done kind="embed" id=54545 left=178
2026-08-28T05:53:30.816561Z  INFO fs3_daemon::runner: batch kind="embed" subject=1 x smart jobs=1 ms=0
2026-08-28T05:53:30.816692Z  INFO fs3_daemon::runner: done kind=summarize subject=docs/plans/007-human-interface/impl-guide.dd.md::Implementation guide — human-interface::Review ms=9 left=182
2026-08-28T05:53:30.819559Z  INFO fs3_daemon::runner: done kind="embed" id=54551 left=184
2026-08-28T05:53:30.820513Z  INFO fs3_daemon::runner: done kind=summarize subject=docs/plans/007-human-interface/packet-coder-u-r.dd.md::Coder packet — u-r renderer promotion (007-human-interface)::Instructions ms=8 left=184
2026-08-28T05:53:30.838783Z  INFO fs3_daemon::runner: batch kind="embed" subject=1 x smart jobs=1 ms=7
2026-08-28T05:53:30.838943Z  INFO fs3_daemon::runner: batch kind="embed" subject=16 x raw jobs=1 ms=8
2026-08-28T05:53:30.842590Z  INFO fs3_daemon::runner: done kind="embed" id=54556 left=189
2026-08-28T05:53:30.846203Z  INFO fs3_daemon::runner: done kind="embed" id=54554 left=190
2026-08-28T05:53:30.961263Z  INFO fs3_daemon::runner: done kind=summarize subject=docs/plans/007-human-interface/impl-guide.dd.md::Implementation guide — human-interface::Risks ms=112 left=200
2026-08-28T05:53:30.961861Z  INFO fs3_daemon::runner: batch kind="embed" subject=1 x smart jobs=1 ms=1
2026-08-28T05:53:30.962003Z  INFO fs3_daemon::runner: batch kind="embed" subject=16 x raw jobs=1 ms=1
2026-08-28T05:53:30.990179Z  INFO fs3_daemon::runner: done kind="embed" id=54572 left=204
2026-08-28T05:53:31.014272Z  INFO fs3_daemon::runner: done kind="embed" id=54571 left=207
2026-08-28T05:53:31.015355Z  INFO fs3_daemon::runner: done kind=scan_file subject=crates/cli/src/client.rs ms=264 left=208
2026-08-28T05:53:31.025188Z  INFO fs3_daemon::runner: done kind=scan_file subject=crates/cli/src/conversation.rs ms=242 left=214
2026-08-28T05:53:31.026417Z  INFO fs3_daemon::runner: done kind=summarize subject=docs/plans/007-human-interface/packet-coder-u-t.dd.md::Coder packet — u-t the tui verb (007-human-interface) ms=8 left=215
2026-08-28T05:53:31.029468Z  INFO fs3_daemon::runner: done kind=scan_file subject=crates/cli/src/docs.rs ms=203 left=214
2026-08-28T05:53:31.037407Z  INFO fs3_daemon::runner: batch kind="embed" subject=18 x raw jobs=2 ms=15
2026-08-28T05:53:31.043279Z  INFO fs3_daemon::runner: done kind="embed" id=54584 left=216
2026-08-28T05:53:31.048775Z  INFO fs3_daemon::runner: done kind="embed" id=54577 left=216
2026-08-28T05:53:31.062862Z  INFO fs3_daemon::runner: batch kind="embed" subject=1 x smart jobs=1 ms=0
2026-08-28T05:53:31.075403Z  INFO fs3_daemon::runner: done kind=scan_file subject=crates/cli/src/lib.rs ms=20 left=220
2026-08-28T05:53:31.081958Z  INFO fs3_daemon::runner: batch kind="embed" subject=15 x raw jobs=2 ms=19
2026-08-28T05:53:31.086915Z  INFO fs3_daemon::runner: done kind="embed" id=54591 left=221
2026-08-28T05:53:31.098309Z  INFO fs3_daemon::runner: done kind="embed" id=54596 left=221
2026-08-28T05:53:31.130939Z  INFO fs3_daemon::runner: done kind="embed" id=54594 left=221
2026-08-28T05:53:31.308290Z  INFO fs3_daemon::runner: done kind=summarize subject=docs/plans/007-human-interface/packet-coder-u-r.dd.md::Coder packet — u-r renderer promotion (007-human-interface)::Scope ms=116 left=225
2026-08-28T05:53:31.329429Z  INFO fs3_daemon::runner: batch kind="embed" subject=25 x raw jobs=2 ms=56
2026-08-28T05:53:31.441412Z  INFO fs3_daemon::runner: done kind="embed" id=54602 left=226
2026-08-28T05:53:31.512626Z  INFO fs3_daemon::runner: done kind="embed" id=54604 left=225
2026-08-28T05:53:31.644777Z  INFO fs3_daemon::runner: progress phase="working" scanned=5011 scan_left=78 summarized=9965 summarize_left=148 embedded=16463 embed_left=1 failed=0
2026-08-28T05:53:31.694335Z  INFO fs3_daemon::runner: batch kind="embed" subject=1 x smart jobs=1 ms=1
2026-08-28T05:53:31.716401Z  INFO fs3_daemon::runner: done kind=summarize subject=docs/plans/007-human-interface/packet-coder-u-w.dd.md::Coder packet — u-w daemon event stream (007-human-interface) ms=99 left=229
2026-08-28T05:53:31.745291Z  INFO fs3_daemon::runner: done kind="embed" id=54613 left=228
2026-08-28T05:53:31.860622Z  INFO fs3_daemon::runner: batch kind="embed" subject=16 x raw jobs=1 ms=1
2026-08-28T05:53:31.866393Z  INFO fs3_daemon::runner: batch kind="embed" subject=1 x smart jobs=1 ms=6
2026-08-28T05:53:31.954823Z  INFO fs3_daemon::runner: done kind=summarize subject=docs/plans/007-human-interface/packet-coder-u-t.dd.md::Coder packet — u-t the tui verb (007-human-interface)::Meta ms=140 left=230
2026-08-28T05:53:31.960240Z  INFO fs3_daemon::runner: done kind="embed" id=54619 left=230
2026-08-28T05:53:32.053754Z  INFO fs3_daemon::runner: done kind="embed" id=54620 left=230
2026-08-28T05:53:32.208985Z  INFO fs3_daemon::runner: batch kind="embed" subject=1 x smart jobs=1 ms=1
2026-08-28T05:53:32.212823Z  INFO fs3_daemon::runner: done kind=summarize subject=docs/plans/007-human-interface/packet-coder-u-r.dd.md::Coder packet — u-r renderer promotion (007-human-interface)::Done bar ms=87 left=233
2026-08-28T05:53:32.217634Z  INFO fs3_daemon::runner: done kind="embed" id=54624 left=233
2026-08-28T05:53:32.270733Z  INFO fs3_daemon::runner: batch kind="embed" subject=1 x smart jobs=1 ms=5
2026-08-28T05:53:32.279957Z  INFO fs3_daemon::runner: done kind=scan_file subject=crates/cli/src/doctor.rs ms=1425 left=234
2026-08-28T05:53:32.288647Z  INFO fs3_daemon::runner: done kind="embed" id=54629 left=233
2026-08-28T05:53:32.320999Z  INFO fs3_daemon::runner: done kind=summarize subject=docs/plans/007-human-interface/packet-coder-u-w.dd.md::Coder packet — u-w daemon event stream (007-human-interface)::Meta ms=23 left=236
2026-08-28T05:53:32.334712Z  INFO fs3_daemon::runner: batch kind="embed" subject=14 x raw jobs=1 ms=20
2026-08-28T05:53:32.343610Z  INFO fs3_daemon::runner: done kind="embed" id=54633 left=236
2026-08-28T05:53:32.365166Z  INFO fs3_daemon::runner: batch kind="embed" subject=1 x smart jobs=1 ms=2
2026-08-28T05:53:32.373513Z  INFO fs3_daemon::runner: done kind="embed" id=54635 left=239
2026-08-28T05:53:32.374683Z  INFO fs3_daemon::runner: done kind=summarize subject=docs/plans/006-worktree-diff/packet-coder.dd.md::Coder packet — <unit name> (<plan slug>) ms=18 left=239
2026-08-28T05:53:32.381663Z  INFO fs3_daemon::runner: batch kind="embed" subject=1 x smart jobs=1 ms=0
2026-08-28T05:53:32.382164Z  INFO fs3_daemon::runner: batch kind="embed" subject=16 x raw jobs=1 ms=1
2026-08-28T05:53:32.385545Z  INFO fs3_daemon::runner: done kind=summarize subject=docs/plans/007-human-interface/packet-coder-u-r.dd.md::Coder packet — u-r renderer promotion (007-human-interface)::Refs ms=8 left=242
2026-08-28T05:53:32.389059Z  INFO fs3_daemon::runner: done kind="embed" id=54641 left=241
2026-08-28T05:53:32.398125Z  INFO fs3_daemon::runner: done kind="embed" id=54644 left=241
2026-08-28T05:53:32.406665Z  INFO fs3_daemon::runner: done kind=scan_file subject=crates/cli/src/main.rs ms=165 left=241
2026-08-28T05:53:32.411533Z  INFO fs3_daemon::runner: batch kind="embed" subject=1 x smart jobs=1 ms=1
2026-08-28T05:53:32.422156Z  INFO fs3_daemon::runner: done kind=summarize subject=docs/plans/007-human-interface/packet-coder-u-t.dd.md::Coder packet — u-t the tui verb (007-human-interface)::Instructions ms=18 left=241
2026-08-28T05:53:32.423118Z  INFO fs3_daemon::runner: batch kind="embed" subject=6 x raw jobs=1 ms=12
2026-08-28T05:53:32.429196Z  INFO fs3_daemon::runner: done kind="embed" id=54649 left=240
2026-08-28T05:53:32.435125Z  INFO fs3_daemon::runner: done kind="embed" id=54646 left=239
2026-08-28T05:53:32.448396Z  INFO fs3_daemon::runner: batch kind="embed" subject=1 x smart jobs=1 ms=0
2026-08-28T05:53:32.451828Z  INFO fs3_daemon::runner: done kind="embed" id=54650 left=238
2026-08-28T05:53:32.775461Z  INFO fs3_daemon::runner: done kind=summarize subject=docs/plans/006-worktree-diff/packet-coder.dd.md::Coder packet — <unit name> (<plan slug>)::Meta ms=206 left=241
2026-08-28T05:53:32.787901Z  INFO fs3_daemon::runner: batch kind="embed" subject=1 x smart jobs=1 ms=13
2026-08-28T05:53:32.888459Z  INFO fs3_daemon::runner: done kind="embed" id=54652 left=240
2026-08-28T05:53:32.891469Z  INFO fs3_daemon::runner: done kind=summarize subject=docs/plans/007-human-interface/packet-coder-u-w.dd.md::Coder packet — u-w daemon event stream (007-human-interface)::Instructions ms=188 left=240
2026-08-28T05:53:32.952003Z  INFO fs3_daemon::runner: done kind=scan_file subject=crates/cli/src/settings.rs ms=511 left=239
2026-08-28T05:53:32.982137Z  INFO fs3_daemon::runner: batch kind="embed" subject=1 x smart jobs=1 ms=1
2026-08-28T05:53:33.040844Z  INFO fs3_daemon::runner: batch kind="embed" subject=8 x raw jobs=1 ms=60
2026-08-28T05:53:33.104227Z  INFO fs3_daemon::runner: done kind="embed" id=54655 left=239
2026-08-28T05:53:33.210101Z  INFO fs3_daemon::runner: done kind="embed" id=54654 left=239
2026-08-28T05:53:33.298976Z  INFO fs3_daemon::runner: batch kind="embed" subject=1 x smart jobs=1 ms=0
2026-08-28T05:53:33.303415Z  INFO fs3_daemon::runner: done kind=summarize subject=docs/plans/006-worktree-diff/packet-coder.dd.md::Coder packet — <unit name> (<plan slug>)::Instructions ms=55 left=243
2026-08-28T05:53:33.318261Z  INFO fs3_daemon::runner: done kind=summarize subject=docs/plans/007-human-interface/packet-coder-u-w.dd.md::Coder packet — u-w daemon event stream (007-human-interface)::Working with ms=43 left=242
2026-08-28T05:53:33.318869Z  INFO fs3_daemon::runner: done kind="embed" id=54660 left=242
2026-08-28T05:53:33.347096Z  INFO fs3_daemon::runner: batch kind="embed" subject=1 x smart jobs=1 ms=0
2026-08-28T05:53:33.403510Z  INFO fs3_daemon::runner: done kind="embed" id=54662 left=245
2026-08-28T05:53:33.408412Z  INFO fs3_daemon::runner: done kind=summarize subject=docs/plans/007-human-interface/packet-coder-u-t.dd.md::Coder packet — u-t the tui verb (007-human-interface)::Scope ms=79 left=244
2026-08-28T05:53:33.482618Z  INFO fs3_daemon::runner: batch kind="embed" subject=1 x smart jobs=1 ms=0
2026-08-28T05:53:33.485632Z  INFO fs3_daemon::runner: done kind=scan_file subject=crates/cli/src/show.rs ms=540 left=246
2026-08-28T05:53:33.488991Z  INFO fs3_daemon::runner: done kind=summarize subject=docs/plans/006-worktree-diff/packet-coder.dd.md::Coder packet — <unit name> (<plan slug>)::Working with ms=23 left=244
2026-08-28T05:53:33.489225Z  INFO fs3_daemon::runner: done kind="embed" id=54666 left=244
2026-08-28T05:53:33.504247Z  INFO fs3_daemon::runner: batch kind="embed" subject=1 x smart jobs=1 ms=0
2026-08-28T05:53:33.511978Z  INFO fs3_daemon::runner: done kind=summarize subject=docs/plans/007-human-interface/packet-coder-u-w.dd.md::Coder packet — u-w daemon event stream (007-human-interface)::Scope ms=14 left=244
2026-08-28T05:53:33.514809Z  INFO fs3_daemon::runner: batch kind="embed" subject=13 x raw jobs=1 ms=11
2026-08-28T05:53:33.520207Z  INFO fs3_daemon::runner: done kind="embed" id=54670 left=243
2026-08-28T05:53:33.531683Z  INFO fs3_daemon::runner: done kind="embed" id=54669 left=242
2026-08-28T05:53:33.543973Z  INFO fs3_daemon::runner: batch kind="embed" subject=1 x smart jobs=1 ms=0
2026-08-28T05:53:33.553177Z  INFO fs3_daemon::runner: done kind="embed" id=54671 left=242
2026-08-28T05:53:33.556674Z  INFO fs3_daemon::runner: done kind=summarize subject=docs/plans/007-human-interface/packet-coder-u-t.dd.md::Coder packet — u-t the tui verb (007-human-interface)::Done bar ms=19 left=241
2026-08-28T05:53:33.567020Z  INFO fs3_daemon::runner: batch kind="embed" subject=1 x smart jobs=1 ms=1
2026-08-28T05:53:33.569968Z  INFO fs3_daemon::runner: done kind=summarize subject=docs/plans/006-worktree-diff/packet-coder.dd.md::Coder packet — <unit name> (<plan slug>)::Scope ms=11 left=241
2026-08-28T05:53:33.573094Z  INFO fs3_daemon::runner: done kind="embed" id=54672 left=240
2026-08-28T05:53:33.584121Z  INFO fs3_daemon::runner: batch kind="embed" subject=1 x smart jobs=1 ms=0
2026-08-28T05:53:33.590152Z  INFO fs3_daemon::runner: done kind=summarize subject=docs/plans/007-human-interface/packet-pm.dd.md::PM packet — human-interface ms=12 left=240
2026-08-28T05:53:33.591612Z  INFO fs3_daemon::runner: done kind="embed" id=54673 left=239
2026-08-28T05:53:33.606589Z  INFO fs3_daemon::runner: batch kind="embed" subject=1 x smart jobs=1 ms=2
2026-08-28T05:53:33.615870Z  INFO fs3_daemon::runner: done kind="embed" id=54674 left=239
2026-08-28T05:53:33.623112Z  INFO fs3_daemon::runner: done kind=summarize subject=docs/plans/007-human-interface/packet-coder-u-t.dd.md::Coder packet — u-t the tui verb (007-human-interface)::Refs ms=22 left=238
2026-08-28T05:53:33.633069Z  INFO fs3_daemon::runner: batch kind="embed" subject=1 x smart jobs=1 ms=0
2026-08-28T05:53:33.639045Z  INFO fs3_daemon::runner: done kind="embed" id=54675 left=238
2026-08-28T05:53:33.641819Z  INFO fs3_daemon::runner: done kind=summarize subject=docs/plans/007-human-interface/packet-coder-u-w.dd.md::Coder packet — u-w daemon event stream (007-human-interface)::Done bar ms=15 left=237
2026-08-28T05:53:33.650263Z  INFO fs3_daemon::runner: batch kind="embed" subject=1 x smart jobs=1 ms=0
2026-08-28T05:53:33.655416Z  INFO fs3_daemon::runner: done kind="embed" id=54676 left=237
2026-08-28T05:53:33.657124Z  INFO fs3_daemon::runner: done kind=summarize subject=docs/plans/007-human-interface/packet-pm.dd.md::PM packet — human-interface::Meta ms=13 left=236
2026-08-28T05:53:33.839703Z  INFO fs3_daemon::runner: batch kind="embed" subject=1 x smart jobs=1 ms=0
2026-08-28T05:53:33.859696Z  INFO fs3_daemon::runner: done kind="embed" id=54677 left=236
2026-08-28T05:53:33.861782Z  INFO fs3_daemon::runner: done kind=summarize subject=docs/plans/006-worktree-diff/packet-coder.dd.md::Coder packet — <unit name> (<plan slug>)::Done bar ms=201 left=235
2026-08-28T05:53:33.869827Z  INFO fs3_daemon::runner: batch kind="embed" subject=1 x smart jobs=1 ms=0
2026-08-28T05:53:33.877580Z  INFO fs3_daemon::runner: done kind="embed" id=54678 left=234
2026-08-28T05:53:33.878303Z  INFO fs3_daemon::runner: done kind=summarize subject=docs/plans/007-human-interface/packet-coder-u-w.dd.md::Coder packet — u-w daemon event stream (007-human-interface)::Refs ms=14 left=234
2026-08-28T05:53:33.899605Z  INFO fs3_daemon::runner: batch kind="embed" subject=1 x smart jobs=1 ms=2
2026-08-28T05:53:33.907557Z  INFO fs3_daemon::runner: done kind="embed" id=54679 left=234
2026-08-28T05:53:33.911222Z  INFO fs3_daemon::runner: done kind=summarize subject=docs/plans/007-human-interface/packet-pm.dd.md::PM packet — human-interface::Instructions ms=21 left=233
2026-08-28T05:53:33.924482Z  INFO fs3_daemon::runner: batch kind="embed" subject=1 x smart jobs=1 ms=0
2026-08-28T05:53:33.927111Z  INFO fs3_daemon::runner: done kind=summarize subject=docs/plans/007-human-interface/packet-pm.dd.md::PM packet — human-interface::Working with ms=8 left=233
2026-08-28T05:53:33.930207Z  INFO fs3_daemon::runner: done kind="embed" id=54680 left=232
2026-08-28T05:53:33.943714Z  INFO fs3_daemon::runner: batch kind="embed" subject=1 x smart jobs=1 ms=0
2026-08-28T05:53:33.951715Z  INFO fs3_daemon::runner: done kind="embed" id=54681 left=232
2026-08-28T05:53:33.953271Z  INFO fs3_daemon::runner: done kind=summarize subject=docs/plans/007-human-interface/packet-reviewer.dd.md::Reviewer packet — 007-human-interface ms=18 left=231
2026-08-28T05:53:33.960022Z  INFO fs3_daemon::runner: batch kind="embed" subject=1 x smart jobs=1 ms=2
2026-08-28T05:53:33.965511Z  INFO fs3_daemon::runner: done kind="embed" id=54682 left=231
2026-08-28T05:53:33.969066Z  INFO fs3_daemon::runner: done kind=summarize subject=docs/plans/007-human-interface/packet-reviewer.dd.md::Reviewer packet — 007-human-interface::Meta ms=14 left=230
2026-08-28T05:53:33.973632Z  INFO fs3_daemon::runner: batch kind="embed" subject=1 x smart jobs=1 ms=0
2026-08-28T05:53:33.986479Z  INFO fs3_daemon::runner: done kind="embed" id=54683 left=230
2026-08-28T05:53:33.987726Z  INFO fs3_daemon::runner: done kind=summarize subject=docs/plans/007-human-interface/packet-pm.dd.md::PM packet — human-interface::Scope ms=17 left=229
2026-08-28T05:53:34.032022Z  INFO fs3_daemon::runner: batch kind="embed" subject=1 x smart jobs=1 ms=0
2026-08-28T05:53:34.035516Z  INFO fs3_daemon::runner: done kind=summarize subject=docs/plans/007-human-interface/packet-reviewer.dd.md::Reviewer packet — 007-human-interface::Instructions ms=21 left=229
2026-08-28T05:53:34.039250Z  INFO fs3_daemon::runner: done kind="embed" id=54684 left=228
2026-08-28T05:53:34.048688Z  INFO fs3_daemon::runner: batch kind="embed" subject=1 x smart jobs=1 ms=0
2026-08-28T05:53:34.052632Z  INFO fs3_daemon::runner: done kind="embed" id=54685 left=228
2026-08-28T05:53:34.054278Z  INFO fs3_daemon::runner: done kind=summarize subject=docs/plans/007-human-interface/packet-pm.dd.md::PM packet — human-interface::Done bar ms=9 left=227
2026-08-28T05:53:34.057882Z  INFO fs3_daemon::runner: batch kind="embed" subject=1 x smart jobs=1 ms=0
2026-08-28T05:53:34.062435Z  INFO fs3_daemon::runner: done kind="embed" id=54686 left=227
2026-08-28T05:53:34.063703Z  INFO fs3_daemon::runner: done kind=summarize subject=docs/plans/007-human-interface/packet-pm.dd.md::PM packet — human-interface::Refs ms=8 left=226
2026-08-28T05:53:34.071934Z  INFO fs3_daemon::runner: batch kind="embed" subject=1 x smart jobs=1 ms=0
2026-08-28T05:53:34.081560Z  INFO fs3_daemon::runner: done kind="embed" id=54687 left=226
2026-08-28T05:53:34.084450Z  INFO fs3_daemon::runner: done kind=summarize subject=docs/plans/007-human-interface/packet-reviewer.dd.md::Reviewer packet — 007-human-interface::Working with ms=19 left=225
2026-08-28T05:53:34.090753Z  INFO fs3_daemon::runner: batch kind="embed" subject=1 x smart jobs=1 ms=2
2026-08-28T05:53:34.093594Z  INFO fs3_daemon::runner: done kind="embed" id=54688 left=225
2026-08-28T05:53:34.095905Z  INFO fs3_daemon::runner: done kind=summarize subject=docs/plans/007-human-interface/packet-reviewer.dd.md::Reviewer packet — 007-human-interface::Scope ms=10 left=224
2026-08-28T05:53:34.102214Z  INFO fs3_daemon::runner: batch kind="embed" subject=1 x smart jobs=1 ms=0
2026-08-28T05:53:34.104616Z  INFO fs3_daemon::runner: done kind=summarize subject=docs/plans/007-human-interface/packet-reviewer.dd.md::Reviewer packet — 007-human-interface::Done bar ms=8 left=224
2026-08-28T05:53:34.106881Z  INFO fs3_daemon::runner: done kind="embed" id=54689 left=223
2026-08-28T05:53:34.116296Z  INFO fs3_daemon::runner: batch kind="embed" subject=1 x smart jobs=1 ms=1
2026-08-28T05:53:34.119390Z  INFO fs3_daemon::runner: done kind="embed" id=54690 left=223
2026-08-28T05:53:34.120489Z  INFO fs3_daemon::runner: done kind=summarize subject=docs/plans/007-human-interface/plan.dd.md::Human interface — human-first output, the tui verb, and the daemon event stream ms=10 left=222
2026-08-28T05:53:34.130806Z  INFO fs3_daemon::runner: batch kind="embed" subject=1 x smart jobs=1 ms=4
2026-08-28T05:53:34.140371Z  INFO fs3_daemon::runner: done kind="embed" id=54691 left=221
2026-08-28T05:53:34.140468Z  INFO fs3_daemon::runner: done kind=summarize subject=docs/plans/007-human-interface/plan.dd.md::Human interface — human-first output, the tui verb, and the daemon event stream::Meta ms=16 left=221
2026-08-28T05:53:34.149619Z  INFO fs3_daemon::runner: batch kind="embed" subject=1 x smart jobs=1 ms=0
2026-08-28T05:53:34.157593Z  INFO fs3_daemon::runner: done kind="embed" id=54692 left=221
2026-08-28T05:53:34.160338Z  INFO fs3_daemon::runner: done kind=summarize subject=docs/plans/007-human-interface/plan.dd.md::Human interface — human-first output, the tui verb, and the daemon event stream::Acceptance criteria ms=17 left=220
2026-08-28T05:53:34.168062Z  INFO fs3_daemon::runner: batch kind="embed" subject=1 x smart jobs=1 ms=0
2026-08-28T05:53:34.169798Z  INFO fs3_daemon::runner: done kind=summarize subject=docs/services/event-stream.md::event-stream — what the daemon says while it works ms=8 left=220
2026-08-28T05:53:34.170659Z  INFO fs3_daemon::runner: done kind="embed" id=54693 left=219
2026-08-28T05:53:34.177767Z  INFO fs3_daemon::runner: batch kind="embed" subject=1 x smart jobs=1 ms=1
2026-08-28T05:53:34.182648Z  INFO fs3_daemon::runner: done kind="embed" id=54694 left=219
2026-08-28T05:53:34.183294Z  INFO fs3_daemon::runner: done kind=summarize subject=docs/services/event-stream.md::event-stream — what the daemon says while it works::The wire ms=8 left=218
2026-08-28T05:53:34.188205Z  INFO fs3_daemon::runner: batch kind="embed" subject=1 x smart jobs=1 ms=0
2026-08-28T05:53:34.192172Z  INFO fs3_daemon::runner: done kind="embed" id=54695 left=218
2026-08-28T05:53:34.193945Z  INFO fs3_daemon::runner: done kind=summarize subject=docs/services/event-stream.md::event-stream — what the daemon says while it works::The wire::Line 1 is always the hello ms=8 left=217
2026-08-28T05:53:34.198890Z  INFO fs3_daemon::runner: batch kind="embed" subject=1 x smart jobs=1 ms=0
2026-08-28T05:53:34.201129Z  INFO fs3_daemon::runner: done kind="embed" id=54696 left=217
2026-08-28T05:53:34.204979Z  INFO fs3_daemon::runner: done kind=summarize subject=docs/services/event-stream.md::event-stream — what the daemon says while it works::The wire::Every line after it is an event ms=9 left=216
2026-08-28T05:53:34.211142Z  INFO fs3_daemon::runner: batch kind="embed" subject=1 x smart jobs=1 ms=2
2026-08-28T05:53:34.216914Z  INFO fs3_daemon::runner: done kind="embed" id=54697 left=216
2026-08-28T05:53:34.219082Z  INFO fs3_daemon::runner: done kind=summarize subject=docs/services/event-stream.md::event-stream — what the daemon says while it works::The vocabulary ms=12 left=215
2026-08-28T05:53:34.221824Z  INFO fs3_daemon::runner: batch kind="embed" subject=1 x smart jobs=1 ms=0
2026-08-28T05:53:34.224879Z  INFO fs3_daemon::runner: done kind="embed" id=54698 left=215
2026-08-28T05:53:34.226578Z  INFO fs3_daemon::runner: done kind=summarize subject=docs/services/human-render.md::human-render — terminal presentation over the envelope ms=6 left=214
2026-08-28T05:53:34.230182Z  INFO fs3_daemon::runner: batch kind="embed" subject=1 x smart jobs=1 ms=0
2026-08-28T05:53:34.233912Z  INFO fs3_daemon::runner: done kind="embed" id=54699 left=214
2026-08-28T05:53:34.235263Z  INFO fs3_daemon::runner: done kind=summarize subject=docs/services/event-stream.md::event-stream — what the daemon says while it works::Where the events come from ms=7 left=213
2026-08-28T05:53:34.238460Z  INFO fs3_daemon::runner: batch kind="embed" subject=1 x smart jobs=1 ms=0
2026-08-28T05:53:34.240908Z  INFO fs3_daemon::runner: done kind="embed" id=54700 left=213
2026-08-28T05:53:34.244035Z  INFO fs3_daemon::runner: done kind=summarize subject=docs/services/human-render.md::human-render — terminal presentation over the envelope::Contract ms=8 left=212
2026-08-28T05:53:34.248172Z  INFO fs3_daemon::runner: batch kind="embed" subject=1 x smart jobs=1 ms=0
2026-08-28T05:53:34.252389Z  INFO fs3_daemon::runner: done kind="embed" id=54701 left=212
2026-08-28T05:53:34.253402Z  INFO fs3_daemon::runner: done kind=summarize subject=docs/services/human-render.md::human-render — terminal presentation over the envelope::Snap-in recipe ms=8 left=211
2026-08-28T05:53:34.259901Z  INFO fs3_daemon::runner: batch kind="embed" subject=1 x smart jobs=1 ms=1
2026-08-28T05:53:34.263107Z  INFO fs3_daemon::runner: done kind="embed" id=54702 left=211
2026-08-28T05:53:34.264460Z  INFO fs3_daemon::runner: done kind=summarize subject=docs/services/event-stream.md::event-stream — what the daemon says while it works::What this stream is NOT ms=7 left=210
2026-08-28T05:53:34.273120Z  INFO fs3_daemon::runner: batch kind="embed" subject=1 x smart jobs=1 ms=3
2026-08-28T05:53:34.314717Z  INFO fs3_daemon::runner: done kind="embed" id=54703 left=210
2026-08-28T05:53:34.316468Z  INFO fs3_daemon::runner: done kind=summarize subject=docs/services/tui.md::Terminal dashboard ms=51 left=209
2026-08-28T05:53:34.328177Z  INFO fs3_daemon::runner: batch kind="embed" subject=1 x smart jobs=1 ms=0
2026-08-28T05:53:34.333354Z  INFO fs3_daemon::runner: done kind=summarize subject=docs/services/event-stream.md::event-stream — what the daemon says while it works::Implementation assumptions ms=11 left=209
2026-08-28T05:53:34.336277Z  INFO fs3_daemon::runner: done kind="embed" id=54704 left=208
2026-08-28T05:53:34.343591Z  INFO fs3_daemon::runner: batch kind="embed" subject=1 x smart jobs=1 ms=0
2026-08-28T05:53:34.348557Z  INFO fs3_daemon::runner: done kind="embed" id=54705 left=208
2026-08-28T05:53:34.350417Z  INFO fs3_daemon::runner: done kind=summarize subject=docs/services/human-render.md::human-render — terminal presentation over the envelope::Add/scan meter composition assumptions ms=10 left=207
2026-08-28T05:53:34.355557Z  INFO fs3_daemon::runner: batch kind="embed" subject=1 x smart jobs=1 ms=0
2026-08-28T05:53:34.359874Z  INFO fs3_daemon::runner: done kind=summarize subject=docs/services/tui.md::Terminal dashboard::Run ms=7 left=206
2026-08-28T05:53:34.359999Z  INFO fs3_daemon::runner: done kind="embed" id=54706 left=206
2026-08-28T05:53:34.367343Z  INFO fs3_daemon::runner: batch kind="embed" subject=1 x smart jobs=1 ms=0
2026-08-28T05:53:34.377375Z  INFO fs3_daemon::runner: done kind="embed" id=54707 left=206
2026-08-28T05:53:34.381838Z  INFO fs3_daemon::runner: done kind=summarize subject=docs/services/event-stream.md::event-stream — what the daemon says while it works::Snap-in recipe ms=18 left=205
2026-08-28T05:53:34.388747Z  INFO fs3_daemon::runner: batch kind="embed" subject=1 x smart jobs=1 ms=0
2026-08-28T05:53:34.400351Z  INFO fs3_daemon::runner: done kind="embed" id=54708 left=205
2026-08-28T05:53:34.403328Z  INFO fs3_daemon::runner: done kind=summarize subject=docs/services/tui.md::Terminal dashboard::Keys ms=19 left=204
2026-08-28T05:53:34.416268Z  INFO fs3_daemon::runner: batch kind="embed" subject=1 x smart jobs=1 ms=0
2026-08-28T05:53:34.419382Z  INFO fs3_daemon::runner: done kind=summarize subject=docs/services/tui.md::Terminal dashboard::Data and failure semantics ms=10 left=204
2026-08-28T05:53:34.428022Z  INFO fs3_daemon::runner: done kind="embed" id=54709 left=203
2026-08-28T05:53:34.439003Z  INFO fs3_daemon::runner: batch kind="embed" subject=1 x smart jobs=1 ms=0
2026-08-28T05:53:34.442511Z  INFO fs3_daemon::runner: done kind="embed" id=54710 left=202
2026-08-28T05:53:34.442786Z  INFO fs3_daemon::runner: done kind=summarize subject=docs/services/tui.md::Terminal dashboard::Snap-in recipe ms=7 left=202
2026-08-28T05:53:34.453953Z  INFO fs3_daemon::runner: batch kind="embed" subject=1 x smart jobs=1 ms=0
2026-08-28T05:53:34.462399Z  INFO fs3_daemon::runner: done kind="embed" id=54711 left=202
2026-08-28T05:53:34.466156Z  INFO fs3_daemon::runner: done kind=summarize subject=crates/core/src/catalog.rs::Area ms=19 left=201
2026-08-28T05:53:34.475621Z  INFO fs3_daemon::runner: batch kind="embed" subject=1 x smart jobs=1 ms=0
2026-08-28T05:53:34.527821Z  INFO fs3_daemon::runner: done kind="embed" id=54712 left=200
2026-08-28T05:53:34.528113Z  INFO fs3_daemon::runner: done kind=summarize subject=docs/services/tui.md::Terminal dashboard::Snap-in recipe::Named event-source composition seam ms=60 left=200
2026-08-28T05:53:34.543933Z  INFO fs3_daemon::runner: batch kind="embed" subject=1 x smart jobs=1 ms=1
2026-08-28T05:53:34.547746Z  INFO fs3_daemon::runner: done kind=summarize subject=docs/reference/error-codes.md::fs3 error codes ms=13 left=199
2026-08-28T05:53:34.550230Z  INFO fs3_daemon::runner: done kind="embed" id=54713 left=198
2026-08-28T05:53:34.565077Z  INFO fs3_daemon::runner: done kind=summarize subject=crates/core/src/catalog.rs::Area ms=9 left=198
2026-08-28T05:53:34.568537Z  INFO fs3_daemon::runner: batch kind="embed" subject=1 x smart jobs=1 ms=0
2026-08-28T05:53:34.580165Z  INFO fs3_daemon::runner: done kind="embed" id=54714 left=198
2026-08-28T05:53:34.589973Z  INFO fs3_daemon::runner: done kind=summarize subject=docs/services/tui.md::Terminal dashboard::Assumptions at unit handoff ms=26 left=197
2026-08-28T05:53:34.606829Z  INFO fs3_daemon::runner: batch kind="embed" subject=1 x smart jobs=1 ms=1
2026-08-28T05:53:34.613453Z  INFO fs3_daemon::runner: done kind="embed" id=54715 left=197
2026-08-28T05:53:34.625912Z  INFO fs3_daemon::runner: done kind=summarize subject=docs/reference/error-codes.md::fs3 error codes::CONFIG ms=26 left=196
2026-08-28T05:53:34.636747Z  INFO fs3_daemon::runner: batch kind="embed" subject=1 x smart jobs=1 ms=1
2026-08-28T05:53:34.649965Z  INFO fs3_daemon::runner: done kind="embed" id=54716 left=196
2026-08-28T05:53:34.655241Z  INFO fs3_daemon::runner: done kind=summarize subject=crates/core/src/catalog.rs::Area::as_str ms=32 left=195
2026-08-28T05:53:34.670460Z  INFO fs3_daemon::runner: batch kind="embed" subject=1 x smart jobs=1 ms=1
2026-08-28T05:53:34.678130Z  INFO fs3_daemon::runner: done kind="embed" id=54717 left=195
2026-08-28T05:53:34.681508Z  INFO fs3_daemon::runner: done kind=summarize subject=docs/reference/error-codes.md::fs3 error codes::CONFIG::`FS3-E-CONFIG-PROVIDER-UNKNOWN` ms=21 left=194
2026-08-28T05:53:34.699326Z  INFO fs3_daemon::runner: batch kind="embed" subject=1 x smart jobs=1 ms=4
2026-08-28T05:53:34.706899Z  INFO fs3_daemon::runner: done kind=summarize subject=crates/core/src/catalog.rs::Code ms=23 left=194
2026-08-28T05:53:34.712622Z  INFO fs3_daemon::runner: done kind="embed" id=54718 left=193
2026-08-28T05:53:34.730394Z  INFO fs3_daemon::runner: batch kind="embed" subject=1 x smart jobs=1 ms=0
2026-08-28T05:53:34.744577Z  INFO fs3_daemon::runner: done kind="embed" id=54719 left=193
2026-08-28T05:53:34.752270Z  INFO fs3_daemon::runner: done kind=summarize subject=docs/reference/error-codes.md::fs3 error codes::STORE ms=28 left=192
2026-08-28T05:53:34.762121Z  INFO fs3_daemon::runner: batch kind="embed" subject=1 x smart jobs=1 ms=0
2026-08-28T05:53:34.769176Z  INFO fs3_daemon::runner: done kind=summarize subject=crates/core/src/catalog.rs::Code::new ms=13 left=191
2026-08-28T05:53:34.771991Z  INFO fs3_daemon::runner: done kind="embed" id=54720 left=191
2026-08-28T05:53:34.788310Z  INFO fs3_daemon::runner: batch kind="embed" subject=1 x smart jobs=1 ms=0
2026-08-28T05:53:34.811803Z  INFO fs3_daemon::runner: done kind="embed" id=54721 left=190
2026-08-28T05:53:34.812050Z  INFO fs3_daemon::runner: done kind=summarize subject=docs/reference/error-codes.md::fs3 error codes::STORE::`FS3-E-STORE-QUERY-FAILED` ms=31 left=190
2026-08-28T05:53:34.839052Z  INFO fs3_daemon::runner: batch kind="embed" subject=1 x smart jobs=1 ms=1
2026-08-28T05:53:34.866289Z  INFO fs3_daemon::runner: done kind="embed" id=54722 left=190
2026-08-28T05:53:34.870058Z  INFO fs3_daemon::runner: done kind=summarize subject=crates/core/src/catalog.rs::Code::http_status ms=37 left=189
2026-08-28T05:53:34.881918Z  INFO fs3_daemon::runner: batch kind="embed" subject=1 x smart jobs=1 ms=1
2026-08-28T05:53:34.907727Z  INFO fs3_daemon::runner: done kind="embed" id=54723 left=189
2026-08-28T05:53:34.928226Z  INFO fs3_daemon::runner: done kind=summarize subject=docs/reference/error-codes.md::fs3 error codes::GIT ms=55 left=188
2026-08-28T05:53:34.951154Z  INFO fs3_daemon::runner: batch kind="embed" subject=1 x smart jobs=1 ms=2
2026-08-28T05:53:35.008712Z  INFO fs3_daemon::runner: done kind=summarize subject=docs/reference/error-codes.md::fs3 error codes::GIT::`FS3-E-GIT-NOT-A-WORKTREE` ms=73 left=187
2026-08-28T05:53:35.009617Z  INFO fs3_daemon::runner: done kind="embed" id=54724 left=187
2026-08-28T05:53:35.062851Z  INFO fs3_daemon::runner: batch kind="embed" subject=1 x smart jobs=1 ms=1
2026-08-28T05:53:35.071154Z  INFO fs3_daemon::runner: done kind="embed" id=54725 left=186
2026-08-28T05:53:35.072577Z  INFO fs3_daemon::runner: done kind=summarize subject=crates/core/src/catalog.rs::markdown ms=34 left=186
2026-08-28T05:53:35.101260Z  INFO fs3_daemon::runner: batch kind="embed" subject=1 x smart jobs=1 ms=2
2026-08-28T05:53:35.105205Z  INFO fs3_daemon::runner: done kind=summarize subject=docs/reference/error-codes.md::fs3 error codes::SCAN ms=16 left=186
2026-08-28T05:53:35.110878Z  INFO fs3_daemon::runner: done kind="embed" id=54726 left=185
2026-08-28T05:53:35.152948Z  INFO fs3_daemon::runner: batch kind="embed" subject=1 x smart jobs=1 ms=1
2026-08-28T05:53:35.165373Z  INFO fs3_daemon::runner: done kind=summarize subject=crates/core/src/catalog.rs::tests ms=46 left=184
2026-08-28T05:53:35.166374Z  INFO fs3_daemon::runner: done kind="embed" id=54727 left=184
2026-08-28T05:53:35.187563Z  INFO fs3_daemon::runner: batch kind="embed" subject=1 x smart jobs=1 ms=2
2026-08-28T05:53:35.250869Z  INFO fs3_daemon::runner: done kind="embed" id=54728 left=184
2026-08-28T05:53:35.254314Z  INFO fs3_daemon::runner: done kind=summarize subject=crates/core/src/catalog.rs::tests::every_code_is_spelled_the_way_the_registry_promises ms=75 left=183
2026-08-28T05:53:35.286367Z  INFO fs3_daemon::runner: batch kind="embed" subject=1 x smart jobs=1 ms=1
2026-08-28T05:53:35.303621Z  INFO fs3_daemon::runner: done kind=summarize subject=docs/reference/error-codes.md::fs3 error codes::SCAN::`FS3-E-SCAN-UNPARSEABLE` ms=43 left=183
2026-08-28T05:53:35.310043Z  INFO fs3_daemon::runner: done kind="embed" id=54729 left=182
2026-08-28T05:53:35.467964Z  INFO fs3_daemon::runner: batch kind="embed" subject=1 x smart jobs=1 ms=4
2026-08-28T05:53:35.489316Z  INFO fs3_daemon::runner: done kind=summarize subject=crates/core/src/catalog.rs::tests::every_code_carries_a_real_fix_and_summary ms=104 left=181
2026-08-28T05:53:35.492051Z  INFO fs3_daemon::runner: done kind="embed" id=54730 left=181
2026-08-28T05:53:35.529496Z  INFO fs3_daemon::runner: batch kind="embed" subject=1 x smart jobs=1 ms=1
2026-08-28T05:53:35.557327Z  INFO fs3_daemon::runner: done kind=summarize subject=docs/reference/error-codes.md::fs3 error codes::PROVIDER ms=40 left=180
2026-08-28T05:53:35.560049Z  INFO fs3_daemon::runner: done kind="embed" id=54731 left=179
2026-08-28T05:53:35.660151Z  INFO fs3_daemon::runner: done kind=summarize subject=crates/core/src/catalog.rs::tests::http_status_is_derived_from_the_code_class ms=79 left=178
2026-08-28T05:53:35.661029Z  INFO fs3_daemon::runner: batch kind="embed" subject=1 x smart jobs=1 ms=2
2026-08-28T05:53:35.663028Z  INFO fs3_daemon::runner: done kind=summarize subject=docs/reference/error-codes.md::fs3 error codes::PROVIDER::`FS3-E-PROVIDER-CANNOT-ANSWER` ms=65 left=178
2026-08-28T05:53:35.732476Z  INFO fs3_daemon::runner: done kind="embed" id=54732 left=177
2026-08-28T05:53:35.796802Z  INFO fs3_daemon::runner: batch kind="embed" subject=1 x smart jobs=1 ms=13
2026-08-28T05:53:35.797241Z  INFO fs3_daemon::runner: done kind=summarize subject=docs/reference/error-codes.md::fs3 error codes::PROVIDER::`FS3-E-PROVIDER-DIMENSIONS` ms=54 left=178
2026-08-28T05:53:35.829221Z  INFO fs3_daemon::runner: done kind="embed" id=54733 left=176
2026-08-28T05:53:35.829483Z  INFO fs3_daemon::runner: done kind=summarize subject=docs/reference/error-codes.md::fs3 error codes::QUEUE ms=68 left=176
2026-08-28T05:53:35.903265Z  INFO fs3_daemon::runner: batch kind="embed" subject=1 x smart jobs=1 ms=1
2026-08-28T05:53:35.946010Z  INFO fs3_daemon::runner: done kind="embed" id=54734 left=176
2026-08-28T05:53:35.947595Z  INFO fs3_daemon::runner: done kind=summarize subject=docs/reference/error-codes.md::fs3 error codes::QUEUE::`FS3-E-QUEUE-JOB-FAILED` ms=82 left=175
2026-08-28T05:53:36.031476Z  INFO fs3_daemon::runner: batch kind="embed" subject=1 x smart jobs=1 ms=1
2026-08-28T05:53:36.057352Z  INFO fs3_daemon::runner: done kind=summarize subject=docs/reference/error-codes.md::fs3 error codes::QUERY ms=79 left=174
2026-08-28T05:53:36.058572Z  INFO fs3_daemon::runner: done kind="embed" id=54735 left=174
2026-08-28T05:53:36.095598Z  INFO fs3_daemon::runner: batch kind="embed" subject=1 x smart jobs=1 ms=1
2026-08-28T05:53:36.108430Z  INFO fs3_daemon::runner: done kind="embed" id=54736 left=173
2026-08-28T05:53:36.108795Z  INFO fs3_daemon::runner: done kind=summarize subject=docs/reference/error-codes.md::fs3 error codes::QUERY::`FS3-E-QUERY-NOT-IMPLEMENTED` ms=31 left=173
2026-08-28T05:53:36.128744Z  INFO fs3_daemon::runner: batch kind="embed" subject=1 x smart jobs=1 ms=1
2026-08-28T05:53:36.137823Z  INFO fs3_daemon::runner: done kind="embed" id=54737 left=173
2026-08-28T05:53:36.143762Z  INFO fs3_daemon::runner: done kind=summarize subject=docs/reference/error-codes.md::fs3 error codes::DAEMON ms=25 left=172
2026-08-28T05:53:36.148908Z  INFO fs3_daemon::runner: batch kind="embed" subject=1 x smart jobs=1 ms=0
2026-08-28T05:53:36.159799Z  INFO fs3_daemon::runner: done kind="embed" id=54738 left=172
2026-08-28T05:53:36.166927Z  INFO fs3_daemon::runner: done kind=summarize subject=docs/reference/error-codes.md::fs3 error codes::DAEMON::`FS3-E-DAEMON-UNAUTHORIZED` ms=21 left=171
2026-08-28T05:53:36.182927Z  INFO fs3_daemon::runner: batch kind="embed" subject=1 x smart jobs=1 ms=3
2026-08-28T05:53:36.187865Z  INFO fs3_daemon::runner: done kind="embed" id=54739 left=170
2026-08-28T05:53:36.187997Z  INFO fs3_daemon::runner: done kind=summarize subject=docs/reference/error-codes.md::fs3 error codes::UPDATE ms=22 left=170
2026-08-28T05:53:36.199191Z  INFO fs3_daemon::runner: batch kind="embed" subject=1 x smart jobs=1 ms=1
2026-08-28T05:53:36.206236Z  INFO fs3_daemon::runner: done kind="embed" id=54740 left=170
2026-08-28T05:53:36.213197Z  INFO fs3_daemon::runner: done kind=summarize subject=docs/reference/error-codes.md::fs3 error codes::UPDATE::`FS3-E-UPDATE-NO-INSTALL-PATH` ms=21 left=169
2026-08-28T05:53:36.223005Z  INFO fs3_daemon::runner: batch kind="embed" subject=1 x smart jobs=1 ms=0
2026-08-28T05:53:36.229431Z  INFO fs3_daemon::runner: done kind="embed" id=54741 left=169
2026-08-28T05:53:36.232919Z  INFO fs3_daemon::runner: done kind=summarize subject=docs/reference/error-codes.md::fs3 error codes::USAGE ms=16 left=168
2026-08-28T05:53:36.244506Z  INFO fs3_daemon::runner: batch kind="embed" subject=1 x smart jobs=1 ms=1
2026-08-28T05:53:36.251716Z  INFO fs3_daemon::runner: done kind="embed" id=54742 left=167
2026-08-28T05:53:36.377502Z  INFO fs3_daemon::runner: done kind=scan_file subject=AGENTS.md ms=142 left=187
2026-08-28T05:53:36.377771Z  INFO fs3_daemon::runner: batch kind="embed" subject=8 x raw jobs=1 ms=1
2026-08-28T05:53:36.389132Z  INFO fs3_daemon::runner: done kind="embed" id=54759 left=190
2026-08-28T05:53:36.452399Z  INFO fs3_daemon::runner: done kind=scan_file subject=crates/cli/docs/agents.md ms=189 left=201
2026-08-28T05:53:36.452667Z  INFO fs3_daemon::runner: batch kind="embed" subject=10 x raw jobs=1 ms=2
2026-08-28T05:53:36.476463Z  INFO fs3_daemon::runner: done kind=scan_file subject=crates/cli/docs/search.md ms=159 left=202
2026-08-28T05:53:36.476470Z  INFO fs3_daemon::runner: done kind="embed" id=54775 left=202
2026-08-28T05:53:36.485368Z  INFO fs3_daemon::runner: done kind=scan_file subject=crates/cli/docs/read.md ms=189 left=201
2026-08-28T05:53:36.503541Z  INFO fs3_daemon::runner: done kind=scan_file subject=crates/cli/src/lib.rs ms=71 left=201
2026-08-28T05:53:36.506305Z  INFO fs3_daemon::runner: batch kind="embed" subject=27 x raw jobs=3 ms=2
2026-08-28T05:53:36.515068Z  INFO fs3_daemon::runner: done kind="embed" id=54785 left=202
2026-08-28T05:53:36.527468Z  INFO fs3_daemon::runner: done kind="embed" id=54782 left=203
2026-08-28T05:53:36.538765Z  INFO fs3_daemon::runner: done kind="embed" id=54779 left=203
2026-08-28T05:53:36.607100Z  INFO fs3_daemon::runner: done kind=scan_file subject=crates/cli/skills/flowspace/SKILL.md ms=269 left=204
2026-08-28T05:53:36.619815Z  INFO fs3_daemon::runner: batch kind="embed" subject=28 x raw jobs=2 ms=13
2026-08-28T05:53:36.624826Z  INFO fs3_daemon::runner: done kind="embed" id=54801 left=210
2026-08-28T05:53:36.637370Z  INFO fs3_daemon::runner: done kind="embed" id=54803 left=211
2026-08-28T05:53:36.642798Z  INFO fs3_daemon::runner: done kind=scan_file subject=crates/cli/src/render/mod.rs ms=62 left=210
2026-08-28T05:53:36.659556Z  INFO fs3_daemon::runner: batch kind="embed" subject=30 x raw jobs=2 ms=1
2026-08-28T05:53:36.667830Z  INFO fs3_daemon::runner: done kind="embed" id=54823 left=214
2026-08-28T05:53:36.673385Z  INFO fs3_daemon::runner: done kind="embed" id=54820 left=215
2026-08-28T05:53:36.692087Z  INFO fs3_daemon::runner: done kind=scan_file subject=crates/cli/src/client.rs ms=336 left=219
2026-08-28T05:53:36.693755Z  INFO fs3_daemon::runner: progress phase="working" scanned=5022 scan_left=67 summarized=10053 summarize_left=148 embedded=16564 embed_left=3 failed=0
2026-08-28T05:53:36.717576Z  INFO fs3_daemon::runner: batch kind="embed" subject=35 x raw jobs=3 ms=16
2026-08-28T05:53:36.723877Z  INFO fs3_daemon::runner: done kind=scan_file subject=crates/cli/src/render/surfaces/doctor.rs ms=43 left=222
2026-08-28T05:53:36.725214Z  INFO fs3_daemon::runner: done kind=scan_file subject=crates/cli/src/render/progress.rs ms=79 left=222
2026-08-28T05:53:36.725220Z  INFO fs3_daemon::runner: done kind=scan_file subject=crates/cli/src/main.rs ms=240 left=222
2026-08-28T05:53:36.730880Z  INFO fs3_daemon::runner: done kind="embed" id=54840 left=221
2026-08-28T05:53:36.739349Z  INFO fs3_daemon::runner: done kind="embed" id=54829 left=220
2026-08-28T05:53:36.745117Z  INFO fs3_daemon::runner: done kind="embed" id=54839 left=219
2026-08-28T05:53:36.752736Z  INFO fs3_daemon::runner: batch kind="embed" subject=16 x raw jobs=3 ms=0
2026-08-28T05:53:36.757609Z  INFO fs3_daemon::runner: done kind="embed" id=54850 left=219
2026-08-28T05:53:36.760081Z  INFO fs3_daemon::runner: done kind="embed" id=54851 left=218
2026-08-28T05:53:36.762743Z  INFO fs3_daemon::runner: done kind="embed" id=54849 left=217
2026-08-28T05:53:36.767917Z  INFO fs3_daemon::runner: done kind=scan_file subject=crates/cli/src/doctor.rs ms=366 left=218
2026-08-28T05:53:36.769263Z  INFO fs3_daemon::runner: batch kind="embed" subject=17 x raw jobs=2 ms=0
2026-08-28T05:53:36.771702Z  INFO fs3_daemon::runner: done kind="embed" id=54858 left=218
2026-08-28T05:53:36.779035Z  INFO fs3_daemon::runner: done kind="embed" id=54861 left=219
2026-08-28T05:53:36.780828Z  INFO fs3_daemon::runner: done kind=scan_file subject=crates/cli/src/render/surfaces/failure.rs ms=32 left=218
2026-08-28T05:53:36.792743Z  INFO fs3_daemon::runner: batch kind="embed" subject=3 x raw jobs=1 ms=1
2026-08-28T05:53:36.797802Z  INFO fs3_daemon::runner: done kind="embed" id=54864 left=221
2026-08-28T05:53:36.798822Z  INFO fs3_daemon::runner: done kind=scan_file subject=crates/cli/src/render/surfaces/lists.rs ms=33 left=220
2026-08-28T05:53:36.801463Z  INFO fs3_daemon::runner: done kind=scan_file subject=crates/cli/src/render/surfaces/mod.rs ms=18 left=219
2026-08-28T05:53:36.810931Z  INFO fs3_daemon::runner: batch kind="embed" subject=13 x raw jobs=2 ms=2
2026-08-28T05:53:36.815644Z  INFO fs3_daemon::runner: done kind="embed" id=54869 left=218
2026-08-28T05:53:36.819195Z  INFO fs3_daemon::runner: done kind="embed" id=54868 left=218
2026-08-28T05:53:36.841100Z  INFO fs3_daemon::runner: batch kind="embed" subject=4 x raw jobs=1 ms=0
2026-08-28T05:53:36.842479Z  INFO fs3_daemon::runner: done kind=scan_file subject=crates/cli/src/render/surfaces/read.rs ms=40 left=222
2026-08-28T05:53:36.844130Z  INFO fs3_daemon::runner: done kind="embed" id=54873 left=221
2026-08-28T05:53:36.848333Z  INFO fs3_daemon::runner: done kind=scan_file subject=crates/cli/src/render/surfaces/remove.rs ms=25 left=221
2026-08-28T05:53:36.858972Z  INFO fs3_daemon::runner: batch kind="embed" subject=3 x raw jobs=1 ms=0
2026-08-28T05:53:36.864204Z  INFO fs3_daemon::runner: done kind="embed" id=54876 left=220
2026-08-28T05:53:36.943259Z  INFO fs3_daemon::runner: batch kind="embed" subject=1 x raw jobs=1 ms=1
2026-08-28T05:53:36.943695Z  INFO fs3_daemon::runner: done kind=scan_file subject=crates/cli/src/render/surfaces/roots.rs ms=107 left=223
2026-08-28T05:53:36.951638Z  INFO fs3_daemon::runner: done kind="embed" id=54878 left=224
2026-08-28T05:53:36.952292Z  INFO fs3_daemon::runner: done kind=scan_file subject=crates/cli/src/render/surfaces/search.rs ms=98 left=224
2026-08-28T05:53:36.955310Z  INFO fs3_daemon::runner: done kind=scan_file subject=crates/cli/src/render/surfaces/status.rs ms=87 left=225
2026-08-28T05:53:36.957656Z  INFO fs3_daemon::runner: batch kind="embed" subject=3 x raw jobs=2 ms=0
2026-08-28T05:53:36.962875Z  INFO fs3_daemon::runner: done kind="embed" id=54881 left=225
2026-08-28T05:53:36.966015Z  INFO fs3_daemon::runner: done kind="embed" id=54882 left=225
2026-08-28T05:53:37.012868Z  INFO fs3_daemon::runner: batch kind="embed" subject=16 x raw jobs=1 ms=1
2026-08-28T05:53:37.016921Z  INFO fs3_daemon::runner: done kind=scan_file subject=crates/cli/src/render/theme.rs ms=91 left=230
2026-08-28T05:53:37.018845Z  INFO fs3_daemon::runner: done kind="embed" id=54888 left=231
2026-08-28T05:53:37.039613Z  INFO fs3_daemon::runner: batch kind="embed" subject=4 x raw jobs=1 ms=0
2026-08-28T05:53:37.044667Z  INFO fs3_daemon::runner: done kind=scan_file subject=crates/cli/src/watch.rs ms=50 left=235
2026-08-28T05:53:37.046286Z  INFO fs3_daemon::runner: done kind="embed" id=54892 left=235
2026-08-28T05:53:37.066582Z  INFO fs3_daemon::runner: batch kind="embed" subject=18 x raw jobs=2 ms=8
2026-08-28T05:53:37.072612Z  INFO fs3_daemon::runner: done kind="embed" id=54898 left=242
2026-08-28T05:53:37.081106Z  INFO fs3_daemon::runner: done kind="embed" id=54899 left=245
2026-08-28T05:53:37.120236Z  INFO fs3_daemon::runner: batch kind="embed" subject=16 x raw jobs=1 ms=6
2026-08-28T05:53:37.125065Z  INFO fs3_daemon::runner: done kind=scan_file subject=crates/cli/tests/doctor_daemon.rs ms=101 left=256
2026-08-28T05:53:37.126756Z  INFO fs3_daemon::runner: done kind=scan_file subject=crates/cli/tests/envelope_goldens.rs ms=71 left=254
2026-08-28T05:53:37.126901Z  INFO fs3_daemon::runner: done kind="embed" id=54919 left=254
2026-08-28T05:53:37.162017Z  INFO fs3_daemon::runner: batch kind="embed" subject=18 x raw jobs=2 ms=3
2026-08-28T05:53:37.168276Z  INFO fs3_daemon::runner: done kind="embed" id=54923 left=263
2026-08-28T05:53:37.177965Z  INFO fs3_daemon::runner: done kind="embed" id=54924 left=272
2026-08-28T05:53:37.197783Z  INFO fs3_daemon::runner: done kind=scan_file subject=crates/cli/tests/messages_visible.rs ms=103 left=276
2026-08-28T05:53:37.201772Z  INFO fs3_daemon::runner: batch kind="embed" subject=21 x raw jobs=2 ms=3
2026-08-28T05:53:37.207062Z  INFO fs3_daemon::runner: done kind=scan_file subject=crates/cli/tests/goldens/PROVENANCE.md ms=119 left=280
2026-08-28T05:53:37.215334Z  INFO fs3_daemon::runner: done kind="embed" id=54939 left=282
2026-08-28T05:53:37.240769Z  INFO fs3_daemon::runner: done kind="embed" id=54946 left=285
2026-08-28T05:53:37.246903Z  INFO fs3_daemon::runner: done kind=scan_file subject=crates/cli/tests/render_progress.rs ms=63 left=285
2026-08-28T05:53:37.262797Z  INFO fs3_daemon::runner: batch kind="embed" subject=27 x raw jobs=3 ms=2
2026-08-28T05:53:37.269408Z  INFO fs3_daemon::runner: done kind="embed" id=54961 left=292
2026-08-28T05:53:37.271989Z  INFO fs3_daemon::runner: done kind=scan_file subject=crates/cli/tests/render_output.rs ms=141 left=292
2026-08-28T05:53:37.274348Z  INFO fs3_daemon::runner: done kind="embed" id=54962 left=293
2026-08-28T05:53:37.279702Z  INFO fs3_daemon::runner: done kind="embed" id=54953 left=295
2026-08-28T05:53:37.300253Z  INFO fs3_daemon::runner: batch kind="embed" subject=17 x raw jobs=2 ms=1
2026-08-28T05:53:37.304624Z  INFO fs3_daemon::runner: done kind="embed" id=54968 left=301
2026-08-28T05:53:37.306282Z  INFO fs3_daemon::runner: done kind=scan_file subject=crates/cli/tests/status_watch.rs ms=59 left=301
2026-08-28T05:53:37.312290Z  INFO fs3_daemon::runner: done kind="embed" id=54971 left=301
2026-08-28T05:53:37.341770Z  INFO fs3_daemon::runner: batch kind="embed" subject=7 x raw jobs=1 ms=6
2026-08-28T05:53:37.348813Z  INFO fs3_daemon::runner: done kind="embed" id=54984 left=310
2026-08-28T05:53:37.358155Z  INFO fs3_daemon::runner: batch kind="embed" subject=16 x raw jobs=1 ms=0
2026-08-28T05:53:37.362253Z  INFO fs3_daemon::runner: done kind="embed" id=54993 left=316
2026-08-28T05:53:37.368930Z  INFO fs3_daemon::runner: done kind=scan_file subject=crates/core/src/events.rs ms=74 left=320
2026-08-28T05:53:37.370338Z  INFO fs3_daemon::runner: batch kind="embed" subject=30 x raw jobs=2 ms=0
2026-08-28T05:53:37.372863Z  INFO fs3_daemon::runner: done kind=scan_file subject=crates/core/src/lib.rs ms=56 left=319
2026-08-28T05:53:37.375426Z  INFO fs3_daemon::runner: done kind="embed" id=55006 left=319
2026-08-28T05:53:37.403399Z  INFO fs3_daemon::runner: done kind="embed" id=55004 left=322
2026-08-28T05:53:37.466897Z  INFO fs3_daemon::runner: batch kind="embed" subject=6 x raw jobs=1 ms=2
2026-08-28T05:53:37.471221Z  INFO fs3_daemon::runner: done kind=scan_file subject=crates/cli/src/tui.rs ms=516 left=325
2026-08-28T05:53:37.475683Z  INFO fs3_daemon::runner: done kind="embed" id=55008 left=326
2026-08-28T05:53:37.520562Z  INFO fs3_daemon::runner: done kind=scan_file subject=crates/core/src/output.rs ms=165 left=328
2026-08-28T05:53:37.521678Z  INFO fs3_daemon::runner: batch kind="embed" subject=19 x raw jobs=2 ms=2
2026-08-28T05:53:37.528295Z  INFO fs3_daemon::runner: done kind=scan_file subject=crates/core/src/views/mod.rs ms=101 left=327
2026-08-28T05:53:37.530521Z  INFO fs3_daemon::runner: done kind="embed" id=55017 left=327
2026-08-28T05:53:37.539834Z  INFO fs3_daemon::runner: done kind="embed" id=55024 left=328
2026-08-28T05:53:37.543800Z  INFO fs3_daemon::runner: done kind=scan_file subject=crates/core/src/views/doctor.rs ms=178 left=328
2026-08-28T05:53:37.550771Z  INFO fs3_daemon::runner: batch kind="embed" subject=20 x raw jobs=2 ms=1
2026-08-28T05:53:37.554756Z  INFO fs3_daemon::runner: done kind="embed" id=55027 left=329
2026-08-28T05:53:37.563765Z  INFO fs3_daemon::runner: done kind="embed" id=55032 left=329
2026-08-28T05:53:37.625758Z  INFO fs3_daemon::runner: batch kind="embed" subject=7 x raw jobs=1 ms=1
2026-08-28T05:53:37.625950Z  INFO fs3_daemon::runner: done kind=scan_file subject=crates/core/src/views/read.rs ms=141 left=329
2026-08-28T05:53:37.634417Z  INFO fs3_daemon::runner: done kind="embed" id=55037 left=328
2026-08-28T05:53:37.668986Z  INFO fs3_daemon::runner: done kind=scan_file subject=crates/core/src/views/remove.rs ms=124 left=331
2026-08-28T05:53:37.680162Z  INFO fs3_daemon::runner: batch kind="embed" subject=2 x raw jobs=1 ms=1
2026-08-28T05:53:37.690805Z  INFO fs3_daemon::runner: done kind="embed" id=55040 left=334
2026-08-28T05:53:37.695455Z  INFO fs3_daemon::runner: done kind=scan_file subject=crates/core/src/views/roots.rs ms=127 left=335
2026-08-28T05:53:37.701354Z  INFO fs3_daemon::runner: done kind=scan_file subject=crates/core/src/views/search.rs ms=62 left=335
2026-08-28T05:53:37.726404Z  INFO fs3_daemon::runner: done kind=scan_file subject=crates/core/src/views/status.rs ms=61 left=334
2026-08-28T05:53:37.726414Z  INFO fs3_daemon::runner: batch kind="embed" subject=5 x raw jobs=2 ms=1
2026-08-28T05:53:37.742579Z  INFO fs3_daemon::runner: done kind="embed" id=55045 left=333
2026-08-28T05:53:37.755159Z  INFO fs3_daemon::runner: done kind="embed" id=55046 left=332
2026-08-28T05:53:37.773748Z  INFO fs3_daemon::runner: batch kind="embed" subject=4 x raw jobs=1 ms=1
2026-08-28T05:53:37.777674Z  INFO fs3_daemon::runner: done kind="embed" id=55048 left=337
2026-08-28T05:53:37.876450Z  INFO fs3_daemon::runner: done kind=scan_file subject=crates/daemon/src/remove.rs ms=93 left=371
2026-08-28T05:53:37.878991Z  INFO fs3_daemon::runner: batch kind="embed" subject=16 x raw jobs=1 ms=22
2026-08-28T05:53:37.879872Z  INFO fs3_daemon::runner: done kind=scan_file subject=crates/daemon/src/status.rs ms=30 left=374
2026-08-28T05:53:37.883154Z  INFO fs3_daemon::runner: done kind="embed" id=55072 left=378
2026-08-28T05:53:37.899877Z  INFO fs3_daemon::runner: batch kind="embed" subject=23 x raw jobs=3 ms=1
2026-08-28T05:53:37.907279Z  INFO fs3_daemon::runner: done kind="embed" id=55100 left=395
2026-08-28T05:53:37.917688Z  INFO fs3_daemon::runner: done kind=scan_file subject=crates/daemon/src/http.rs ms=220 left=402
2026-08-28T05:53:37.920637Z  INFO fs3_daemon::runner: done kind="embed" id=55080 left=402
2026-08-28T05:53:37.930458Z  INFO fs3_daemon::runner: done kind="embed" id=55088 left=411
2026-08-28T05:53:37.986445Z  INFO fs3_daemon::runner: batch kind="embed" subject=57 x raw jobs=4 ms=5
2026-08-28T05:53:37.989068Z  INFO fs3_daemon::runner: done kind=scan_file subject=crates/daemon/src/roots.rs ms=198 left=420
2026-08-28T05:53:38.001868Z  INFO fs3_daemon::runner: done kind="embed" id=55115 left=424
2026-08-28T05:53:38.008610Z  INFO fs3_daemon::runner: done kind="embed" id=55136 left=428
2026-08-28T05:53:38.015279Z  INFO fs3_daemon::runner: done kind=scan_file subject=crates/daemon/src/search.rs ms=178 left=430
2026-08-28T05:53:38.015540Z  INFO fs3_daemon::runner: done kind="embed" id=55125 left=430
2026-08-28T05:53:38.021408Z  INFO fs3_daemon::runner: done kind="embed" id=55118 left=433
2026-08-28T05:53:38.075770Z  INFO fs3_daemon::runner: done kind=scan_file subject=crates/daemon/src/runner.rs ms=276 left=438
2026-08-28T05:53:38.076010Z  INFO fs3_daemon::runner: done kind=scan_file subject=crates/daemon/src/wiring.rs ms=188 left=438
2026-08-28T05:53:38.076781Z  INFO fs3_daemon::runner: batch kind="embed" subject=51 x raw jobs=5 ms=1
2026-08-28T05:53:38.087474Z  INFO fs3_daemon::runner: done kind="embed" id=55152 left=440
2026-08-28T05:53:38.103310Z  INFO fs3_daemon::runner: done kind="embed" id=55168 left=442
2026-08-28T05:53:38.109355Z  INFO fs3_daemon::runner: done kind="embed" id=55169 left=443
2026-08-28T05:53:38.117208Z  INFO fs3_daemon::runner: done kind="embed" id=55150 left=445
2026-08-28T05:53:38.121185Z  INFO fs3_daemon::runner: done kind="embed" id=55144 left=447
2026-08-28T05:53:38.124088Z  INFO fs3_daemon::runner: done kind=scan_file subject=crates/daemon/tests/conversation_query.rs ms=189 left=448
2026-08-28T05:53:38.157286Z  INFO fs3_daemon::runner: batch kind="embed" subject=30 x raw jobs=2 ms=3
2026-08-28T05:53:38.167554Z  INFO fs3_daemon::runner: done kind="embed" id=55170 left=453
2026-08-28T05:53:38.171255Z  INFO fs3_daemon::runner: done kind=scan_file subject=crates/daemon/src/read.rs ms=408 left=452
2026-08-28T05:53:38.173785Z  INFO fs3_daemon::runner: done kind="embed" id=55185 left=453
2026-08-28T05:53:38.190420Z  INFO fs3_daemon::runner: batch kind="embed" subject=25 x raw jobs=2 ms=1
2026-08-28T05:53:38.198744Z  INFO fs3_daemon::runner: done kind="embed" id=55195 left=459
2026-08-28T05:53:38.205711Z  INFO fs3_daemon::runner: done kind="embed" id=55193 left=459
2026-08-28T05:53:38.205960Z  INFO fs3_daemon::runner: done kind=scan_file subject=crates/daemon/tests/event_stream.rs ms=178 left=459
2026-08-28T05:53:38.255851Z  INFO fs3_daemon::runner: batch kind="embed" subject=18 x raw jobs=2 ms=2
2026-08-28T05:53:38.262948Z  INFO fs3_daemon::runner: done kind="embed" id=55204 left=465
2026-08-28T05:53:38.269394Z  INFO fs3_daemon::runner: done kind="embed" id=55205 left=467
2026-08-28T05:53:38.317143Z  INFO fs3_daemon::runner: batch kind="embed" subject=4 x raw jobs=1 ms=1
2026-08-28T05:53:38.318250Z  INFO fs3_daemon::runner: done kind=scan_file subject=docs/plans/007-human-interface/assets/first-light.md ms=104 left=477
2026-08-28T05:53:38.323834Z  INFO fs3_daemon::runner: done kind="embed" id=55224 left=479
2026-08-28T05:53:38.327175Z  INFO fs3_daemon::runner: done kind=scan_file subject=crates/daemon/tests/watcher.rs ms=202 left=480
2026-08-28T05:53:38.366061Z  INFO fs3_daemon::runner: batch kind="embed" subject=9 x raw jobs=1 ms=1
2026-08-28T05:53:38.375981Z  INFO fs3_daemon::runner: done kind="embed" id=55228 left=488
2026-08-28T05:53:38.380958Z  INFO fs3_daemon::runner: done kind=scan_file subject=docs/plans/007-human-interface/assets/inputs/README.md ms=101 left=489
2026-08-28T05:53:38.418413Z  INFO fs3_daemon::runner: batch kind="embed" subject=4 x raw jobs=1 ms=2
2026-08-28T05:53:38.431732Z  INFO fs3_daemon::runner: done kind=scan_file subject=docs/plans/007-human-interface/assets/first-light-transcript.md ms=251 left=495
2026-08-28T05:53:38.432238Z  INFO fs3_daemon::runner: done kind="embed" id=55238 left=495
2026-08-28T05:53:38.438571Z  INFO fs3_daemon::runner: done kind=scan_file subject=docs/plans/007-human-interface/assets/reviews/review-007.dd.md ms=105 left=495
2026-08-28T05:53:38.460149Z  INFO fs3_daemon::runner: batch kind="embed" subject=19 x raw jobs=2 ms=0
2026-08-28T05:53:38.468085Z  INFO fs3_daemon::runner: done kind="embed" id=55249 left=499
2026-08-28T05:53:38.469801Z  INFO fs3_daemon::runner: done kind=scan_file subject=docs/plans/007-human-interface/assets/inputs/tui-poc-VERDICT.md ms=181 left=498
2026-08-28T05:53:38.474552Z  INFO fs3_daemon::runner: done kind="embed" id=55246 left=499
2026-08-28T05:53:38.494383Z  INFO fs3_daemon::runner: done kind=scan_file subject=docs/plans/007-human-interface/assets/run/pm-ack.md ms=111 left=502
2026-08-28T05:53:38.494877Z  INFO fs3_daemon::runner: batch kind="embed" subject=12 x raw jobs=2 ms=2
2026-08-28T05:53:38.501246Z  INFO fs3_daemon::runner: done kind="embed" id=55260 left=503
2026-08-28T05:53:38.506966Z  INFO fs3_daemon::runner: done kind="embed" id=55254 left=505
2026-08-28T05:53:38.550485Z  INFO fs3_daemon::runner: done kind=scan_file subject=docs/plans/007-human-interface/assets/tasks/phase-1/tasks.dd.md ms=70 left=510
2026-08-28T05:53:38.551151Z  INFO fs3_daemon::runner: batch kind="embed" subject=5 x raw jobs=1 ms=2
2026-08-28T05:53:38.557701Z  INFO fs3_daemon::runner: done kind=scan_file subject=docs/plans/007-human-interface/assets/run/process-feedback.md ms=121 left=510
2026-08-28T05:53:38.558145Z  INFO fs3_daemon::runner: done kind="embed" id=55270 left=510
2026-08-28T05:53:38.577519Z  INFO fs3_daemon::runner: done kind=scan_file subject=docs/plans/007-human-interface/assets/tasks/phase-2/tasks.dd.md ms=61 left=511
2026-08-28T05:53:38.578465Z  INFO fs3_daemon::runner: batch kind="embed" subject=16 x raw jobs=2 ms=1
2026-08-28T05:53:38.585264Z  INFO fs3_daemon::runner: done kind="embed" id=55277 left=510
2026-08-28T05:53:38.589354Z  INFO fs3_daemon::runner: done kind="embed" id=55274 left=512
2026-08-28T05:53:38.608855Z  INFO fs3_daemon::runner: done kind=scan_file subject=docs/plans/007-human-interface/assets/tasks/phase-3/tasks.dd.md ms=70 left=516
2026-08-28T05:53:38.619364Z  INFO fs3_daemon::runner: batch kind="embed" subject=5 x raw jobs=1 ms=1
2026-08-28T05:53:38.624961Z  INFO fs3_daemon::runner: done kind="embed" id=55284 left=519
2026-08-28T05:53:38.674636Z  INFO fs3_daemon::runner: done kind=scan_file subject=docs/plans/007-human-interface/impl-guide.dd.md ms=112 left=525
2026-08-28T05:53:38.674665Z  INFO fs3_daemon::runner: batch kind="embed" subject=9 x raw jobs=1 ms=1
2026-08-28T05:53:38.682807Z  INFO fs3_daemon::runner: done kind="embed" id=55293 left=528
2026-08-28T05:53:38.697602Z  INFO fs3_daemon::runner: done kind=scan_file subject=docs/plans/007-human-interface/packet-coder-u-r.dd.md ms=104 left=535
2026-08-28T05:53:38.709118Z  INFO fs3_daemon::runner: batch kind="embed" subject=8 x raw jobs=1 ms=0
2026-08-28T05:53:38.720273Z  INFO fs3_daemon::runner: done kind="embed" id=55305 left=542
2026-08-28T05:53:38.727342Z  INFO fs3_daemon::runner: done kind=scan_file subject=docs/plans/007-human-interface/packet-coder-u-w.dd.md ms=98 left=548
2026-08-28T05:53:38.727567Z  INFO fs3_daemon::runner: done kind=scan_file subject=docs/plans/007-human-interface/packet-coder.dd.md ms=69 left=548
2026-08-28T05:53:38.727987Z  INFO fs3_daemon::runner: batch kind="embed" subject=16 x raw jobs=2 ms=1
2026-08-28T05:53:38.730357Z  INFO fs3_daemon::runner: done kind=scan_file subject=docs/plans/007-human-interface/packet-coder-u-t.dd.md ms=122 left=549
2026-08-28T05:53:38.731487Z  INFO fs3_daemon::runner: done kind="embed" id=55319 left=549
2026-08-28T05:53:38.735847Z  INFO fs3_daemon::runner: done kind="embed" id=55321 left=552
2026-08-28T05:53:38.741065Z  INFO fs3_daemon::runner: done kind=scan_file subject=docs/plans/007-human-interface/packet-pm.dd.md ms=55 left=553
2026-08-28T05:53:38.742070Z  INFO fs3_daemon::runner: batch kind="embed" subject=24 x raw jobs=3 ms=1
2026-08-28T05:53:38.742309Z  INFO fs3_daemon::runner: done kind=scan_file subject=docs/plans/007-human-interface/packet-reviewer.dd.md ms=45 left=552
2026-08-28T05:53:38.747580Z  INFO fs3_daemon::runner: done kind="embed" id=55324 left=551
2026-08-28T05:53:38.752230Z  INFO fs3_daemon::runner: done kind="embed" id=55334 left=552
2026-08-28T05:53:38.756160Z  INFO fs3_daemon::runner: done kind="embed" id=55335 left=553
2026-08-28T05:53:38.779039Z  INFO fs3_daemon::runner: done kind=scan_file subject=docs/plans/007-human-interface/plan.dd.md ms=56 left=554
2026-08-28T05:53:38.781509Z  INFO fs3_daemon::runner: batch kind="embed" subject=7 x raw jobs=1 ms=2
2026-08-28T05:53:38.787465Z  INFO fs3_daemon::runner: done kind="embed" id=55340 left=556
2026-08-28T05:53:38.852880Z  INFO fs3_daemon::runner: batch kind="embed" subject=5 x raw jobs=1 ms=1
2026-08-28T05:53:38.855124Z  INFO fs3_daemon::runner: done kind=scan_file subject=docs/services/human-render.md ms=90 left=566
2026-08-28T05:53:38.864259Z  INFO fs3_daemon::runner: done kind="embed" id=55351 left=567
2026-08-28T05:53:38.868020Z  INFO fs3_daemon::runner: done kind=scan_file subject=docs/services/event-stream.md ms=129 left=567
2026-08-28T05:53:38.876173Z  INFO fs3_daemon::runner: batch kind="embed" subject=13 x raw jobs=1 ms=2
2026-08-28T05:53:38.878901Z  INFO fs3_daemon::runner: done kind=summarize subject=crates/cli/src/client.rs::DaemonClient ms=10 left=574
2026-08-28T05:53:38.882642Z  INFO fs3_daemon::runner: done kind="embed" id=55357 left=574
2026-08-28T05:53:38.885595Z  INFO fs3_daemon::runner: done kind=scan_file subject=docs/services/tui.md ms=95 left=575
2026-08-28T05:53:38.895718Z  INFO fs3_daemon::runner: batch kind="embed" subject=7 x raw jobs=1 ms=0
2026-08-28T05:53:38.895898Z  INFO fs3_daemon::runner: batch kind="embed" subject=1 x smart jobs=1 ms=1
2026-08-28T05:53:38.904997Z  INFO fs3_daemon::runner: done kind=summarize subject=crates/cli/src/conversation.rs::Header ms=18 left=580
2026-08-28T05:53:38.905351Z  INFO fs3_daemon::runner: done kind="embed" id=55367 left=580
2026-08-28T05:53:38.910065Z  INFO fs3_daemon::runner: done kind="embed" id=55363 left=582
2026-08-28T05:53:38.919420Z  INFO fs3_daemon::runner: batch kind="embed" subject=1 x smart jobs=1 ms=0
2026-08-28T05:53:38.925989Z  INFO fs3_daemon::runner: done kind="embed" id=55374 left=587
2026-08-28T05:53:38.939706Z  INFO fs3_daemon::runner: done kind=scan_file subject=crates/daemon/src/ask.rs ms=104 left=587
2026-08-28T05:53:38.943415Z  INFO fs3_daemon::runner: done kind=summarize subject=crates/cli/src/conversation.rs::read ms=29 left=587
2026-08-28T05:53:38.954038Z  INFO fs3_daemon::runner: batch kind="embed" subject=1 x smart jobs=1 ms=1
2026-08-28T05:53:38.955982Z  INFO fs3_daemon::runner: done kind=summarize subject=crates/cli/src/conversation.rs::shape_turn ms=8 left=589
2026-08-28T05:53:38.972486Z  INFO fs3_daemon::runner: batch kind="embed" subject=31 x raw jobs=2 ms=19
2026-08-28T05:53:38.975353Z  INFO fs3_daemon::runner: done kind="embed" id=55384 left=595
2026-08-28T05:53:38.979397Z  INFO fs3_daemon::runner: done kind="embed" id=55383 left=595
2026-08-28T05:53:38.985782Z  INFO fs3_daemon::runner: done kind="embed" id=55385 left=596
2026-08-28T05:53:38.987419Z  INFO fs3_daemon::runner: done kind=scan_file subject=docs/reference/error-codes.md ms=168 left=595
2026-08-28T05:53:38.992603Z  INFO fs3_daemon::runner: batch kind="embed" subject=1 x smart jobs=1 ms=1
2026-08-28T05:53:39.000172Z  INFO fs3_daemon::runner: done kind=summarize subject=crates/cli/src/conversation.rs::mint_guid ms=11 left=595
2026-08-28T05:53:39.000197Z  INFO fs3_daemon::runner: batch kind="embed" subject=23 x raw jobs=2 ms=8
2026-08-28T05:53:39.002923Z  INFO fs3_daemon::runner: done kind="embed" id=55395 left=594
2026-08-28T05:53:39.007925Z  INFO fs3_daemon::runner: done kind="embed" id=55400 left=593
2026-08-28T05:53:39.013021Z  INFO fs3_daemon::runner: done kind="embed" id=55389 left=592
2026-08-28T05:53:39.022979Z  INFO fs3_daemon::runner: batch kind="embed" subject=1 x smart jobs=1 ms=0
2026-08-28T05:53:39.026617Z  INFO fs3_daemon::runner: done kind="embed" id=55401 left=592
2026-08-28T05:53:39.027385Z  INFO fs3_daemon::runner: done kind=summarize subject=crates/cli/src/conversation.rs::now ms=9 left=591
2026-08-28T05:53:39.034920Z  INFO fs3_daemon::runner: batch kind="embed" subject=1 x smart jobs=1 ms=0
2026-08-28T05:53:39.038344Z  INFO fs3_daemon::runner: done kind="embed" id=55402 left=591
2026-08-28T05:53:39.040103Z  INFO fs3_daemon::runner: done kind=summarize subject=crates/cli/src/conversation.rs::tests ms=8 left=590
2026-08-28T05:53:39.045908Z  INFO fs3_daemon::runner: batch kind="embed" subject=1 x smart jobs=1 ms=0
2026-08-28T05:53:39.049349Z  INFO fs3_daemon::runner: done kind="embed" id=55403 left=589
2026-08-28T05:53:39.050071Z  INFO fs3_daemon::runner: done kind=summarize subject=crates/cli/src/conversation.rs::tests::import ms=8 left=589
2026-08-28T05:53:39.065384Z  INFO fs3_daemon::runner: batch kind="embed" subject=1 x smart jobs=1 ms=0
2026-08-28T05:53:39.068517Z  INFO fs3_daemon::runner: done kind="embed" id=55404 left=589
2026-08-28T05:53:39.069679Z  INFO fs3_daemon::runner: done kind=summarize subject=crates/cli/src/docs.rs::Topic ms=9 left=588
2026-08-28T05:53:39.075762Z  INFO fs3_daemon::runner: batch kind="embed" subject=1 x smart jobs=1 ms=0
2026-08-28T05:53:39.078793Z  INFO fs3_daemon::runner: done kind="embed" id=55405 left=588
2026-08-28T05:53:39.079535Z  INFO fs3_daemon::runner: done kind=summarize subject=crates/cli/src/conversation.rs::tests::a_bare_stream_of_turns_is_a_legal_transcript ms=7 left=587
2026-08-28T05:53:39.084728Z  INFO fs3_daemon::runner: batch kind="embed" subject=1 x smart jobs=1 ms=0
2026-08-28T05:53:39.088433Z  INFO fs3_daemon::runner: done kind="embed" id=55406 left=587
2026-08-28T05:53:39.089642Z  INFO fs3_daemon::runner: done kind=summarize subject=crates/cli/src/docs.rs::TopicPage ms=7 left=586
2026-08-28T05:53:39.098579Z  INFO fs3_daemon::runner: batch kind="embed" subject=1 x smart jobs=1 ms=1
2026-08-28T05:53:39.102421Z  INFO fs3_daemon::runner: done kind="embed" id=55407 left=586
2026-08-28T05:53:39.103527Z  INFO fs3_daemon::runner: done kind=summarize subject=crates/cli/src/conversation.rs::tests::the_same_transcript_mints_the_same_guid ms=9 left=585
2026-08-28T05:53:39.110935Z  INFO fs3_daemon::runner: batch kind="embed" subject=1 x smart jobs=1 ms=1
2026-08-28T05:53:39.115772Z  INFO fs3_daemon::runner: done kind="embed" id=55408 left=585
2026-08-28T05:53:39.121364Z  INFO fs3_daemon::runner: done kind=summarize subject=crates/cli/src/docs.rs::list ms=15 left=584
2026-08-28T05:53:39.123136Z  INFO fs3_daemon::runner: batch kind="embed" subject=1 x smart jobs=1 ms=1
2026-08-28T05:53:39.135430Z  INFO fs3_daemon::runner: done kind=summarize subject=crates/cli/src/docs.rs::get ms=15 left=583
2026-08-28T05:53:39.135855Z  INFO fs3_daemon::runner: done kind="embed" id=55409 left=583
2026-08-28T05:53:39.148088Z  INFO fs3_daemon::runner: batch kind="embed" subject=1 x smart jobs=1 ms=0
2026-08-28T05:53:39.159083Z  INFO fs3_daemon::runner: done kind="embed" id=55410 left=583
2026-08-28T05:53:39.161559Z  INFO fs3_daemon::runner: done kind=summarize subject=crates/cli/src/doctor.rs::Step ms=20 left=582
2026-08-28T05:53:39.171017Z  INFO fs3_daemon::runner: batch kind="embed" subject=1 x smart jobs=1 ms=1
2026-08-28T05:53:39.184996Z  INFO fs3_daemon::runner: done kind="embed" id=55411 left=582
2026-08-28T05:53:39.186951Z  INFO fs3_daemon::runner: done kind=summarize subject=crates/cli/src/conversation.rs::tests::a_grown_transcript_keeps_its_guid_and_extends_its_numbering ms=22 left=581
2026-08-28T05:53:39.200853Z  INFO fs3_daemon::runner: batch kind="embed" subject=1 x smart jobs=1 ms=2
2026-08-28T05:53:39.205602Z  INFO fs3_daemon::runner: done kind="embed" id=55412 left=581
2026-08-28T05:53:39.207027Z  INFO fs3_daemon::runner: done kind=summarize subject=crates/cli/src/docs.rs::tests ms=12 left=580
2026-08-28T05:53:39.220711Z  INFO fs3_daemon::runner: batch kind="embed" subject=1 x smart jobs=1 ms=0
2026-08-28T05:53:39.227095Z  INFO fs3_daemon::runner: done kind="embed" id=55413 left=580
2026-08-28T05:53:39.231775Z  INFO fs3_daemon::runner: done kind=summarize subject=crates/cli/src/conversation.rs::tests::a_dialect_carrying_its_own_numbering_and_items_is_kept ms=17 left=579
2026-08-28T05:53:39.242808Z  INFO fs3_daemon::runner: batch kind="embed" subject=1 x smart jobs=1 ms=0
2026-08-28T05:53:39.248398Z  INFO fs3_daemon::runner: done kind="embed" id=55414 left=578
2026-08-28T05:53:39.248644Z  INFO fs3_daemon::runner: done kind=summarize subject=crates/cli/src/docs.rs::tests::every_topic_is_listed_with_a_real_size ms=13 left=578
2026-08-28T05:53:39.253728Z  INFO fs3_daemon::runner: batch kind="embed" subject=1 x smart jobs=1 ms=0
2026-08-28T05:53:39.259047Z  INFO fs3_daemon::runner: done kind="embed" id=55415 left=578
2026-08-28T05:53:39.260254Z  INFO fs3_daemon::runner: done kind=summarize subject=crates/cli/src/conversation.rs::tests::now_is_rfc_3339_in_utc ms=9 left=577
2026-08-28T05:53:39.294156Z  INFO fs3_daemon::runner: batch kind="embed" subject=1 x smart jobs=1 ms=0
2026-08-28T05:53:39.303616Z  INFO fs3_daemon::runner: done kind="embed" id=55416 left=577
2026-08-28T05:53:39.304546Z  INFO fs3_daemon::runner: done kind=summarize subject=crates/cli/src/docs.rs::tests::an_unknown_topic_is_a_404_that_lists_the_real_ones ms=19 left=576
2026-08-28T05:53:39.317110Z  INFO fs3_daemon::runner: batch kind="embed" subject=1 x smart jobs=1 ms=1
2026-08-28T05:53:39.322362Z  INFO fs3_daemon::runner: done kind=summarize subject=crates/cli/src/docs.rs::tests::topic_names_are_unique_and_related_links_resolve ms=12 left=576
2026-08-28T05:53:39.323918Z  INFO fs3_daemon::runner: done kind="embed" id=55417 left=575
2026-08-28T05:53:39.336051Z  INFO fs3_daemon::runner: batch kind="embed" subject=1 x smart jobs=1 ms=0
2026-08-28T05:53:39.347353Z  INFO fs3_daemon::runner: done kind=summarize subject=crates/cli/src/main.rs::Command ms=16 left=574
2026-08-28T05:53:39.348828Z  INFO fs3_daemon::runner: done kind="embed" id=55418 left=574
2026-08-28T05:53:39.368688Z  INFO fs3_daemon::runner: batch kind="embed" subject=1 x smart jobs=1 ms=1
2026-08-28T05:53:39.374219Z  INFO fs3_daemon::runner: done kind=summarize subject=crates/cli/src/main.rs::ConversationCommand ms=17 left=574
2026-08-28T05:53:39.375614Z  INFO fs3_daemon::runner: done kind="embed" id=55419 left=573
2026-08-28T05:53:39.398751Z  INFO fs3_daemon::runner: batch kind="embed" subject=1 x smart jobs=1 ms=0
2026-08-28T05:53:39.405744Z  INFO fs3_daemon::runner: done kind=summarize subject=crates/cli/src/main.rs::main ms=27 left=573
2026-08-28T05:53:39.406498Z  INFO fs3_daemon::runner: done kind="embed" id=55420 left=572
2026-08-28T05:53:39.414478Z  INFO fs3_daemon::runner: batch kind="embed" subject=1 x smart jobs=1 ms=0
2026-08-28T05:53:39.421975Z  INFO fs3_daemon::runner: done kind="embed" id=55421 left=572
2026-08-28T05:53:39.423669Z  INFO fs3_daemon::runner: done kind=summarize subject=crates/cli/src/main.rs::boot ms=13 left=571
2026-08-28T05:53:39.437263Z  INFO fs3_daemon::runner: batch kind="embed" subject=1 x smart jobs=1 ms=0
2026-08-28T05:53:39.442551Z  INFO fs3_daemon::runner: done kind=summarize subject=crates/cli/src/main.rs::run ms=14 left=571
2026-08-28T05:53:39.443944Z  INFO fs3_daemon::runner: done kind="embed" id=55422 left=570
2026-08-28T05:53:39.466118Z  INFO fs3_daemon::runner: batch kind="embed" subject=1 x smart jobs=1 ms=4
2026-08-28T05:53:39.470145Z  INFO fs3_daemon::runner: done kind=summarize subject=crates/cli/src/main.rs::emit ms=21 left=570
2026-08-28T05:53:39.471348Z  INFO fs3_daemon::runner: done kind="embed" id=55423 left=569
2026-08-28T05:53:39.484873Z  INFO fs3_daemon::runner: batch kind="embed" subject=1 x smart jobs=1 ms=1
2026-08-28T05:53:39.490497Z  INFO fs3_daemon::runner: done kind="embed" id=55424 left=569
2026-08-28T05:53:39.494489Z  INFO fs3_daemon::runner: done kind=summarize subject=crates/cli/src/main.rs::config_show ms=15 left=568
2026-08-28T05:53:39.502455Z  INFO fs3_daemon::runner: batch kind="embed" subject=1 x smart jobs=1 ms=0
2026-08-28T05:53:39.506977Z  INFO fs3_daemon::runner: done kind=summarize subject=crates/cli/src/main.rs::ping ms=10 left=568
2026-08-28T05:53:39.507617Z  INFO fs3_daemon::runner: done kind="embed" id=55425 left=567
2026-08-28T05:53:39.516327Z  INFO fs3_daemon::runner: batch kind="embed" subject=1 x smart jobs=1 ms=0
2026-08-28T05:53:39.521594Z  INFO fs3_daemon::runner: done kind="embed" id=55426 left=567
2026-08-28T05:53:39.526513Z  INFO fs3_daemon::runner: done kind=summarize subject=crates/cli/src/main.rs::tests ms=13 left=566
2026-08-28T05:53:39.537729Z  INFO fs3_daemon::runner: batch kind="embed" subject=1 x smart jobs=1 ms=1
2026-08-28T05:53:39.542944Z  INFO fs3_daemon::runner: done kind="embed" id=55427 left=566
2026-08-28T05:53:39.554121Z  INFO fs3_daemon::runner: done kind=summarize subject=crates/cli/src/settings.rs::load_effective_from ms=25 left=565
2026-08-28T05:53:39.604941Z  INFO fs3_daemon::runner: batch kind="embed" subject=1 x smart jobs=1 ms=1
2026-08-28T05:53:39.619262Z  INFO fs3_daemon::runner: done kind="embed" id=55428 left=564
2026-08-28T05:53:39.619789Z  INFO fs3_daemon::runner: done kind=summarize subject=crates/cli/src/settings.rs::load_secrets_from ms=62 left=564
2026-08-28T05:53:39.636802Z  INFO fs3_daemon::runner: batch kind="embed" subject=1 x smart jobs=1 ms=0
2026-08-28T05:53:39.654797Z  INFO fs3_daemon::runner: done kind="embed" id=55429 left=564
2026-08-28T05:53:39.659868Z  INFO fs3_daemon::runner: done kind=summarize subject=crates/cli/src/show.rs::render ms=34 left=563
2026-08-28T05:53:39.672709Z  INFO fs3_daemon::runner: batch kind="embed" subject=1 x smart jobs=1 ms=0
2026-08-28T05:53:39.678420Z  INFO fs3_daemon::runner: done kind=summarize subject=crates/cli/src/show.rs::key_status ms=15 left=563
2026-08-28T05:53:39.680726Z  INFO fs3_daemon::runner: done kind="embed" id=55430 left=562
2026-08-28T05:53:39.704269Z  INFO fs3_daemon::runner: batch kind="embed" subject=1 x smart jobs=1 ms=0
2026-08-28T05:53:39.710992Z  INFO fs3_daemon::runner: done kind=summarize subject=crates/cli/src/show.rs::missing_key_variables ms=20 left=562
2026-08-28T05:53:39.724112Z  INFO fs3_daemon::runner: done kind="embed" id=55431 left=561
2026-08-28T05:53:39.857789Z  INFO fs3_daemon::runner: batch kind="embed" subject=1 x smart jobs=1 ms=0
2026-08-28T05:53:39.877256Z  INFO fs3_daemon::runner: done kind=summarize subject=crates/cli/src/show.rs::tests ms=66 left=560
2026-08-28T05:53:39.877366Z  INFO fs3_daemon::runner: done kind="embed" id=55432 left=560
2026-08-28T05:53:39.941196Z  INFO fs3_daemon::runner: batch kind="embed" subject=1 x smart jobs=1 ms=0
2026-08-28T05:53:39.988090Z  INFO fs3_daemon::runner: done kind="embed" id=55433 left=559
2026-08-28T05:53:39.988217Z  INFO fs3_daemon::runner: done kind=summarize subject=crates/cli/src/show.rs::tests::effective ms=88 left=559
2026-08-28T05:53:40.031567Z  INFO fs3_daemon::runner: batch kind="embed" subject=1 x smart jobs=1 ms=2
2026-08-28T05:53:40.040375Z  INFO fs3_daemon::runner: done kind=summarize subject=crates/cli/src/show.rs::tests::every_section_reports_the_layer_it_came_from ms=26 left=559
2026-08-28T05:53:40.054845Z  INFO fs3_daemon::runner: done kind="embed" id=55434 left=558
2026-08-28T05:53:40.076959Z  INFO fs3_daemon::runner: batch kind="embed" subject=1 x smart jobs=1 ms=1
2026-08-28T05:53:40.125015Z  INFO fs3_daemon::runner: done kind="embed" id=55435 left=558
2026-08-28T05:53:40.147369Z  INFO fs3_daemon::runner: done kind=summarize subject=crates/cli/src/show.rs::tests::an_ignored_section_is_named_in_the_header ms=78 left=557
2026-08-28T05:53:40.187098Z  INFO fs3_daemon::runner: batch kind="embed" subject=1 x smart jobs=1 ms=0
2026-08-28T05:53:40.208169Z  INFO fs3_daemon::runner: done kind="embed" id=55436 left=557
2026-08-28T05:53:40.223804Z  INFO fs3_daemon::runner: done kind=summarize subject=crates/cli/src/show.rs::tests::a_repo_override_is_shown_next_to_the_default ms=57 left=556
2026-08-28T05:53:40.252189Z  INFO fs3_daemon::runner: batch kind="embed" subject=1 x smart jobs=1 ms=0
2026-08-28T05:53:40.267664Z  INFO fs3_daemon::runner: done kind=summarize subject=crates/cli/src/show.rs::tests::an_unreferenced_instance_never_asks_for_a_key ms=41 left=556
2026-08-28T05:53:40.292218Z  INFO fs3_daemon::runner: done kind="embed" id=55437 left=555
2026-08-28T05:53:40.318913Z  INFO fs3_daemon::runner: batch kind="embed" subject=1 x smart jobs=1 ms=0
2026-08-28T05:53:40.356356Z  INFO fs3_daemon::runner: done kind="embed" id=55438 left=555
2026-08-28T05:53:40.365068Z  INFO fs3_daemon::runner: done kind=summarize subject=crates/cli/src/show.rs::tests::the_paths_are_named_so_the_user_knows_what_to_edit ms=58 left=554
2026-08-28T05:53:40.397043Z  INFO fs3_daemon::runner: batch kind="embed" subject=1 x smart jobs=1 ms=1
2026-08-28T05:53:40.420060Z  INFO fs3_daemon::runner: done kind="embed" id=55439 left=554
2026-08-28T05:53:40.429789Z  INFO fs3_daemon::runner: done kind=summarize subject=AGENTS.md::flowspace3 — agent guide ms=55 left=553
2026-08-28T05:53:40.468238Z  INFO fs3_daemon::runner: batch kind="embed" subject=1 x smart jobs=1 ms=0
2026-08-28T05:53:40.520019Z  INFO fs3_daemon::runner: done kind="embed" id=55440 left=553
2026-08-28T05:53:40.541113Z  INFO fs3_daemon::runner: done kind=summarize subject=AGENTS.md::flowspace3 — agent guide::Dogfood the product — this is NOT optional ms=82 left=552
2026-08-28T05:53:40.560351Z  INFO fs3_daemon::runner: batch kind="embed" subject=1 x smart jobs=1 ms=0
2026-08-28T05:53:40.568287Z  INFO fs3_daemon::runner: done kind=summarize subject=AGENTS.md::flowspace3 — agent guide::Engineering harness ms=18 left=552
2026-08-28T05:53:40.572122Z  INFO fs3_daemon::runner: done kind="embed" id=55441 left=551
2026-08-28T05:53:40.585250Z  INFO fs3_daemon::runner: batch kind="embed" subject=1 x smart jobs=1 ms=1
2026-08-28T05:53:40.589782Z  INFO fs3_daemon::runner: done kind="embed" id=55442 left=551
2026-08-28T05:53:40.595348Z  INFO fs3_daemon::runner: done kind=summarize subject=crates/cli/docs/agents.md::fs3 for agents ms=18 left=550
2026-08-28T05:53:40.606590Z  INFO fs3_daemon::runner: batch kind="embed" subject=1 x smart jobs=1 ms=0
2026-08-28T05:53:40.610296Z  INFO fs3_daemon::runner: done kind=summarize subject=AGENTS.md::flowspace3 — agent guide::Engineering harness::Capture friction the moment it happens ms=13 left=550
2026-08-28T05:53:40.612923Z  INFO fs3_daemon::runner: done kind="embed" id=55443 left=549
2026-08-28T05:53:40.624778Z  INFO fs3_daemon::runner: batch kind="embed" subject=1 x smart jobs=1 ms=0
2026-08-28T05:53:40.628152Z  INFO fs3_daemon::runner: done kind="embed" id=55444 left=549
2026-08-28T05:53:40.629911Z  INFO fs3_daemon::runner: done kind=summarize subject=crates/cli/docs/agents.md::fs3 for agents::The loop ms=11 left=548
2026-08-28T05:53:40.636241Z  INFO fs3_daemon::runner: batch kind="embed" subject=1 x smart jobs=1 ms=0
2026-08-28T05:53:40.640177Z  INFO fs3_daemon::runner: done kind="embed" id=55445 left=548
2026-08-28T05:53:40.641575Z  INFO fs3_daemon::runner: done kind=summarize subject=AGENTS.md::flowspace3 — agent guide::Coming in cold? Read the operating manual ms=9 left=547
2026-08-28T05:53:40.650356Z  INFO fs3_daemon::runner: batch kind="embed" subject=1 x smart jobs=1 ms=1
2026-08-28T05:53:40.655058Z  INFO fs3_daemon::runner: done kind="embed" id=55446 left=547
2026-08-28T05:53:40.657590Z  INFO fs3_daemon::runner: done kind=summarize subject=crates/cli/docs/agents.md::fs3 for agents::Storing what you learned ms=14 left=546
2026-08-28T05:53:40.722806Z  INFO fs3_daemon::runner: batch kind="embed" subject=1 x smart jobs=1 ms=0
2026-08-28T05:53:40.744192Z  INFO fs3_daemon::runner: done kind="embed" id=55447 left=545
2026-08-28T05:53:40.744323Z  INFO fs3_daemon::runner: done kind=summarize subject=crates/cli/docs/read.md::get / tree ms=60 left=545
2026-08-28T05:53:40.845899Z  INFO fs3_daemon::runner: batch kind="embed" subject=1 x smart jobs=1 ms=4
2026-08-28T05:53:40.875761Z  INFO fs3_daemon::runner: done kind=summarize subject=AGENTS.md::flowspace3 — agent guide::Working model: worktree-per-coder + PRs (since 2026-08-27) ms=59 left=544
2026-08-28T05:53:40.876452Z  INFO fs3_daemon::runner: done kind="embed" id=55448 left=544
2026-08-28T05:53:40.958734Z  INFO fs3_daemon::runner: batch kind="embed" subject=1 x smart jobs=1 ms=3
2026-08-28T05:53:41.001987Z  INFO fs3_daemon::runner: done kind="embed" id=55449 left=543
2026-08-28T05:53:41.006164Z  INFO fs3_daemon::runner: done kind=summarize subject=crates/cli/docs/agents.md::fs3 for agents::Finished with a repo ms=86 left=543
2026-08-28T05:53:41.085405Z  INFO fs3_daemon::runner: batch kind="embed" subject=1 x smart jobs=1 ms=9
2026-08-28T05:53:41.110420Z  INFO fs3_daemon::runner: done kind=summarize subject=AGENTS.md::flowspace3 — agent guide::Committing in this repo ms=69 left=543
2026-08-28T05:53:41.122746Z  INFO fs3_daemon::runner: done kind="embed" id=55450 left=542
2026-08-28T05:53:41.226219Z  INFO fs3_daemon::runner: batch kind="embed" subject=1 x smart jobs=1 ms=1
2026-08-28T05:53:41.253530Z  INFO fs3_daemon::runner: done kind=summarize subject=crates/cli/docs/search.md::search ms=89 left=541
2026-08-28T05:53:41.256363Z  INFO fs3_daemon::runner: done kind="embed" id=55451 left=541
2026-08-28T05:53:41.320709Z  INFO fs3_daemon::runner: batch kind="embed" subject=1 x smart jobs=1 ms=6
2026-08-28T05:53:41.364747Z  INFO fs3_daemon::runner: done kind="embed" id=55452 left=540
2026-08-28T05:53:41.366710Z  INFO fs3_daemon::runner: done kind=summarize subject=crates/cli/docs/agents.md::fs3 for agents::First run: you will have no real provider ms=87 left=540
2026-08-28T05:53:41.424777Z  INFO fs3_daemon::runner: batch kind="embed" subject=1 x smart jobs=1 ms=11
2026-08-28T05:53:41.472197Z  INFO fs3_daemon::runner: done kind=summarize subject=crates/cli/docs/read.md::get / tree::Output shape ms=79 left=540
2026-08-28T05:53:41.475665Z  INFO fs3_daemon::runner: done kind="embed" id=55453 left=539
2026-08-28T05:53:41.515597Z  INFO fs3_daemon::runner: batch kind="embed" subject=1 x smart jobs=1 ms=2
2026-08-28T05:53:41.525797Z  INFO fs3_daemon::runner: done kind="embed" id=55454 left=539
2026-08-28T05:53:41.535446Z  INFO fs3_daemon::runner: done kind=summarize subject=crates/cli/docs/search.md::search::Flags ms=37 left=538
2026-08-28T05:53:41.578913Z  INFO fs3_daemon::runner: batch kind="embed" subject=1 x smart jobs=1 ms=1
2026-08-28T05:53:41.595101Z  INFO fs3_daemon::runner: done kind=summarize subject=crates/cli/docs/read.md::get / tree::Addresses ms=29 left=538
2026-08-28T05:53:41.601842Z  INFO fs3_daemon::runner: done kind="embed" id=55455 left=537
2026-08-28T05:53:41.621603Z  INFO fs3_daemon::runner: batch kind="embed" subject=1 x smart jobs=1 ms=2
2026-08-28T05:53:41.631563Z  INFO fs3_daemon::runner: done kind="embed" id=55456 left=537
2026-08-28T05:53:41.651410Z  INFO fs3_daemon::runner: done kind=summarize subject=crates/cli/docs/agents.md::fs3 for agents::Every command answers one envelope ms=38 left=536
2026-08-28T05:53:41.680939Z  INFO fs3_daemon::runner: batch kind="embed" subject=1 x smart jobs=1 ms=3
2026-08-28T05:53:41.700244Z  INFO fs3_daemon::runner: done kind=summarize subject=crates/cli/docs/search.md::search::Reading a hit ms=49 left=536
2026-08-28T05:53:41.723659Z  INFO fs3_daemon::runner: done kind="embed" id=55457 left=535
2026-08-28T05:53:41.785324Z  INFO fs3_daemon::runner: progress phase="working" scanned=5089 scan_left=0 summarized=10115 summarize_left=534 embedded=16714 embed_left=1 failed=0
2026-08-28T05:53:41.804076Z  INFO fs3_daemon::runner: batch kind="embed" subject=1 x smart jobs=1 ms=1
2026-08-28T05:53:41.831966Z  INFO fs3_daemon::runner: done kind=summarize subject=crates/cli/skills/flowspace/SKILL.md::flowspace — search code by meaning ms=67 left=535
2026-08-28T05:53:41.844780Z  INFO fs3_daemon::runner: done kind="embed" id=55458 left=534
2026-08-28T05:53:41.933111Z  INFO fs3_daemon::runner: batch kind="embed" subject=1 x smart jobs=1 ms=15
2026-08-28T05:53:41.944642Z  INFO fs3_daemon::runner: done kind=summarize subject=crates/cli/docs/read.md::get / tree::get ms=64 left=534
2026-08-28T05:53:41.958661Z  INFO fs3_daemon::runner: done kind="embed" id=55459 left=533
2026-08-28T05:53:42.022386Z  INFO fs3_daemon::runner: batch kind="embed" subject=1 x smart jobs=1 ms=1
2026-08-28T05:53:42.038262Z  INFO fs3_daemon::runner: done kind="embed" id=55460 left=533
2026-08-28T05:53:42.041914Z  INFO fs3_daemon::runner: done kind=summarize subject=crates/cli/docs/search.md::search::Two spaces, one table ms=61 left=532
2026-08-28T05:53:42.055317Z  INFO fs3_daemon::runner: batch kind="embed" subject=1 x smart jobs=1 ms=1
2026-08-28T05:53:42.094857Z  INFO fs3_daemon::runner: done kind="embed" id=55461 left=532
2026-08-28T05:53:42.099673Z  INFO fs3_daemon::runner: done kind=summarize subject=crates/cli/docs/agents.md::fs3 for agents::Reading a search result ms=50 left=531
2026-08-28T05:53:42.192598Z  INFO fs3_daemon::runner: batch kind="embed" subject=1 x smart jobs=1 ms=21
2026-08-28T05:53:42.231487Z  INFO fs3_daemon::runner: done kind="embed" id=55462 left=530
2026-08-28T05:53:42.233609Z  INFO fs3_daemon::runner: done kind=summarize subject=crates/cli/skills/flowspace/SKILL.md::flowspace — search code by meaning::1. Detect ms=108 left=530
2026-08-28T05:53:42.260109Z  INFO fs3_daemon::runner: batch kind="embed" subject=1 x smart jobs=1 ms=2
2026-08-28T05:53:42.284489Z  INFO fs3_daemon::runner: done kind="embed" id=55463 left=530
2026-08-28T05:53:42.293117Z  INFO fs3_daemon::runner: done kind=summarize subject=crates/cli/docs/read.md::get / tree::tree ms=42 left=529
2026-08-28T05:53:42.324415Z  INFO fs3_daemon::runner: batch kind="embed" subject=1 x smart jobs=1 ms=0
2026-08-28T05:53:42.365425Z  INFO fs3_daemon::runner: done kind="embed" id=55464 left=529
2026-08-28T05:53:42.404518Z  INFO fs3_daemon::runner: done kind=summarize subject=crates/cli/skills/flowspace/SKILL.md::flowspace — search code by meaning::2. Install ms=97 left=528
2026-08-28T05:53:42.444921Z  INFO fs3_daemon::runner: batch kind="embed" subject=1 x smart jobs=1 ms=1
2026-08-28T05:53:42.499435Z  INFO fs3_daemon::runner: done kind="embed" id=55465 left=528
2026-08-28T05:53:42.511634Z  INFO fs3_daemon::runner: done kind=summarize subject=crates/cli/docs/search.md::search::Things that surprise people ms=92 left=527
2026-08-28T05:53:42.563227Z  INFO fs3_daemon::runner: batch kind="embed" subject=1 x smart jobs=1 ms=7
2026-08-28T05:53:42.593596Z  INFO fs3_daemon::runner: done kind="embed" id=55466 left=527
2026-08-28T05:53:42.612331Z  INFO fs3_daemon::runner: done kind=summarize subject=crates/cli/docs/agents.md::fs3 for agents::Things that will save you a wrong turn ms=85 left=526
2026-08-28T05:53:42.675336Z  INFO fs3_daemon::runner: batch kind="embed" subject=1 x smart jobs=1 ms=0
2026-08-28T05:53:42.702806Z  INFO fs3_daemon::runner: done kind="embed" id=55467 left=526
2026-08-28T05:53:42.714626Z  INFO fs3_daemon::runner: done kind=summarize subject=crates/cli/docs/read.md::get / tree::One address, two elements ms=68 left=525
2026-08-28T05:53:42.766106Z  INFO fs3_daemon::runner: batch kind="embed" subject=1 x smart jobs=1 ms=10
2026-08-28T05:53:42.793910Z  INFO fs3_daemon::runner: done kind="embed" id=55468 left=525
2026-08-28T05:53:42.821358Z  INFO fs3_daemon::runner: done kind=summarize subject=crates/cli/skills/flowspace/SKILL.md::flowspace — search code by meaning::3. Learn ms=92 left=524
2026-08-28T05:53:42.886273Z  INFO fs3_daemon::runner: batch kind="embed" subject=1 x smart jobs=1 ms=1
2026-08-28T05:53:42.891574Z  INFO fs3_daemon::runner: done kind=summarize subject=crates/cli/docs/search.md::search::Scope: a bare search is about where you are ms=24 left=524
2026-08-28T05:53:42.893744Z  INFO fs3_daemon::runner: done kind="embed" id=55469 left=523
2026-08-28T05:53:42.905846Z  INFO fs3_daemon::runner: batch kind="embed" subject=1 x smart jobs=1 ms=1
2026-08-28T05:53:42.912800Z  INFO fs3_daemon::runner: done kind="embed" id=55470 left=523
2026-08-28T05:53:42.915338Z  INFO fs3_daemon::runner: done kind=summarize subject=crates/cli/docs/read.md::get / tree::Scope: what "here" means ms=16 left=522
2026-08-28T05:53:42.922320Z  INFO fs3_daemon::runner: batch kind="embed" subject=1 x smart jobs=1 ms=0
2026-08-28T05:53:42.929442Z  INFO fs3_daemon::runner: done kind="embed" id=55471 left=522
2026-08-28T05:53:42.931926Z  INFO fs3_daemon::runner: done kind=summarize subject=crates/cli/skills/flowspace/SKILL.md::flowspace — search code by meaning::4. Search — the heart ms=15 left=521
2026-08-28T05:53:42.939888Z  INFO fs3_daemon::runner: batch kind="embed" subject=1 x smart jobs=1 ms=0
2026-08-28T05:53:42.946399Z  INFO fs3_daemon::runner: done kind="embed" id=55472 left=521
2026-08-28T05:53:42.948540Z  INFO fs3_daemon::runner: done kind=summarize subject=crates/cli/src/doctor.rs::run ms=14 left=520
2026-08-28T05:53:42.984908Z  INFO fs3_daemon::runner: batch kind="embed" subject=1 x smart jobs=1 ms=1
2026-08-28T05:53:43.007061Z  INFO fs3_daemon::runner: done kind="embed" id=55473 left=520
2026-08-28T05:53:43.009718Z  INFO fs3_daemon::runner: done kind=summarize subject=crates/cli/docs/read.md::get / tree::Errors ms=38 left=519
2026-08-28T05:53:43.025749Z  INFO fs3_daemon::runner: batch kind="embed" subject=1 x smart jobs=1 ms=1
2026-08-28T05:53:43.034927Z  INFO fs3_daemon::runner: done kind="embed" id=55474 left=519
2026-08-28T05:53:43.037805Z  INFO fs3_daemon::runner: done kind=summarize subject=crates/cli/src/doctor.rs::check_config ms=23 left=518
2026-08-28T05:53:43.045872Z  INFO fs3_daemon::runner: batch kind="embed" subject=1 x smart jobs=1 ms=1
2026-08-28T05:53:43.054283Z  INFO fs3_daemon::runner: done kind="embed" id=55475 left=518
2026-08-28T05:53:43.057509Z  INFO fs3_daemon::runner: done kind=summarize subject=crates/cli/src/client.rs::authenticated ms=16 left=517
2026-08-28T05:53:43.095008Z  INFO fs3_daemon::runner: batch kind="embed" subject=1 x smart jobs=1 ms=1
2026-08-28T05:53:43.120084Z  INFO fs3_daemon::runner: done kind=summarize subject=crates/cli/skills/flowspace/SKILL.md::flowspace — search code by meaning::4b. Get and tree — read what you found ms=59 left=516
2026-08-28T05:53:43.120650Z  INFO fs3_daemon::runner: done kind="embed" id=55476 left=516
2026-08-28T05:53:43.142906Z  INFO fs3_daemon::runner: batch kind="embed" subject=1 x smart jobs=1 ms=1
2026-08-28T05:53:43.153241Z  INFO fs3_daemon::runner: done kind="embed" id=55477 left=516
2026-08-28T05:53:43.157649Z  INFO fs3_daemon::runner: done kind=summarize subject=crates/cli/src/doctor.rs::insert_config_warning ms=25 left=515
2026-08-28T05:53:43.195861Z  INFO fs3_daemon::runner: batch kind="embed" subject=1 x smart jobs=1 ms=1
2026-08-28T05:53:43.227070Z  INFO fs3_daemon::runner: done kind="embed" id=55478 left=515
2026-08-28T05:53:43.243183Z  INFO fs3_daemon::runner: done kind=summarize subject=crates/cli/src/client.rs::authenticated::Client ms=83 left=514
2026-08-28T05:53:43.317899Z  INFO fs3_daemon::runner: batch kind="embed" subject=1 x smart jobs=1 ms=2
2026-08-28T05:53:43.348603Z  INFO fs3_daemon::runner: done kind="embed" id=55479 left=514
2026-08-28T05:53:43.364994Z  INFO fs3_daemon::runner: done kind=summarize subject=crates/cli/skills/flowspace/SKILL.md::flowspace — search code by meaning::4c. Ask — when you want an answer, not hits ms=93 left=513
2026-08-28T05:53:43.429826Z  INFO fs3_daemon::runner: batch kind="embed" subject=1 x smart jobs=1 ms=5
2026-08-28T05:53:43.435458Z  INFO fs3_daemon::runner: done kind=summarize subject=crates/cli/src/doctor.rs::walk ms=54 left=513
2026-08-28T05:53:43.440665Z  INFO fs3_daemon::runner: done kind="embed" id=55480 left=512
2026-08-28T05:53:43.459244Z  INFO fs3_daemon::runner: batch kind="embed" subject=1 x smart jobs=1 ms=1
2026-08-28T05:53:43.470017Z  INFO fs3_daemon::runner: done kind="embed" id=55481 left=512
2026-08-28T05:53:43.472250Z  INFO fs3_daemon::runner: done kind=summarize subject=crates/cli/skills/flowspace/SKILL.md::flowspace — search code by meaning::4c. Ask — when you want an answer, not hits::Scope it, or you pay to read the world ms=23 left=511
2026-08-28T05:53:43.486121Z  INFO fs3_daemon::runner: batch kind="embed" subject=1 x smart jobs=1 ms=0
2026-08-28T05:53:43.491326Z  INFO fs3_daemon::runner: done kind="embed" id=55482 left=511
2026-08-28T05:53:43.496735Z  INFO fs3_daemon::runner: done kind=summarize subject=crates/cli/src/client.rs::authenticated::Client::request ms=20 left=510
2026-08-28T05:53:43.510604Z  INFO fs3_daemon::runner: batch kind="embed" subject=1 x smart jobs=1 ms=1
2026-08-28T05:53:43.551394Z  INFO fs3_daemon::runner: done kind="embed" id=55483 left=510
2026-08-28T05:53:43.555602Z  INFO fs3_daemon::runner: done kind=summarize subject=crates/cli/src/client.rs::HealthReport ms=54 left=509
2026-08-28T05:53:43.564472Z  INFO fs3_daemon::runner: batch kind="embed" subject=1 x smart jobs=1 ms=1
2026-08-28T05:53:43.578215Z  INFO fs3_daemon::runner: done kind="embed" id=55484 left=509
2026-08-28T05:53:43.582278Z  INFO fs3_daemon::runner: done kind=summarize subject=crates/cli/skills/flowspace/SKILL.md::flowspace — search code by meaning::4c. Ask — when you want an answer, not hits::Reading the report ms=25 left=508
2026-08-28T05:53:43.596720Z  INFO fs3_daemon::runner: batch kind="embed" subject=1 x smart jobs=1 ms=0
2026-08-28T05:53:43.601166Z  INFO fs3_daemon::runner: done kind=summarize subject=crates/cli/src/doctor.rs::check_update ms=14 left=508
2026-08-28T05:53:43.603457Z  INFO fs3_daemon::runner: done kind="embed" id=55485 left=507
2026-08-28T05:53:43.624048Z  INFO fs3_daemon::runner: batch kind="embed" subject=1 x smart jobs=1 ms=0
2026-08-28T05:53:43.646018Z  INFO fs3_daemon::runner: done kind="embed" id=55486 left=506
2026-08-28T05:53:43.690320Z  INFO fs3_daemon::runner: done kind=summarize subject=crates/cli/src/client.rs::DaemonClient ms=73 left=506
2026-08-28T05:53:43.745056Z  INFO fs3_daemon::runner: done kind=summarize subject=crates/cli/skills/flowspace/SKILL.md::flowspace — search code by meaning::5. Why semantic — the judgment ms=72 left=506
2026-08-28T05:53:43.752582Z  INFO fs3_daemon::runner: batch kind="embed" subject=1 x smart jobs=1 ms=29
2026-08-28T05:53:43.763711Z  INFO fs3_daemon::runner: done kind="embed" id=55487 left=505
2026-08-28T05:53:43.790675Z  INFO fs3_daemon::runner: batch kind="embed" subject=1 x smart jobs=1 ms=1
2026-08-28T05:53:43.802255Z  INFO fs3_daemon::runner: done kind="embed" id=55488 left=505
2026-08-28T05:53:43.805353Z  INFO fs3_daemon::runner: done kind=summarize subject=crates/cli/src/doctor.rs::check_messages ms=24 left=504
2026-08-28T05:53:43.814670Z  INFO fs3_daemon::runner: batch kind="embed" subject=1 x smart jobs=1 ms=0
2026-08-28T05:53:43.821132Z  INFO fs3_daemon::runner: done kind="embed" id=55489 left=504
2026-08-28T05:53:43.825282Z  INFO fs3_daemon::runner: done kind=summarize subject=crates/cli/src/client.rs::DaemonClient::health ms=18 left=503
2026-08-28T05:53:43.874475Z  INFO fs3_daemon::runner: batch kind="embed" subject=1 x smart jobs=1 ms=2
2026-08-28T05:53:43.881164Z  INFO fs3_daemon::runner: done kind=summarize subject=crates/cli/skills/flowspace/SKILL.md::flowspace — search code by meaning::6. Failure paths ms=53 left=503
2026-08-28T05:53:43.892989Z  INFO fs3_daemon::runner: done kind="embed" id=55490 left=502
2026-08-28T05:53:43.914296Z  INFO fs3_daemon::runner: batch kind="embed" subject=1 x smart jobs=1 ms=0
2026-08-28T05:53:43.921373Z  INFO fs3_daemon::runner: done kind=summarize subject=crates/cli/src/doctor.rs::next_action ms=20 left=502
2026-08-28T05:53:43.924240Z  INFO fs3_daemon::runner: done kind="embed" id=55491 left=501
2026-08-28T05:53:43.962629Z  INFO fs3_daemon::runner: batch kind="embed" subject=1 x smart jobs=1 ms=0
2026-08-28T05:53:43.966046Z  INFO fs3_daemon::runner: done kind=summarize subject=crates/cli/src/doctor.rs::check_engine ms=15 left=501
2026-08-28T05:53:43.976322Z  INFO fs3_daemon::runner: done kind="embed" id=55492 left=500
2026-08-28T05:53:44.020996Z  INFO fs3_daemon::runner: batch kind="embed" subject=1 x smart jobs=1 ms=1
2026-08-28T05:53:44.026441Z  INFO fs3_daemon::runner: done kind=summarize subject=crates/cli/src/client.rs::DaemonClient::ask ms=22 left=500
2026-08-28T05:53:44.034941Z  INFO fs3_daemon::runner: done kind="embed" id=55493 left=499
2026-08-28T05:53:44.049180Z  INFO fs3_daemon::runner: batch kind="embed" subject=1 x smart jobs=1 ms=1
2026-08-28T05:53:44.070490Z  INFO fs3_daemon::runner: done kind="embed" id=55494 left=499
2026-08-28T05:53:44.075878Z  INFO fs3_daemon::runner: done kind=summarize subject=crates/cli/src/doctor.rs::check_stack ms=34 left=498
2026-08-28T05:53:44.095548Z  INFO fs3_daemon::runner: batch kind="embed" subject=1 x smart jobs=1 ms=1
2026-08-28T05:53:44.108915Z  INFO fs3_daemon::runner: done kind="embed" id=55495 left=498
2026-08-28T05:53:44.110887Z  INFO fs3_daemon::runner: done kind=summarize subject=crates/cli/src/main.rs::Cli ms=28 left=497
2026-08-28T05:53:44.123037Z  INFO fs3_daemon::runner: batch kind="embed" subject=1 x smart jobs=1 ms=0
2026-08-28T05:53:44.138023Z  INFO fs3_daemon::runner: done kind="embed" id=55496 left=497
2026-08-28T05:53:44.138961Z  INFO fs3_daemon::runner: done kind=summarize subject=crates/cli/src/client.rs::DaemonClient::events ms=22 left=496
2026-08-28T05:53:44.153040Z  INFO fs3_daemon::runner: batch kind="embed" subject=1 x smart jobs=1 ms=2
2026-08-28T05:53:44.176189Z  INFO fs3_daemon::runner: done kind=summarize subject=crates/cli/src/render/mod.rs::render_at_width ms=33 left=496
2026-08-28T05:53:44.180415Z  INFO fs3_daemon::runner: done kind="embed" id=55497 left=495
2026-08-28T05:53:44.213132Z  INFO fs3_daemon::runner: batch kind="embed" subject=1 x smart jobs=1 ms=1
2026-08-28T05:53:44.221196Z  INFO fs3_daemon::runner: done kind="embed" id=55498 left=495
2026-08-28T05:53:44.224607Z  INFO fs3_daemon::runner: done kind=summarize subject=crates/cli/src/client.rs::DaemonClient::get_json ms=19 left=494
2026-08-28T05:53:44.239874Z  INFO fs3_daemon::runner: batch kind="embed" subject=1 x smart jobs=1 ms=0
2026-08-28T05:53:44.248212Z  INFO fs3_daemon::runner: done kind="embed" id=55499 left=494
2026-08-28T05:53:44.253421Z  INFO fs3_daemon::runner: done kind=summarize subject=crates/cli/src/doctor.rs::check_database ms=24 left=493
2026-08-28T05:53:44.284289Z  INFO fs3_daemon::runner: batch kind="embed" subject=1 x smart jobs=1 ms=0
2026-08-28T05:53:44.292910Z  INFO fs3_daemon::runner: done kind="embed" id=55500 left=493
2026-08-28T05:53:44.324468Z  INFO fs3_daemon::runner: done kind=summarize subject=crates/cli/src/main.rs::Command ms=51 left=492
2026-08-28T05:53:44.424038Z  INFO fs3_daemon::runner: batch kind="embed" subject=1 x smart jobs=1 ms=1
2026-08-28T05:53:44.503608Z  INFO fs3_daemon::runner: done kind="embed" id=55501 left=492
2026-08-28T05:53:44.514174Z  INFO fs3_daemon::runner: done kind=summarize subject=crates/cli/src/render/mod.rs::tests ms=129 left=491
2026-08-28T05:53:44.544141Z  INFO fs3_daemon::runner: batch kind="embed" subject=1 x smart jobs=1 ms=0
2026-08-28T05:53:44.548099Z  INFO fs3_daemon::runner: done kind=summarize subject=crates/cli/src/doctor.rs::check_schema ms=29 left=491
2026-08-28T05:53:44.549947Z  INFO fs3_daemon::runner: done kind="embed" id=55502 left=490
2026-08-28T05:53:44.584757Z  INFO fs3_daemon::runner: batch kind="embed" subject=1 x smart jobs=1 ms=0
2026-08-28T05:53:44.607728Z  INFO fs3_daemon::runner: done kind="embed" id=55503 left=490
2026-08-28T05:53:44.612261Z  INFO fs3_daemon::runner: done kind=summarize subject=crates/cli/src/client.rs::DaemonClient::post ms=50 left=489
2026-08-28T05:53:44.633330Z  INFO fs3_daemon::runner: batch kind="embed" subject=1 x smart jobs=1 ms=2
2026-08-28T05:53:44.642308Z  INFO fs3_daemon::runner: done kind="embed" id=55504 left=489
2026-08-28T05:53:44.654427Z  INFO fs3_daemon::runner: done kind=summarize subject=crates/cli/src/main.rs::ConversationCommand ms=40 left=488
2026-08-28T05:53:44.677260Z  INFO fs3_daemon::runner: batch kind="embed" subject=1 x smart jobs=1 ms=0
2026-08-28T05:53:44.689200Z  INFO fs3_daemon::runner: done kind="embed" id=55505 left=488
2026-08-28T05:53:44.696545Z  INFO fs3_daemon::runner: done kind=summarize subject=crates/cli/src/render/mod.rs::tests::a_sixty_column_failure_stays_inside_its_canvas ms=37 left=487
2026-08-28T05:53:44.705149Z  INFO fs3_daemon::runner: batch kind="embed" subject=1 x smart jobs=1 ms=0
2026-08-28T05:53:44.752447Z  INFO fs3_daemon::runner: done kind="embed" id=55506 left=487
2026-08-28T05:53:44.771593Z  INFO fs3_daemon::runner: done kind=summarize subject=crates/cli/src/doctor.rs::check_daemon ms=72 left=486
2026-08-28T05:53:44.802981Z  INFO fs3_daemon::runner: batch kind="embed" subject=1 x smart jobs=1 ms=1
2026-08-28T05:53:44.812241Z  INFO fs3_daemon::runner: done kind="embed" id=55507 left=486
2026-08-28T05:53:44.816627Z  INFO fs3_daemon::runner: done kind=summarize subject=crates/cli/src/client.rs::DaemonClient::send ms=41 left=485
2026-08-28T05:53:44.888355Z  INFO fs3_daemon::runner: batch kind="embed" subject=1 x smart jobs=1 ms=0
2026-08-28T05:53:44.903619Z  INFO fs3_daemon::runner: done kind=summarize subject=crates/cli/src/main.rs::ConfigCommand ms=62 left=484
2026-08-28T05:53:44.903737Z  INFO fs3_daemon::runner: done kind="embed" id=55508 left=484
2026-08-28T05:53:44.940252Z  INFO fs3_daemon::runner: batch kind="embed" subject=1 x smart jobs=1 ms=0
2026-08-28T05:53:44.960790Z  INFO fs3_daemon::runner: done kind="embed" id=55509 left=484
2026-08-28T05:53:44.971474Z  INFO fs3_daemon::runner: done kind=summarize subject=crates/cli/src/doctor.rs::check_auth ms=41 left=483
2026-08-28T05:53:44.982449Z  INFO fs3_daemon::runner: batch kind="embed" subject=1 x smart jobs=1 ms=5
2026-08-28T05:53:44.996569Z  INFO fs3_daemon::runner: done kind="embed" id=55510 left=483
2026-08-28T05:53:45.000798Z  INFO fs3_daemon::runner: done kind=summarize subject=crates/cli/src/main.rs::DoctorCommand ms=30 left=482
2026-08-28T05:53:45.032915Z  INFO fs3_daemon::runner: batch kind="embed" subject=1 x smart jobs=1 ms=3
2026-08-28T05:53:45.046328Z  INFO fs3_daemon::runner: done kind="embed" id=55511 left=481
2026-08-28T05:53:45.046397Z  INFO fs3_daemon::runner: done kind=summarize subject=crates/cli/src/client.rs::DaemonClient::envelope ms=23 left=481
2026-08-28T05:53:45.062596Z  INFO fs3_daemon::runner: batch kind="embed" subject=1 x smart jobs=1 ms=2
2026-08-28T05:53:45.068308Z  INFO fs3_daemon::runner: done kind="embed" id=55512 left=481
2026-08-28T05:53:45.104113Z  INFO fs3_daemon::runner: done kind=summarize subject=crates/cli/src/doctor.rs::check_providers ms=49 left=480
2026-08-28T05:53:45.118287Z  INFO fs3_daemon::runner: batch kind="embed" subject=1 x smart jobs=1 ms=0
2026-08-28T05:53:45.129654Z  INFO fs3_daemon::runner: done kind="embed" id=55513 left=480
2026-08-28T05:53:45.137619Z  INFO fs3_daemon::runner: done kind=summarize subject=crates/cli/src/main.rs::main ms=32 left=479
2026-08-28T05:53:45.144871Z  INFO fs3_daemon::runner: batch kind="embed" subject=1 x smart jobs=1 ms=0
2026-08-28T05:53:45.156119Z  INFO fs3_daemon::runner: done kind="embed" id=55514 left=479
2026-08-28T05:53:45.158877Z  INFO fs3_daemon::runner: done kind=summarize subject=crates/cli/src/main.rs::boot ms=19 left=478
2026-08-28T05:53:45.178512Z  INFO fs3_daemon::runner: batch kind="embed" subject=1 x smart jobs=1 ms=2
2026-08-28T05:53:45.191813Z  INFO fs3_daemon::runner: done kind="embed" id=55515 left=478
2026-08-28T05:53:45.194216Z  INFO fs3_daemon::runner: done kind=summarize subject=crates/cli/src/client.rs::tests ms=33 left=477
2026-08-28T05:53:45.216154Z  INFO fs3_daemon::runner: batch kind="embed" subject=1 x smart jobs=1 ms=0
2026-08-28T05:53:45.242257Z  INFO fs3_daemon::runner: done kind="embed" id=55516 left=476
2026-08-28T05:53:45.271330Z  INFO fs3_daemon::runner: done kind=summarize subject=crates/cli/src/main.rs::run ms=73 left=476
2026-08-28T05:53:45.288102Z  INFO fs3_daemon::runner: done kind=summarize subject=crates/cli/src/client.rs::tests::every_daemon_verb_inherits_authorization_from_the_request_boundary ms=39 left=476
2026-08-28T05:53:45.289526Z  INFO fs3_daemon::runner: batch kind="embed" subject=1 x smart jobs=1 ms=16
2026-08-28T05:53:45.324007Z  INFO fs3_daemon::runner: done kind="embed" id=55517 left=475
2026-08-28T05:53:45.361630Z  INFO fs3_daemon::runner: batch kind="embed" subject=1 x smart jobs=1 ms=0
2026-08-28T05:53:45.370599Z  INFO fs3_daemon::runner: done kind=summarize subject=crates/cli/src/render/progress.rs::while_pending ms=31 left=475
2026-08-28T05:53:45.556608Z  INFO fs3_daemon::runner: done kind="embed" id=55518 left=474
2026-08-28T05:53:45.586875Z  INFO fs3_daemon::runner: batch kind="embed" subject=1 x smart jobs=1 ms=2
2026-08-28T05:53:45.608974Z  INFO fs3_daemon::runner: done kind="embed" id=55519 left=475
2026-08-28T05:53:45.610042Z  INFO fs3_daemon::runner: done kind=summarize subject=crates/cli/src/doctor.rs::skills_row ms=30 left=474
2026-08-28T05:53:45.656030Z  INFO fs3_daemon::runner: batch kind="embed" subject=1 x smart jobs=1 ms=0
2026-08-28T05:53:45.670730Z  INFO fs3_daemon::runner: done kind="embed" id=55521 left=473
2026-08-28T05:53:45.670804Z  INFO fs3_daemon::runner: done kind=summarize subject=crates/cli/src/client.rs::tests::a_verb_that_bypasses_the_authenticated_boundary_is_named ms=46 left=473
2026-08-28T05:53:45.684666Z  INFO fs3_daemon::runner: batch kind="embed" subject=1 x smart jobs=1 ms=3
2026-08-28T05:53:45.696755Z  INFO fs3_daemon::runner: done kind=summarize subject=crates/cli/src/render/progress.rs::consume ms=19 left=472
2026-08-28T05:53:45.698060Z  INFO fs3_daemon::runner: done kind="embed" id=55522 left=473
2026-08-28T05:53:45.731223Z  INFO fs3_daemon::runner: batch kind="embed" subject=1 x smart jobs=1 ms=0
2026-08-28T05:53:45.742291Z  INFO fs3_daemon::watch: re-listed a changed directory directory=/Users/jordanknight/substrate/flowspace/fs3-w-ask-fake/crates/daemon/src events=2 enqueued=1 settled=Quiet
2026-08-28T05:53:45.743407Z  INFO fs3_daemon::runner: done kind="embed" id=55523 left=472
2026-08-28T05:53:45.765984Z  INFO fs3_daemon::runner: done kind=summarize subject=crates/cli/src/main.rs::emit ms=51 left=471
2026-08-28T05:53:45.821169Z  INFO fs3_daemon::runner: batch kind="embed" subject=1 x smart jobs=1 ms=4
2026-08-28T05:53:45.836376Z  INFO fs3_daemon::runner: done kind="embed" id=55524 left=470
2026-08-28T05:53:45.836516Z  INFO fs3_daemon::runner: done kind=summarize subject=crates/cli/src/doctor.rs::check_skills ms=43 left=470
2026-08-28T05:53:45.845423Z  INFO fs3_daemon::worktrees: unregistered a vanished git worktree root=/Users/jordanknight/substrate/flowspace/fs3-hi-u-r
2026-08-28T05:53:45.849543Z  INFO fs3_daemon::runner: batch kind="embed" subject=1 x smart jobs=1 ms=3
2026-08-28T05:53:45.863596Z  INFO fs3_daemon::runner: done kind=summarize subject=crates/cli/src/render/progress.rs::format_event ms=23 left=469
2026-08-28T05:53:45.863738Z  INFO fs3_daemon::runner: done kind="embed" id=55525 left=469
2026-08-28T05:53:45.876540Z  INFO fs3_daemon::runner: batch kind="embed" subject=1 x smart jobs=1 ms=1
2026-08-28T05:53:45.885702Z  INFO fs3_daemon::runner: done kind="embed" id=55526 left=469
2026-08-28T05:53:45.889431Z  INFO fs3_daemon::runner: done kind=summarize subject=crates/cli/src/doctor.rs::check_logs ms=19 left=468
2026-08-28T05:53:45.915974Z  INFO fs3_daemon::runner: batch kind="embed" subject=1 x smart jobs=1 ms=9
2026-08-28T05:53:45.926173Z  INFO fs3_daemon::runner: done kind="embed" id=55527 left=468
2026-08-28T05:53:45.927393Z  INFO fs3_daemon::runner: done kind=summarize subject=crates/cli/src/main.rs::config_show ms=33 left=467
2026-08-28T05:53:45.937169Z  INFO fs3_daemon::runner: batch kind="embed" subject=1 x smart jobs=1 ms=0
2026-08-28T05:53:45.955372Z  INFO fs3_daemon::runner: done kind=summarize subject=crates/cli/src/render/progress.rs::tests ms=24 left=467
2026-08-28T05:53:45.980109Z  INFO fs3_daemon::runner: done kind="embed" id=55528 left=466
2026-08-28T05:53:46.062654Z  INFO fs3_daemon::runner: batch kind="embed" subject=1 x smart jobs=1 ms=12
2026-08-28T05:53:46.098047Z  INFO fs3_daemon::runner: done kind="embed" id=55529 left=466
2026-08-28T05:53:46.103194Z  INFO fs3_daemon::runner: done kind=summarize subject=crates/cli/src/doctor.rs::map_store ms=59 left=465
2026-08-28T05:53:46.124821Z  INFO fs3_daemon::runner: batch kind="embed" subject=1 x smart jobs=1 ms=0
2026-08-28T05:53:46.145184Z  INFO fs3_daemon::runner: done kind="embed" id=55530 left=465
2026-08-28T05:53:46.148280Z  INFO fs3_daemon::runner: done kind=summarize subject=crates/cli/src/main.rs::ping ms=42 left=464
2026-08-28T05:53:46.180510Z  INFO fs3_daemon::runner: batch kind="embed" subject=1 x smart jobs=1 ms=0
2026-08-28T05:53:46.254085Z  INFO fs3_daemon::runner: done kind="embed" id=55531 left=464
2026-08-28T05:53:46.273225Z  INFO fs3_daemon::runner: done kind=summarize subject=crates/cli/src/render/progress.rs::tests::recorded_stream_supplies_honest_counts_and_current_path ms=120 left=463
2026-08-28T05:53:46.289173Z  INFO fs3_daemon::runner: batch kind="embed" subject=1 x smart jobs=1 ms=0
2026-08-28T05:53:46.357337Z  INFO fs3_daemon::runner: done kind="embed" id=55532 left=463
2026-08-28T05:53:46.505999Z  INFO fs3_daemon::runner: done kind=summarize subject=crates/cli/src/render/surfaces/doctor.rs::render ms=223 left=462
2026-08-28T05:53:46.565425Z  INFO fs3_daemon::runner: batch kind="embed" subject=1 x smart jobs=1 ms=0
2026-08-28T05:53:46.600150Z  INFO fs3_daemon::runner: done kind=summarize subject=crates/cli/src/doctor.rs::tests ms=95 left=461
2026-08-28T05:53:46.600766Z  INFO fs3_daemon::runner: done kind="embed" id=55533 left=461
2026-08-28T05:53:46.664798Z  INFO fs3_daemon::runner: batch kind="embed" subject=1 x smart jobs=1 ms=6
2026-08-28T05:53:46.681637Z  INFO fs3_daemon::runner: done kind=summarize subject=crates/cli/src/doctor.rs::tests::a_repaired_step_records_both_the_finding_and_the_action ms=48 left=460
2026-08-28T05:53:46.681768Z  INFO fs3_daemon::runner: done kind="embed" id=55534 left=460
2026-08-28T05:53:46.817389Z  INFO fs3_daemon::runner: batch kind="embed" subject=1 x smart jobs=1 ms=8
2026-08-28T05:53:46.900927Z  INFO fs3_daemon::runner: done kind="embed" id=55535 left=459
2026-08-28T05:53:46.901298Z  INFO fs3_daemon::runner: done kind=summarize subject=crates/cli/src/doctor.rs::tests::the_logs_row_names_the_active_file_when_it_can_be_written ms=165 left=459
2026-08-28T05:53:46.958411Z  INFO fs3_daemon::runner: progress phase="working" scanned=5089 scan_left=1 summarized=10192 summarize_left=457 embedded=16791 embed_left=1 failed=0
2026-08-28T05:53:47.041765Z  INFO fs3_daemon::runner: batch kind="embed" subject=1 x smart jobs=1 ms=4
2026-08-28T05:53:47.072262Z  INFO fs3_daemon::runner: done kind=summarize subject=crates/cli/src/doctor.rs::tests::a_log_directory_that_does_not_exist_yet_is_reported_not_created ms=145 left=459
2026-08-28T05:53:47.085006Z  INFO fs3_daemon::runner: done kind="embed" id=55536 left=458
2026-08-28T05:53:47.170166Z  INFO fs3_daemon::runner: batch kind="embed" subject=1 x smart jobs=1 ms=1
2026-08-28T05:53:47.200540Z  INFO fs3_daemon::runner: done kind=summarize subject=crates/cli/src/doctor.rs::tests::an_unwritable_log_directory_warns_and_steers ms=78 left=457
2026-08-28T05:53:47.206398Z  INFO fs3_daemon::runner: done kind="embed" id=55537 left=457
2026-08-28T05:53:47.264378Z  INFO fs3_daemon::runner: batch kind="embed" subject=1 x smart jobs=1 ms=0
2026-08-28T05:53:47.283055Z  INFO fs3_daemon::runner: done kind="embed" id=55538 left=457
2026-08-28T05:53:47.292139Z  INFO fs3_daemon::runner: done kind=summarize subject=crates/cli/src/doctor.rs::tests::a_log_dir_that_is_a_file_says_so_rather_than_calling_it_missing ms=63 left=456
2026-08-28T05:53:47.327117Z  INFO fs3_daemon::runner: batch kind="embed" subject=1 x smart jobs=1 ms=10
2026-08-28T05:53:47.339974Z  INFO fs3_daemon::runner: done kind="embed" id=55539 left=456
2026-08-28T05:53:47.364901Z  INFO fs3_daemon::runner: done kind=summarize subject=crates/cli/src/doctor.rs::tests::an_ignored_config_section_reaches_a_warning_row ms=59 left=455
2026-08-28T05:53:47.454742Z  INFO fs3_daemon::runner: batch kind="embed" subject=1 x smart jobs=1 ms=1
2026-08-28T05:53:47.482187Z  INFO fs3_daemon::runner: done kind=summarize subject=crates/cli/src/doctor.rs::tests::a_down_daemon_steers_before_an_ignored_config_section ms=106 left=454
2026-08-28T05:53:47.485056Z  INFO fs3_daemon::runner: done kind="embed" id=55540 left=454
2026-08-28T05:53:47.515118Z  INFO fs3_daemon::runner: batch kind="embed" subject=1 x smart jobs=1 ms=2
2026-08-28T05:53:47.537161Z  INFO fs3_daemon::runner: done kind=summarize subject=crates/cli/src/doctor.rs::tests::the_skills_row_shapes_its_states_verbatim ms=36 left=453
2026-08-28T05:53:47.537300Z  INFO fs3_daemon::runner: done kind="embed" id=55541 left=453
2026-08-28T05:53:47.603579Z  INFO fs3_daemon::runner: batch kind="embed" subject=1 x smart jobs=1 ms=1
2026-08-28T05:53:47.611415Z  INFO fs3_daemon::runner: done kind="embed" id=55542 left=453
2026-08-28T05:53:47.616306Z  INFO fs3_daemon::runner: done kind=summarize subject=crates/cli/src/render/surfaces/failure.rs::render ms=52 left=452
2026-08-28T05:53:47.632172Z  INFO fs3_daemon::runner: batch kind="embed" subject=1 x smart jobs=1 ms=2
2026-08-28T05:53:47.654749Z  INFO fs3_daemon::runner: done kind=summarize subject=crates/cli/src/render/surfaces/failure.rs::tests ms=34 left=451
2026-08-28T05:53:47.654972Z  INFO fs3_daemon::runner: done kind="embed" id=55543 left=451
2026-08-28T05:53:47.685192Z  INFO fs3_daemon::runner: batch kind="embed" subject=1 x smart jobs=1 ms=4
2026-08-28T05:53:47.687949Z  INFO fs3_daemon::runner: done kind=summarize subject=crates/cli/src/render/surfaces/lists.rs::docs ms=17 left=451
2026-08-28T05:53:47.692670Z  INFO fs3_daemon::runner: done kind="embed" id=55544 left=450
2026-08-28T05:53:47.707556Z  INFO fs3_daemon::runner: batch kind="embed" subject=1 x smart jobs=1 ms=0
2026-08-28T05:53:47.712529Z  INFO fs3_daemon::runner: done kind="embed" id=55545 left=450
2026-08-28T05:53:47.716703Z  INFO fs3_daemon::runner: done kind=summarize subject=crates/cli/src/render/surfaces/lists.rs::agents ms=19 left=449
2026-08-28T05:53:47.724212Z  INFO fs3_daemon::runner: batch kind="embed" subject=1 x smart jobs=1 ms=0
2026-08-28T05:53:47.732007Z  INFO fs3_daemon::runner: done kind="embed" id=55546 left=449
2026-08-28T05:53:47.735343Z  INFO fs3_daemon::runner: done kind=summarize subject=crates/cli/src/render/surfaces/lists.rs::conversations ms=17 left=448
2026-08-28T05:53:47.745041Z  INFO fs3_daemon::runner: batch kind="embed" subject=1 x smart jobs=1 ms=1
2026-08-28T05:53:47.757981Z  INFO fs3_daemon::runner: done kind="embed" id=55547 left=448
2026-08-28T05:53:47.761286Z  INFO fs3_daemon::runner: done kind=summarize subject=crates/cli/src/render/surfaces/read.rs::get ms=24 left=447
2026-08-28T05:53:47.769858Z  INFO fs3_daemon::runner: batch kind="embed" subject=1 x smart jobs=1 ms=1
2026-08-28T05:53:47.773634Z  INFO fs3_daemon::runner: done kind=summarize subject=crates/cli/src/render/surfaces/read.rs::tree ms=11 left=447
2026-08-28T05:53:47.776435Z  INFO fs3_daemon::runner: done kind="embed" id=55548 left=446
2026-08-28T05:53:47.787873Z  INFO fs3_daemon::runner: batch kind="embed" subject=1 x smart jobs=1 ms=2
2026-08-28T05:53:47.796794Z  INFO fs3_daemon::runner: done kind=summarize subject=crates/cli/src/render/surfaces/read.rs::add_entries ms=15 left=445
2026-08-28T05:53:47.796882Z  INFO fs3_daemon::runner: done kind="embed" id=55549 left=445
2026-08-28T05:53:47.814244Z  INFO fs3_daemon::runner: batch kind="embed" subject=1 x smart jobs=1 ms=3
2026-08-28T05:53:47.836201Z  INFO fs3_daemon::runner: done kind=summarize subject=crates/cli/src/render/surfaces/remove.rs::remove ms=32 left=445
2026-08-28T05:53:47.843074Z  INFO fs3_daemon::runner: done kind="embed" id=55550 left=444
2026-08-28T05:53:47.854991Z  INFO fs3_daemon::runner: batch kind="embed" subject=1 x smart jobs=1 ms=0
2026-08-28T05:53:47.864971Z  INFO fs3_daemon::runner: done kind=summarize subject=crates/cli/src/render/surfaces/remove.rs::gc ms=17 left=444
2026-08-28T05:53:47.868107Z  INFO fs3_daemon::runner: done kind="embed" id=55551 left=443
2026-08-28T05:53:47.889114Z  INFO fs3_daemon::runner: batch kind="embed" subject=1 x smart jobs=1 ms=0
2026-08-28T05:53:47.902467Z  INFO fs3_daemon::runner: done kind="embed" id=55552 left=442
2026-08-28T05:53:47.904227Z  INFO fs3_daemon::runner: done kind=summarize subject=crates/cli/src/render/surfaces/roots.rs::render ms=25 left=442
2026-08-28T05:53:47.919211Z  INFO fs3_daemon::runner: batch kind="embed" subject=1 x smart jobs=1 ms=1
2026-08-28T05:53:47.930284Z  INFO fs3_daemon::runner: done kind=summarize subject=crates/cli/src/render/surfaces/search.rs::render ms=18 left=441
2026-08-28T05:53:47.931960Z  INFO fs3_daemon::runner: done kind="embed" id=55553 left=441
2026-08-28T05:53:47.949666Z  INFO fs3_daemon::runner: batch kind="embed" subject=1 x smart jobs=1 ms=6
2026-08-28T05:53:47.958316Z  INFO fs3_daemon::runner: done kind="embed" id=55554 left=441
2026-08-28T05:53:47.960831Z  INFO fs3_daemon::runner: done kind=summarize subject=crates/cli/src/render/surfaces/status.rs::render ms=24 left=440
2026-08-28T05:53:47.967466Z  INFO fs3_daemon::runner: batch kind="embed" subject=1 x smart jobs=1 ms=0
2026-08-28T05:53:47.975616Z  INFO fs3_daemon::runner: done kind="embed" id=55555 left=440
2026-08-28T05:53:47.980481Z  INFO fs3_daemon::runner: done kind=summarize subject=crates/cli/src/render/theme.rs::spans ms=19 left=439
2026-08-28T05:53:47.990811Z  INFO fs3_daemon::runner: batch kind="embed" subject=1 x smart jobs=1 ms=0
2026-08-28T05:53:47.997937Z  INFO fs3_daemon::runner: done kind=summarize subject=crates/cli/src/render/theme.rs::next_action ms=15 left=439
2026-08-28T05:53:48.000817Z  INFO fs3_daemon::runner: done kind="embed" id=55556 left=438
2026-08-28T05:53:48.010184Z  INFO fs3_daemon::runner: batch kind="embed" subject=1 x smart jobs=1 ms=0
2026-08-28T05:53:48.019334Z  INFO fs3_daemon::runner: done kind="embed" id=55557 left=438
2026-08-28T05:53:48.021542Z  INFO fs3_daemon::runner: done kind=summarize subject=crates/cli/src/render/theme.rs::score_meter ms=15 left=437
2026-08-28T05:53:48.029771Z  INFO fs3_daemon::runner: batch kind="embed" subject=1 x smart jobs=1 ms=2
2026-08-28T05:53:48.034710Z  INFO fs3_daemon::runner: done kind="embed" id=55558 left=437
2026-08-28T05:53:48.039608Z  INFO fs3_daemon::runner: done kind=summarize subject=crates/cli/src/render/theme.rs::meter ms=16 left=436
2026-08-28T05:53:48.047113Z  INFO fs3_daemon::runner: batch kind="embed" subject=1 x smart jobs=1 ms=0
2026-08-28T05:53:48.062568Z  INFO fs3_daemon::runner: done kind="embed" id=55559 left=436
2026-08-28T05:53:48.067165Z  INFO fs3_daemon::runner: done kind=summarize subject=crates/cli/src/render/theme.rs::outcome_glyph ms=24 left=435
2026-08-28T05:53:48.077429Z  INFO fs3_daemon::runner: batch kind="embed" subject=1 x smart jobs=1 ms=0
2026-08-28T05:53:48.086140Z  INFO fs3_daemon::runner: done kind="embed" id=55560 left=435
2026-08-28T05:53:48.089948Z  INFO fs3_daemon::runner: done kind=summarize subject=crates/cli/src/tui.rs::run ms=18 left=434
2026-08-28T05:53:48.098433Z  INFO fs3_daemon::runner: batch kind="embed" subject=1 x smart jobs=1 ms=2
2026-08-28T05:53:48.105712Z  INFO fs3_daemon::runner: done kind="embed" id=55561 left=434
2026-08-28T05:53:48.110682Z  INFO fs3_daemon::runner: done kind=summarize subject=crates/cli/src/render/theme.rs::tests ms=18 left=433
2026-08-28T05:53:48.122972Z  INFO fs3_daemon::runner: batch kind="embed" subject=1 x smart jobs=1 ms=0
2026-08-28T05:53:48.132356Z  INFO fs3_daemon::runner: done kind="embed" id=55562 left=433
2026-08-28T05:53:48.134450Z  INFO fs3_daemon::runner: done kind=summarize subject=crates/cli/src/tui.rs::run_loop ms=19 left=432
2026-08-28T05:53:48.153615Z  INFO fs3_daemon::runner: batch kind="embed" subject=1 x smart jobs=1 ms=0
2026-08-28T05:53:48.160472Z  INFO fs3_daemon::runner: done kind="embed" id=55563 left=432
2026-08-28T05:53:48.163741Z  INFO fs3_daemon::runner: done kind=summarize subject=crates/cli/src/tui.rs::TerminalSession ms=21 left=431
2026-08-28T05:53:48.167690Z  INFO fs3_daemon::runner: batch kind="embed" subject=1 x smart jobs=1 ms=0
2026-08-28T05:53:48.172008Z  INFO fs3_daemon::runner: done kind="embed" id=55564 left=431
2026-08-28T05:53:48.176188Z  INFO fs3_daemon::runner: done kind=summarize subject=crates/cli/src/watch.rs::run ms=11 left=430
2026-08-28T05:53:48.185644Z  INFO fs3_daemon::runner: batch kind="embed" subject=1 x smart jobs=1 ms=0
2026-08-28T05:53:48.190318Z  INFO fs3_daemon::runner: done kind="embed" id=55565 left=430
2026-08-28T05:53:48.192690Z  INFO fs3_daemon::runner: done kind=summarize subject=crates/cli/src/tui.rs::TerminalSession::enter ms=15 left=429
2026-08-28T05:53:48.200223Z  INFO fs3_daemon::runner: batch kind="embed" subject=1 x smart jobs=1 ms=3
2026-08-28T05:53:48.203590Z  INFO fs3_daemon::runner: done kind=summarize subject=crates/cli/src/watch.rs::render_line ms=9 left=429
2026-08-28T05:53:48.208353Z  INFO fs3_daemon::runner: done kind="embed" id=55566 left=428
2026-08-28T05:53:48.218008Z  INFO fs3_daemon::runner: batch kind="embed" subject=1 x smart jobs=1 ms=0
2026-08-28T05:53:48.220845Z  INFO fs3_daemon::runner: done kind="embed" id=55567 left=428
2026-08-28T05:53:48.222840Z  INFO fs3_daemon::runner: done kind=summarize subject=crates/cli/src/tui.rs::SearchHit ms=9 left=427
2026-08-28T05:53:48.230885Z  INFO fs3_daemon::runner: batch kind="embed" subject=1 x smart jobs=1 ms=1
2026-08-28T05:53:48.236712Z  INFO fs3_daemon::runner: done kind="embed" id=55568 left=427
2026-08-28T05:53:48.240815Z  INFO fs3_daemon::runner: done kind=summarize subject=crates/cli/src/tui.rs::Mailbox ms=15 left=426
2026-08-28T05:53:48.258009Z  INFO fs3_daemon::runner: batch kind="embed" subject=1 x smart jobs=1 ms=3
2026-08-28T05:53:48.267758Z  INFO fs3_daemon::runner: done kind="embed" id=55569 left=426
2026-08-28T05:53:48.268710Z  INFO fs3_daemon::runner: done kind=summarize subject=crates/cli/tests/doctor_daemon.rs::config_for ms=23 left=425
2026-08-28T05:53:48.281781Z  INFO fs3_daemon::runner: batch kind="embed" subject=1 x smart jobs=1 ms=1
2026-08-28T05:53:48.288016Z  INFO fs3_daemon::runner: done kind=summarize subject=crates/cli/src/tui.rs::Mailbox::push ms=15 left=424
2026-08-28T05:53:48.288487Z  INFO fs3_daemon::runner: done kind="embed" id=55570 left=424
2026-08-28T05:53:48.308430Z  INFO fs3_daemon::runner: batch kind="embed" subject=1 x smart jobs=1 ms=2
2026-08-28T05:53:48.317863Z  INFO fs3_daemon::runner: done kind="embed" id=55571 left=424
2026-08-28T05:53:48.328947Z  INFO fs3_daemon::runner: done kind=summarize subject=crates/cli/tests/doctor_daemon.rs::run ms=30 left=423
2026-08-28T05:53:48.343435Z  INFO fs3_daemon::runner: batch kind="embed" subject=1 x smart jobs=1 ms=0
2026-08-28T05:53:48.354064Z  INFO fs3_daemon::runner: done kind="embed" id=55572 left=423
2026-08-28T05:53:48.362076Z  INFO fs3_daemon::runner: done kind=summarize subject=crates/cli/src/tui.rs::Mailbox::apply_to ms=26 left=422
2026-08-28T05:53:48.370836Z  INFO fs3_daemon::runner: batch kind="embed" subject=1 x smart jobs=1 ms=1
2026-08-28T05:53:48.377162Z  INFO fs3_daemon::runner: done kind="embed" id=55573 left=422
2026-08-28T05:53:48.379226Z  INFO fs3_daemon::runner: done kind=summarize subject=crates/cli/tests/doctor_daemon.rs::doctor_reports_degraded_when_no_daemon_is_listening ms=15 left=421
2026-08-28T05:53:48.387742Z  INFO fs3_daemon::runner: batch kind="embed" subject=1 x smart jobs=1 ms=1
2026-08-28T05:53:48.393189Z  INFO fs3_daemon::runner: done kind="embed" id=55574 left=421
2026-08-28T05:53:48.396649Z  INFO fs3_daemon::runner: done kind=summarize subject=crates/cli/src/tui.rs::spawn_search_worker ms=14 left=420
2026-08-28T05:53:48.403307Z  INFO fs3_daemon::runner: batch kind="embed" subject=1 x smart jobs=1 ms=0
2026-08-28T05:53:48.409697Z  INFO fs3_daemon::runner: done kind="embed" id=55575 left=420
2026-08-28T05:53:48.413372Z  INFO fs3_daemon::runner: done kind=summarize subject=crates/cli/src/tui.rs::decode_envelope ms=14 left=419
2026-08-28T05:53:48.420012Z  INFO fs3_daemon::runner: batch kind="embed" subject=1 x smart jobs=1 ms=2
2026-08-28T05:53:48.424278Z  INFO fs3_daemon::runner: done kind=summarize subject=crates/cli/tests/doctor_daemon.rs::doctor_reports_ok_when_the_daemon_answers ms=10 left=418
2026-08-28T05:53:48.424876Z  INFO fs3_daemon::runner: done kind="embed" id=55576 left=418
2026-08-28T05:53:48.438654Z  INFO fs3_daemon::runner: batch kind="embed" subject=1 x smart jobs=1 ms=0
2026-08-28T05:53:48.449953Z  INFO fs3_daemon::runner: done kind="embed" id=55577 left=418
2026-08-28T05:53:48.453801Z  INFO fs3_daemon::runner: done kind=summarize subject=crates/cli/tests/envelope_goldens.rs::flowspace3 ms=25 left=417
2026-08-28T05:53:48.464109Z  INFO fs3_daemon::runner: batch kind="embed" subject=1 x smart jobs=1 ms=2
2026-08-28T05:53:48.472035Z  INFO fs3_daemon::runner: done kind=summarize subject=crates/cli/tests/doctor_daemon.rs::doctor_warns_when_only_the_offline_fake_is_configured ms=15 left=417
2026-08-28T05:53:48.476342Z  INFO fs3_daemon::runner: done kind="embed" id=55578 left=416
2026-08-28T05:53:48.487041Z  INFO fs3_daemon::runner: batch kind="embed" subject=1 x smart jobs=1 ms=0
2026-08-28T05:53:48.494906Z  INFO fs3_daemon::runner: done kind="embed" id=55579 left=416
2026-08-28T05:53:48.497056Z  INFO fs3_daemon::runner: done kind=summarize subject=crates/cli/tests/envelope_goldens.rs::serve ms=14 left=415
2026-08-28T05:53:48.508034Z  INFO fs3_daemon::runner: batch kind="embed" subject=1 x smart jobs=1 ms=0
2026-08-28T05:53:48.514214Z  INFO fs3_daemon::runner: done kind="embed" id=55580 left=415
2026-08-28T05:53:48.518961Z  INFO fs3_daemon::runner: done kind=summarize subject=crates/cli/src/tui.rs::spawn_event_worker ms=18 left=414
2026-08-28T05:53:48.530970Z  INFO fs3_daemon::runner: batch kind="embed" subject=1 x smart jobs=1 ms=1
2026-08-28T05:53:48.534486Z  INFO fs3_daemon::runner: done kind=summarize subject=crates/cli/tests/doctor_daemon.rs::doctor_warns_when_a_real_provider_has_no_key ms=10 left=414
2026-08-28T05:53:48.546294Z  INFO fs3_daemon::runner: done kind="embed" id=55581 left=413
2026-08-28T05:53:48.560290Z  INFO fs3_daemon::runner: batch kind="embed" subject=1 x smart jobs=1 ms=0
2026-08-28T05:53:48.571025Z  INFO fs3_daemon::runner: done kind="embed" id=55582 left=413
2026-08-28T05:53:48.577273Z  INFO fs3_daemon::runner: done kind=summarize subject=crates/cli/tests/envelope_goldens.rs::run ms=24 left=412
2026-08-28T05:53:48.595216Z  INFO fs3_daemon::runner: batch kind="embed" subject=1 x smart jobs=1 ms=2
2026-08-28T05:53:48.600662Z  INFO fs3_daemon::runner: done kind="embed" id=55583 left=411
2026-08-28T05:53:48.602317Z  INFO fs3_daemon::runner: done kind=summarize subject=crates/cli/tests/doctor_daemon.rs::doctor_warns_when_an_active_names_no_configured_instance ms=16 left=411
2026-08-28T05:53:48.614919Z  INFO fs3_daemon::runner: batch kind="embed" subject=1 x smart jobs=1 ms=1
2026-08-28T05:53:48.622131Z  INFO fs3_daemon::runner: done kind="embed" id=55584 left=411
2026-08-28T05:53:48.624342Z  INFO fs3_daemon::runner: done kind=summarize subject=crates/cli/src/tui.rs::consume_event_stream ms=19 left=410
2026-08-28T05:53:48.639656Z  INFO fs3_daemon::runner: batch kind="embed" subject=1 x smart jobs=1 ms=1
2026-08-28T05:53:48.649333Z  INFO fs3_daemon::runner: done kind="embed" id=55585 left=410
2026-08-28T05:53:48.652562Z  INFO fs3_daemon::runner: done kind=summarize subject=crates/cli/tests/doctor_daemon.rs::an_informational_row_reports_without_degrading_the_verdict ms=20 left=409
2026-08-28T05:53:48.666117Z  INFO fs3_daemon::runner: batch kind="embed" subject=1 x smart jobs=1 ms=0
2026-08-28T05:53:48.670281Z  INFO fs3_daemon::runner: done kind="embed" id=55586 left=409
2026-08-28T05:53:48.672058Z  INFO fs3_daemon::runner: done kind=summarize subject=crates/cli/tests/envelope_goldens.rs::the_piped_envelope_is_byte_identical_to_pre_plan_main ms=11 left=408
2026-08-28T05:53:48.676938Z  INFO fs3_daemon::runner: batch kind="embed" subject=1 x smart jobs=1 ms=0
2026-08-28T05:53:48.681787Z  INFO fs3_daemon::runner: done kind="embed" id=55587 left=408
2026-08-28T05:53:48.682862Z  INFO fs3_daemon::runner: done kind=summarize subject=crates/cli/tests/doctor_daemon.rs::doctor_walks_the_skills_row_last_and_informationally ms=9 left=407
2026-08-28T05:53:48.691713Z  INFO fs3_daemon::runner: batch kind="embed" subject=1 x smart jobs=1 ms=0
2026-08-28T05:53:48.698761Z  INFO fs3_daemon::runner: done kind="embed" id=55588 left=407
2026-08-28T05:53:48.700142Z  INFO fs3_daemon::runner: done kind=summarize subject=crates/cli/tests/envelope_goldens.rs::the_documentation_verbs_keep_their_shape ms=15 left=406
2026-08-28T05:53:48.710564Z  INFO fs3_daemon::runner: batch kind="embed" subject=1 x smart jobs=1 ms=0
2026-08-28T05:53:48.717291Z  INFO fs3_daemon::runner: done kind="embed" id=55589 left=406
2026-08-28T05:53:48.721665Z  INFO fs3_daemon::runner: done kind=summarize subject=crates/cli/src/tui.rs::EventDecoder ms=18 left=405
2026-08-28T05:53:48.735492Z  INFO fs3_daemon::runner: batch kind="embed" subject=1 x smart jobs=1 ms=3
2026-08-28T05:53:48.739898Z  INFO fs3_daemon::runner: done kind=summarize subject=crates/cli/src/tui.rs::EventDecoder::push ms=14 left=405
2026-08-28T05:53:48.741494Z  INFO fs3_daemon::runner: done kind="embed" id=55590 left=404
2026-08-28T05:53:48.758887Z  INFO fs3_daemon::runner: batch kind="embed" subject=1 x smart jobs=1 ms=0
2026-08-28T05:53:48.768665Z  INFO fs3_daemon::runner: done kind="embed" id=55591 left=404
2026-08-28T05:53:48.772157Z  INFO fs3_daemon::runner: done kind=summarize subject=crates/cli/tests/goldens/PROVENANCE.md::PROVENANCE — the ac-0002 byte-goldens ms=21 left=403
2026-08-28T05:53:48.784574Z  INFO fs3_daemon::runner: batch kind="embed" subject=1 x smart jobs=1 ms=4
2026-08-28T05:53:48.790344Z  INFO fs3_daemon::runner: done kind="embed" id=55592 left=403
2026-08-28T05:53:48.792798Z  INFO fs3_daemon::runner: done kind=summarize subject=crates/cli/src/tui.rs::Focus ms=15 left=402
2026-08-28T05:53:48.802869Z  INFO fs3_daemon::runner: batch kind="embed" subject=1 x smart jobs=1 ms=1
2026-08-28T05:53:48.818892Z  INFO fs3_daemon::runner: done kind="embed" id=55593 left=402
2026-08-28T05:53:48.826952Z  INFO fs3_daemon::runner: done kind=summarize subject=crates/cli/tests/messages_visible.rs::flowspace3 ms=30 left=401
2026-08-28T05:53:48.842783Z  INFO fs3_daemon::runner: batch kind="embed" subject=1 x smart jobs=1 ms=2
2026-08-28T05:53:48.850541Z  INFO fs3_daemon::runner: done kind=summarize subject=crates/cli/src/tui.rs::InputBuffer ms=23 left=400
2026-08-28T05:53:48.850642Z  INFO fs3_daemon::runner: done kind="embed" id=55594 left=400
2026-08-28T05:53:48.858574Z  INFO fs3_daemon::runner: batch kind="embed" subject=1 x smart jobs=1 ms=1
2026-08-28T05:53:48.861794Z  INFO fs3_daemon::runner: done kind="embed" id=55595 left=400
2026-08-28T05:53:48.865977Z  INFO fs3_daemon::runner: done kind=summarize subject=crates/cli/tests/goldens/PROVENANCE.md::PROVENANCE — the ac-0002 byte-goldens::Who minted them, and why that is the whole point ms=12 left=399
2026-08-28T05:53:48.873999Z  INFO fs3_daemon::runner: batch kind="embed" subject=1 x smart jobs=1 ms=1
2026-08-28T05:53:48.880786Z  INFO fs3_daemon::runner: done kind="embed" id=55596 left=399
2026-08-28T05:53:48.883028Z  INFO fs3_daemon::runner: done kind=summarize subject=crates/cli/tests/messages_visible.rs::serve ms=16 left=398
2026-08-28T05:53:48.889673Z  INFO fs3_daemon::runner: batch kind="embed" subject=1 x smart jobs=1 ms=0
2026-08-28T05:53:48.897615Z  INFO fs3_daemon::runner: done kind="embed" id=55597 left=398
2026-08-28T05:53:48.904515Z  INFO fs3_daemon::runner: done kind=summarize subject=crates/cli/src/tui.rs::InputBuffer::backspace ms=19 left=397
2026-08-28T05:53:48.911353Z  INFO fs3_daemon::runner: batch kind="embed" subject=1 x smart jobs=1 ms=0
2026-08-28T05:53:48.917600Z  INFO fs3_daemon::runner: done kind="embed" id=55598 left=397
2026-08-28T05:53:48.921702Z  INFO fs3_daemon::runner: done kind=summarize subject=crates/cli/tests/goldens/PROVENANCE.md::PROVENANCE — the ac-0002 byte-goldens::Why the daemon's answer is a file rather than a database ms=19 left=396
2026-08-28T05:53:48.937306Z  INFO fs3_daemon::runner: batch kind="embed" subject=1 x smart jobs=1 ms=3
2026-08-28T05:53:48.954625Z  INFO fs3_daemon::runner: done kind="embed" id=55599 left=396
2026-08-28T05:53:48.960023Z  INFO fs3_daemon::runner: done kind=summarize subject=crates/cli/tests/messages_visible.rs::status_with_a_standing_message ms=30 left=395
2026-08-28T05:53:48.971374Z  INFO fs3_daemon::runner: batch kind="embed" subject=1 x smart jobs=1 ms=1
2026-08-28T05:53:48.979793Z  INFO fs3_daemon::runner: done kind="embed" id=55600 left=395
2026-08-28T05:53:48.981604Z  INFO fs3_daemon::runner: done kind=summarize subject=crates/cli/src/tui.rs::InputBuffer::delete ms=18 left=394
2026-08-28T05:53:48.992850Z  INFO fs3_daemon::runner: batch kind="embed" subject=1 x smart jobs=1 ms=4
2026-08-28T05:53:48.996914Z  INFO fs3_daemon::runner: done kind="embed" id=55601 left=394
2026-08-28T05:53:48.999609Z  INFO fs3_daemon::runner: done kind=summarize subject=crates/cli/tests/render_output.rs::run ms=15 left=393
2026-08-28T05:53:49.008688Z  INFO fs3_daemon::runner: batch kind="embed" subject=1 x smart jobs=1 ms=0
2026-08-28T05:53:49.011471Z  INFO fs3_daemon::runner: done kind="embed" id=55602 left=393
2026-08-28T05:53:49.012609Z  INFO fs3_daemon::runner: done kind=summarize subject=crates/cli/tests/goldens/PROVENANCE.md::PROVENANCE — the ac-0002 byte-goldens::The frozen answers (`responses/`) ms=8 left=392
2026-08-28T05:53:49.020085Z  INFO fs3_daemon::runner: batch kind="embed" subject=1 x smart jobs=1 ms=2
2026-08-28T05:53:49.027199Z  INFO fs3_daemon::runner: done kind="embed" id=55603 left=392
2026-08-28T05:53:49.032417Z  INFO fs3_daemon::runner: done kind=summarize subject=crates/cli/tests/messages_visible.rs::a_standing_message_reaches_a_reader_in_json_mode ms=17 left=391
2026-08-28T05:53:49.038622Z  INFO fs3_daemon::runner: batch kind="embed" subject=1 x smart jobs=1 ms=0
2026-08-28T05:53:49.044156Z  INFO fs3_daemon::runner: done kind="embed" id=55604 left=391
2026-08-28T05:53:49.045494Z  INFO fs3_daemon::runner: done kind=summarize subject=crates/cli/tests/render_output.rs::script_flavor ms=12 left=390
2026-08-28T05:53:49.055056Z  INFO fs3_daemon::runner: batch kind="embed" subject=1 x smart jobs=1 ms=2
2026-08-28T05:53:49.081763Z  INFO fs3_daemon::runner: done kind="embed" id=55605 left=390
2026-08-28T05:53:49.084090Z  INFO fs3_daemon::runner: done kind=summarize subject=crates/cli/tests/goldens/PROVENANCE.md::PROVENANCE — the ac-0002 byte-goldens::Checksums ms=35 left=389
2026-08-28T05:53:49.088805Z  INFO fs3_daemon::runner: batch kind="embed" subject=1 x smart jobs=1 ms=1
2026-08-28T05:53:49.095136Z  INFO fs3_daemon::runner: done kind="embed" id=55606 left=389
2026-08-28T05:53:49.096326Z  INFO fs3_daemon::runner: done kind=summarize subject=crates/cli/tests/messages_visible.rs::a_standing_message_survives_the_human_layer ms=11 left=388
2026-08-28T05:53:49.104219Z  INFO fs3_daemon::runner: batch kind="embed" subject=1 x smart jobs=1 ms=0
2026-08-28T05:53:49.111749Z  INFO fs3_daemon::runner: done kind="embed" id=55607 left=388
2026-08-28T05:53:49.113031Z  INFO fs3_daemon::runner: done kind=summarize subject=crates/cli/src/tui.rs::InputBuffer::commit ms=13 left=387
2026-08-28T05:53:49.122177Z  INFO fs3_daemon::runner: batch kind="embed" subject=1 x smart jobs=1 ms=0
2026-08-28T05:53:49.136208Z  INFO fs3_daemon::runner: done kind="embed" id=55608 left=387
2026-08-28T05:53:49.139784Z  INFO fs3_daemon::runner: done kind=summarize subject=crates/cli/tests/render_output.rs::run_tty ms=23 left=386
2026-08-28T05:53:49.147898Z  INFO fs3_daemon::runner: batch kind="embed" subject=1 x smart jobs=1 ms=0
2026-08-28T05:53:49.152748Z  INFO fs3_daemon::runner: done kind="embed" id=55609 left=386
2026-08-28T05:53:49.158261Z  INFO fs3_daemon::runner: done kind=summarize subject=crates/cli/tests/goldens/PROVENANCE.md::PROVENANCE — the ac-0002 byte-goldens::Why `docs list` and `agents-start-here` are shape-asserted, not byte-frozen ms=16 left=385
2026-08-28T05:53:49.173508Z  INFO fs3_daemon::runner: batch kind="embed" subject=1 x smart jobs=1 ms=0
2026-08-28T05:53:49.184594Z  INFO fs3_daemon::runner: done kind=summarize subject=crates/cli/src/tui.rs::InputBuffer::newer ms=22 left=385
2026-08-28T05:53:49.187672Z  INFO fs3_daemon::runner: done kind="embed" id=55610 left=384
2026-08-28T05:53:49.196725Z  INFO fs3_daemon::runner: batch kind="embed" subject=1 x smart jobs=1 ms=1
2026-08-28T05:53:49.202551Z  INFO fs3_daemon::runner: done kind="embed" id=55611 left=384
2026-08-28T05:53:49.204176Z  INFO fs3_daemon::runner: done kind=summarize subject=crates/cli/tests/render_output.rs::serve ms=13 left=383
2026-08-28T05:53:49.208887Z  INFO fs3_daemon::runner: batch kind="embed" subject=1 x smart jobs=1 ms=1
2026-08-28T05:53:49.216057Z  INFO fs3_daemon::runner: done kind="embed" id=55612 left=383
2026-08-28T05:53:49.219758Z  INFO fs3_daemon::runner: done kind=summarize subject=crates/cli/tests/goldens/PROVENANCE.md::PROVENANCE — the ac-0002 byte-goldens::What main's daemon authentication (#43) changed here, and what it did not ms=14 left=382
2026-08-28T05:53:49.225252Z  INFO fs3_daemon::runner: batch kind="embed" subject=1 x smart jobs=1 ms=0
2026-08-28T05:53:49.233727Z  INFO fs3_daemon::runner: done kind="embed" id=55613 left=382
2026-08-28T05:53:49.239153Z  INFO fs3_daemon::runner: done kind=summarize subject=crates/cli/src/tui.rs::App ms=17 left=381
2026-08-28T05:53:49.249313Z  INFO fs3_daemon::runner: batch kind="embed" subject=1 x smart jobs=1 ms=0
2026-08-28T05:53:49.253650Z  INFO fs3_daemon::runner: done kind="embed" id=55614 left=381
2026-08-28T05:53:49.255368Z  INFO fs3_daemon::runner: done kind=summarize subject=crates/cli/tests/render_output.rs::every_covered_daemon_verb_obeys_the_four_case_matrix ms=15 left=380
2026-08-28T05:53:49.263012Z  INFO fs3_daemon::runner: batch kind="embed" subject=1 x smart jobs=1 ms=0
2026-08-28T05:53:49.269502Z  INFO fs3_daemon::runner: done kind="embed" id=55615 left=380
2026-08-28T05:53:49.272712Z  INFO fs3_daemon::runner: done kind=summarize subject=crates/cli/src/tui.rs::App ms=16 left=379
2026-08-28T05:53:49.278650Z  INFO fs3_daemon::runner: batch kind="embed" subject=1 x smart jobs=1 ms=0
2026-08-28T05:53:49.283421Z  INFO fs3_daemon::runner: done kind="embed" id=55616 left=379
2026-08-28T05:53:49.287331Z  INFO fs3_daemon::runner: done kind=summarize subject=crates/cli/src/tui.rs::App::default ms=13 left=378
2026-08-28T05:53:49.297517Z  INFO fs3_daemon::runner: batch kind="embed" subject=1 x smart jobs=1 ms=1
2026-08-28T05:53:49.306037Z  INFO fs3_daemon::runner: done kind="embed" id=55617 left=378
2026-08-28T05:53:49.306771Z  INFO fs3_daemon::runner: done kind=summarize subject=crates/cli/tests/render_output.rs::every_covered_verb_obeys_both_real_tty_legs ms=16 left=377
2026-08-28T05:53:49.314474Z  INFO fs3_daemon::runner: batch kind="embed" subject=1 x smart jobs=1 ms=0
2026-08-28T05:53:49.330407Z  INFO fs3_daemon::runner: done kind="embed" id=55618 left=377
2026-08-28T05:53:49.332830Z  INFO fs3_daemon::runner: done kind=summarize subject=crates/cli/tests/render_progress.rs::serve ms=23 left=376
2026-08-28T05:53:49.338210Z  INFO fs3_daemon::runner: batch kind="embed" subject=1 x smart jobs=1 ms=1
2026-08-28T05:53:49.342417Z  INFO fs3_daemon::runner: done kind="embed" id=55619 left=376
2026-08-28T05:53:49.344588Z  INFO fs3_daemon::runner: done kind=summarize subject=crates/cli/src/tui.rs::App ms=9 left=375
2026-08-28T05:53:49.356062Z  INFO fs3_daemon::runner: batch kind="embed" subject=1 x smart jobs=1 ms=1
2026-08-28T05:53:49.359758Z  INFO fs3_daemon::runner: done kind="embed" id=55620 left=375
2026-08-28T05:53:49.361145Z  INFO fs3_daemon::runner: done kind=summarize subject=crates/cli/tests/render_output.rs::doctor_obeys_the_matrix_without_touching_a_real_container_engine ms=12 left=374
2026-08-28T05:53:49.367298Z  INFO fs3_daemon::runner: batch kind="embed" subject=1 x smart jobs=1 ms=0
2026-08-28T05:53:49.371995Z  INFO fs3_daemon::runner: done kind="embed" id=55621 left=374
2026-08-28T05:53:49.382891Z  INFO fs3_daemon::runner: done kind=summarize subject=crates/cli/tests/render_progress.rs::add_progress_is_stderr_only_and_is_erased_without_waiting_for_the_stream ms=19 left=373
2026-08-28T05:53:49.404395Z  INFO fs3_daemon::runner: batch kind="embed" subject=1 x smart jobs=1 ms=1
2026-08-28T05:53:49.410500Z  INFO fs3_daemon::runner: done kind="embed" id=55622 left=373
2026-08-28T05:53:49.411642Z  INFO fs3_daemon::runner: done kind=summarize subject=crates/cli/src/tui.rs::App::apply ms=16 left=372
2026-08-28T05:53:49.430776Z  INFO fs3_daemon::runner: batch kind="embed" subject=1 x smart jobs=1 ms=0
2026-08-28T05:53:49.436924Z  INFO fs3_daemon::runner: done kind="embed" id=55623 left=372
2026-08-28T05:53:49.441399Z  INFO fs3_daemon::runner: done kind=summarize subject=crates/cli/src/tui.rs::App::apply_event ms=15 left=371
2026-08-28T05:53:49.455304Z  INFO fs3_daemon::runner: batch kind="embed" subject=1 x smart jobs=1 ms=1
2026-08-28T05:53:49.457725Z  INFO fs3_daemon::runner: done kind=summarize subject=crates/cli/tests/render_output.rs::a_human_mode_usage_error_still_writes_nothing_to_stdout ms=13 left=371
2026-08-28T05:53:49.461885Z  INFO fs3_daemon::runner: done kind="embed" id=55624 left=370
2026-08-28T05:53:49.478964Z  INFO fs3_daemon::runner: batch kind="embed" subject=1 x smart jobs=1 ms=1
2026-08-28T05:53:49.488551Z  INFO fs3_daemon::runner: done kind="embed" id=55625 left=370
2026-08-28T05:53:49.490091Z  INFO fs3_daemon::runner: done kind=summarize subject=crates/cli/src/tui.rs::App::remember_queue_depth ms=18 left=369
2026-08-28T05:53:49.498191Z  INFO fs3_daemon::runner: batch kind="embed" subject=1 x smart jobs=1 ms=0
2026-08-28T05:53:49.508079Z  INFO fs3_daemon::runner: done kind=summarize subject=crates/cli/src/tui.rs::App::handle_key ms=15 left=369
2026-08-28T05:53:49.509426Z  INFO fs3_daemon::runner: done kind="embed" id=55626 left=368
2026-08-28T05:53:49.517124Z  INFO fs3_daemon::runner: batch kind="embed" subject=1 x smart jobs=1 ms=0
2026-08-28T05:53:49.523250Z  INFO fs3_daemon::runner: done kind="embed" id=55627 left=368
2026-08-28T05:53:49.526532Z  INFO fs3_daemon::runner: done kind=summarize subject=crates/cli/tests/render_output.rs::agents_start_here_teaches_every_output_mode_rule ms=12 left=367
2026-08-28T05:53:49.532512Z  INFO fs3_daemon::runner: batch kind="embed" subject=1 x smart jobs=1 ms=0
2026-08-28T05:53:49.536727Z  INFO fs3_daemon::runner: done kind="embed" id=55628 left=367
2026-08-28T05:53:49.541398Z  INFO fs3_daemon::runner: done kind=summarize subject=crates/cli/src/tui.rs::App::snapshot_badge ms=13 left=366
2026-08-28T05:53:49.552152Z  INFO fs3_daemon::runner: batch kind="embed" subject=1 x smart jobs=1 ms=2
2026-08-28T05:53:49.559153Z  INFO fs3_daemon::runner: done kind="embed" id=55629 left=366
2026-08-28T05:53:49.561150Z  INFO fs3_daemon::runner: done kind=summarize subject=crates/cli/tests/status_watch.rs::flowspace3 ms=15 left=365
2026-08-28T05:53:49.569643Z  INFO fs3_daemon::runner: batch kind="embed" subject=1 x smart jobs=1 ms=0
2026-08-28T05:53:49.571209Z  INFO fs3_daemon::runner: done kind=summarize subject=crates/cli/tests/status_watch.rs::serve_once ms=9 left=365
2026-08-28T05:53:49.573366Z  INFO fs3_daemon::runner: done kind="embed" id=55630 left=364
2026-08-28T05:53:49.583255Z  INFO fs3_daemon::runner: batch kind="embed" subject=1 x smart jobs=1 ms=1
2026-08-28T05:53:49.587140Z  INFO fs3_daemon::runner: done kind="embed" id=55631 left=364
2026-08-28T05:53:49.589516Z  INFO fs3_daemon::runner: done kind=summarize subject=crates/cli/src/tui.rs::App::snapshot_pane_title ms=12 left=363
2026-08-28T05:53:49.598829Z  INFO fs3_daemon::runner: batch kind="embed" subject=1 x smart jobs=1 ms=1
2026-08-28T05:53:49.605146Z  INFO fs3_daemon::runner: done kind="embed" id=55632 left=363
2026-08-28T05:53:49.610205Z  INFO fs3_daemon::runner: done kind=summarize subject=crates/cli/tests/status_watch.rs::output_with_deadline ms=17 left=362
2026-08-28T05:53:49.614836Z  INFO fs3_daemon::runner: batch kind="embed" subject=1 x smart jobs=1 ms=0
2026-08-28T05:53:49.626317Z  INFO fs3_daemon::runner: done kind="embed" id=55633 left=362
2026-08-28T05:53:49.631750Z  INFO fs3_daemon::runner: done kind=summarize subject=crates/cli/src/tui.rs::dashboard_layout ms=20 left=361
2026-08-28T05:53:49.663626Z  INFO fs3_daemon::runner: batch kind="embed" subject=1 x smart jobs=1 ms=1
2026-08-28T05:53:49.678070Z  INFO fs3_daemon::runner: done kind="embed" id=55634 left=361
2026-08-28T05:53:49.680686Z  INFO fs3_daemon::runner: done kind=summarize subject=crates/cli/tests/status_watch.rs::json_watch_copies_daemon_ndjson_byte_for_byte ms=47 left=360
2026-08-28T05:53:49.688263Z  INFO fs3_daemon::runner: batch kind="embed" subject=1 x smart jobs=1 ms=0
2026-08-28T05:53:49.691713Z  INFO fs3_daemon::runner: done kind="embed" id=55635 left=360
2026-08-28T05:53:49.693656Z  INFO fs3_daemon::runner: done kind=summarize subject=crates/cli/src/tui.rs::draw ms=9 left=359
2026-08-28T05:53:49.698761Z  INFO fs3_daemon::runner: batch kind="embed" subject=1 x smart jobs=1 ms=0
2026-08-28T05:53:49.701394Z  INFO fs3_daemon::runner: done kind="embed" id=55636 left=359
2026-08-28T05:53:49.702858Z  INFO fs3_daemon::runner: done kind=summarize subject=crates/cli/tests/status_watch.rs::human_watch_is_a_terse_feed_not_an_envelope ms=8 left=358
2026-08-28T05:53:49.710717Z  INFO fs3_daemon::runner: batch kind="embed" subject=1 x smart jobs=1 ms=0
2026-08-28T05:53:49.753879Z  INFO fs3_daemon::runner: done kind="embed" id=55637 left=358
2026-08-28T05:53:49.769358Z  INFO fs3_daemon::runner: done kind=summarize subject=crates/cli/src/tui.rs::draw_header ms=64 left=357
2026-08-28T05:53:49.812283Z  INFO fs3_daemon::runner: batch kind="embed" subject=1 x smart jobs=1 ms=3
2026-08-28T05:53:49.845573Z  INFO fs3_daemon::runner: done kind="embed" id=55638 left=357
2026-08-28T05:53:49.854633Z  INFO fs3_daemon::runner: done kind=summarize subject=crates/cli/tests/status_watch.rs::incompatible_version_is_rejected_for_humans_but_raw_json_is_untouched ms=75 left=356
2026-08-28T05:53:49.889691Z  INFO fs3_daemon::runner: batch kind="embed" subject=1 x smart jobs=1 ms=1
2026-08-28T05:53:49.912335Z  INFO fs3_daemon::runner: done kind="embed" id=55639 left=356
2026-08-28T05:53:49.925784Z  INFO fs3_daemon::runner: done kind=summarize subject=crates/cli/src/tui.rs::draw_roots ms=59 left=355
2026-08-28T05:53:49.964418Z  INFO fs3_daemon::runner: batch kind="embed" subject=1 x smart jobs=1 ms=1
2026-08-28T05:53:50.004071Z  INFO fs3_daemon::runner: done kind="embed" id=55640 left=355
2026-08-28T05:53:50.019364Z  INFO fs3_daemon::runner: done kind=summarize subject=crates/cli/tests/status_watch.rs::a_version_drift_after_a_compatible_hello_is_rejected ms=68 left=354
2026-08-28T05:53:50.080458Z  INFO fs3_daemon::runner: batch kind="embed" subject=1 x smart jobs=1 ms=1
2026-08-28T05:53:50.101968Z  INFO fs3_daemon::runner: done kind=summarize subject=crates/cli/src/tui.rs::draw_queue ms=71 left=354
2026-08-28T05:53:50.118010Z  INFO fs3_daemon::runner: done kind="embed" id=55641 left=353
2026-08-28T05:53:50.153578Z  INFO fs3_daemon::runner: batch kind="embed" subject=1 x smart jobs=1 ms=2
2026-08-28T05:53:50.200363Z  INFO fs3_daemon::runner: done kind="embed" id=55642 left=353
2026-08-28T05:53:50.236477Z  INFO fs3_daemon::runner: done kind=summarize subject=crates/cli/src/tui.rs::draw_activity ms=98 left=352
2026-08-28T05:53:50.291819Z  INFO fs3_daemon::runner: batch kind="embed" subject=1 x smart jobs=1 ms=1
2026-08-28T05:53:50.321197Z  INFO fs3_daemon::runner: done kind="embed" id=55643 left=352
2026-08-28T05:53:50.346307Z  INFO fs3_daemon::runner: done kind=summarize subject=crates/cli/src/tui.rs::draw_search_input ms=75 left=351
2026-08-28T05:53:50.379340Z  INFO fs3_daemon::watch: no longer watching root=/Users/jordanknight/substrate/flowspace/fs3-hi-u-r dropped_pending=0
2026-08-28T05:53:53.421349Z  INFO fs3_daemon::runner: progress phase="working" scanned=5089 scan_left=1 summarized=10300 summarize_left=349 embedded=16899 embed_left=1 failed=0
2026-08-28T05:53:53.438095Z  INFO fs3_daemon::runner: batch kind="embed" subject=1 x smart jobs=1 ms=0
2026-08-28T05:53:53.443087Z  INFO fs3_daemon::runner: done kind="embed" id=55644 left=350
2026-08-28T05:53:53.443319Z  INFO fs3_daemon::runner: done kind=summarize subject=crates/cli/src/tui.rs::draw_search_results ms=63 left=350
2026-08-28T05:53:53.450174Z  INFO fs3_daemon::runner: batch kind="embed" subject=1 x smart jobs=1 ms=0
2026-08-28T05:53:53.459988Z  INFO fs3_daemon::runner: done kind="embed" id=55645 left=350
2026-08-28T05:53:53.463372Z  INFO fs3_daemon::runner: done kind=summarize subject=crates/core/src/events.rs::Hello ms=17 left=349
2026-08-28T05:53:53.469549Z  INFO fs3_daemon::runner: batch kind="embed" subject=1 x smart jobs=1 ms=0
2026-08-28T05:53:53.476921Z  INFO fs3_daemon::runner: done kind="embed" id=55646 left=349
2026-08-28T05:53:53.488519Z  INFO fs3_daemon::runner: done kind=summarize subject=crates/cli/src/tui.rs::draw_footer ms=22 left=348
2026-08-28T05:53:53.489965Z  INFO fs3_daemon::watch: paths under a re-listed directory are gone removed=219 prefix="."
2026-08-28T05:53:53.495714Z  INFO fs3_daemon::runner: batch kind="embed" subject=1 x smart jobs=1 ms=2
2026-08-28T05:53:53.499264Z  INFO fs3_daemon::runner: done kind="embed" id=55647 left=348
2026-08-28T05:53:53.501558Z  INFO fs3_daemon::runner: done kind=summarize subject=crates/core/src/events.rs::Hello ms=11 left=347
2026-08-28T05:53:53.509143Z  INFO fs3_daemon::runner: batch kind="embed" subject=1 x smart jobs=1 ms=1
2026-08-28T05:53:53.514840Z  INFO fs3_daemon::runner: done kind="embed" id=55648 left=347
2026-08-28T05:53:53.518274Z  INFO fs3_daemon::runner: done kind=summarize subject=crates/cli/src/tui.rs::panel ms=16 left=346
2026-08-28T05:53:53.529256Z  INFO fs3_daemon::runner: batch kind="embed" subject=1 x smart jobs=1 ms=3
2026-08-28T05:53:53.539186Z  INFO fs3_daemon::runner: done kind="embed" id=55649 left=346
2026-08-28T05:53:53.542928Z  INFO fs3_daemon::runner: done kind=summarize subject=crates/core/src/events.rs::Event ms=24 left=345
2026-08-28T05:53:53.567796Z  INFO fs3_daemon::runner: batch kind="embed" subject=1 x smart jobs=1 ms=1
2026-08-28T05:53:53.575358Z  INFO fs3_daemon::runner: done kind="embed" id=55650 left=345
2026-08-28T05:53:53.586713Z  INFO fs3_daemon::runner: done kind=summarize subject=crates/core/src/events.rs::Event ms=25 left=344
2026-08-28T05:53:53.603922Z  INFO fs3_daemon::runner: batch kind="embed" subject=1 x smart jobs=1 ms=1
2026-08-28T05:53:53.611068Z  INFO fs3_daemon::runner: done kind="embed" id=55651 left=343
2026-08-28T05:53:53.616314Z  INFO fs3_daemon::runner: done kind=summarize subject=crates/cli/src/tui.rs::tests ms=30 left=343
2026-08-28T05:53:53.620588Z  INFO fs3_daemon::runner: batch kind="embed" subject=1 x smart jobs=1 ms=0
2026-08-28T05:53:53.628004Z  INFO fs3_daemon::runner: done kind="embed" id=55652 left=343
2026-08-28T05:53:53.632340Z  INFO fs3_daemon::runner: done kind=summarize subject=crates/core/src/events.rs::EventKind ms=15 left=342
2026-08-28T05:53:53.638418Z  INFO fs3_daemon::runner: batch kind="embed" subject=1 x smart jobs=1 ms=0
2026-08-28T05:53:53.642389Z  INFO fs3_daemon::runner: done kind="embed" id=55653 left=342
2026-08-28T05:53:53.644081Z  INFO fs3_daemon::runner: done kind=summarize subject=crates/cli/src/tui.rs::tests::layout_becomes_results_dominant_when_search_is_focused ms=9 left=341
2026-08-28T05:53:53.650258Z  INFO fs3_daemon::runner: batch kind="embed" subject=1 x smart jobs=1 ms=2
2026-08-28T05:53:53.654166Z  INFO fs3_daemon::runner: done kind="embed" id=55654 left=341
2026-08-28T05:53:53.661454Z  INFO fs3_daemon::runner: done kind=summarize subject=crates/core/src/events.rs::tests ms=16 left=340
2026-08-28T05:53:53.665649Z  INFO fs3_daemon::runner: batch kind="embed" subject=1 x smart jobs=1 ms=1
2026-08-28T05:53:53.673368Z  INFO fs3_daemon::runner: done kind="embed" id=55655 left=340
2026-08-28T05:53:53.675197Z  INFO fs3_daemon::runner: done kind=summarize subject=crates/cli/src/tui.rs::tests::editor_changes_unicode_scalars_without_corrupting_utf8 ms=13 left=339
2026-08-28T05:53:53.690349Z  INFO fs3_daemon::runner: batch kind="embed" subject=1 x smart jobs=1 ms=0
2026-08-28T05:53:53.700330Z  INFO fs3_daemon::runner: done kind="embed" id=55656 left=339
2026-08-28T05:53:53.702475Z  INFO fs3_daemon::runner: done kind=summarize subject=crates/core/src/events.rs::tests::an_event_line_is_flat ms=19 left=338
2026-08-28T05:53:53.717130Z  INFO fs3_daemon::runner: batch kind="embed" subject=1 x smart jobs=1 ms=2
2026-08-28T05:53:53.721974Z  INFO fs3_daemon::runner: done kind="embed" id=55657 left=338
2026-08-28T05:53:53.723527Z  INFO fs3_daemon::runner: done kind=summarize subject=crates/cli/src/tui.rs::tests::editor_keeps_query_history_without_stealing_result_arrows ms=18 left=337
2026-08-28T05:53:53.730946Z  INFO fs3_daemon::runner: batch kind="embed" subject=1 x smart jobs=1 ms=2
2026-08-28T05:53:53.741893Z  INFO fs3_daemon::runner: done kind="embed" id=55658 left=337
2026-08-28T05:53:53.743996Z  INFO fs3_daemon::runner: done kind=summarize subject=crates/core/src/events.rs::tests::every_kind_round_trips ms=19 left=336
2026-08-28T05:53:53.750251Z  INFO fs3_daemon::runner: batch kind="embed" subject=1 x smart jobs=1 ms=0
2026-08-28T05:53:53.755791Z  INFO fs3_daemon::runner: done kind="embed" id=55659 left=336
2026-08-28T05:53:53.757716Z  INFO fs3_daemon::runner: done kind=summarize subject=crates/cli/src/tui.rs::tests::fixture_parses_hello_events_and_skips_future_kinds_in_the_ui ms=11 left=335
2026-08-28T05:53:53.770590Z  INFO fs3_daemon::runner: batch kind="embed" subject=1 x smart jobs=1 ms=0
2026-08-28T05:53:53.776317Z  INFO fs3_daemon::runner: done kind="embed" id=55660 left=335
2026-08-28T05:53:53.778238Z  INFO fs3_daemon::runner: done kind=summarize subject=crates/cli/src/tui.rs::tests::disconnect_in_the_middle_of_a_line_is_named ms=12 left=334
2026-08-28T05:53:53.788313Z  INFO fs3_daemon::runner: batch kind="embed" subject=1 x smart jobs=1 ms=0
2026-08-28T05:53:53.794855Z  INFO fs3_daemon::runner: done kind="embed" id=55661 left=334
2026-08-28T05:53:53.797962Z  INFO fs3_daemon::runner: done kind=summarize subject=crates/cli/src/tui.rs::tests::stale_snapshot_keeps_numbers_but_labels_them_stale ms=17 left=333
2026-08-28T05:53:53.817555Z  INFO fs3_daemon::runner: batch kind="embed" subject=1 x smart jobs=1 ms=1
2026-08-28T05:53:53.824239Z  INFO fs3_daemon::runner: done kind="embed" id=55662 left=332
2026-08-28T05:53:53.824682Z  INFO fs3_daemon::runner: done kind=summarize subject=crates/cli/src/tui.rs::tests::successful_snapshot_clears_stale_state ms=22 left=332
2026-08-28T05:53:53.838773Z  INFO fs3_daemon::runner: batch kind="embed" subject=1 x smart jobs=1 ms=0
2026-08-28T05:53:53.844788Z  INFO fs3_daemon::runner: done kind="embed" id=55663 left=332
2026-08-28T05:53:53.847050Z  INFO fs3_daemon::runner: done kind=summarize subject=crates/cli/src/tui.rs::tests::dropped_stream_is_visible_and_recovery_clears_it ms=12 left=331
2026-08-28T05:53:53.853865Z  INFO fs3_daemon::runner: batch kind="embed" subject=1 x smart jobs=1 ms=0
2026-08-28T05:53:53.857682Z  INFO fs3_daemon::runner: done kind="embed" id=55664 left=331
2026-08-28T05:53:53.860040Z  INFO fs3_daemon::runner: done kind=summarize subject=crates/cli/src/tui.rs::tests::heartbeats_and_unknown_events_never_invent_activity ms=11 left=330
2026-08-28T05:53:53.864140Z  INFO fs3_daemon::runner: batch kind="embed" subject=1 x smart jobs=1 ms=1
2026-08-28T05:53:53.869681Z  INFO fs3_daemon::runner: done kind="embed" id=55665 left=330
2026-08-28T05:53:53.870783Z  INFO fs3_daemon::runner: done kind=summarize subject=crates/core/src/output.rs::OutputMode ms=9 left=329
2026-08-28T05:53:53.875510Z  INFO fs3_daemon::runner: batch kind="embed" subject=1 x smart jobs=1 ms=0
2026-08-28T05:53:53.879355Z  INFO fs3_daemon::runner: done kind="embed" id=55666 left=329
2026-08-28T05:53:53.879606Z  INFO fs3_daemon::runner: done kind=summarize subject=crates/core/src/views/doctor.rs::Step ms=6 left=328
2026-08-28T05:53:53.885400Z  INFO fs3_daemon::runner: batch kind="embed" subject=1 x smart jobs=1 ms=0
2026-08-28T05:53:53.891653Z  INFO fs3_daemon::runner: done kind="embed" id=55667 left=328
2026-08-28T05:53:53.894096Z  INFO fs3_daemon::runner: done kind=summarize subject=crates/cli/src/tui.rs::tests::an_event_flood_cannot_delay_draw_or_quit_beyond_one_budget ms=11 left=327
2026-08-28T05:53:53.900224Z  INFO fs3_daemon::runner: batch kind="embed" subject=1 x smart jobs=1 ms=0
2026-08-28T05:53:53.905992Z  INFO fs3_daemon::runner: done kind="embed" id=55668 left=327
2026-08-28T05:53:53.907035Z  INFO fs3_daemon::runner: done kind=summarize subject=crates/core/src/views/doctor.rs::Step ms=11 left=326
2026-08-28T05:53:53.912291Z  INFO fs3_daemon::runner: batch kind="embed" subject=1 x smart jobs=1 ms=0
2026-08-28T05:53:53.921254Z  INFO fs3_daemon::runner: done kind="embed" id=55669 left=325
2026-08-28T05:53:53.922468Z  INFO fs3_daemon::runner: done kind=summarize subject=crates/core/src/output.rs::resolve ms=13 left=325
2026-08-28T05:53:53.932206Z  INFO fs3_daemon::runner: batch kind="embed" subject=1 x smart jobs=1 ms=1
2026-08-28T05:53:53.938619Z  INFO fs3_daemon::runner: done kind=summarize subject=crates/core/src/views/doctor.rs::Step::ok ms=12 left=325
2026-08-28T05:53:53.941424Z  INFO fs3_daemon::runner: done kind="embed" id=55670 left=324
2026-08-28T05:53:53.952421Z  INFO fs3_daemon::runner: batch kind="embed" subject=1 x smart jobs=1 ms=0
2026-08-28T05:53:53.955604Z  INFO fs3_daemon::runner: done kind="embed" id=55671 left=324
2026-08-28T05:53:53.958947Z  INFO fs3_daemon::runner: done kind=summarize subject=crates/core/src/output.rs::tests ms=11 left=323
2026-08-28T05:53:53.965222Z  INFO fs3_daemon::runner: batch kind="embed" subject=1 x smart jobs=1 ms=0
2026-08-28T05:53:53.972444Z  INFO fs3_daemon::runner: done kind="embed" id=55672 left=323
2026-08-28T05:53:53.974432Z  INFO fs3_daemon::runner: done kind=summarize subject=crates/core/src/output.rs::tests::the_precedence_table_is_exhaustive ms=13 left=322
2026-08-28T05:53:53.987053Z  INFO fs3_daemon::runner: batch kind="embed" subject=1 x smart jobs=1 ms=0
2026-08-28T05:53:53.989864Z  INFO fs3_daemon::runner: done kind=summarize subject=crates/core/src/views/doctor.rs::Step::warn ms=13 left=322
2026-08-28T05:53:53.990484Z  INFO fs3_daemon::runner: done kind="embed" id=55673 left=321
2026-08-28T05:53:54.010103Z  INFO fs3_daemon::runner: batch kind="embed" subject=1 x smart jobs=1 ms=0
2026-08-28T05:53:54.020349Z  INFO fs3_daemon::runner: done kind="embed" id=55674 left=321
2026-08-28T05:53:54.022912Z  INFO fs3_daemon::runner: done kind=summarize subject=crates/core/src/views/mod.rs::tests ms=25 left=320
2026-08-28T05:53:54.039750Z  INFO fs3_daemon::runner: batch kind="embed" subject=1 x smart jobs=1 ms=2
2026-08-28T05:53:54.042115Z  INFO fs3_daemon::runner: done kind=summarize subject=crates/core/src/views/doctor.rs::Step::info ms=16 left=320
2026-08-28T05:53:54.043216Z  INFO fs3_daemon::runner: done kind="embed" id=55675 left=319
2026-08-28T05:53:54.056366Z  INFO fs3_daemon::runner: batch kind="embed" subject=1 x smart jobs=1 ms=0
2026-08-28T05:53:54.060848Z  INFO fs3_daemon::runner: done kind=summarize subject=crates/core/src/views/mod.rs::tests::every_view_reads_back_what_it_writes ms=13 left=319
2026-08-28T05:53:54.062200Z  INFO fs3_daemon::runner: done kind="embed" id=55676 left=318
2026-08-28T05:53:54.070585Z  INFO fs3_daemon::runner: batch kind="embed" subject=1 x smart jobs=1 ms=1
2026-08-28T05:53:54.073399Z  INFO fs3_daemon::runner: done kind="embed" id=55677 left=318
2026-08-28T05:53:54.075903Z  INFO fs3_daemon::runner: done kind=summarize subject=crates/core/src/views/doctor.rs::Step::down ms=10 left=317
2026-08-28T05:53:54.084688Z  INFO fs3_daemon::runner: batch kind="embed" subject=1 x smart jobs=1 ms=0
2026-08-28T05:53:54.090333Z  INFO fs3_daemon::runner: done kind="embed" id=55678 left=317
2026-08-28T05:53:54.092496Z  INFO fs3_daemon::runner: done kind=summarize subject=crates/core/src/views/doctor.rs::Step::repaired ms=13 left=316
2026-08-28T05:53:54.102034Z  INFO fs3_daemon::runner: batch kind="embed" subject=1 x smart jobs=1 ms=0
2026-08-28T05:53:54.114067Z  INFO fs3_daemon::runner: done kind="embed" id=55679 left=316
2026-08-28T05:53:54.115593Z  INFO fs3_daemon::runner: done kind=summarize subject=crates/core/src/views/doctor.rs::DoctorReport ms=20 left=315
2026-08-28T05:53:54.123404Z  INFO fs3_daemon::runner: batch kind="embed" subject=1 x smart jobs=1 ms=0
2026-08-28T05:53:54.128234Z  INFO fs3_daemon::runner: done kind="embed" id=55680 left=315
2026-08-28T05:53:54.154782Z  INFO fs3_daemon::runner: done kind=summarize subject=crates/core/src/views/read.rs::GetResult ms=36 left=314
2026-08-28T05:53:54.167594Z  INFO fs3_daemon::runner: batch kind="embed" subject=1 x smart jobs=1 ms=1
2026-08-28T05:53:54.175735Z  INFO fs3_daemon::runner: done kind="embed" id=55681 left=314
2026-08-28T05:53:54.179100Z  INFO fs3_daemon::runner: done kind=summarize subject=crates/core/src/views/read.rs::ConversationWindow ms=18 left=313
2026-08-28T05:53:54.190410Z  INFO fs3_daemon::runner: batch kind="embed" subject=1 x smart jobs=1 ms=0
2026-08-28T05:53:54.194555Z  INFO fs3_daemon::runner: done kind="embed" id=55682 left=313
2026-08-28T05:53:54.199056Z  INFO fs3_daemon::runner: done kind=summarize subject=crates/core/src/views/read.rs::TurnView ms=17 left=312
2026-08-28T05:53:54.203152Z  INFO fs3_daemon::runner: batch kind="embed" subject=1 x smart jobs=1 ms=0
2026-08-28T05:53:54.207728Z  INFO fs3_daemon::runner: done kind="embed" id=55683 left=312
2026-08-28T05:53:54.213217Z  INFO fs3_daemon::runner: done kind=summarize subject=crates/core/src/views/read.rs::Outline ms=13 left=311
2026-08-28T05:53:54.222966Z  INFO fs3_daemon::runner: batch kind="embed" subject=1 x smart jobs=1 ms=0
2026-08-28T05:53:54.238510Z  INFO fs3_daemon::runner: done kind="embed" id=55684 left=311
2026-08-28T05:53:54.240776Z  INFO fs3_daemon::runner: done kind=summarize subject=crates/core/src/views/read.rs::TreeResult ms=28 left=310
2026-08-28T05:53:54.247594Z  INFO fs3_daemon::runner: batch kind="embed" subject=1 x smart jobs=1 ms=1
2026-08-28T05:53:54.255954Z  INFO fs3_daemon::runner: done kind="embed" id=55685 left=310
2026-08-28T05:53:54.260817Z  INFO fs3_daemon::runner: done kind=summarize subject=crates/core/src/views/read.rs::TreeEntry ms=19 left=309
2026-08-28T05:53:54.266927Z  INFO fs3_daemon::runner: batch kind="embed" subject=1 x smart jobs=1 ms=0
2026-08-28T05:53:54.272267Z  INFO fs3_daemon::runner: done kind="embed" id=55686 left=309
2026-08-28T05:53:54.276968Z  INFO fs3_daemon::runner: done kind=summarize subject=crates/core/src/views/remove.rs::RemoveReport ms=16 left=308
2026-08-28T05:53:54.281479Z  INFO fs3_daemon::runner: batch kind="embed" subject=1 x smart jobs=1 ms=0
2026-08-28T05:53:54.287459Z  INFO fs3_daemon::runner: done kind="embed" id=55687 left=308
2026-08-28T05:53:54.288846Z  INFO fs3_daemon::runner: done kind=summarize subject=crates/core/src/views/remove.rs::GcCounts ms=10 left=307
2026-08-28T05:53:54.297336Z  INFO fs3_daemon::runner: batch kind="embed" subject=1 x smart jobs=1 ms=0
2026-08-28T05:53:54.305056Z  INFO fs3_daemon::runner: done kind="embed" id=55688 left=307
2026-08-28T05:53:54.308731Z  INFO fs3_daemon::runner: done kind=summarize subject=crates/core/src/views/roots.rs::RootReport ms=16 left=306
2026-08-28T05:53:54.327548Z  INFO fs3_daemon::runner: batch kind="embed" subject=1 x smart jobs=1 ms=0
2026-08-28T05:53:54.337084Z  INFO fs3_daemon::runner: done kind="embed" id=55689 left=306
2026-08-28T05:53:54.341948Z  INFO fs3_daemon::runner: done kind=summarize subject=crates/core/src/views/roots.rs::PrunedDirectoryRow ms=28 left=305
2026-08-28T05:53:54.359489Z  INFO fs3_daemon::runner: batch kind="embed" subject=1 x smart jobs=1 ms=1
2026-08-28T05:53:54.364538Z  INFO fs3_daemon::runner: done kind="embed" id=55690 left=305
2026-08-28T05:53:54.365721Z  INFO fs3_daemon::runner: done kind=summarize subject=crates/core/src/views/search.rs::Hit ms=21 left=304
2026-08-28T05:53:54.381447Z  INFO fs3_daemon::runner: batch kind="embed" subject=1 x smart jobs=1 ms=1
2026-08-28T05:53:54.387455Z  INFO fs3_daemon::runner: done kind=summarize subject=crates/core/src/views/status.rs::StatusReport ms=18 left=304
2026-08-28T05:53:54.388296Z  INFO fs3_daemon::runner: done kind="embed" id=55691 left=303
2026-08-28T05:53:54.402188Z  INFO fs3_daemon::runner: batch kind="embed" subject=1 x smart jobs=1 ms=2
2026-08-28T05:53:54.406953Z  INFO fs3_daemon::runner: done kind="embed" id=55692 left=303
2026-08-28T05:53:54.408308Z  INFO fs3_daemon::runner: done kind=summarize subject=crates/core/src/views/status.rs::QueueRow ms=16 left=302
2026-08-28T05:53:54.417548Z  INFO fs3_daemon::runner: batch kind="embed" subject=1 x smart jobs=1 ms=1
2026-08-28T05:53:54.423485Z  INFO fs3_daemon::runner: done kind="embed" id=55693 left=302
2026-08-28T05:53:54.425577Z  INFO fs3_daemon::runner: done kind=summarize subject=crates/daemon/src/http.rs::Health ms=13 left=301
2026-08-28T05:53:54.440163Z  INFO fs3_daemon::runner: batch kind="embed" subject=1 x smart jobs=1 ms=0
2026-08-28T05:53:54.453979Z  INFO fs3_daemon::runner: done kind="embed" id=55694 left=300
2026-08-28T05:53:54.470742Z  INFO fs3_daemon::runner: done kind=summarize subject=crates/daemon/src/http.rs::router ms=39 left=300
2026-08-28T05:53:54.477963Z  INFO fs3_daemon::runner: done kind=summarize subject=crates/daemon/src/http.rs::ask ms=16 left=300
2026-08-28T05:53:54.488138Z  INFO fs3_daemon::runner: batch kind="embed" subject=1 x smart jobs=1 ms=17
2026-08-28T05:53:54.498528Z  INFO fs3_daemon::runner: done kind="embed" id=55695 left=299
2026-08-28T05:53:54.511258Z  INFO fs3_daemon::runner: batch kind="embed" subject=1 x smart jobs=1 ms=5
2026-08-28T05:53:54.516220Z  INFO fs3_daemon::runner: done kind="embed" id=55696 left=298
2026-08-28T05:53:54.516756Z  INFO fs3_daemon::runner: done kind=summarize subject=crates/daemon/src/http.rs::remove ms=14 left=298
2026-08-28T05:53:54.530480Z  INFO fs3_daemon::runner: batch kind="embed" subject=1 x smart jobs=1 ms=1
2026-08-28T05:53:54.535854Z  INFO fs3_daemon::runner: done kind="embed" id=55697 left=297
2026-08-28T05:53:54.537056Z  INFO fs3_daemon::runner: done kind=summarize subject=crates/daemon/src/http.rs::conversation_list ms=16 left=297
2026-08-28T05:53:54.545546Z  INFO fs3_daemon::runner: batch kind="embed" subject=1 x smart jobs=1 ms=0
2026-08-28T05:53:54.554739Z  INFO fs3_daemon::runner: done kind="embed" id=55698 left=297
2026-08-28T05:53:54.588202Z  INFO fs3_daemon::runner: done kind=summarize subject=crates/daemon/src/read.rs::GetRequest ms=47 left=296
2026-08-28T05:53:54.611984Z  INFO fs3_daemon::runner: batch kind="embed" subject=1 x smart jobs=1 ms=1
2026-08-28T05:53:54.616868Z  INFO fs3_daemon::runner: done kind="embed" id=55699 left=296
2026-08-28T05:53:54.618743Z  INFO fs3_daemon::runner: done kind=summarize subject=crates/daemon/src/http.rs::conversation_remove ms=26 left=295
2026-08-28T05:53:54.624281Z  INFO fs3_daemon::runner: batch kind="embed" subject=1 x smart jobs=1 ms=0
2026-08-28T05:53:54.632593Z  INFO fs3_daemon::runner: done kind="embed" id=55700 left=295
2026-08-28T05:53:54.636441Z  INFO fs3_daemon::runner: done kind=summarize subject=crates/daemon/src/read.rs::TreeRequest ms=16 left=294
2026-08-28T05:53:54.646055Z  INFO fs3_daemon::runner: batch kind="embed" subject=1 x smart jobs=1 ms=0
2026-08-28T05:53:54.651083Z  INFO fs3_daemon::runner: done kind="embed" id=55701 left=294
2026-08-28T05:53:54.657133Z  INFO fs3_daemon::runner: done kind=summarize subject=crates/daemon/src/http.rs::conversations ms=19 left=293
2026-08-28T05:53:54.661980Z  INFO fs3_daemon::runner: batch kind="embed" subject=1 x smart jobs=1 ms=0
2026-08-28T05:53:54.666644Z  INFO fs3_daemon::runner: done kind="embed" id=55702 left=293
2026-08-28T05:53:54.668553Z  INFO fs3_daemon::runner: done kind=summarize subject=crates/daemon/src/read.rs::get ms=10 left=292
2026-08-28T05:53:54.674350Z  INFO fs3_daemon::runner: batch kind="embed" subject=1 x smart jobs=1 ms=0
2026-08-28T05:53:54.677979Z  INFO fs3_daemon::runner: done kind="embed" id=55703 left=292
2026-08-28T05:53:54.679497Z  INFO fs3_daemon::runner: done kind=summarize subject=crates/daemon/src/http.rs::conversation_ingest ms=8 left=291
2026-08-28T05:53:54.685969Z  INFO fs3_daemon::runner: batch kind="embed" subject=1 x smart jobs=1 ms=0
2026-08-28T05:53:54.690872Z  INFO fs3_daemon::runner: done kind="embed" id=55704 left=291
2026-08-28T05:53:54.692669Z  INFO fs3_daemon::runner: done kind=summarize subject=crates/daemon/src/read.rs::tree ms=11 left=290
2026-08-28T05:53:54.699880Z  INFO fs3_daemon::runner: batch kind="embed" subject=1 x smart jobs=1 ms=0
2026-08-28T05:53:54.704013Z  INFO fs3_daemon::runner: done kind="embed" id=55705 left=290
2026-08-28T05:53:54.704831Z  INFO fs3_daemon::runner: done kind=summarize subject=crates/daemon/src/http.rs::gc ms=9 left=289
2026-08-28T05:53:54.713977Z  INFO fs3_daemon::runner: batch kind="embed" subject=1 x smart jobs=1 ms=0
2026-08-28T05:53:54.717951Z  INFO fs3_daemon::runner: done kind="embed" id=55706 left=289
2026-08-28T05:53:54.719396Z  INFO fs3_daemon::runner: done kind=summarize subject=crates/daemon/src/remove.rs::remove ms=11 left=288
2026-08-28T05:53:54.727778Z  INFO fs3_daemon::runner: batch kind="embed" subject=1 x smart jobs=1 ms=1
2026-08-28T05:53:54.730406Z  INFO fs3_daemon::runner: done kind="embed" id=55707 left=288
2026-08-28T05:53:54.731765Z  INFO fs3_daemon::runner: done kind=summarize subject=crates/daemon/src/read.rs::index_tree ms=10 left=287
2026-08-28T05:53:54.749234Z  INFO fs3_daemon::runner: batch kind="embed" subject=1 x smart jobs=1 ms=1
2026-08-28T05:53:54.759410Z  INFO fs3_daemon::runner: done kind="embed" id=55708 left=287
2026-08-28T05:53:54.760800Z  INFO fs3_daemon::runner: done kind=summarize subject=crates/daemon/src/http.rs::events ms=28 left=286
2026-08-28T05:53:54.764979Z  INFO fs3_daemon::runner: batch kind="embed" subject=1 x smart jobs=1 ms=0
2026-08-28T05:53:54.768164Z  INFO fs3_daemon::runner: done kind="embed" id=55709 left=286
2026-08-28T05:53:54.769829Z  INFO fs3_daemon::runner: done kind=summarize subject=crates/daemon/src/roots.rs::ScanProgress ms=8 left=285
2026-08-28T05:53:54.775871Z  INFO fs3_daemon::runner: batch kind="embed" subject=1 x smart jobs=1 ms=0
2026-08-28T05:53:54.778384Z  INFO fs3_daemon::runner: done kind="embed" id=55710 left=285
2026-08-28T05:53:54.782874Z  INFO fs3_daemon::runner: done kind=summarize subject=crates/daemon/src/read.rs::file_tree ms=11 left=284
2026-08-28T05:53:54.785207Z  INFO fs3_daemon::runner: batch kind="embed" subject=1 x smart jobs=1 ms=0
2026-08-28T05:53:54.789351Z  INFO fs3_daemon::runner: done kind="embed" id=55711 left=283
2026-08-28T05:53:54.789446Z  INFO fs3_daemon::runner: done kind=summarize subject=crates/daemon/src/remove.rs::next_after_remove ms=8 left=283
2026-08-28T05:53:54.795455Z  INFO fs3_daemon::runner: batch kind="embed" subject=1 x smart jobs=1 ms=0
2026-08-28T05:53:54.799310Z  INFO fs3_daemon::runner: done kind="embed" id=55712 left=283
2026-08-28T05:53:54.801130Z  INFO fs3_daemon::runner: done kind=summarize subject=crates/daemon/src/http.rs::stream_events ms=9 left=282
2026-08-28T05:53:54.809968Z  INFO fs3_daemon::runner: batch kind="embed" subject=1 x smart jobs=1 ms=1
2026-08-28T05:53:54.820570Z  INFO fs3_daemon::runner: done kind=summarize subject=crates/daemon/src/roots.rs::ScanProgress::new ms=18 left=281
2026-08-28T05:53:54.822657Z  INFO fs3_daemon::runner: done kind="embed" id=55713 left=281
2026-08-28T05:53:54.831847Z  INFO fs3_daemon::runner: batch kind="embed" subject=1 x smart jobs=1 ms=2
2026-08-28T05:53:54.847114Z  INFO fs3_daemon::runner: done kind="embed" id=55714 left=281
2026-08-28T05:53:54.847880Z  INFO fs3_daemon::runner: done kind=summarize subject=crates/daemon/src/remove.rs::next_after_gc ms=21 left=280
2026-08-28T05:53:54.861976Z  INFO fs3_daemon::runner: batch kind="embed" subject=1 x smart jobs=1 ms=1
2026-08-28T05:53:54.876502Z  INFO fs3_daemon::runner: done kind="embed" id=55715 left=280
2026-08-28T05:53:54.877925Z  INFO fs3_daemon::runner: done kind=summarize subject=crates/daemon/src/roots.rs::ScanProgress::publish ms=19 left=279
2026-08-28T05:53:54.884690Z  INFO fs3_daemon::runner: batch kind="embed" subject=1 x smart jobs=1 ms=0
2026-08-28T05:53:54.890180Z  INFO fs3_daemon::runner: done kind="embed" id=55716 left=278
2026-08-28T05:53:54.895968Z  INFO fs3_daemon::runner: done kind=summarize subject=crates/daemon/src/read.rs::absolute_target ms=14 left=278
2026-08-28T05:53:54.899130Z  INFO fs3_daemon::runner: batch kind="embed" subject=1 x smart jobs=1 ms=0
2026-08-28T05:53:54.902503Z  INFO fs3_daemon::runner: done kind=summarize subject=crates/daemon/src/search.rs::SearchRequest ms=9 left=278
2026-08-28T05:53:54.904397Z  INFO fs3_daemon::runner: done kind="embed" id=55717 left=277
2026-08-28T05:53:54.919748Z  INFO fs3_daemon::runner: batch kind="embed" subject=1 x smart jobs=1 ms=1
2026-08-28T05:53:54.925685Z  INFO fs3_daemon::runner: done kind=summarize subject=crates/daemon/src/remove.rs::must_be_absolute ms=16 left=277
2026-08-28T05:53:54.926995Z  INFO fs3_daemon::runner: done kind="embed" id=55718 left=276
2026-08-28T05:53:54.936150Z  INFO fs3_daemon::runner: batch kind="embed" subject=1 x smart jobs=1 ms=3
2026-08-28T05:53:54.942810Z  INFO fs3_daemon::runner: done kind="embed" id=55719 left=276
2026-08-28T05:53:54.945028Z  INFO fs3_daemon::runner: done kind=summarize subject=crates/daemon/src/roots.rs::ScanFileJob ms=14 left=275
2026-08-28T05:53:54.949658Z  INFO fs3_daemon::runner: batch kind="embed" subject=1 x smart jobs=1 ms=0
2026-08-28T05:53:54.953028Z  INFO fs3_daemon::runner: done kind="embed" id=55720 left=275
2026-08-28T05:53:54.956067Z  INFO fs3_daemon::runner: done kind=summarize subject=crates/daemon/src/http.rs::add_root ms=10 left=274
2026-08-28T05:53:54.968942Z  INFO fs3_daemon::runner: batch kind="embed" subject=1 x smart jobs=1 ms=0
2026-08-28T05:53:54.975911Z  INFO fs3_daemon::runner: done kind="embed" id=55721 left=274
2026-08-28T05:53:54.978628Z  INFO fs3_daemon::runner: done kind=summarize subject=crates/daemon/src/read.rs::locate ms=21 left=273
2026-08-28T05:53:54.986782Z  INFO fs3_daemon::runner: batch kind="embed" subject=1 x smart jobs=1 ms=1
2026-08-28T05:53:54.993168Z  INFO fs3_daemon::runner: done kind="embed" id=55722 left=273
2026-08-28T05:53:54.994771Z  INFO fs3_daemon::runner: done kind=summarize subject=crates/daemon/src/search.rs::search ms=14 left=272
2026-08-28T05:53:55.001245Z  INFO fs3_daemon::runner: batch kind="embed" subject=1 x smart jobs=1 ms=1
2026-08-28T05:53:55.007150Z  INFO fs3_daemon::runner: done kind="embed" id=55723 left=272
2026-08-28T05:53:55.010283Z  INFO fs3_daemon::runner: done kind=summarize subject=crates/daemon/src/status.rs::report ms=14 left=271
2026-08-28T05:53:55.016718Z  INFO fs3_daemon::runner: batch kind="embed" subject=1 x smart jobs=1 ms=1
2026-08-28T05:53:55.021146Z  INFO fs3_daemon::runner: done kind="embed" id=55724 left=271
2026-08-28T05:53:55.022192Z  INFO fs3_daemon::runner: done kind=summarize subject=crates/daemon/src/roots.rs::ScanFileJob ms=9 left=270
2026-08-28T05:53:55.030771Z  INFO fs3_daemon::runner: batch kind="embed" subject=1 x smart jobs=1 ms=0
2026-08-28T05:53:55.036045Z  INFO fs3_daemon::runner: done kind="embed" id=55725 left=270
2026-08-28T05:53:55.038378Z  INFO fs3_daemon::runner: done kind=summarize subject=crates/daemon/src/read.rs::choose_file ms=12 left=269
2026-08-28T05:53:55.054765Z  INFO fs3_daemon::runner: batch kind="embed" subject=1 x smart jobs=1 ms=0
2026-08-28T05:53:55.056295Z  INFO fs3_daemon::runner: done kind=summarize subject=crates/daemon/src/http.rs::scan ms=13 left=269
2026-08-28T05:53:55.057600Z  INFO fs3_daemon::runner: done kind="embed" id=55726 left=268
2026-08-28T05:53:55.076991Z  INFO fs3_daemon::runner: batch kind="embed" subject=1 x smart jobs=1 ms=2
2026-08-28T05:53:55.117662Z  INFO fs3_daemon::runner: done kind="embed" id=55727 left=268
2026-08-28T05:53:55.118770Z  INFO fs3_daemon::runner: done kind=summarize subject=crates/daemon/src/search.rs::empty_because ms=55 left=267
2026-08-28T05:53:55.131668Z  INFO fs3_daemon::runner: batch kind="embed" subject=1 x smart jobs=1 ms=0
2026-08-28T05:53:55.136625Z  INFO fs3_daemon::runner: done kind="embed" id=55728 left=267
2026-08-28T05:53:55.138038Z  INFO fs3_daemon::runner: done kind=summarize subject=crates/daemon/src/roots.rs::scan_root ms=13 left=266
2026-08-28T05:53:55.151405Z  INFO fs3_daemon::runner: batch kind="embed" subject=1 x smart jobs=1 ms=0
2026-08-28T05:53:55.155916Z  INFO fs3_daemon::runner: done kind="embed" id=55729 left=266
2026-08-28T05:53:55.157314Z  INFO fs3_daemon::runner: done kind=summarize subject=crates/daemon/src/read.rs::parse_tree ms=13 left=265
2026-08-28T05:53:55.161368Z  INFO fs3_daemon::runner: batch kind="embed" subject=1 x smart jobs=1 ms=0
2026-08-28T05:53:55.167612Z  INFO fs3_daemon::runner: done kind="embed" id=55730 left=265
2026-08-28T05:53:55.168502Z  INFO fs3_daemon::runner: done kind=summarize subject=crates/daemon/src/http.rs::status ms=10 left=264
2026-08-28T05:53:55.175165Z  INFO fs3_daemon::runner: batch kind="embed" subject=1 x smart jobs=1 ms=0
2026-08-28T05:53:55.180130Z  INFO fs3_daemon::runner: done kind="embed" id=55731 left=264
2026-08-28T05:53:55.182442Z  INFO fs3_daemon::runner: done kind=summarize subject=crates/daemon/src/search.rs::nothing_to_search ms=11 left=263
2026-08-28T05:53:55.186657Z  INFO fs3_daemon::runner: batch kind="embed" subject=1 x smart jobs=1 ms=0
2026-08-28T05:53:55.195241Z  INFO fs3_daemon::runner: done kind="embed" id=55732 left=263
2026-08-28T05:53:55.197520Z  INFO fs3_daemon::runner: done kind=summarize subject=crates/daemon/src/roots.rs::known_blobs ms=14 left=262
2026-08-28T05:53:55.205040Z  INFO fs3_daemon::runner: batch kind="embed" subject=1 x smart jobs=1 ms=2
2026-08-28T05:53:55.209613Z  INFO fs3_daemon::runner: done kind="embed" id=55733 left=262
2026-08-28T05:53:55.212759Z  INFO fs3_daemon::runner: done kind=summarize subject=crates/daemon/src/read.rs::pick ms=14 left=261
2026-08-28T05:53:55.218449Z  INFO fs3_daemon::runner: batch kind="embed" subject=1 x smart jobs=1 ms=1
2026-08-28T05:53:55.224820Z  INFO fs3_daemon::runner: done kind="embed" id=55734 left=261
2026-08-28T05:53:55.226233Z  INFO fs3_daemon::runner: done kind=summarize subject=crates/daemon/src/http.rs::search ms=12 left=260
2026-08-28T05:53:55.231485Z  INFO fs3_daemon::runner: batch kind="embed" subject=1 x smart jobs=1 ms=0
2026-08-28T05:53:55.292662Z  INFO fs3_daemon::runner: done kind="embed" id=55735 left=260
2026-08-28T05:53:55.305376Z  INFO fs3_daemon::runner: done kind=summarize subject=crates/daemon/src/runner.rs::park_delay ms=77 left=259
2026-08-28T05:53:55.325796Z  INFO fs3_daemon::runner: batch kind="embed" subject=1 x smart jobs=1 ms=0
2026-08-28T05:53:55.351038Z  INFO fs3_daemon::runner: done kind="embed" id=55736 left=259
2026-08-28T05:53:55.353333Z  INFO fs3_daemon::runner: done kind=summarize subject=crates/daemon/src/search.rs::anchor_not_indexed ms=39 left=258
2026-08-28T05:53:55.358341Z  INFO fs3_daemon::runner: batch kind="embed" subject=1 x smart jobs=1 ms=0
2026-08-28T05:53:55.362548Z  INFO fs3_daemon::runner: done kind="embed" id=55737 left=258
2026-08-28T05:53:55.363741Z  INFO fs3_daemon::runner: done kind=summarize subject=crates/daemon/src/runner.rs::Drained ms=10 left=257
2026-08-28T05:53:55.376357Z  INFO fs3_daemon::runner: batch kind="embed" subject=1 x smart jobs=1 ms=1
2026-08-28T05:53:55.389896Z  INFO fs3_daemon::runner: done kind="embed" id=55738 left=257
2026-08-28T05:53:55.395754Z  INFO fs3_daemon::runner: done kind=summarize subject=crates/daemon/src/http.rs::get_address ms=26 left=256
2026-08-28T05:53:55.413784Z  INFO fs3_daemon::runner: batch kind="embed" subject=1 x smart jobs=1 ms=1
2026-08-28T05:53:55.417850Z  INFO fs3_daemon::runner: done kind="embed" id=55739 left=256
2026-08-28T05:53:55.419844Z  INFO fs3_daemon::runner: done kind=summarize subject=crates/daemon/src/read.rs::collect ms=18 left=255
2026-08-28T05:53:55.427386Z  INFO fs3_daemon::runner: batch kind="embed" subject=1 x smart jobs=1 ms=0
2026-08-28T05:53:55.432953Z  INFO fs3_daemon::runner: done kind=summarize subject=crates/daemon/src/search.rs::render ms=12 left=255
2026-08-28T05:53:55.435001Z  INFO fs3_daemon::runner: done kind="embed" id=55740 left=254
2026-08-28T05:53:55.445170Z  INFO fs3_daemon::runner: batch kind="embed" subject=1 x smart jobs=1 ms=3
2026-08-28T05:53:55.450547Z  INFO fs3_daemon::runner: done kind="embed" id=55741 left=254
2026-08-28T05:53:55.451565Z  INFO fs3_daemon::runner: done kind=summarize subject=crates/daemon/src/runner.rs::Drained ms=14 left=253
2026-08-28T05:53:55.459131Z  INFO fs3_daemon::runner: batch kind="embed" subject=1 x smart jobs=1 ms=0
2026-08-28T05:53:55.463358Z  INFO fs3_daemon::runner: done kind="embed" id=55742 left=253
2026-08-28T05:53:55.465269Z  INFO fs3_daemon::runner: done kind=summarize subject=crates/daemon/src/http.rs::tree ms=10 left=252
2026-08-28T05:53:55.475013Z  INFO fs3_daemon::runner: batch kind="embed" subject=1 x smart jobs=1 ms=0
2026-08-28T05:53:55.485900Z  INFO fs3_daemon::runner: done kind="embed" id=55743 left=252
2026-08-28T05:53:55.487321Z  INFO fs3_daemon::runner: done kind=summarize subject=crates/daemon/src/read.rs::unknown_element ms=20 left=251
2026-08-28T05:53:55.503290Z  INFO fs3_daemon::runner: batch kind="embed" subject=1 x smart jobs=1 ms=0
2026-08-28T05:53:55.507565Z  INFO fs3_daemon::runner: done kind=summarize subject=crates/daemon/src/search.rs::glob_to_like ms=11 left=251
2026-08-28T05:53:55.523990Z  INFO fs3_daemon::runner: done kind="embed" id=55744 left=250
2026-08-28T05:53:55.545144Z  INFO fs3_daemon::runner: batch kind="embed" subject=1 x smart jobs=1 ms=1
2026-08-28T05:53:55.553136Z  INFO fs3_daemon::runner: done kind="embed" id=55745 left=250
2026-08-28T05:53:55.558395Z  INFO fs3_daemon::runner: done kind=summarize subject=crates/daemon/src/roots.rs::skip_counts ms=20 left=249
2026-08-28T05:53:55.564467Z  INFO fs3_daemon::runner: batch kind="embed" subject=1 x smart jobs=1 ms=2
2026-08-28T05:53:55.570469Z  INFO fs3_daemon::runner: done kind="embed" id=55746 left=249
2026-08-28T05:53:55.574230Z  INFO fs3_daemon::runner: done kind=summarize subject=crates/daemon/src/runner.rs::drain ms=16 left=248
2026-08-28T05:53:55.584242Z  INFO fs3_daemon::runner: batch kind="embed" subject=1 x smart jobs=1 ms=1
2026-08-28T05:53:55.590977Z  INFO fs3_daemon::runner: done kind="embed" id=55747 left=248
2026-08-28T05:53:55.594407Z  INFO fs3_daemon::runner: done kind=summarize subject=crates/daemon/src/http.rs::next_after_scan ms=18 left=247
2026-08-28T05:53:55.600923Z  INFO fs3_daemon::runner: batch kind="embed" subject=1 x smart jobs=1 ms=0
2026-08-28T05:53:55.604558Z  INFO fs3_daemon::runner: done kind="embed" id=55748 left=246
2026-08-28T05:53:55.618566Z  INFO fs3_daemon::runner: done kind=summarize subject=crates/daemon/src/read.rs::ambiguous_element ms=23 left=246
2026-08-28T05:53:55.624789Z  INFO fs3_daemon::runner: batch kind="embed" subject=1 x smart jobs=1 ms=0
2026-08-28T05:53:55.637790Z  INFO fs3_daemon::runner: done kind="embed" id=55749 left=246
2026-08-28T05:53:55.642118Z  INFO fs3_daemon::runner: done kind=summarize subject=crates/daemon/src/search.rs::tests ms=30 left=245
2026-08-28T05:53:55.648177Z  INFO fs3_daemon::runner: batch kind="embed" subject=1 x smart jobs=1 ms=0
2026-08-28T05:53:55.653579Z  INFO fs3_daemon::runner: done kind="embed" id=55750 left=245
2026-08-28T05:53:55.654375Z  INFO fs3_daemon::runner: done kind=summarize subject=crates/daemon/src/roots.rs::pruned_rows ms=11 left=244
2026-08-28T05:53:55.659841Z  INFO fs3_daemon::runner: batch kind="embed" subject=1 x smart jobs=1 ms=0
2026-08-28T05:53:55.662646Z  INFO fs3_daemon::runner: done kind="embed" id=55751 left=244
2026-08-28T05:53:55.664976Z  INFO fs3_daemon::runner: done kind=summarize subject=crates/daemon/src/wiring.rs::AppState ms=9 left=243
2026-08-28T05:53:55.675206Z  INFO fs3_daemon::runner: batch kind="embed" subject=1 x smart jobs=1 ms=0
2026-08-28T05:53:55.685029Z  INFO fs3_daemon::runner: done kind="embed" id=55752 left=243
2026-08-28T05:53:55.688849Z  INFO fs3_daemon::runner: done kind=summarize subject=crates/daemon/src/http.rs::serve_listener ms=21 left=242
2026-08-28T05:53:55.696391Z  INFO fs3_daemon::runner: batch kind="embed" subject=1 x smart jobs=1 ms=0
2026-08-28T05:53:55.701804Z  INFO fs3_daemon::runner: done kind="embed" id=55753 left=242
2026-08-28T05:53:55.703843Z  INFO fs3_daemon::runner: done kind=summarize subject=crates/daemon/src/search.rs::tests::a_glob_becomes_a_like_pattern_with_its_metacharacters_escaped ms=13 left=241
2026-08-28T05:53:55.711532Z  INFO fs3_daemon::runner: batch kind="embed" subject=1 x smart jobs=1 ms=1
2026-08-28T05:53:55.716937Z  INFO fs3_daemon::runner: done kind="embed" id=55754 left=241
2026-08-28T05:53:55.730650Z  INFO fs3_daemon::runner: done kind=summarize subject=crates/daemon/src/runner.rs::run_forever ms=23 left=240
2026-08-28T05:53:55.747454Z  INFO fs3_daemon::runner: batch kind="embed" subject=1 x smart jobs=1 ms=1
2026-08-28T05:53:55.753991Z  INFO fs3_daemon::runner: done kind="embed" id=55755 left=240
2026-08-28T05:53:55.757281Z  INFO fs3_daemon::runner: done kind=summarize subject=crates/daemon/src/wiring.rs::AppState ms=22 left=239
2026-08-28T05:53:55.763985Z  INFO fs3_daemon::runner: batch kind="embed" subject=1 x smart jobs=1 ms=1
2026-08-28T05:53:55.774067Z  INFO fs3_daemon::runner: done kind="embed" id=55756 left=239
2026-08-28T05:53:55.776241Z  INFO fs3_daemon::runner: done kind=summarize subject=crates/daemon/src/roots.rs::canonical ms=16 left=238
2026-08-28T05:53:55.784096Z  INFO fs3_daemon::runner: batch kind="embed" subject=1 x smart jobs=1 ms=2
2026-08-28T05:53:55.789209Z  INFO fs3_daemon::runner: done kind="embed" id=55757 left=238
2026-08-28T05:53:55.795273Z  INFO fs3_daemon::runner: done kind=summarize subject=crates/daemon/src/search.rs::tests::a_snippet_is_lean_rather_than_the_whole_body ms=18 left=237
2026-08-28T05:53:55.800839Z  INFO fs3_daemon::runner: batch kind="embed" subject=1 x smart jobs=1 ms=1
2026-08-28T05:53:55.811603Z  INFO fs3_daemon::runner: done kind="embed" id=55758 left=237
2026-08-28T05:53:55.813104Z  INFO fs3_daemon::runner: done kind=summarize subject=crates/daemon/src/read.rs::missing_path ms=16 left=236
2026-08-28T05:53:55.823346Z  INFO fs3_daemon::runner: batch kind="embed" subject=1 x smart jobs=1 ms=0
2026-08-28T05:53:55.829951Z  INFO fs3_daemon::runner: done kind="embed" id=55759 left=236
2026-08-28T05:53:55.832923Z  INFO fs3_daemon::runner: done kind=summarize subject=crates/daemon/src/runner.rs::drain_embed ms=16 left=235
2026-08-28T05:53:55.839390Z  INFO fs3_daemon::runner: batch kind="embed" subject=1 x smart jobs=1 ms=1
2026-08-28T05:53:55.849001Z  INFO fs3_daemon::runner: done kind="embed" id=55760 left=235
2026-08-28T05:53:55.851419Z  INFO fs3_daemon::runner: done kind=summarize subject=crates/daemon/src/wiring.rs::AppState::fmt ms=17 left=234
2026-08-28T05:53:55.854599Z  INFO fs3_daemon::runner: batch kind="embed" subject=1 x smart jobs=1 ms=0
2026-08-28T05:53:55.857474Z  INFO fs3_daemon::runner: done kind="embed" id=55761 left=234
2026-08-28T05:53:55.860285Z  INFO fs3_daemon::runner: done kind=summarize subject=crates/daemon/src/read.rs::element_address ms=8 left=233
2026-08-28T05:53:55.868979Z  INFO fs3_daemon::runner: batch kind="embed" subject=1 x smart jobs=1 ms=0
2026-08-28T05:53:55.871958Z  INFO fs3_daemon::runner: done kind=summarize subject=crates/daemon/src/roots.rs::RootError ms=10 left=233
2026-08-28T05:53:55.873340Z  INFO fs3_daemon::runner: done kind="embed" id=55762 left=232
2026-08-28T05:53:55.883137Z  INFO fs3_daemon::runner: batch kind="embed" subject=1 x smart jobs=1 ms=0
2026-08-28T05:53:55.887795Z  INFO fs3_daemon::runner: done kind="embed" id=55763 left=232
2026-08-28T05:53:55.894178Z  INFO fs3_daemon::runner: done kind=summarize subject=crates/daemon/src/wiring.rs::AppState ms=17 left=231
2026-08-28T05:53:55.900484Z  INFO fs3_daemon::runner: batch kind="embed" subject=1 x smart jobs=1 ms=0
2026-08-28T05:53:55.905816Z  INFO fs3_daemon::runner: done kind="embed" id=55764 left=231
2026-08-28T05:53:55.908067Z  INFO fs3_daemon::runner: done kind=summarize subject=crates/daemon/src/runner.rs::report_progress ms=11 left=230
2026-08-28T05:53:55.914072Z  INFO fs3_daemon::runner: batch kind="embed" subject=1 x smart jobs=1 ms=2
2026-08-28T05:53:55.918130Z  INFO fs3_daemon::runner: done kind="embed" id=55765 left=230
2026-08-28T05:53:55.919558Z  INFO fs3_daemon::runner: done kind=summarize subject=crates/daemon/src/search.rs::tests::empty_answers ms=10 left=229
2026-08-28T05:53:55.925376Z  INFO fs3_daemon::runner: batch kind="embed" subject=1 x smart jobs=1 ms=0
2026-08-28T05:53:55.927919Z  INFO fs3_daemon::runner: done kind="embed" id=55766 left=228
2026-08-28T05:53:55.932359Z  INFO fs3_daemon::runner: done kind=summarize subject=crates/daemon/src/roots.rs::tests ms=9 left=228
2026-08-28T05:53:55.934500Z  INFO fs3_daemon::runner: batch kind="embed" subject=1 x smart jobs=1 ms=1
2026-08-28T05:53:55.940154Z  INFO fs3_daemon::runner: done kind="embed" id=55767 left=228
2026-08-28T05:53:55.942400Z  INFO fs3_daemon::runner: done kind=summarize subject=crates/daemon/src/read.rs::conversation_window ms=11 left=227
2026-08-28T05:53:55.955643Z  INFO fs3_daemon::runner: batch kind="embed" subject=1 x smart jobs=1 ms=0
2026-08-28T05:53:55.960539Z  INFO fs3_daemon::runner: done kind=summarize subject=crates/daemon/src/runner.rs::emit_queue ms=11 left=227
2026-08-28T05:53:55.963477Z  INFO fs3_daemon::runner: done kind="embed" id=55768 left=226
2026-08-28T05:53:55.976884Z  INFO fs3_daemon::runner: batch kind="embed" subject=1 x smart jobs=1 ms=3
2026-08-28T05:53:55.982233Z  INFO fs3_daemon::runner: done kind=summarize subject=crates/daemon/src/read.rs::unknown_conversation ms=16 left=226
2026-08-28T05:53:55.984254Z  INFO fs3_daemon::runner: done kind="embed" id=55769 left=225
2026-08-28T05:53:56.002327Z  INFO fs3_daemon::runner: batch kind="embed" subject=1 x smart jobs=1 ms=0
2026-08-28T05:53:56.008449Z  INFO fs3_daemon::runner: done kind="embed" id=55770 left=224
2026-08-28T05:53:56.008812Z  INFO fs3_daemon::runner: done kind=summarize subject=crates/daemon/src/wiring.rs::AppState::from_config ms=16 left=224
2026-08-28T05:53:56.014022Z  INFO fs3_daemon::runner: batch kind="embed" subject=1 x smart jobs=1 ms=1
2026-08-28T05:53:56.020236Z  INFO fs3_daemon::runner: done kind="embed" id=55771 left=224
2026-08-28T05:53:56.021424Z  INFO fs3_daemon::runner: done kind=summarize subject=crates/daemon/src/search.rs::tests::empty_answers::an_anchored_search_with_no_floor_blames_the_scan_and_names_the_scope ms=10 left=223
2026-08-28T05:53:56.029333Z  INFO fs3_daemon::runner: batch kind="embed" subject=1 x smart jobs=1 ms=0
2026-08-28T05:53:56.035911Z  INFO fs3_daemon::runner: done kind="embed" id=55772 left=223
2026-08-28T05:53:56.037525Z  INFO fs3_daemon::runner: done kind=summarize subject=crates/daemon/src/roots.rs::tests::the_dedupe_key_is_the_path_not_the_content ms=12 left=222
2026-08-28T05:53:56.046351Z  INFO fs3_daemon::runner: batch kind="embed" subject=1 x smart jobs=1 ms=0
2026-08-28T05:53:56.054527Z  INFO fs3_daemon::runner: done kind="embed" id=55773 left=222
2026-08-28T05:53:56.056747Z  INFO fs3_daemon::runner: done kind=summarize subject=crates/daemon/src/roots.rs::tests::a_scan_job_round_trips_through_its_payload ms=16 left=221
2026-08-28T05:53:56.065366Z  INFO fs3_daemon::runner: batch kind="embed" subject=1 x smart jobs=1 ms=0
2026-08-28T05:53:56.069160Z  INFO fs3_daemon::runner: done kind="embed" id=55774 left=221
2026-08-28T05:53:56.071451Z  INFO fs3_daemon::runner: done kind=summarize subject=crates/daemon/src/runner.rs::emit_failure ms=10 left=220
2026-08-28T05:53:56.074984Z  INFO fs3_daemon::runner: batch kind="embed" subject=1 x smart jobs=1 ms=0
2026-08-28T05:53:56.081833Z  INFO fs3_daemon::runner: done kind=summarize subject=crates/daemon/src/search.rs::tests::empty_answers::a_floor_is_reported_as_the_floor ms=10 left=220
2026-08-28T05:53:56.084293Z  INFO fs3_daemon::runner: done kind="embed" id=55775 left=219
2026-08-28T05:53:56.096571Z  INFO fs3_daemon::runner: batch kind="embed" subject=1 x smart jobs=1 ms=0
2026-08-28T05:53:56.099524Z  INFO fs3_daemon::runner: done kind="embed" id=55776 left=219
2026-08-28T05:53:56.101171Z  INFO fs3_daemon::runner: done kind=summarize subject=crates/daemon/src/read.rs::conversation_outline ms=11 left=218
2026-08-28T05:53:56.117379Z  INFO fs3_daemon::runner: batch kind="embed" subject=1 x smart jobs=1 ms=0
2026-08-28T05:53:56.125365Z  INFO fs3_daemon::runner: done kind="embed" id=55777 left=217
2026-08-28T05:53:56.125871Z  INFO fs3_daemon::runner: done kind=summarize subject=crates/daemon/src/runner.rs::settle ms=21 left=217
2026-08-28T05:53:56.142255Z  INFO fs3_daemon::runner: batch kind="embed" subject=1 x smart jobs=1 ms=1
2026-08-28T05:53:56.143293Z  INFO fs3_daemon::runner: done kind=summarize subject=crates/daemon/src/read.rs::outline ms=12 left=217
2026-08-28T05:53:56.145144Z  INFO fs3_daemon::runner: done kind="embed" id=55778 left=216
2026-08-28T05:53:56.156031Z  INFO fs3_daemon::runner: batch kind="embed" subject=1 x smart jobs=1 ms=0
2026-08-28T05:53:56.161645Z  INFO fs3_daemon::runner: done kind=summarize subject=crates/daemon/src/wiring.rs::build_embedder ms=13 left=216
2026-08-28T05:53:56.164870Z  INFO fs3_daemon::runner: done kind="embed" id=55779 left=215
2026-08-28T05:53:56.178820Z  INFO fs3_daemon::runner: batch kind="embed" subject=1 x smart jobs=1 ms=1
2026-08-28T05:53:56.181747Z  INFO fs3_daemon::runner: done kind="embed" id=55780 left=215
2026-08-28T05:53:56.182327Z  INFO fs3_daemon::runner: done kind=summarize subject=crates/daemon/src/search.rs::tests::empty_answers::a_floor_of_zero_explains_nothing_and_is_not_offered_as_one ms=8 left=214
2026-08-28T05:53:56.190752Z  INFO fs3_daemon::runner: batch kind="embed" subject=1 x smart jobs=1 ms=0
2026-08-28T05:53:56.193997Z  INFO fs3_daemon::runner: done kind="embed" id=55781 left=214
2026-08-28T05:53:56.195725Z  INFO fs3_daemon::runner: done kind=summarize subject=crates/daemon/src/search.rs::tests::empty_answers::a_path_filter_is_named_as_the_scope ms=10 left=213
2026-08-28T05:53:56.199821Z  INFO fs3_daemon::runner: batch kind="embed" subject=1 x smart jobs=1 ms=0
2026-08-28T05:53:56.207868Z  INFO fs3_daemon::runner: done kind="embed" id=55782 left=213
2026-08-28T05:53:56.210762Z  INFO fs3_daemon::runner: done kind=summarize subject=crates/daemon/src/wiring.rs::build_agent ms=14 left=212
2026-08-28T05:53:56.223829Z  INFO fs3_daemon::runner: batch kind="embed" subject=1 x smart jobs=1 ms=2
2026-08-28T05:53:56.228170Z  INFO fs3_daemon::runner: done kind="embed" id=55783 left=212
2026-08-28T05:53:56.230168Z  INFO fs3_daemon::runner: done kind=summarize subject=crates/daemon/src/read.rs::element_entry ms=15 left=211
2026-08-28T05:53:56.238285Z  INFO fs3_daemon::runner: batch kind="embed" subject=1 x smart jobs=1 ms=0
2026-08-28T05:53:56.241211Z  INFO fs3_daemon::runner: done kind="embed" id=55784 left=211
2026-08-28T05:53:56.242642Z  INFO fs3_daemon::runner: done kind=summarize subject=crates/daemon/tests/conversation_query.rs::turn ms=10 left=210
2026-08-28T05:53:56.249889Z  INFO fs3_daemon::runner: batch kind="embed" subject=1 x smart jobs=1 ms=2
2026-08-28T05:53:56.258848Z  INFO fs3_daemon::runner: done kind="embed" id=55785 left=210
2026-08-28T05:53:56.270027Z  INFO fs3_daemon::runner: done kind=summarize subject=crates/daemon/src/wiring.rs::build_summarizer ms=25 left=209
2026-08-28T05:53:56.282305Z  INFO fs3_daemon::runner: batch kind="embed" subject=1 x smart jobs=1 ms=0
2026-08-28T05:53:56.288980Z  INFO fs3_daemon::runner: done kind="embed" id=55786 left=209
2026-08-28T05:53:56.291920Z  INFO fs3_daemon::runner: done kind=summarize subject=crates/daemon/src/runner.rs::subject_of ms=17 left=208
2026-08-28T05:53:56.323858Z  INFO fs3_daemon::runner: batch kind="embed" subject=1 x smart jobs=1 ms=1
2026-08-28T05:53:56.326378Z  INFO fs3_daemon::runner: done kind=summarize subject=crates/daemon/src/read.rs::directory_entries ms=9 left=208
2026-08-28T05:53:56.326742Z  INFO fs3_daemon::runner: done kind="embed" id=55787 left=207
2026-08-28T05:53:56.335231Z  INFO fs3_daemon::runner: batch kind="embed" subject=1 x smart jobs=1 ms=0
2026-08-28T05:53:56.338778Z  INFO fs3_daemon::runner: done kind="embed" id=55788 left=207
2026-08-28T05:53:56.340374Z  INFO fs3_daemon::runner: done kind=summarize subject=crates/daemon/src/wiring.rs::azure_config ms=10 left=206
2026-08-28T05:53:56.345796Z  INFO fs3_daemon::runner: batch kind="embed" subject=1 x smart jobs=1 ms=0
2026-08-28T05:53:56.362288Z  INFO fs3_daemon::runner: done kind="embed" id=55789 left=206
2026-08-28T05:53:56.365261Z  INFO fs3_daemon::runner: done kind=summarize subject=crates/daemon/tests/conversation_query.rs::store ms=24 left=205
2026-08-28T05:53:56.370348Z  INFO fs3_daemon::runner: batch kind="embed" subject=1 x smart jobs=1 ms=0
2026-08-28T05:53:56.378881Z  INFO fs3_daemon::runner: done kind="embed" id=55790 left=204
2026-08-28T05:53:56.381092Z  INFO fs3_daemon::runner: done kind=summarize subject=crates/daemon/src/runner.rs::dispatch ms=15 left=204
2026-08-28T05:53:56.385886Z  INFO fs3_daemon::runner: batch kind="embed" subject=1 x smart jobs=1 ms=0
2026-08-28T05:53:56.390283Z  INFO fs3_daemon::runner: done kind=summarize subject=crates/daemon/src/read.rs::next_after_get ms=7 left=204
2026-08-28T05:53:56.391519Z  INFO fs3_daemon::runner: done kind="embed" id=55791 left=203
2026-08-28T05:53:56.398527Z  INFO fs3_daemon::runner: batch kind="embed" subject=1 x smart jobs=1 ms=0
2026-08-28T05:53:56.405265Z  INFO fs3_daemon::runner: done kind="embed" id=55792 left=203
2026-08-28T05:53:56.406346Z  INFO fs3_daemon::runner: done kind=summarize subject=crates/daemon/src/wiring.rs::now ms=11 left=202
2026-08-28T05:53:56.417794Z  INFO fs3_daemon::runner: batch kind="embed" subject=1 x smart jobs=1 ms=0
2026-08-28T05:53:56.451579Z  INFO fs3_daemon::runner: done kind="embed" id=55793 left=201
2026-08-28T05:53:56.454490Z  INFO fs3_daemon::runner: done kind=summarize subject=crates/daemon/src/runner.rs::tests ms=43 left=201
2026-08-28T05:53:56.464850Z  INFO fs3_daemon::runner: batch kind="embed" subject=1 x smart jobs=1 ms=1
2026-08-28T05:53:56.471569Z  INFO fs3_daemon::runner: done kind="embed" id=55794 left=201
2026-08-28T05:53:56.472777Z  INFO fs3_daemon::runner: done kind=summarize subject=crates/daemon/tests/conversation_query.rs::conversations_answer_only_when_asked_for ms=14 left=200
2026-08-28T05:53:56.479341Z  INFO fs3_daemon::runner: batch kind="embed" subject=1 x smart jobs=1 ms=1
2026-08-28T05:53:56.484945Z  INFO fs3_daemon::runner: done kind="embed" id=55795 left=200
2026-08-28T05:53:56.487432Z  INFO fs3_daemon::runner: done kind=summarize subject=crates/daemon/src/read.rs::next_after_tree ms=12 left=199
2026-08-28T05:53:56.492811Z  INFO fs3_daemon::runner: batch kind="embed" subject=1 x smart jobs=1 ms=0
2026-08-28T05:53:56.496880Z  INFO fs3_daemon::runner: done kind="embed" id=55796 left=199
2026-08-28T05:53:56.499940Z  INFO fs3_daemon::runner: done kind=summarize subject=crates/daemon/src/wiring.rs::civil_from_days ms=10 left=198
2026-08-28T05:53:56.509417Z  INFO fs3_daemon::runner: batch kind="embed" subject=1 x smart jobs=1 ms=1
2026-08-28T05:53:56.528731Z  INFO fs3_daemon::runner: done kind="embed" id=55797 left=198
2026-08-28T05:53:56.530227Z  INFO fs3_daemon::runner: done kind=summarize subject=crates/daemon/tests/conversation_query.rs::a_hit_on_text_shared_with_code_resolves_to_the_turn ms=27 left=197
2026-08-28T05:53:56.536517Z  INFO fs3_daemon::runner: batch kind="embed" subject=1 x smart jobs=1 ms=0
2026-08-28T05:53:56.541293Z  INFO fs3_daemon::runner: done kind="embed" id=55798 left=197
2026-08-28T05:53:56.542999Z  INFO fs3_daemon::runner: done kind=summarize subject=crates/daemon/src/read.rs::tests ms=11 left=196
2026-08-28T05:53:56.559283Z  INFO fs3_daemon::runner: batch kind="embed" subject=1 x smart jobs=1 ms=1
2026-08-28T05:53:56.566397Z  INFO fs3_daemon::runner: done kind="embed" id=55799 left=196
2026-08-28T05:53:56.568616Z  INFO fs3_daemon::runner: done kind=summarize subject=crates/daemon/src/runner.rs::tests::drain_totals_accumulate_every_outcome ms=21 left=195
2026-08-28T05:53:56.575847Z  INFO fs3_daemon::runner: batch kind="embed" subject=1 x smart jobs=1 ms=1
2026-08-28T05:53:56.581410Z  INFO fs3_daemon::runner: done kind="embed" id=55800 left=195
2026-08-28T05:53:56.583400Z  INFO fs3_daemon::runner: done kind=summarize subject=crates/daemon/tests/conversation_query.rs::an_anchor_filter_narrows_conversations_instead_of_erasing_them ms=13 left=194
2026-08-28T05:53:56.587832Z  INFO fs3_daemon::runner: batch kind="embed" subject=1 x smart jobs=1 ms=0
2026-08-28T05:53:56.591648Z  INFO fs3_daemon::runner: done kind="embed" id=55801 left=194
2026-08-28T05:53:56.605801Z  INFO fs3_daemon::runner: done kind=summarize subject=crates/daemon/src/read.rs::tests::element ms=20 left=193
2026-08-28T05:53:56.612162Z  INFO fs3_daemon::runner: batch kind="embed" subject=1 x smart jobs=1 ms=1
2026-08-28T05:53:56.617935Z  INFO fs3_daemon::runner: done kind="embed" id=55802 left=193
2026-08-28T05:53:56.622300Z  INFO fs3_daemon::runner: done kind=summarize subject=crates/daemon/tests/conversation_query.rs::a_window_reads_around_a_turn_and_stops_at_the_edges ms=15 left=192
2026-08-28T05:53:56.629254Z  INFO fs3_daemon::runner: batch kind="embed" subject=1 x smart jobs=1 ms=0
2026-08-28T05:53:56.633234Z  INFO fs3_daemon::runner: done kind="embed" id=55803 left=192
2026-08-28T05:53:56.635891Z  INFO fs3_daemon::runner: done kind=summarize subject=crates/daemon/tests/event_stream.rs::RateLimited ms=9 left=191
2026-08-28T05:53:56.640546Z  INFO fs3_daemon::runner: batch kind="embed" subject=1 x smart jobs=1 ms=0
2026-08-28T05:53:56.643754Z  INFO fs3_daemon::runner: done kind="embed" id=55804 left=191
2026-08-28T05:53:56.646866Z  INFO fs3_daemon::runner: done kind=summarize subject=crates/daemon/src/read.rs::tests::one_address_can_match_two_elements ms=9 left=190
2026-08-28T05:53:56.653337Z  INFO fs3_daemon::runner: batch kind="embed" subject=1 x smart jobs=1 ms=0
2026-08-28T05:53:56.661960Z  INFO fs3_daemon::runner: done kind="embed" id=55805 left=190
2026-08-28T05:53:56.664365Z  INFO fs3_daemon::runner: done kind=summarize subject=crates/daemon/tests/event_stream.rs::next_line ms=17 left=189
2026-08-28T05:53:56.677907Z  INFO fs3_daemon::runner: batch kind="embed" subject=1 x smart jobs=1 ms=1
2026-08-28T05:53:56.691002Z  INFO fs3_daemon::runner: done kind="embed" id=55806 left=189
2026-08-28T05:53:56.694167Z  INFO fs3_daemon::runner: done kind=summarize subject=crates/daemon/tests/conversation_query.rs::a_conversation_address_with_no_ordinal_starts_at_the_beginning ms=25 left=188
2026-08-28T05:53:56.703171Z  INFO fs3_daemon::runner: batch kind="embed" subject=1 x smart jobs=1 ms=0
2026-08-28T05:53:56.707214Z  INFO fs3_daemon::runner: done kind="embed" id=55807 left=188
2026-08-28T05:53:56.709236Z  INFO fs3_daemon::runner: done kind=summarize subject=crates/daemon/src/read.rs::tests::a_match_carries_the_chain_above_it ms=9 left=187
2026-08-28T05:53:56.715302Z  INFO fs3_daemon::runner: batch kind="embed" subject=1 x smart jobs=1 ms=0
2026-08-28T05:53:56.718744Z  INFO fs3_daemon::runner: done kind=summarize subject=crates/daemon/tests/event_stream.rs::stack ms=8 left=187
2026-08-28T05:53:56.722872Z  INFO fs3_daemon::runner: done kind="embed" id=55808 left=186
2026-08-28T05:53:56.735004Z  INFO fs3_daemon::runner: batch kind="embed" subject=1 x smart jobs=1 ms=0
2026-08-28T05:53:56.740797Z  INFO fs3_daemon::runner: done kind="embed" id=55809 left=186
2026-08-28T05:53:56.745893Z  INFO fs3_daemon::runner: done kind=summarize subject=crates/daemon/tests/conversation_query.rs::a_conversation_tree_is_its_turn_outline ms=16 left=185
2026-08-28T05:53:56.750295Z  INFO fs3_daemon::runner: batch kind="embed" subject=1 x smart jobs=1 ms=0
2026-08-28T05:53:56.757153Z  INFO fs3_daemon::runner: done kind="embed" id=55810 left=185
2026-08-28T05:53:56.759792Z  INFO fs3_daemon::runner: done kind=summarize subject=crates/daemon/src/read.rs::tests::a_flat_path_list_folds_into_directories_and_files ms=13 left=184
2026-08-28T05:53:56.766244Z  INFO fs3_daemon::runner: batch kind="embed" subject=1 x smart jobs=1 ms=0
2026-08-28T05:53:56.770874Z  INFO fs3_daemon::runner: done kind="embed" id=55811 left=184
2026-08-28T05:53:56.772191Z  INFO fs3_daemon::runner: done kind=summarize subject=crates/daemon/tests/conversation_query.rs::listing_narrows_and_removing_forgets_exactly_one ms=10 left=183
2026-08-28T05:53:56.777425Z  INFO fs3_daemon::runner: batch kind="embed" subject=1 x smart jobs=1 ms=0
2026-08-28T05:53:56.780054Z  INFO fs3_daemon::runner: done kind="embed" id=55812 left=183
2026-08-28T05:53:56.782588Z  INFO fs3_daemon::runner: done kind=summarize subject=crates/daemon/tests/event_stream.rs::drain_events ms=8 left=182
2026-08-28T05:53:56.790415Z  INFO fs3_daemon::runner: batch kind="embed" subject=1 x smart jobs=1 ms=1
2026-08-28T05:53:56.794402Z  INFO fs3_daemon::runner: done kind=summarize subject=crates/daemon/src/read.rs::tests::depth_two_descends_one_directory_further ms=9 left=182
2026-08-28T05:53:56.797066Z  INFO fs3_daemon::runner: done kind="embed" id=55813 left=181
2026-08-28T05:53:56.804440Z  INFO fs3_daemon::runner: batch kind="embed" subject=1 x smart jobs=1 ms=0
2026-08-28T05:53:56.807563Z  INFO fs3_daemon::runner: done kind="embed" id=55814 left=181
2026-08-28T05:53:56.808526Z  INFO fs3_daemon::runner: done kind=summarize subject=crates/daemon/tests/event_stream.rs::fanout_is_identical_and_a_lagging_watcher_is_dropped ms=8 left=180
2026-08-28T05:53:56.816499Z  INFO fs3_daemon::runner: batch kind="embed" subject=1 x smart jobs=1 ms=0
2026-08-28T05:53:56.826269Z  INFO fs3_daemon::runner: done kind="embed" id=55815 left=180
2026-08-28T05:53:56.828805Z  INFO fs3_daemon::runner: done kind=summarize subject=crates/daemon/src/read.rs::tests::a_prefixed_listing_names_only_what_is_below_the_prefix ms=16 left=179
2026-08-28T05:53:56.835118Z  INFO fs3_daemon::runner: batch kind="embed" subject=1 x smart jobs=1 ms=1
2026-08-28T05:53:56.839541Z  INFO fs3_daemon::runner: done kind="embed" id=55816 left=179
2026-08-28T05:53:56.842075Z  INFO fs3_daemon::runner: done kind=summarize subject=crates/daemon/tests/event_stream.rs::two_http_watchers_receive_the_same_live_event_after_hello ms=11 left=178
2026-08-28T05:53:56.847219Z  INFO fs3_daemon::runner: batch kind="embed" subject=1 x smart jobs=1 ms=0
2026-08-28T05:53:56.851015Z  INFO fs3_daemon::runner: done kind="embed" id=55817 left=178
2026-08-28T05:53:56.852607Z  INFO fs3_daemon::runner: done kind=summarize subject=crates/daemon/src/read.rs::tests::a_conversation_address_is_the_wrong_shape_for_the_code_path ms=8 left=177
2026-08-28T05:53:56.856368Z  INFO fs3_daemon::runner: batch kind="embed" subject=1 x smart jobs=1 ms=0
2026-08-28T05:53:56.861064Z  INFO fs3_daemon::runner: done kind="embed" id=55818 left=177
2026-08-28T05:53:56.862889Z  INFO fs3_daemon::runner: done kind=summarize subject=crates/daemon/tests/event_stream.rs::heartbeat_override_is_per_subscriber_and_keeps_the_stream_live ms=9 left=176
2026-08-28T05:53:56.869935Z  INFO fs3_daemon::runner: batch kind="embed" subject=1 x smart jobs=1 ms=0
2026-08-28T05:53:56.876646Z  INFO fs3_daemon::runner: done kind="embed" id=55819 left=176
2026-08-28T05:53:56.882505Z  INFO fs3_daemon::runner: done kind=summarize subject=crates/daemon/src/read.rs::tests::the_dispatcher_parses_both_address_schemes ms=17 left=175
2026-08-28T05:53:56.887847Z  INFO fs3_daemon::runner: batch kind="embed" subject=1 x smart jobs=1 ms=1
2026-08-28T05:53:56.892741Z  INFO fs3_daemon::runner: done kind="embed" id=55820 left=175
2026-08-28T05:53:56.895124Z  INFO fs3_daemon::runner: done kind=summarize subject=crates/daemon/tests/event_stream.rs::serial_success_and_failure_emit_their_settlement_and_queue_snapshot ms=11 left=174
2026-08-28T05:53:56.902087Z  INFO fs3_daemon::runner: batch kind="embed" subject=1 x smart jobs=1 ms=0
2026-08-28T05:53:56.908541Z  INFO fs3_daemon::runner: done kind="embed" id=55821 left=174
2026-08-28T05:53:56.911569Z  INFO fs3_daemon::runner: done kind=summarize subject=crates/daemon/tests/watcher.rs::Stack ms=13 left=173
2026-08-28T05:53:56.918009Z  INFO fs3_daemon::runner: batch kind="embed" subject=1 x smart jobs=1 ms=0
2026-08-28T05:53:56.920897Z  INFO fs3_daemon::runner: done kind="embed" id=55822 left=173
2026-08-28T05:53:56.923623Z  INFO fs3_daemon::runner: done kind=summarize subject=crates/daemon/tests/watcher.rs::Stack::create ms=8 left=172
2026-08-28T05:53:56.927316Z  INFO fs3_daemon::runner: batch kind="embed" subject=1 x smart jobs=1 ms=0
2026-08-28T05:53:56.931552Z  INFO fs3_daemon::runner: done kind="embed" id=55823 left=172
2026-08-28T05:53:56.933288Z  INFO fs3_daemon::runner: done kind=summarize subject=crates/daemon/tests/watcher.rs::Stack::drain ms=9 left=171
2026-08-28T05:53:56.941036Z  INFO fs3_daemon::runner: batch kind="embed" subject=1 x smart jobs=1 ms=0
2026-08-28T05:53:56.951030Z  INFO fs3_daemon::runner: done kind="embed" id=55824 left=171
2026-08-28T05:53:56.952930Z  INFO fs3_daemon::runner: done kind=summarize subject=crates/daemon/tests/event_stream.rs::a_failed_embed_batch_emits_a_nonterminal_retry ms=18 left=170
2026-08-28T05:53:56.968557Z  INFO fs3_daemon::runner: batch kind="embed" subject=1 x smart jobs=1 ms=0
2026-08-28T05:53:56.973537Z  INFO fs3_daemon::runner: done kind="embed" id=55825 left=170
2026-08-28T05:53:56.975887Z  INFO fs3_daemon::runner: done kind=summarize subject=crates/daemon/tests/watcher.rs::Stack::queued_scan_paths ms=20 left=169
2026-08-28T05:53:56.981756Z  INFO fs3_daemon::runner: batch kind="embed" subject=1 x smart jobs=1 ms=0
2026-08-28T05:53:56.984713Z  INFO fs3_daemon::runner: done kind="embed" id=55826 left=169
2026-08-28T05:53:56.986794Z  INFO fs3_daemon::runner: done kind=summarize subject=crates/daemon/tests/event_stream.rs::a_rate_limited_embed_emits_a_nonterminal_park ms=8 left=168
2026-08-28T05:53:56.991551Z  INFO fs3_daemon::runner: batch kind="embed" subject=1 x smart jobs=1 ms=0
2026-08-28T05:53:56.996524Z  INFO fs3_daemon::runner: done kind="embed" id=55827 left=168
2026-08-28T05:53:56.997749Z  INFO fs3_daemon::runner: done kind=summarize subject=crates/daemon/tests/watcher.rs::reconcile_until ms=10 left=167
2026-08-28T05:53:57.004793Z  INFO fs3_daemon::runner: batch kind="embed" subject=1 x smart jobs=1 ms=0
2026-08-28T05:53:57.008415Z  INFO fs3_daemon::runner: done kind=summarize subject=crates/daemon/tests/event_stream.rs::a_large_real_add_emits_bounded_progress_and_root_changes ms=8 left=167
2026-08-28T05:53:57.009369Z  INFO fs3_daemon::runner: done kind="embed" id=55828 left=166
2026-08-28T05:53:57.028517Z  INFO fs3_daemon::runner: batch kind="embed" subject=1 x smart jobs=1 ms=0
2026-08-28T05:53:57.035905Z  INFO fs3_daemon::runner: done kind="embed" id=55829 left=166
2026-08-28T05:53:57.039621Z  INFO fs3_daemon::runner: done kind=summarize subject=crates/daemon/tests/watcher.rs::a_file_written_under_a_watched_root_is_scanned_without_being_asked ms=21 left=165
2026-08-28T05:53:57.047472Z  INFO fs3_daemon::runner: batch kind="embed" subject=1 x smart jobs=1 ms=0
2026-08-28T05:53:57.054112Z  INFO fs3_daemon::runner: done kind="embed" id=55830 left=165
2026-08-28T05:53:57.055983Z  INFO fs3_daemon::runner: done kind=summarize subject=crates/daemon/tests/watcher.rs::a_root_added_after_the_supervisor_exists_starts_being_watched ms=13 left=164
2026-08-28T05:53:57.062190Z  INFO fs3_daemon::runner: batch kind="embed" subject=1 x smart jobs=1 ms=1
2026-08-28T05:53:57.069361Z  INFO fs3_daemon::runner: done kind="embed" id=55831 left=164
2026-08-28T05:53:57.070880Z  INFO fs3_daemon::runner: done kind=summarize subject=crates/daemon/tests/watcher.rs::files_created_inside_a_brand_new_directory_are_indexed_anyway ms=13 left=163
2026-08-28T05:53:57.077238Z  INFO fs3_daemon::runner: batch kind="embed" subject=1 x smart jobs=1 ms=0
2026-08-28T05:53:57.081695Z  INFO fs3_daemon::runner: done kind="embed" id=55832 left=163
2026-08-28T05:53:57.083915Z  INFO fs3_daemon::runner: done kind=summarize subject=docs/plans/007-human-interface/assets/first-light-transcript.md::First light — transcript ms=11 left=162
2026-08-28T05:53:57.087825Z  INFO fs3_daemon::runner: batch kind="embed" subject=1 x smart jobs=1 ms=0
2026-08-28T05:53:57.095051Z  INFO fs3_daemon::runner: done kind="embed" id=55833 left=162
2026-08-28T05:53:57.095801Z  INFO fs3_daemon::runner: done kind=summarize subject=crates/daemon/tests/watcher.rs::writes_inside_ignored_directories_never_become_work ms=11 left=161
2026-08-28T05:53:57.102417Z  INFO fs3_daemon::runner: batch kind="embed" subject=1 x smart jobs=1 ms=0
2026-08-28T05:53:57.104815Z  INFO fs3_daemon::runner: done kind="embed" id=55834 left=161
2026-08-28T05:53:57.106201Z  INFO fs3_daemon::runner: done kind=summarize subject=crates/daemon/tests/watcher.rs::an_event_inside_an_ignored_tree_never_enters_the_worktree_map ms=8 left=160
2026-08-28T05:53:57.111943Z  INFO fs3_daemon::runner: batch kind="embed" subject=1 x smart jobs=1 ms=2
2026-08-28T05:53:57.115449Z  INFO fs3_daemon::runner: done kind="embed" id=55835 left=160
2026-08-28T05:53:57.117928Z  INFO fs3_daemon::runner: done kind=summarize subject=docs/plans/007-human-interface/assets/first-light-transcript.md::First light — transcript::1. A terminal, no flags → HUMAN ms=11 left=159
2026-08-28T05:53:57.123203Z  INFO fs3_daemon::runner: batch kind="embed" subject=1 x smart jobs=1 ms=0
2026-08-28T05:53:57.126253Z  INFO fs3_daemon::runner: done kind="embed" id=55836 left=159
2026-08-28T05:53:57.127397Z  INFO fs3_daemon::runner: done kind=summarize subject=docs/plans/007-human-interface/assets/first-light.md::First light — the runbook for tk-a302 ms=8 left=158
2026-08-28T05:53:57.253728Z  INFO fs3_daemon::runner: batch kind="embed" subject=1 x smart jobs=1 ms=3
2026-08-28T05:53:57.273069Z  INFO fs3_daemon::runner: done kind="embed" id=55837 left=158
2026-08-28T05:53:57.285902Z  INFO fs3_daemon::runner: done kind=summarize subject=docs/plans/007-human-interface/assets/first-light.md::First light — the runbook for tk-a302::Preconditions ms=156 left=157
2026-08-28T05:53:57.316480Z  INFO fs3_daemon::runner: batch kind="embed" subject=1 x smart jobs=1 ms=0
2026-08-28T05:53:57.327336Z  INFO fs3_daemon::runner: done kind=summarize subject=docs/plans/007-human-interface/assets/first-light-transcript.md::First light — transcript::2. A pipe, no flags → JSON, with no flag required ms=29 left=157
2026-08-28T05:53:57.332081Z  INFO fs3_daemon::runner: done kind="embed" id=55838 left=156
2026-08-28T05:53:57.367568Z  INFO fs3_daemon::runner: batch kind="embed" subject=1 x smart jobs=1 ms=0
2026-08-28T05:53:57.381530Z  INFO fs3_daemon::runner: done kind=summarize subject=crates/daemon/tests/watcher.rs::a_dirty_directory_whose_content_is_unchanged_enqueues_nothing ms=33 left=156
2026-08-28T05:53:57.394791Z  INFO fs3_daemon::runner: done kind="embed" id=55839 left=155
2026-08-28T05:53:57.443725Z  INFO fs3_daemon::runner: batch kind="embed" subject=1 x smart jobs=1 ms=2
2026-08-28T05:53:57.463889Z  INFO fs3_daemon::runner: done kind=summarize subject=docs/plans/007-human-interface/assets/first-light.md::First light — the runbook for tk-a302::The session, in order ms=50 left=155
2026-08-28T05:53:57.486945Z  INFO fs3_daemon::runner: done kind="embed" id=55840 left=154
2026-08-28T05:53:57.535860Z  INFO fs3_daemon::runner: batch kind="embed" subject=1 x smart jobs=1 ms=1
2026-08-28T05:53:57.569694Z  INFO fs3_daemon::runner: done kind="embed" id=55841 left=154
2026-08-28T05:53:57.590469Z  INFO fs3_daemon::runner: done kind=summarize subject=docs/plans/007-human-interface/assets/first-light-transcript.md::First light — transcript::3. A terminal with `--json` → JSON ms=72 left=153
2026-08-28T05:53:57.614679Z  INFO fs3_daemon::runner: batch kind="embed" subject=1 x smart jobs=1 ms=1
2026-08-28T05:53:57.639610Z  INFO fs3_daemon::runner: done kind="embed" id=55842 left=153
2026-08-28T05:53:57.652586Z  INFO fs3_daemon::runner: done kind=summarize subject=crates/daemon/tests/watcher.rs::a_file_the_watcher_discovered_is_not_rescanned_on_the_next_event ms=50 left=152
2026-08-28T05:53:57.677563Z  INFO fs3_daemon::runner: batch kind="embed" subject=1 x smart jobs=1 ms=1
2026-08-28T05:53:57.712317Z  INFO fs3_daemon::runner: done kind="embed" id=55843 left=152
2026-08-28T05:53:57.736437Z  INFO fs3_daemon::runner: done kind=summarize subject=docs/plans/007-human-interface/assets/first-light.md::First light — the runbook for tk-a302::What would make this run a failure rather than a demo ms=72 left=151
2026-08-28T05:53:57.791283Z  INFO fs3_daemon::runner: batch kind="embed" subject=1 x smart jobs=1 ms=1
2026-08-28T05:53:57.830228Z  INFO fs3_daemon::runner: done kind=summarize subject=crates/daemon/tests/watcher.rs::a_file_deleted_from_a_watched_directory_leaves_the_worktree_map ms=81 left=150
2026-08-28T05:53:57.838524Z  INFO fs3_daemon::runner: done kind="embed" id=55844 left=150
2026-08-28T05:53:57.895118Z  INFO fs3_daemon::runner: batch kind="embed" subject=1 x smart jobs=1 ms=0
2026-08-28T05:53:57.934890Z  INFO fs3_daemon::runner: done kind=summarize subject=docs/plans/007-human-interface/assets/first-light-transcript.md::First light — transcript::5. The agent check — risk r2, retired here rather than assumed ms=70 left=149
2026-08-28T05:53:57.946765Z  INFO fs3_daemon::runner: done kind="embed" id=55845 left=149
2026-08-28T05:53:57.987836Z  INFO fs3_daemon::runner: batch kind="embed" subject=1 x smart jobs=1 ms=1
2026-08-28T05:53:58.011355Z  INFO fs3_daemon::runner: done kind="embed" id=55846 left=149
2026-08-28T05:53:58.028901Z  INFO fs3_daemon::runner: done kind=summarize subject=crates/daemon/tests/watcher.rs::a_root_that_vanished_from_disk_does_not_break_the_pass ms=61 left=148
2026-08-28T05:53:58.055780Z  INFO fs3_daemon::runner: batch kind="embed" subject=1 x smart jobs=1 ms=2
2026-08-28T05:53:58.105160Z  INFO fs3_daemon::runner: done kind="embed" id=55847 left=148
2026-08-28T05:53:58.117997Z  INFO fs3_daemon::runner: done kind=summarize subject=docs/plans/007-human-interface/assets/first-light-transcript.md::First light — transcript::6. The byte check ms=77 left=147
2026-08-28T05:53:58.179933Z  INFO fs3_daemon::runner: batch kind="embed" subject=1 x smart jobs=1 ms=1
2026-08-28T05:53:58.198128Z  INFO fs3_daemon::runner: done kind=summarize subject=docs/plans/007-human-interface/assets/first-light-transcript.md::First light — transcript::Part 2 — the stream, the meter, and the TUI ms=50 left=147
2026-08-28T05:53:58.216160Z  INFO fs3_daemon::runner: done kind="embed" id=55848 left=146
2026-08-28T05:53:58.276427Z  INFO fs3_daemon::runner: batch kind="embed" subject=1 x smart jobs=1 ms=1
2026-08-28T05:53:58.319796Z  INFO fs3_daemon::runner: done kind="embed" id=55849 left=145
2026-08-28T05:53:58.327802Z  INFO fs3_daemon::runner: done kind=summarize subject=crates/daemon/tests/watcher.rs::a_file_discovery_refuses_is_not_indexed_just_because_it_changed ms=88 left=145
2026-08-28T05:53:58.389123Z  INFO fs3_daemon::runner: batch kind="embed" subject=1 x smart jobs=1 ms=1
2026-08-28T05:53:58.431902Z  INFO fs3_daemon::runner: done kind="embed" id=55850 left=144
2026-08-28T05:53:58.433869Z  INFO fs3_daemon::runner: done kind=summarize subject=docs/plans/007-human-interface/assets/first-light-transcript.md::First light — transcript::Part 2 — the stream, the meter, and the TUI::7. Two concurrent watchers see the same events ms=76 left=144
2026-08-28T05:53:58.482224Z  INFO fs3_daemon::runner: progress phase="working" scanned=5089 scan_left=1 summarized=10507 summarize_left=142 embedded=17106 embed_left=1 failed=0
2026-08-28T05:53:58.508442Z  INFO fs3_daemon::runner: done kind=summarize subject=docs/plans/007-human-interface/assets/inputs/README.md::Inputs — what plan 007 was built from, pinned ms=43 left=144
2026-08-28T05:53:58.541629Z  INFO fs3_daemon::runner: batch kind="embed" subject=2 x smart jobs=2 ms=0
2026-08-28T05:53:58.568603Z  INFO fs3_daemon::runner: done kind="embed" id=55851 left=143
2026-08-28T05:53:58.600774Z  INFO fs3_daemon::runner: done kind="embed" id=55852 left=142
2026-08-28T05:53:58.699347Z  INFO fs3_daemon::runner: batch kind="embed" subject=1 x smart jobs=1 ms=1
2026-08-28T05:53:58.705178Z  INFO fs3_daemon::runner: done kind=summarize subject=docs/plans/007-human-interface/assets/first-light-transcript.md::First light — transcript::Part 2 — the stream, the meter, and the TUI::8. The stream is NDJSON, line by line, and it stops politely ms=73 left=143
2026-08-28T05:53:58.745479Z  INFO fs3_daemon::runner: done kind=summarize subject=docs/plans/007-human-interface/assets/inputs/README.md::Inputs — what plan 007 was built from, pinned::Copied in (the source is gitignored — the ref would not resolve for a coder) ms=75 left=141
2026-08-28T05:53:58.757462Z  INFO fs3_daemon::runner: done kind="embed" id=55853 left=141
2026-08-28T05:53:58.808187Z  INFO fs3_daemon::runner: batch kind="embed" subject=1 x smart jobs=1 ms=0
2026-08-28T05:53:58.831486Z  INFO fs3_daemon::runner: done kind="embed" id=55854 left=141
2026-08-28T05:53:58.852199Z  INFO fs3_daemon::runner: done kind=summarize subject=docs/plans/007-human-interface/assets/inputs/README.md::Inputs — what plan 007 was built from, pinned::Pointed at (in this tree, so pinned rather than copied) ms=69 left=140
2026-08-28T05:53:58.883062Z  INFO fs3_daemon::runner: batch kind="embed" subject=1 x smart jobs=1 ms=0
2026-08-28T05:53:58.888549Z  INFO fs3_daemon::runner: done kind="embed" id=55855 left=140
2026-08-28T05:53:58.891029Z  INFO fs3_daemon::runner: done kind=summarize subject=docs/plans/007-human-interface/assets/first-light-transcript.md::First light — transcript::Part 2 — the stream, the meter, and the TUI::9. `scan_progress` fires on the ruled cadence ms=21 left=139
2026-08-28T05:53:58.900783Z  INFO fs3_daemon::runner: batch kind="embed" subject=1 x smart jobs=1 ms=1
2026-08-28T05:53:58.907719Z  INFO fs3_daemon::runner: done kind="embed" id=55856 left=139
2026-08-28T05:53:58.912589Z  INFO fs3_daemon::runner: done kind=summarize subject=docs/plans/007-human-interface/assets/inputs/tui-poc-VERDICT.md::tui-poc verdict — ratatui mock of a `flowspace3 tui` verb ms=17 left=138
2026-08-28T05:53:58.920394Z  INFO fs3_daemon::runner: batch kind="embed" subject=1 x smart jobs=1 ms=1
2026-08-28T05:53:58.928586Z  INFO fs3_daemon::runner: done kind=summarize subject=docs/plans/007-human-interface/assets/inputs/README.md::Inputs — what plan 007 was built from, pinned::What the POC already proved, so u-r cites rather than re-derives ms=14 left=137
2026-08-28T05:53:58.928882Z  INFO fs3_daemon::runner: done kind="embed" id=55857 left=137
2026-08-28T05:53:58.965882Z  INFO fs3_daemon::runner: batch kind="embed" subject=1 x smart jobs=1 ms=0
2026-08-28T05:53:58.986219Z  INFO fs3_daemon::runner: done kind="embed" id=55858 left=137
2026-08-28T05:53:58.990632Z  INFO fs3_daemon::runner: done kind=summarize subject=docs/plans/007-human-interface/assets/first-light-transcript.md::First light — transcript::Part 2 — the stream, the meter, and the TUI::10. `add` at a terminal shows a human answer, and the queue it created ms=58 left=136
2026-08-28T05:53:59.003098Z  INFO fs3_daemon::runner: batch kind="embed" subject=1 x smart jobs=1 ms=0
2026-08-28T05:53:59.013403Z  INFO fs3_daemon::runner: done kind="embed" id=55859 left=136
2026-08-28T05:53:59.016765Z  INFO fs3_daemon::runner: done kind=summarize subject=docs/plans/007-human-interface/assets/inputs/tui-poc-VERDICT.md::tui-poc verdict — ratatui mock of a `flowspace3 tui` verb::How to run it ms=24 left=135
2026-08-28T05:53:59.025555Z  INFO fs3_daemon::runner: batch kind="embed" subject=1 x smart jobs=1 ms=0
2026-08-28T05:53:59.037756Z  INFO fs3_daemon::runner: done kind="embed" id=55860 left=135
2026-08-28T05:53:59.041915Z  INFO fs3_daemon::runner: done kind=summarize subject=docs/plans/007-human-interface/assets/reviews/review-007.dd.md::Cross-model review — 007-human-interface ms=21 left=134
2026-08-28T05:53:59.052793Z  INFO fs3_daemon::runner: batch kind="embed" subject=1 x smart jobs=1 ms=1
2026-08-28T05:53:59.063206Z  INFO fs3_daemon::runner: done kind="embed" id=55861 left=134
2026-08-28T05:53:59.064835Z  INFO fs3_daemon::runner: done kind=summarize subject=docs/plans/007-human-interface/assets/first-light-transcript.md::First light — transcript::Part 2 — the stream, the meter, and the TUI::11. The TUI, live, during a real scan ms=19 left=133
2026-08-28T05:53:59.074932Z  INFO fs3_daemon::runner: batch kind="embed" subject=1 x smart jobs=1 ms=4
2026-08-28T05:53:59.080480Z  INFO fs3_daemon::runner: done kind="embed" id=55862 left=133
2026-08-28T05:53:59.082005Z  INFO fs3_daemon::runner: done kind=summarize subject=docs/plans/007-human-interface/assets/inputs/tui-poc-VERDICT.md::tui-poc verdict — ratatui mock of a `flowspace3 tui` verb::Effort spent ms=14 left=132
2026-08-28T05:53:59.093263Z  INFO fs3_daemon::runner: batch kind="embed" subject=1 x smart jobs=1 ms=1
2026-08-28T05:53:59.101772Z  INFO fs3_daemon::runner: done kind="embed" id=55863 left=132
2026-08-28T05:53:59.114627Z  INFO fs3_daemon::runner: done kind=summarize subject=docs/plans/007-human-interface/assets/reviews/review-007.dd.md::Cross-model review — 007-human-interface::Meta ms=27 left=131
2026-08-28T05:53:59.125329Z  INFO fs3_daemon::runner: batch kind="embed" subject=1 x smart jobs=1 ms=0
2026-08-28T05:53:59.133424Z  INFO fs3_daemon::runner: done kind="embed" id=55864 left=131
2026-08-28T05:53:59.139724Z  INFO fs3_daemon::runner: done kind=summarize subject=docs/plans/007-human-interface/assets/first-light-transcript.md::First light — transcript::Part 2 — the stream, the meter, and the TUI::12. The TUI when the daemon goes away ms=22 left=130
2026-08-28T05:53:59.853736Z  INFO fs3_daemon::runner: batch kind="embed" subject=1 x smart jobs=1 ms=1
2026-08-28T05:54:00.100916Z  INFO fs3_daemon::runner: done kind="embed" id=55865 left=130
2026-08-28T05:54:00.107049Z  INFO fs3_daemon::runner: done kind=summarize subject=docs/plans/007-human-interface/assets/reviews/review-007.dd.md::Cross-model review — 007-human-interface::Findings ms=966 left=129
2026-08-28T05:54:00.118154Z  INFO fs3_daemon::runner: batch kind="embed" subject=1 x smart jobs=1 ms=0
2026-08-28T05:54:00.122105Z  INFO fs3_daemon::runner: done kind=summarize subject=docs/plans/007-human-interface/assets/inputs/tui-poc-VERDICT.md::tui-poc verdict — ratatui mock of a `flowspace3 tui` verb::What was easy in ratatui ms=12 left=129
2026-08-28T05:54:00.160812Z  INFO fs3_daemon::runner: done kind="embed" id=55866 left=128
2026-08-28T05:54:00.200030Z  INFO fs3_daemon::runner: batch kind="embed" subject=1 x smart jobs=1 ms=7
2026-08-28T05:54:00.262359Z  INFO fs3_daemon::runner: done kind="embed" id=55867 left=128
2026-08-28T05:54:00.267881Z  INFO fs3_daemon::runner: done kind=summarize subject=docs/plans/007-human-interface/assets/reviews/review-007.dd.md::Cross-model review — 007-human-interface::Verdict ms=92 left=127
2026-08-28T05:54:00.323645Z  INFO fs3_daemon::runner: batch kind="embed" subject=1 x smart jobs=1 ms=13
2026-08-28T05:54:00.341437Z  INFO fs3_daemon::runner: done kind=summarize subject=docs/plans/007-human-interface/assets/inputs/tui-poc-VERDICT.md::tui-poc verdict — ratatui mock of a `flowspace3 tui` verb::What was painful ms=48 left=126
2026-08-28T05:54:00.343126Z  INFO fs3_daemon::runner: done kind="embed" id=55868 left=126
2026-08-28T05:54:00.364023Z  INFO fs3_daemon::runner: batch kind="embed" subject=1 x smart jobs=1 ms=2
2026-08-28T05:54:00.391815Z  INFO fs3_daemon::runner: done kind=summarize subject=docs/plans/007-human-interface/assets/run/pm-ack.md::PM ack — plan 007-human-interface (pij-team run #3) ms=41 left=126
2026-08-28T05:54:00.394078Z  INFO fs3_daemon::runner: done kind="embed" id=55869 left=125
2026-08-28T05:54:00.452247Z  INFO fs3_daemon::runner: batch kind="embed" subject=1 x smart jobs=1 ms=9
2026-08-28T05:54:00.498364Z  INFO fs3_daemon::runner: done kind="embed" id=55870 left=125
2026-08-28T05:54:00.506926Z  INFO fs3_daemon::runner: done kind=summarize subject=docs/plans/007-human-interface/assets/inputs/tui-poc-VERDICT.md::tui-poc verdict — ratatui mock of a `flowspace3 tui` verb::What a web split would do better / worse ms=93 left=124
2026-08-28T05:54:00.542934Z  INFO fs3_daemon::runner: batch kind="embed" subject=1 x smart jobs=1 ms=7
2026-08-28T05:54:00.549284Z  INFO fs3_daemon::runner: done kind="embed" id=55871 left=124
2026-08-28T05:54:00.553252Z  INFO fs3_daemon::runner: done kind=summarize subject=docs/plans/007-human-interface/assets/inputs/tui-poc-VERDICT.md::tui-poc verdict — ratatui mock of a `flowspace3 tui` verb::Recommendation ms=28 left=123
2026-08-28T05:54:00.562027Z  INFO fs3_daemon::runner: batch kind="embed" subject=1 x smart jobs=1 ms=1
2026-08-28T05:54:00.567746Z  INFO fs3_daemon::runner: done kind=summarize subject=docs/plans/007-human-interface/assets/run/pm-ack.md::PM ack — plan 007-human-interface (pij-team run #3)::What I read ms=13 left=123
2026-08-28T05:54:00.570941Z  INFO fs3_daemon::runner: done kind="embed" id=55872 left=122
2026-08-28T05:54:00.586311Z  INFO fs3_daemon::runner: batch kind="embed" subject=1 x smart jobs=1 ms=0
2026-08-28T05:54:00.592837Z  INFO fs3_daemon::runner: done kind="embed" id=55873 left=122
2026-08-28T05:54:00.599529Z  INFO fs3_daemon::runner: done kind=summarize subject=docs/plans/007-human-interface/assets/run/pm-ack.md::PM ack — plan 007-human-interface (pij-team run #3)::Numbered plan ms=21 left=121
2026-08-28T05:54:00.605888Z  INFO fs3_daemon::runner: batch kind="embed" subject=1 x smart jobs=1 ms=0
2026-08-28T05:54:03.296271Z  INFO fs3_daemon::runner: done kind="embed" id=55874 left=121
2026-08-28T05:54:03.614621Z  INFO fs3_daemon::runner: done kind=summarize subject=docs/plans/007-human-interface/assets/run/process-feedback.md::Process feedback — pij-team run #3 (plan 007), written as it happened ms=3013 left=120
2026-08-28T05:54:03.983610Z  INFO fs3_daemon::runner: progress phase="working" scanned=5089 scan_left=1 summarized=10531 summarize_left=118 embedded=17130 embed_left=1 failed=0
2026-08-28T05:54:03.986063Z  INFO fs3_daemon::runner: done kind=summarize subject=docs/plans/007-human-interface/assets/run/pm-ack.md::PM ack — plan 007-human-interface (pij-team run #3)::Asks — rule by letter ms=23 left=120
2026-08-28T05:54:03.986893Z  INFO fs3_daemon::runner: batch kind="embed" subject=2 x smart jobs=2 ms=1
2026-08-28T05:54:04.002148Z  INFO fs3_daemon::runner: done kind="embed" id=55876 left=119
2026-08-28T05:54:04.006251Z  INFO fs3_daemon::runner: done kind="embed" id=55875 left=118
2026-08-28T05:54:04.024573Z  INFO fs3_daemon::runner: batch kind="embed" subject=1 x smart jobs=1 ms=1
2026-08-28T05:54:04.024863Z  INFO fs3_daemon::runner: done kind=summarize subject=docs/plans/007-human-interface/assets/run/process-feedback.md::Process feedback — pij-team run #3 (plan 007), written as it happened::What the templates got RIGHT, and should not be touched ms=16 left=119
2026-08-28T05:54:04.026839Z  INFO fs3_daemon::runner: done kind="embed" id=55877 left=118
2026-08-28T05:54:04.028019Z  INFO fs3_daemon::runner: done kind=summarize subject=docs/plans/007-human-interface/assets/run/process-feedback.md::Process feedback — pij-team run #3 (plan 007), written as it happened::What was MISSING and cost time ms=9 left=117
2026-08-28T05:54:04.037617Z  INFO fs3_daemon::runner: batch kind="embed" subject=1 x smart jobs=1 ms=1
2026-08-28T05:54:04.039798Z  INFO fs3_daemon::runner: done kind=summarize subject=docs/plans/007-human-interface/assets/run/process-feedback.md::Process feedback — pij-team run #3 (plan 007), written as it happened::Frictions captured this run (`harness observe`, buffer NOT cleared) ms=10 left=117
2026-08-28T05:54:04.041161Z  INFO fs3_daemon::runner: done kind="embed" id=55878 left=116
2026-08-28T05:54:04.045832Z  INFO fs3_daemon::runner: batch kind="embed" subject=1 x smart jobs=1 ms=0
2026-08-28T05:54:04.051274Z  INFO fs3_daemon::runner: done kind="embed" id=55879 left=115
2026-08-28T05:54:04.054671Z  INFO fs3_daemon::runner: done kind=summarize subject=docs/plans/007-human-interface/assets/run/process-feedback.md::Process feedback — pij-team run #3 (plan 007), written as it happened::Decisions worth stealing for the next run ms=10 left=115
2026-08-28T05:54:04.056466Z  INFO fs3_daemon::runner: batch kind="embed" subject=1 x smart jobs=1 ms=1
2026-08-28T05:54:04.059304Z  INFO fs3_daemon::runner: done kind="embed" id=55880 left=115
2026-08-28T05:54:04.061264Z  INFO fs3_daemon::runner: done kind=summarize subject=docs/plans/007-human-interface/assets/run/process-feedback.md::Part 2 — what the rest of the run taught, written at close-out ms=8 left=114
2026-08-28T05:54:04.076862Z  INFO fs3_daemon::runner: batch kind="embed" subject=1 x smart jobs=1 ms=0
2026-08-28T05:54:04.079799Z  INFO fs3_daemon::runner: done kind=summarize subject=docs/plans/007-human-interface/assets/tasks/phase-1/tasks.dd.md::Phase 1: Output-mode contract + seams ms=6 left=114
2026-08-28T05:54:04.080543Z  INFO fs3_daemon::runner: done kind="embed" id=55881 left=113
2026-08-28T05:54:04.085318Z  INFO fs3_daemon::runner: batch kind="embed" subject=1 x smart jobs=1 ms=0
2026-08-28T05:54:04.090708Z  INFO fs3_daemon::runner: done kind="embed" id=55882 left=113
2026-08-28T05:54:04.095090Z  INFO fs3_daemon::runner: done kind=summarize subject=docs/plans/007-human-interface/assets/run/process-feedback.md::Part 2 — what the rest of the run taught, written at close-out::The three template changes I would make tomorrow ms=12 left=112
2026-08-28T05:54:04.097613Z  INFO fs3_daemon::runner: batch kind="embed" subject=1 x smart jobs=1 ms=0
2026-08-28T05:54:04.100318Z  INFO fs3_daemon::runner: done kind="embed" id=55883 left=112
2026-08-28T05:54:04.104644Z  INFO fs3_daemon::runner: done kind=summarize subject=docs/plans/007-human-interface/assets/tasks/phase-1/tasks.dd.md::Phase 1: Output-mode contract + seams::Meta ms=9 left=111
2026-08-28T05:54:04.111436Z  INFO fs3_daemon::runner: batch kind="embed" subject=1 x smart jobs=1 ms=0
2026-08-28T05:54:04.112056Z  INFO fs3_daemon::runner: done kind=summarize subject=docs/plans/007-human-interface/assets/run/process-feedback.md::Part 2 — what the rest of the run taught, written at close-out::The two rules this run produced, both learned the hard way ms=7 left=111
2026-08-28T05:54:04.113839Z  INFO fs3_daemon::runner: done kind="embed" id=55884 left=110
2026-08-28T05:54:04.122277Z  INFO fs3_daemon::runner: batch kind="embed" subject=1 x smart jobs=1 ms=0
2026-08-28T05:54:04.128549Z  INFO fs3_daemon::runner: done kind="embed" id=55885 left=110
2026-08-28T05:54:04.129580Z  INFO fs3_daemon::runner: done kind=summarize subject=docs/plans/007-human-interface/assets/tasks/phase-1/tasks.dd.md::Phase 1: Output-mode contract + seams::Tasks ms=12 left=109
2026-08-28T05:54:04.133816Z  INFO fs3_daemon::runner: batch kind="embed" subject=1 x smart jobs=1 ms=0
2026-08-28T05:54:04.140111Z  INFO fs3_daemon::runner: done kind="embed" id=55886 left=109
2026-08-28T05:54:04.143335Z  INFO fs3_daemon::runner: done kind=summarize subject=docs/plans/007-human-interface/assets/run/process-feedback.md::Part 2 — what the rest of the run taught, written at close-out::What the cross-model review was worth ms=12 left=108
2026-08-28T05:54:04.148509Z  INFO fs3_daemon::runner: batch kind="embed" subject=1 x smart jobs=1 ms=0
2026-08-28T05:54:04.151485Z  INFO fs3_daemon::runner: done kind="embed" id=55887 left=108
2026-08-28T05:54:04.152962Z  INFO fs3_daemon::runner: done kind=summarize subject=docs/plans/007-human-interface/assets/run/process-feedback.md::Part 2 — what the rest of the run taught, written at close-out::Hazards this run hit that the tenets do not yet name ms=8 left=107
2026-08-28T05:54:04.158661Z  INFO fs3_daemon::runner: batch kind="embed" subject=1 x smart jobs=1 ms=1
2026-08-28T05:54:04.161215Z  INFO fs3_daemon::runner: done kind="embed" id=55888 left=107
2026-08-28T05:54:04.162632Z  INFO fs3_daemon::runner: done kind=summarize subject=docs/plans/007-human-interface/assets/run/process-feedback.md::Part 2 — what the rest of the run taught, written at close-out::What the architecture actually bought, measured ms=7 left=106
2026-08-28T05:54:04.174777Z  INFO fs3_daemon::runner: batch kind="embed" subject=1 x smart jobs=1 ms=1
2026-08-28T05:54:04.177786Z  INFO fs3_daemon::runner: done kind="embed" id=55889 left=106
2026-08-28T05:54:04.178635Z  INFO fs3_daemon::runner: done kind=summarize subject=docs/plans/007-human-interface/assets/tasks/phase-2/tasks.dd.md::Phase 2: Three parallel units ms=15 left=105
2026-08-28T05:54:04.189826Z  INFO fs3_daemon::runner: batch kind="embed" subject=1 x smart jobs=1 ms=1
2026-08-28T05:54:04.192624Z  INFO fs3_daemon::runner: done kind=summarize subject=docs/plans/007-human-interface/assets/tasks/phase-2/tasks.dd.md::Phase 2: Three parallel units::Meta ms=12 left=105
2026-08-28T05:54:04.194806Z  INFO fs3_daemon::runner: done kind="embed" id=55890 left=104
2026-08-28T05:54:04.203180Z  INFO fs3_daemon::runner: batch kind="embed" subject=1 x smart jobs=1 ms=0
2026-08-28T05:54:04.206326Z  INFO fs3_daemon::runner: done kind="embed" id=55891 left=103
2026-08-28T05:54:04.211857Z  INFO fs3_daemon::runner: done kind=summarize subject=docs/plans/007-human-interface/assets/tasks/phase-2/tasks.dd.md::Phase 2: Three parallel units::Tasks ms=13 left=103
2026-08-28T05:54:04.213345Z  INFO fs3_daemon::runner: batch kind="embed" subject=1 x smart jobs=1 ms=1
2026-08-28T05:54:04.217719Z  INFO fs3_daemon::runner: done kind="embed" id=55892 left=103
2026-08-28T05:54:04.218539Z  INFO fs3_daemon::runner: done kind=summarize subject=docs/plans/007-human-interface/assets/tasks/phase-3/tasks.dd.md::Phase 3: Composition + first light ms=9 left=102
2026-08-28T05:54:04.224906Z  INFO fs3_daemon::runner: batch kind="embed" subject=1 x smart jobs=1 ms=1
2026-08-28T05:54:04.237596Z  INFO fs3_daemon::runner: done kind="embed" id=55893 left=102
2026-08-28T05:54:04.245316Z  INFO fs3_daemon::runner: done kind=summarize subject=docs/plans/007-human-interface/impl-guide.dd.md::Implementation guide — human-interface ms=23 left=101
2026-08-28T05:54:04.264415Z  INFO fs3_daemon::runner: batch kind="embed" subject=1 x smart jobs=1 ms=6
2026-08-28T05:54:04.273377Z  INFO fs3_daemon::runner: done kind="embed" id=55894 left=101
2026-08-28T05:54:04.277837Z  INFO fs3_daemon::runner: done kind=summarize subject=docs/plans/007-human-interface/assets/tasks/phase-3/tasks.dd.md::Phase 3: Composition + first light::Meta ms=27 left=100
2026-08-28T05:54:04.288527Z  INFO fs3_daemon::runner: batch kind="embed" subject=1 x smart jobs=1 ms=0
2026-08-28T05:54:04.539560Z  INFO fs3_daemon::runner: done kind="embed" id=55895 left=100
2026-08-28T05:54:04.545276Z  INFO fs3_daemon::runner: done kind=summarize subject=docs/plans/007-human-interface/impl-guide.dd.md::Implementation guide — human-interface::Meta ms=262 left=99
2026-08-28T05:54:04.552025Z  INFO fs3_daemon::runner: batch kind="embed" subject=1 x smart jobs=1 ms=0
2026-08-28T05:54:04.556866Z  INFO fs3_daemon::runner: done kind="embed" id=55896 left=99
2026-08-28T05:54:04.558434Z  INFO fs3_daemon::runner: done kind=summarize subject=docs/plans/007-human-interface/assets/tasks/phase-3/tasks.dd.md::Phase 3: Composition + first light::Tasks ms=9 left=98
2026-08-28T05:54:04.563942Z  INFO fs3_daemon::runner: batch kind="embed" subject=1 x smart jobs=1 ms=0
2026-08-28T05:54:04.577641Z  INFO fs3_daemon::runner: done kind="embed" id=55897 left=98
2026-08-28T05:54:04.579408Z  INFO fs3_daemon::runner: done kind=summarize subject=docs/plans/007-human-interface/impl-guide.dd.md::Implementation guide — human-interface::Architecture ms=19 left=97
2026-08-28T05:54:04.589341Z  INFO fs3_daemon::runner: batch kind="embed" subject=1 x smart jobs=1 ms=0
2026-08-28T05:54:04.603653Z  INFO fs3_daemon::runner: done kind="embed" id=55898 left=97
2026-08-28T05:54:04.604799Z  INFO fs3_daemon::runner: done kind=summarize subject=docs/plans/007-human-interface/impl-guide.dd.md::Implementation guide — human-interface::Units ms=23 left=96
2026-08-28T05:54:04.622564Z  INFO fs3_daemon::runner: batch kind="embed" subject=1 x smart jobs=1 ms=0
2026-08-28T05:54:04.665075Z  INFO fs3_daemon::runner: done kind="embed" id=55899 left=96
2026-08-28T05:54:04.672533Z  INFO fs3_daemon::runner: done kind=summarize subject=docs/plans/007-human-interface/impl-guide.dd.md::Implementation guide — human-interface::Composition ms=55 left=95
2026-08-28T05:54:04.697405Z  INFO fs3_daemon::runner: batch kind="embed" subject=1 x smart jobs=1 ms=1
2026-08-28T05:54:04.700499Z  INFO fs3_daemon::runner: done kind="embed" id=55900 left=95
2026-08-28T05:54:04.706530Z  INFO fs3_daemon::runner: done kind=summarize subject=docs/plans/007-human-interface/packet-coder-u-r.dd.md::Coder packet — u-r renderer promotion (007-human-interface) ms=26 left=94
2026-08-28T05:54:04.714142Z  INFO fs3_daemon::runner: batch kind="embed" subject=1 x smart jobs=1 ms=1
2026-08-28T05:54:04.730685Z  INFO fs3_daemon::runner: done kind="embed" id=55901 left=94
2026-08-28T05:54:04.732113Z  INFO fs3_daemon::runner: done kind=summarize subject=docs/plans/007-human-interface/impl-guide.dd.md::Implementation guide — human-interface::Review ms=25 left=93
2026-08-28T05:54:04.743854Z  INFO fs3_daemon::runner: batch kind="embed" subject=1 x smart jobs=1 ms=0
2026-08-28T05:54:04.760363Z  INFO fs3_daemon::runner: done kind="embed" id=55902 left=93
2026-08-28T05:54:04.765755Z  INFO fs3_daemon::runner: done kind=summarize subject=docs/plans/007-human-interface/packet-coder-u-r.dd.md::Coder packet — u-r renderer promotion (007-human-interface)::Meta ms=25 left=92
2026-08-28T05:54:04.768936Z  INFO fs3_daemon::runner: batch kind="embed" subject=1 x smart jobs=1 ms=0
2026-08-28T05:54:04.771087Z  INFO fs3_daemon::runner: done kind="embed" id=55903 left=91
2026-08-28T05:54:04.780751Z  INFO fs3_daemon::runner: done kind=summarize subject=docs/plans/007-human-interface/impl-guide.dd.md::Implementation guide — human-interface::Risks ms=15 left=91
2026-08-28T05:54:04.783993Z  INFO fs3_daemon::runner: batch kind="embed" subject=1 x smart jobs=1 ms=1
2026-08-28T05:54:04.792786Z  INFO fs3_daemon::runner: done kind="embed" id=55904 left=91
2026-08-28T05:54:04.799348Z  INFO fs3_daemon::runner: done kind=summarize subject=docs/plans/007-human-interface/packet-coder-u-r.dd.md::Coder packet — u-r renderer promotion (007-human-interface)::Instructions ms=23 left=90
2026-08-28T05:54:04.803226Z  INFO fs3_daemon::runner: batch kind="embed" subject=1 x smart jobs=1 ms=0
2026-08-28T05:54:04.816734Z  INFO fs3_daemon::runner: done kind=summarize subject=docs/plans/007-human-interface/packet-coder-u-r.dd.md::Coder packet — u-r renderer promotion (007-human-interface)::Scope ms=17 left=89
2026-08-28T05:54:04.818719Z  INFO fs3_daemon::runner: done kind="embed" id=55905 left=89
2026-08-28T05:54:04.830312Z  INFO fs3_daemon::runner: batch kind="embed" subject=1 x smart jobs=1 ms=2
2026-08-28T05:54:04.831716Z  INFO fs3_daemon::runner: done kind=summarize subject=docs/plans/007-human-interface/packet-coder-u-t.dd.md::Coder packet — u-t the tui verb (007-human-interface) ms=10 left=89
2026-08-28T05:54:04.832254Z  INFO fs3_daemon::runner: done kind="embed" id=55906 left=88
2026-08-28T05:54:04.837980Z  INFO fs3_daemon::runner: batch kind="embed" subject=1 x smart jobs=1 ms=1
2026-08-28T05:54:04.845426Z  INFO fs3_daemon::runner: done kind="embed" id=55907 left=87
2026-08-28T05:54:04.845624Z  INFO fs3_daemon::runner: done kind=summarize subject=docs/plans/007-human-interface/packet-coder-u-w.dd.md::Coder packet — u-w daemon event stream (007-human-interface) ms=10 left=87
2026-08-28T05:54:04.852362Z  INFO fs3_daemon::runner: batch kind="embed" subject=1 x smart jobs=1 ms=2
2026-08-28T05:54:04.858381Z  INFO fs3_daemon::runner: done kind="embed" id=55908 left=86
2026-08-28T05:54:04.858758Z  INFO fs3_daemon::runner: done kind=summarize subject=docs/plans/007-human-interface/packet-coder-u-r.dd.md::Coder packet — u-r renderer promotion (007-human-interface)::Done bar ms=11 left=86
2026-08-28T05:54:04.861611Z  INFO fs3_daemon::runner: batch kind="embed" subject=1 x smart jobs=1 ms=0
2026-08-28T05:54:04.864266Z  INFO fs3_daemon::runner: done kind="embed" id=55909 left=86
2026-08-28T05:54:04.869894Z  INFO fs3_daemon::runner: done kind=summarize subject=docs/plans/007-human-interface/packet-coder-u-w.dd.md::Coder packet — u-w daemon event stream (007-human-interface)::Meta ms=10 left=85
2026-08-28T05:54:04.874454Z  INFO fs3_daemon::runner: batch kind="embed" subject=1 x smart jobs=1 ms=0
2026-08-28T05:54:04.885024Z  INFO fs3_daemon::runner: done kind="embed" id=55910 left=85
2026-08-28T05:54:04.906339Z  INFO fs3_daemon::runner: done kind=summarize subject=docs/plans/007-human-interface/packet-coder-u-t.dd.md::Coder packet — u-t the tui verb (007-human-interface)::Meta ms=35 left=84
2026-08-28T05:54:04.930152Z  INFO fs3_daemon::runner: batch kind="embed" subject=1 x smart jobs=1 ms=0
2026-08-28T05:54:04.936266Z  INFO fs3_daemon::runner: done kind="embed" id=55911 left=84
2026-08-28T05:54:04.938431Z  INFO fs3_daemon::runner: done kind=summarize subject=docs/plans/006-worktree-diff/packet-coder.dd.md::Coder packet — <unit name> (<plan slug>) ms=31 left=83
2026-08-28T05:54:04.941990Z  INFO fs3_daemon::runner: batch kind="embed" subject=1 x smart jobs=1 ms=0
2026-08-28T05:54:04.944134Z  INFO fs3_daemon::runner: done kind="embed" id=55912 left=83
2026-08-28T05:54:04.948367Z  INFO fs3_daemon::runner: done kind=summarize subject=docs/plans/007-human-interface/packet-coder-u-r.dd.md::Coder packet — u-r renderer promotion (007-human-interface)::Refs ms=9 left=82
2026-08-28T05:54:04.952357Z  INFO fs3_daemon::runner: batch kind="embed" subject=1 x smart jobs=1 ms=0
2026-08-28T05:54:04.957426Z  INFO fs3_daemon::runner: done kind="embed" id=55913 left=82
2026-08-28T05:54:04.958556Z  INFO fs3_daemon::runner: done kind=summarize subject=docs/plans/007-human-interface/packet-coder-u-w.dd.md::Coder packet — u-w daemon event stream (007-human-interface)::Instructions ms=10 left=81
2026-08-28T05:54:04.964807Z  INFO fs3_daemon::runner: batch kind="embed" subject=1 x smart jobs=1 ms=0
2026-08-28T05:54:04.971163Z  INFO fs3_daemon::runner: done kind=summarize subject=docs/plans/006-worktree-diff/packet-coder.dd.md::Coder packet — <unit name> (<plan slug>)::Meta ms=10 left=81
2026-08-28T05:54:04.974705Z  INFO fs3_daemon::runner: done kind="embed" id=55914 left=80
2026-08-28T05:54:04.986233Z  INFO fs3_daemon::runner: batch kind="embed" subject=1 x smart jobs=1 ms=2
2026-08-28T05:54:04.993684Z  INFO fs3_daemon::runner: done kind="embed" id=55915 left=80
2026-08-28T05:54:04.994361Z  INFO fs3_daemon::runner: done kind=summarize subject=docs/plans/007-human-interface/packet-coder-u-t.dd.md::Coder packet — u-t the tui verb (007-human-interface)::Instructions ms=12 left=79
2026-08-28T05:54:05.003824Z  INFO fs3_daemon::runner: batch kind="embed" subject=1 x smart jobs=1 ms=0
2026-08-28T05:54:05.011304Z  INFO fs3_daemon::runner: done kind="embed" id=55916 left=78
2026-08-28T05:54:05.011566Z  INFO fs3_daemon::runner: done kind=summarize subject=docs/plans/006-worktree-diff/packet-coder.dd.md::Coder packet — <unit name> (<plan slug>)::Instructions ms=13 left=78
2026-08-28T05:54:05.033767Z  INFO fs3_daemon::runner: batch kind="embed" subject=1 x smart jobs=1 ms=0
2026-08-28T05:54:05.049879Z  INFO fs3_daemon::runner: done kind="embed" id=55917 left=78
2026-08-28T05:54:05.063877Z  INFO fs3_daemon::runner: done kind=summarize subject=docs/plans/007-human-interface/packet-coder-u-t.dd.md::Coder packet — u-t the tui verb (007-human-interface)::Working with ms=49 left=77
2026-08-28T05:54:05.071371Z  INFO fs3_daemon::runner: batch kind="embed" subject=1 x smart jobs=1 ms=0
2026-08-28T05:54:05.086544Z  INFO fs3_daemon::runner: done kind="embed" id=55918 left=77
2026-08-28T05:54:05.092404Z  INFO fs3_daemon::runner: done kind=summarize subject=docs/plans/007-human-interface/packet-coder-u-w.dd.md::Coder packet — u-w daemon event stream (007-human-interface)::Scope ms=27 left=76
2026-08-28T05:54:05.098203Z  INFO fs3_daemon::runner: batch kind="embed" subject=1 x smart jobs=1 ms=0
2026-08-28T05:54:05.101611Z  INFO fs3_daemon::runner: done kind="embed" id=55919 left=76
2026-08-28T05:54:05.108594Z  INFO fs3_daemon::runner: done kind=summarize subject=docs/plans/006-worktree-diff/packet-coder.dd.md::Coder packet — <unit name> (<plan slug>)::Working with ms=15 left=75
2026-08-28T05:54:05.117158Z  INFO fs3_daemon::runner: batch kind="embed" subject=1 x smart jobs=1 ms=1
2026-08-28T05:54:05.119594Z  INFO fs3_daemon::runner: done kind=summarize subject=docs/plans/007-human-interface/packet-coder-u-t.dd.md::Coder packet — u-t the tui verb (007-human-interface)::Scope ms=9 left=75
2026-08-28T05:54:05.120530Z  INFO fs3_daemon::runner: done kind="embed" id=55920 left=74
2026-08-28T05:54:05.129131Z  INFO fs3_daemon::runner: batch kind="embed" subject=1 x smart jobs=1 ms=2
2026-08-28T05:54:05.131943Z  INFO fs3_daemon::runner: done kind="embed" id=55921 left=74
2026-08-28T05:54:05.132969Z  INFO fs3_daemon::runner: done kind=summarize subject=docs/plans/007-human-interface/packet-coder-u-w.dd.md::Coder packet — u-w daemon event stream (007-human-interface)::Done bar ms=8 left=73
2026-08-28T05:54:05.142953Z  INFO fs3_daemon::runner: batch kind="embed" subject=1 x smart jobs=1 ms=1
2026-08-28T05:54:05.146753Z  INFO fs3_daemon::runner: done kind=summarize subject=docs/plans/006-worktree-diff/packet-coder.dd.md::Coder packet — <unit name> (<plan slug>)::Scope ms=12 left=73
2026-08-28T05:54:05.158782Z  INFO fs3_daemon::runner: done kind="embed" id=55922 left=72
2026-08-28T05:54:05.182861Z  INFO fs3_daemon::runner: batch kind="embed" subject=1 x smart jobs=1 ms=0
2026-08-28T05:54:05.184952Z  INFO fs3_daemon::runner: done kind=summarize subject=docs/plans/007-human-interface/packet-coder-u-t.dd.md::Coder packet — u-t the tui verb (007-human-interface)::Done bar ms=5 left=72
2026-08-28T05:54:05.185698Z  INFO fs3_daemon::runner: done kind="embed" id=55923 left=71
2026-08-28T05:54:05.198924Z  INFO fs3_daemon::runner: batch kind="embed" subject=1 x smart jobs=1 ms=0
2026-08-28T05:54:05.201631Z  INFO fs3_daemon::runner: done kind="embed" id=55924 left=71
2026-08-28T05:54:05.204526Z  INFO fs3_daemon::runner: done kind=summarize subject=docs/plans/007-human-interface/packet-coder-u-w.dd.md::Coder packet — u-w daemon event stream (007-human-interface)::Refs ms=16 left=70
2026-08-28T05:54:05.216833Z  INFO fs3_daemon::runner: batch kind="embed" subject=1 x smart jobs=1 ms=0
2026-08-28T05:54:05.221005Z  INFO fs3_daemon::runner: done kind="embed" id=55925 left=70
2026-08-28T05:54:05.223946Z  INFO fs3_daemon::runner: done kind=summarize subject=docs/plans/007-human-interface/packet-pm.dd.md::PM packet — human-interface ms=15 left=69
2026-08-28T05:54:05.237547Z  INFO fs3_daemon::runner: batch kind="embed" subject=1 x smart jobs=1 ms=0
2026-08-28T05:54:05.245717Z  INFO fs3_daemon::runner: done kind="embed" id=55926 left=69
2026-08-28T05:54:05.249518Z  INFO fs3_daemon::runner: done kind=summarize subject=docs/plans/007-human-interface/packet-reviewer.dd.md::Reviewer packet — 007-human-interface ms=22 left=68
2026-08-28T05:54:05.255660Z  INFO fs3_daemon::runner: batch kind="embed" subject=1 x smart jobs=1 ms=1
2026-08-28T05:54:05.258097Z  INFO fs3_daemon::runner: done kind=summarize subject=docs/plans/006-worktree-diff/packet-coder.dd.md::Coder packet — <unit name> (<plan slug>)::Done bar ms=6 left=68
2026-08-28T05:54:05.259957Z  INFO fs3_daemon::runner: done kind="embed" id=55927 left=67
2026-08-28T05:54:05.269769Z  INFO fs3_daemon::runner: batch kind="embed" subject=1 x smart jobs=1 ms=0
2026-08-28T05:54:05.279195Z  INFO fs3_daemon::runner: done kind="embed" id=55928 left=67
2026-08-28T05:54:05.281569Z  INFO fs3_daemon::runner: done kind=summarize subject=docs/plans/007-human-interface/packet-pm.dd.md::PM packet — human-interface::Meta ms=18 left=66
2026-08-28T05:54:05.293726Z  INFO fs3_daemon::runner: batch kind="embed" subject=1 x smart jobs=1 ms=0
2026-08-28T05:54:05.296090Z  INFO fs3_daemon::runner: done kind="embed" id=55929 left=65
2026-08-28T05:54:05.296628Z  INFO fs3_daemon::runner: done kind=summarize subject=docs/plans/007-human-interface/packet-coder-u-t.dd.md::Coder packet — u-t the tui verb (007-human-interface)::Refs ms=14 left=65
2026-08-28T05:54:05.304591Z  INFO fs3_daemon::runner: batch kind="embed" subject=1 x smart jobs=1 ms=0
2026-08-28T05:54:05.319318Z  INFO fs3_daemon::runner: done kind="embed" id=55930 left=65
2026-08-28T05:54:05.322370Z  INFO fs3_daemon::runner: done kind=summarize subject=docs/plans/007-human-interface/packet-reviewer.dd.md::Reviewer packet — 007-human-interface::Meta ms=21 left=64
2026-08-28T05:54:05.327489Z  INFO fs3_daemon::runner: batch kind="embed" subject=1 x smart jobs=1 ms=0
2026-08-28T05:54:05.337255Z  INFO fs3_daemon::runner: done kind=summarize subject=docs/plans/007-human-interface/packet-pm.dd.md::PM packet — human-interface::Instructions ms=15 left=64
2026-08-28T05:54:05.340590Z  INFO fs3_daemon::runner: done kind="embed" id=55931 left=63
2026-08-28T05:54:05.360745Z  INFO fs3_daemon::runner: batch kind="embed" subject=1 x smart jobs=1 ms=0
2026-08-28T05:54:05.371060Z  INFO fs3_daemon::runner: done kind="embed" id=55932 left=63
2026-08-28T05:54:05.372790Z  INFO fs3_daemon::runner: done kind=summarize subject=docs/plans/007-human-interface/packet-reviewer.dd.md::Reviewer packet — 007-human-interface::Instructions ms=15 left=62
2026-08-28T05:54:05.390204Z  INFO fs3_daemon::runner: batch kind="embed" subject=1 x smart jobs=1 ms=2
2026-08-28T05:54:05.404669Z  INFO fs3_daemon::runner: done kind=summarize subject=docs/plans/007-human-interface/packet-pm.dd.md::PM packet — human-interface::Working with ms=22 left=62
2026-08-28T05:54:05.405638Z  INFO fs3_daemon::runner: done kind="embed" id=55933 left=61
2026-08-28T05:54:05.421007Z  INFO fs3_daemon::runner: batch kind="embed" subject=1 x smart jobs=1 ms=0
2026-08-28T05:54:05.425060Z  INFO fs3_daemon::runner: done kind="embed" id=55934 left=61
2026-08-28T05:54:05.426809Z  INFO fs3_daemon::runner: done kind=summarize subject=docs/plans/007-human-interface/packet-reviewer.dd.md::Reviewer packet — 007-human-interface::Working with ms=18 left=60
2026-08-28T05:54:05.433380Z  INFO fs3_daemon::runner: batch kind="embed" subject=1 x smart jobs=1 ms=0
2026-08-28T05:54:05.438071Z  INFO fs3_daemon::runner: done kind="embed" id=55935 left=60
2026-08-28T05:54:05.439527Z  INFO fs3_daemon::runner: done kind=summarize subject=docs/plans/007-human-interface/packet-pm.dd.md::PM packet — human-interface::Scope ms=10 left=59
2026-08-28T05:54:05.455624Z  INFO fs3_daemon::runner: batch kind="embed" subject=1 x smart jobs=1 ms=1
2026-08-28T05:54:05.467840Z  INFO fs3_daemon::runner: done kind=summarize subject=docs/plans/007-human-interface/packet-reviewer.dd.md::Reviewer packet — 007-human-interface::Scope ms=27 left=59
2026-08-28T05:54:05.468464Z  INFO fs3_daemon::runner: done kind="embed" id=55936 left=58
2026-08-28T05:54:05.480405Z  INFO fs3_daemon::runner: batch kind="embed" subject=1 x smart jobs=1 ms=0
2026-08-28T05:54:05.481887Z  INFO fs3_daemon::runner: done kind=summarize subject=docs/plans/007-human-interface/packet-pm.dd.md::PM packet — human-interface::Done bar ms=4 left=58
2026-08-28T05:54:05.483642Z  INFO fs3_daemon::runner: done kind="embed" id=55937 left=57
2026-08-28T05:54:05.515951Z  INFO fs3_daemon::runner: batch kind="embed" subject=1 x smart jobs=1 ms=1
2026-08-28T05:54:05.517036Z  INFO fs3_daemon::runner: done kind=summarize subject=docs/plans/007-human-interface/packet-reviewer.dd.md::Reviewer packet — 007-human-interface::Done bar ms=31 left=57
2026-08-28T05:54:05.517768Z  INFO fs3_daemon::runner: done kind="embed" id=55938 left=56
2026-08-28T05:54:05.566631Z  INFO fs3_daemon::runner: batch kind="embed" subject=1 x smart jobs=1 ms=0
2026-08-28T05:54:05.569557Z  INFO fs3_daemon::runner: done kind=summarize subject=docs/plans/007-human-interface/packet-pm.dd.md::PM packet — human-interface::Refs ms=8 left=56
2026-08-28T05:54:05.572858Z  INFO fs3_daemon::runner: done kind="embed" id=55939 left=55
2026-08-28T05:54:05.587641Z  INFO fs3_daemon::runner: batch kind="embed" subject=1 x smart jobs=1 ms=2
2026-08-28T05:54:05.592980Z  INFO fs3_daemon::runner: done kind="embed" id=55940 left=55
2026-08-28T05:54:05.594244Z  INFO fs3_daemon::runner: done kind=summarize subject=docs/plans/007-human-interface/plan.dd.md::Human interface — human-first output, the tui verb, and the daemon event stream ms=11 left=54
2026-08-28T05:54:05.602376Z  INFO fs3_daemon::runner: batch kind="embed" subject=1 x smart jobs=1 ms=0
2026-08-28T05:54:05.605413Z  INFO fs3_daemon::runner: done kind="embed" id=55941 left=53
2026-08-28T05:54:05.605675Z  INFO fs3_daemon::runner: done kind=summarize subject=docs/plans/007-human-interface/plan.dd.md::Human interface — human-first output, the tui verb, and the daemon event stream::Meta ms=9 left=53
2026-08-28T05:54:05.612832Z  INFO fs3_daemon::runner: batch kind="embed" subject=1 x smart jobs=1 ms=0
2026-08-28T05:54:05.621730Z  INFO fs3_daemon::runner: done kind="embed" id=55942 left=53
2026-08-28T05:54:05.631826Z  INFO fs3_daemon::runner: done kind=summarize subject=docs/plans/007-human-interface/plan.dd.md::Human interface — human-first output, the tui verb, and the daemon event stream::Acceptance criteria ms=23 left=52
2026-08-28T05:54:05.643015Z  INFO fs3_daemon::runner: batch kind="embed" subject=1 x smart jobs=1 ms=1
2026-08-28T05:54:05.651395Z  INFO fs3_daemon::runner: done kind="embed" id=55943 left=52
2026-08-28T05:54:05.652595Z  INFO fs3_daemon::runner: done kind=summarize subject=docs/services/event-stream.md::event-stream — what the daemon says while it works ms=20 left=51
2026-08-28T05:54:05.699111Z  INFO fs3_daemon::runner: batch kind="embed" subject=1 x smart jobs=1 ms=1
2026-08-28T05:54:05.700877Z  INFO fs3_daemon::runner: done kind=summarize subject=docs/services/event-stream.md::event-stream — what the daemon says while it works::The wire ms=33 left=51
2026-08-28T05:54:05.703050Z  INFO fs3_daemon::runner: done kind="embed" id=55944 left=50
2026-08-28T05:54:05.708651Z  INFO fs3_daemon::runner: batch kind="embed" subject=1 x smart jobs=1 ms=0
2026-08-28T05:54:05.713329Z  INFO fs3_daemon::runner: done kind="embed" id=55945 left=50
2026-08-28T05:54:05.714626Z  INFO fs3_daemon::runner: done kind=summarize subject=docs/services/event-stream.md::event-stream — what the daemon says while it works::The wire::Line 1 is always the hello ms=8 left=49
2026-08-28T05:54:05.722486Z  INFO fs3_daemon::runner: batch kind="embed" subject=1 x smart jobs=1 ms=1
2026-08-28T05:54:05.732351Z  INFO fs3_daemon::runner: done kind="embed" id=55946 left=49
2026-08-28T05:54:05.733406Z  INFO fs3_daemon::runner: done kind=summarize subject=docs/services/event-stream.md::event-stream — what the daemon says while it works::The wire::Every line after it is an event ms=17 left=48
2026-08-28T05:54:05.743203Z  INFO fs3_daemon::runner: batch kind="embed" subject=1 x smart jobs=1 ms=0
2026-08-28T05:54:05.755277Z  INFO fs3_daemon::runner: done kind=summarize subject=docs/services/human-render.md::human-render — terminal presentation over the envelope ms=20 left=47
2026-08-28T05:54:05.755505Z  INFO fs3_daemon::runner: done kind="embed" id=55947 left=47
2026-08-28T05:54:05.761603Z  INFO fs3_daemon::runner: batch kind="embed" subject=1 x smart jobs=1 ms=1
2026-08-28T05:54:05.824743Z  INFO fs3_daemon::runner: done kind="embed" id=55948 left=47
2026-08-28T05:54:05.881225Z  INFO fs3_daemon::runner: done kind=summarize subject=docs/services/event-stream.md::event-stream — what the daemon says while it works::The vocabulary ms=123 left=46
2026-08-28T05:54:06.029225Z  INFO fs3_daemon::runner: batch kind="embed" subject=1 x smart jobs=1 ms=0
2026-08-28T05:54:06.047280Z  INFO fs3_daemon::runner: done kind=summarize subject=docs/services/human-render.md::human-render — terminal presentation over the envelope::Contract ms=109 left=46
2026-08-28T05:54:06.083530Z  INFO fs3_daemon::runner: done kind="embed" id=55949 left=45
2026-08-28T05:54:06.155950Z  INFO fs3_daemon::runner: batch kind="embed" subject=1 x smart jobs=1 ms=0
2026-08-28T05:54:06.288223Z  INFO fs3_daemon::runner: done kind="embed" id=55950 left=45
2026-08-28T05:54:06.327054Z  INFO fs3_daemon::runner: done kind=summarize subject=docs/services/event-stream.md::event-stream — what the daemon says while it works::Where the events come from ms=204 left=44
2026-08-28T05:54:06.450660Z  INFO fs3_daemon::runner: batch kind="embed" subject=1 x smart jobs=1 ms=1
2026-08-28T05:54:06.503216Z  INFO fs3_daemon::runner: done kind=summarize subject=docs/services/human-render.md::human-render — terminal presentation over the envelope::Snap-in recipe ms=137 left=44
2026-08-28T05:54:06.540285Z  INFO fs3_daemon::runner: done kind="embed" id=55951 left=43
2026-08-28T05:54:06.799130Z  INFO fs3_daemon::runner: batch kind="embed" subject=1 x smart jobs=1 ms=14
2026-08-28T05:54:06.925162Z  INFO fs3_daemon::runner: done kind=summarize subject=docs/services/event-stream.md::event-stream — what the daemon says while it works::What this stream is NOT ms=294 left=43
2026-08-28T05:54:07.053099Z  INFO fs3_daemon::runner: done kind="embed" id=55952 left=42
2026-08-28T05:54:07.453917Z  INFO fs3_daemon::runner: batch kind="embed" subject=1 x smart jobs=1 ms=6
2026-08-28T05:54:07.507508Z  INFO fs3_daemon::runner: done kind=summarize subject=docs/services/human-render.md::human-render — terminal presentation over the envelope::Add/scan meter composition assumptions ms=204 left=41
2026-08-28T05:54:07.516204Z  INFO fs3_daemon::runner: done kind="embed" id=55953 left=41
2026-08-28T05:54:07.743482Z  INFO fs3_daemon::runner: batch kind="embed" subject=1 x smart jobs=1 ms=2
2026-08-28T05:54:07.803266Z  INFO fs3_daemon::runner: done kind=summarize subject=docs/services/event-stream.md::event-stream — what the daemon says while it works::Implementation assumptions ms=202 left=41
2026-08-28T05:54:07.835724Z  INFO fs3_daemon::runner: done kind="embed" id=55954 left=40
2026-08-28T05:54:07.958739Z  INFO fs3_daemon::runner: batch kind="embed" subject=1 x smart jobs=1 ms=2
2026-08-28T05:54:08.042528Z  INFO fs3_daemon::runner: done kind="embed" id=55955 left=39
2026-08-28T05:54:08.042600Z  INFO fs3_daemon::runner: done kind=summarize subject=docs/services/tui.md::Terminal dashboard ms=158 left=39
2026-08-28T05:54:08.065935Z  INFO fs3_daemon::runner: batch kind="embed" subject=1 x smart jobs=1 ms=3
2026-08-28T05:54:08.071578Z  INFO fs3_daemon::runner: done kind="embed" id=55956 left=38
2026-08-28T05:54:08.071690Z  INFO fs3_daemon::runner: done kind=summarize subject=docs/services/event-stream.md::event-stream — what the daemon says while it works::Snap-in recipe ms=15 left=38
2026-08-28T05:54:08.109986Z  INFO fs3_daemon::runner: batch kind="embed" subject=1 x smart jobs=1 ms=0
2026-08-28T05:54:08.134527Z  INFO fs3_daemon::runner: done kind="embed" id=55957 left=38
2026-08-28T05:54:08.135458Z  INFO fs3_daemon::runner: done kind=summarize subject=docs/services/tui.md::Terminal dashboard::Run ms=52 left=37
2026-08-28T05:54:08.151917Z  INFO fs3_daemon::runner: batch kind="embed" subject=1 x smart jobs=1 ms=0
2026-08-28T05:54:08.154348Z  INFO fs3_daemon::runner: done kind="embed" id=55958 left=37
2026-08-28T05:54:08.155956Z  INFO fs3_daemon::runner: done kind=summarize subject=docs/services/tui.md::Terminal dashboard::Keys ms=12 left=36
2026-08-28T05:54:08.206868Z  INFO fs3_daemon::runner: batch kind="embed" subject=1 x smart jobs=1 ms=2
2026-08-28T05:54:08.211887Z  INFO fs3_daemon::runner: done kind=summarize subject=docs/services/tui.md::Terminal dashboard::Data and failure semantics ms=33 left=36
2026-08-28T05:54:08.222298Z  INFO fs3_daemon::runner: done kind="embed" id=55959 left=35
2026-08-28T05:54:08.234036Z  INFO fs3_daemon::runner: batch kind="embed" subject=1 x smart jobs=1 ms=1
2026-08-28T05:54:08.243155Z  INFO fs3_daemon::runner: done kind="embed" id=55960 left=35
2026-08-28T05:54:08.243994Z  INFO fs3_daemon::runner: done kind=summarize subject=crates/daemon/src/ask.rs::AskRequest ms=13 left=34
2026-08-28T05:54:08.260897Z  INFO fs3_daemon::runner: batch kind="embed" subject=1 x smart jobs=1 ms=0
2026-08-28T05:54:08.264972Z  INFO fs3_daemon::runner: done kind=summarize subject=docs/services/tui.md::Terminal dashboard::Snap-in recipe ms=10 left=34
2026-08-28T05:54:08.277133Z  INFO fs3_daemon::runner: done kind="embed" id=55961 left=33
2026-08-28T05:54:08.483388Z  INFO fs3_daemon::runner: batch kind="embed" subject=1 x smart jobs=1 ms=22
2026-08-28T05:54:08.525958Z  INFO fs3_daemon::runner: done kind=summarize subject=docs/services/tui.md::Terminal dashboard::Snap-in recipe::Named event-source composition seam ms=167 left=33
2026-08-28T05:54:08.558319Z  INFO fs3_daemon::runner: done kind="embed" id=55962 left=32
2026-08-28T05:54:08.740037Z  INFO fs3_daemon::runner: batch kind="embed" subject=1 x smart jobs=1 ms=26
2026-08-28T05:54:08.808501Z  INFO fs3_daemon::runner: done kind=summarize subject=crates/daemon/src/ask.rs::AskTraceEntry ms=197 left=31
2026-08-28T05:54:08.808785Z  INFO fs3_daemon::runner: done kind="embed" id=55963 left=31
2026-08-28T05:54:08.908757Z  INFO fs3_daemon::runner: batch kind="embed" subject=1 x smart jobs=1 ms=1
2026-08-28T05:54:09.050244Z  INFO fs3_daemon::runner: done kind="embed" id=55964 left=30
2026-08-28T05:54:09.057755Z  INFO fs3_daemon::runner: done kind=summarize subject=docs/services/tui.md::Terminal dashboard::Assumptions at unit handoff ms=199 left=30
2026-08-28T05:54:09.191956Z  INFO fs3_daemon::runner: progress phase="working" scanned=5089 scan_left=1 summarized=10621 summarize_left=28 embedded=17220 embed_left=1 failed=0
2026-08-28T05:54:09.245639Z  INFO fs3_daemon::runner: batch kind="embed" subject=1 x smart jobs=1 ms=2
2026-08-28T05:54:09.314960Z  INFO fs3_daemon::runner: done kind=summarize subject=crates/daemon/src/ask.rs::AskReport ms=159 left=30
2026-08-28T05:54:09.477196Z  INFO fs3_daemon::runner: done kind="embed" id=55965 left=29
2026-08-28T05:54:09.560022Z  INFO fs3_daemon::runner: batch kind="embed" subject=1 x smart jobs=1 ms=0
2026-08-28T05:54:09.566746Z  INFO fs3_daemon::runner: done kind="embed" id=55966 left=29
2026-08-28T05:54:09.568654Z  INFO fs3_daemon::runner: done kind=summarize subject=docs/reference/error-codes.md::fs3 error codes ms=17 left=28
2026-08-28T05:54:09.653299Z  INFO fs3_daemon::runner: batch kind="embed" subject=1 x smart jobs=1 ms=77
2026-08-28T05:54:09.662820Z  INFO fs3_daemon::runner: done kind=summarize subject=docs/reference/error-codes.md::fs3 error codes::CONFIG ms=91 left=28
2026-08-28T05:54:09.665384Z  INFO fs3_daemon::runner: done kind="embed" id=55967 left=27
2026-08-28T05:54:09.765398Z  INFO fs3_daemon::runner: batch kind="embed" subject=1 x smart jobs=1 ms=1
2026-08-28T05:54:09.778766Z  INFO fs3_daemon::runner: done kind="embed" id=55968 left=26
2026-08-28T05:54:09.778976Z  INFO fs3_daemon::runner: done kind=summarize subject=crates/daemon/src/ask.rs::IndexTools ms=49 left=26
2026-08-28T05:54:09.879666Z  INFO fs3_daemon::runner: batch kind="embed" subject=1 x smart jobs=1 ms=0
2026-08-28T05:54:10.037307Z  INFO fs3_daemon::runner: done kind="embed" id=55969 left=26
2026-08-28T05:54:10.096176Z  INFO fs3_daemon::runner: done kind=summarize subject=crates/daemon/src/ask.rs::IndexTools::run_search ms=314 left=25
2026-08-28T05:54:10.239783Z  INFO fs3_daemon::runner: batch kind="embed" subject=1 x smart jobs=1 ms=4
2026-08-28T05:54:10.263322Z  INFO fs3_daemon::runner: done kind="embed" id=55970 left=24
2026-08-28T05:54:10.268531Z  INFO fs3_daemon::runner: done kind=summarize subject=docs/reference/error-codes.md::fs3 error codes::CONFIG::`FS3-E-CONFIG-PROVIDER-UNKNOWN` ms=59 left=24
2026-08-28T05:54:10.298282Z  INFO fs3_daemon::runner: batch kind="embed" subject=1 x smart jobs=1 ms=0
2026-08-28T05:54:10.301160Z  INFO fs3_daemon::runner: done kind=summarize subject=crates/daemon/src/ask.rs::IndexTools::run_get ms=14 left=24
2026-08-28T05:54:10.301709Z  INFO fs3_daemon::runner: done kind="embed" id=55971 left=23
2026-08-28T05:54:10.307791Z  INFO fs3_daemon::runner: batch kind="embed" subject=1 x smart jobs=1 ms=0
2026-08-28T05:54:10.312377Z  INFO fs3_daemon::runner: done kind="embed" id=55972 left=23
2026-08-28T05:54:10.313934Z  INFO fs3_daemon::runner: done kind=summarize subject=docs/reference/error-codes.md::fs3 error codes::STORE ms=9 left=22
2026-08-28T05:54:10.325698Z  INFO fs3_daemon::runner: batch kind="embed" subject=1 x smart jobs=1 ms=1
2026-08-28T05:54:10.330100Z  INFO fs3_daemon::runner: done kind=summarize subject=docs/reference/error-codes.md::fs3 error codes::STORE::`FS3-E-STORE-QUERY-FAILED` ms=13 left=22
2026-08-28T05:54:10.332187Z  INFO fs3_daemon::runner: done kind="embed" id=55973 left=21
2026-08-28T05:54:10.344986Z  INFO fs3_daemon::runner: batch kind="embed" subject=1 x smart jobs=1 ms=1
2026-08-28T05:54:10.356803Z  INFO fs3_daemon::runner: done kind="embed" id=55974 left=21
2026-08-28T05:54:10.360660Z  INFO fs3_daemon::runner: done kind=summarize subject=crates/daemon/src/ask.rs::IndexTools ms=23 left=20
2026-08-28T05:54:10.371127Z  INFO fs3_daemon::runner: batch kind="embed" subject=1 x smart jobs=1 ms=1
2026-08-28T05:54:10.374661Z  INFO fs3_daemon::runner: done kind="embed" id=55975 left=20
2026-08-28T05:54:10.376331Z  INFO fs3_daemon::runner: done kind=summarize subject=docs/reference/error-codes.md::fs3 error codes::GIT ms=14 left=19
2026-08-28T05:54:10.383267Z  INFO fs3_daemon::runner: batch kind="embed" subject=1 x smart jobs=1 ms=1
2026-08-28T05:54:10.387549Z  INFO fs3_daemon::runner: done kind="embed" id=55976 left=19
2026-08-28T05:54:10.389391Z  INFO fs3_daemon::runner: done kind=summarize subject=crates/daemon/src/ask.rs::IndexTools::schemas ms=12 left=18
2026-08-28T05:54:10.396094Z  INFO fs3_daemon::runner: batch kind="embed" subject=1 x smart jobs=1 ms=1
2026-08-28T05:54:10.399810Z  INFO fs3_daemon::runner: done kind="embed" id=55977 left=18
2026-08-28T05:54:10.401481Z  INFO fs3_daemon::runner: done kind=summarize subject=docs/reference/error-codes.md::fs3 error codes::GIT::`FS3-E-GIT-NOT-A-WORKTREE` ms=10 left=17
2026-08-28T05:54:10.405979Z  INFO fs3_daemon::runner: batch kind="embed" subject=1 x smart jobs=1 ms=0
2026-08-28T05:54:10.411632Z  INFO fs3_daemon::runner: done kind="embed" id=55978 left=17
2026-08-28T05:54:10.412430Z  INFO fs3_daemon::runner: done kind=summarize subject=crates/daemon/src/ask.rs::IndexTools::call ms=9 left=16
2026-08-28T05:54:10.424355Z  INFO fs3_daemon::runner: batch kind="embed" subject=1 x smart jobs=1 ms=1
2026-08-28T05:54:10.428024Z  INFO fs3_daemon::runner: done kind=summarize subject=docs/reference/error-codes.md::fs3 error codes::SCAN ms=12 left=16
2026-08-28T05:54:10.428398Z  INFO fs3_daemon::runner: done kind="embed" id=55979 left=15
2026-08-28T05:54:10.436345Z  INFO fs3_daemon::runner: batch kind="embed" subject=1 x smart jobs=1 ms=0
2026-08-28T05:54:10.442849Z  INFO fs3_daemon::runner: done kind="embed" id=55980 left=14
2026-08-28T05:54:10.448050Z  INFO fs3_daemon::runner: done kind=summarize subject=crates/daemon/src/ask.rs::ask ms=16 left=14
2026-08-28T05:54:10.457883Z  INFO fs3_daemon::runner: done kind=summarize subject=docs/reference/error-codes.md::fs3 error codes::SCAN::`FS3-E-SCAN-UNPARSEABLE` ms=11 left=14
2026-08-28T05:54:10.474079Z  INFO fs3_daemon::runner: batch kind="embed" subject=1 x smart jobs=1 ms=24
2026-08-28T05:54:10.477813Z  INFO fs3_daemon::runner: done kind="embed" id=55981 left=13
2026-08-28T05:54:10.486705Z  INFO fs3_daemon::runner: batch kind="embed" subject=1 x smart jobs=1 ms=1
2026-08-28T05:54:10.492399Z  INFO fs3_daemon::runner: done kind="embed" id=55982 left=12
2026-08-28T05:54:10.498522Z  INFO fs3_daemon::runner: done kind=summarize subject=docs/reference/error-codes.md::fs3 error codes::PROVIDER ms=17 left=12
2026-08-28T05:54:10.508831Z  INFO fs3_daemon::runner: done kind=summarize subject=docs/reference/error-codes.md::fs3 error codes::PROVIDER::`FS3-E-PROVIDER-DIMENSIONS` ms=12 left=12
2026-08-28T05:54:10.512737Z  INFO fs3_daemon::runner: batch kind="embed" subject=1 x smart jobs=1 ms=13
2026-08-28T05:54:10.517275Z  INFO fs3_daemon::runner: done kind="embed" id=55983 left=11
2026-08-28T05:54:10.524092Z  INFO fs3_daemon::runner: batch kind="embed" subject=1 x smart jobs=1 ms=1
2026-08-28T05:54:10.528054Z  INFO fs3_daemon::runner: done kind="embed" id=55984 left=11
2026-08-28T05:54:10.530017Z  INFO fs3_daemon::runner: done kind=summarize subject=docs/reference/error-codes.md::fs3 error codes::QUEUE ms=9 left=10
2026-08-28T05:54:10.532488Z  INFO fs3_daemon::runner: batch kind="embed" subject=1 x smart jobs=1 ms=0
2026-08-28T05:54:10.535643Z  INFO fs3_daemon::runner: done kind="embed" id=55985 left=9
2026-08-28T05:54:10.535982Z  INFO fs3_daemon::runner: done kind=summarize subject=docs/reference/error-codes.md::fs3 error codes::QUEUE::`FS3-E-QUEUE-JOB-FAILED` ms=5 left=9
2026-08-28T05:54:10.539624Z  INFO fs3_daemon::runner: batch kind="embed" subject=1 x smart jobs=1 ms=0
2026-08-28T05:54:10.542560Z  INFO fs3_daemon::runner: done kind="embed" id=55986 left=9
2026-08-28T05:54:10.544312Z  INFO fs3_daemon::runner: done kind=summarize subject=docs/reference/error-codes.md::fs3 error codes::QUERY ms=6 left=8
2026-08-28T05:54:10.547313Z  INFO fs3_daemon::runner: batch kind="embed" subject=1 x smart jobs=1 ms=0
2026-08-28T05:54:10.550038Z  INFO fs3_daemon::runner: done kind="embed" id=55987 left=8
2026-08-28T05:54:10.550908Z  INFO fs3_daemon::runner: done kind=summarize subject=docs/reference/error-codes.md::fs3 error codes::QUERY::`FS3-E-QUERY-NOT-IMPLEMENTED` ms=5 left=7
2026-08-28T05:54:10.555975Z  INFO fs3_daemon::runner: batch kind="embed" subject=1 x smart jobs=1 ms=0
2026-08-28T05:54:10.559030Z  INFO fs3_daemon::runner: done kind="embed" id=55988 left=7
2026-08-28T05:54:10.559862Z  INFO fs3_daemon::runner: done kind=summarize subject=docs/reference/error-codes.md::fs3 error codes::DAEMON ms=7 left=6
2026-08-28T05:54:10.563883Z  INFO fs3_daemon::runner: batch kind="embed" subject=1 x smart jobs=1 ms=0
2026-08-28T05:54:10.565992Z  INFO fs3_daemon::runner: done kind=summarize subject=docs/reference/error-codes.md::fs3 error codes::DAEMON::`FS3-E-DAEMON-UNAUTHORIZED` ms=4 left=6
2026-08-28T05:54:10.566737Z  INFO fs3_daemon::runner: done kind="embed" id=55989 left=5
2026-08-28T05:54:10.572027Z  INFO fs3_daemon::runner: batch kind="embed" subject=1 x smart jobs=1 ms=0
2026-08-28T05:54:10.574822Z  INFO fs3_daemon::runner: done kind="embed" id=55990 left=5
2026-08-28T05:54:10.576007Z  INFO fs3_daemon::runner: done kind=summarize subject=docs/reference/error-codes.md::fs3 error codes::UPDATE ms=6 left=4
2026-08-28T05:54:10.579216Z  INFO fs3_daemon::runner: batch kind="embed" subject=1 x smart jobs=1 ms=0
2026-08-28T05:54:10.581726Z  INFO fs3_daemon::runner: done kind="embed" id=55991 left=4
2026-08-28T05:54:10.583105Z  INFO fs3_daemon::runner: done kind=summarize subject=docs/reference/error-codes.md::fs3 error codes::UPDATE::`FS3-E-UPDATE-NO-INSTALL-PATH` ms=6 left=3
2026-08-28T05:54:10.586765Z  INFO fs3_daemon::runner: batch kind="embed" subject=1 x smart jobs=1 ms=0
2026-08-28T05:54:10.589071Z  INFO fs3_daemon::runner: done kind="embed" id=55992 left=3
2026-08-28T05:54:10.590678Z  INFO fs3_daemon::runner: done kind=summarize subject=docs/reference/error-codes.md::fs3 error codes::USAGE ms=6 left=2
2026-08-28T05:54:10.612942Z  INFO fs3_daemon::runner: batch kind="embed" subject=1 x smart jobs=1 ms=2
2026-08-28T05:54:10.618812Z  INFO fs3_daemon::runner: done kind="embed" id=55993 left=1
2026-08-28T05:54:10.647710Z  INFO fs3_daemon::runner: done kind=summarize subject=crates/daemon/src/http.rs::Health ms=8 left=7
2026-08-28T05:54:10.650479Z  INFO fs3_daemon::runner: done kind=summarize subject=crates/daemon/src/http.rs::router ms=8 left=7
2026-08-28T05:54:10.658236Z  INFO fs3_daemon::runner: done kind=summarize subject=crates/daemon/src/http.rs::remove ms=9 left=11
2026-08-28T05:54:10.659498Z  INFO fs3_daemon::runner: done kind=summarize subject=crates/daemon/src/http.rs::ask ms=13 left=11
2026-08-28T05:54:10.661450Z  INFO fs3_daemon::runner: done kind=summarize subject=crates/daemon/src/http.rs::conversation_list ms=10 left=12
2026-08-28T05:54:10.662287Z  INFO fs3_daemon::runner: done kind=summarize subject=crates/daemon/src/http.rs::conversation_remove ms=7 left=11
2026-08-28T05:54:10.669204Z  INFO fs3_daemon::runner: done kind=summarize subject=crates/daemon/src/http.rs::conversations ms=9 left=14
2026-08-28T05:54:10.673225Z  INFO fs3_daemon::runner: batch kind="embed" subject=6 x smart jobs=6 ms=10
2026-08-28T05:54:10.677384Z  INFO fs3_daemon::runner: done kind="embed" id=55997 left=15
2026-08-28T05:54:10.680768Z  INFO fs3_daemon::runner: done kind="embed" id=56004 left=15
2026-08-28T05:54:10.682994Z  INFO fs3_daemon::runner: done kind="embed" id=56006 left=15
2026-08-28T05:54:10.685657Z  INFO fs3_daemon::runner: done kind="embed" id=55999 left=14
2026-08-28T05:54:10.686132Z  INFO fs3_daemon::runner: done kind=scan_file subject=crates/daemon/src/http.rs ms=94 left=14
2026-08-28T05:54:10.690869Z  INFO fs3_daemon::runner: done kind="embed" id=56008 left=13
2026-08-28T05:54:10.693736Z  INFO fs3_daemon::runner: done kind="embed" id=56003 left=12
2026-08-28T05:54:10.699696Z  INFO fs3_daemon::runner: batch kind="embed" subject=1 x smart jobs=1 ms=0
2026-08-28T05:54:10.708958Z  INFO fs3_daemon::runner: done kind=summarize subject=crates/daemon/src/http.rs::gc ms=12 left=12
2026-08-28T05:54:10.730563Z  INFO fs3_daemon::runner: batch kind="embed" subject=20 x raw jobs=2 ms=31
2026-08-28T05:54:10.734359Z  INFO fs3_daemon::runner: done kind="embed" id=56014 left=11
2026-08-28T05:54:10.737729Z  INFO fs3_daemon::runner: done kind="embed" id=56018 left=10
2026-08-28T05:54:10.740943Z  INFO fs3_daemon::runner: done kind="embed" id=56011 left=9
2026-08-28T05:54:10.749187Z  INFO fs3_daemon::runner: batch kind="embed" subject=1 x smart jobs=1 ms=0
2026-08-28T05:54:10.801789Z  INFO fs3_daemon::runner: done kind="embed" id=56019 left=9
2026-08-28T05:54:10.802815Z  INFO fs3_daemon::runner: done kind=summarize subject=crates/daemon/src/http.rs::add_root ms=59 left=8
2026-08-28T05:54:10.826927Z  INFO fs3_daemon::runner: batch kind="embed" subject=1 x smart jobs=1 ms=5
2026-08-28T05:54:10.835658Z  INFO fs3_daemon::runner: done kind="embed" id=56020 left=8
2026-08-28T05:54:10.840239Z  INFO fs3_daemon::runner: done kind=summarize subject=crates/daemon/src/http.rs::scan ms=30 left=7
2026-08-28T05:54:10.856620Z  INFO fs3_daemon::runner: batch kind="embed" subject=1 x smart jobs=1 ms=0
2026-08-28T05:54:10.860267Z  INFO fs3_daemon::runner: done kind=summarize subject=crates/daemon/src/http.rs::status ms=14 left=7
2026-08-28T05:54:10.862212Z  INFO fs3_daemon::runner: done kind="embed" id=56021 left=6
2026-08-28T05:54:10.874101Z  INFO fs3_daemon::runner: batch kind="embed" subject=1 x smart jobs=1 ms=2
2026-08-28T05:54:10.879776Z  INFO fs3_daemon::runner: done kind="embed" id=56022 left=6
2026-08-28T05:54:10.883283Z  INFO fs3_daemon::runner: done kind=summarize subject=crates/daemon/src/http.rs::search ms=15 left=5
2026-08-28T05:54:10.891331Z  INFO fs3_daemon::runner: batch kind="embed" subject=1 x smart jobs=1 ms=1
2026-08-28T05:54:10.896202Z  INFO fs3_daemon::runner: done kind=summarize subject=crates/daemon/src/http.rs::get_address ms=12 left=5
2026-08-28T05:54:10.897611Z  INFO fs3_daemon::runner: done kind="embed" id=56023 left=4
2026-08-28T05:54:10.908257Z  INFO fs3_daemon::runner: batch kind="embed" subject=1 x smart jobs=1 ms=0
2026-08-28T05:54:10.913299Z  INFO fs3_daemon::runner: done kind="embed" id=56024 left=4
2026-08-28T05:54:10.914694Z  INFO fs3_daemon::runner: done kind=summarize subject=crates/daemon/src/http.rs::tree ms=12 left=3
2026-08-28T05:54:10.920692Z  INFO fs3_daemon::runner: batch kind="embed" subject=1 x smart jobs=1 ms=0
2026-08-28T05:54:10.928335Z  INFO fs3_daemon::runner: done kind="embed" id=56025 left=3
2026-08-28T05:54:10.931198Z  INFO fs3_daemon::runner: done kind=summarize subject=crates/daemon/src/http.rs::next_after_scan ms=14 left=2
2026-08-28T05:54:10.941480Z  INFO fs3_daemon::runner: batch kind="embed" subject=1 x smart jobs=1 ms=1
2026-08-28T05:54:10.945608Z  INFO fs3_daemon::runner: done kind=summarize subject=crates/daemon/src/http.rs::serve_listener ms=10 left=2
2026-08-28T05:54:10.949132Z  INFO fs3_daemon::runner: done kind="embed" id=56026 left=1
2026-08-28T05:54:10.959501Z  INFO fs3_daemon::runner: batch kind="embed" subject=1 x smart jobs=1 ms=0
2026-08-28T05:54:10.968825Z  INFO fs3_daemon::runner: done kind="embed" id=56027 left=0
2026-08-28T05:54:11.023822Z  INFO fs3_daemon::runner: progress phase="idle" scanned=5090 scan_left=0 summarized=10665 summarize_left=0 embedded=17267 embed_left=0 failed=0
2026-08-28T05:54:15.473797Z  INFO fs3_daemon::worktrees: unregistered a vanished git worktree root=/Users/jordanknight/substrate/flowspace/fs3-hi-u-w
2026-08-28T05:54:20.378247Z  INFO fs3_daemon::watch: no longer watching root=/Users/jordanknight/substrate/flowspace/fs3-hi-u-w dropped_pending=0
