2026-08-28T03:56:41.014625Z  INFO fs3_daemon::watch: re-listed a changed directory directory=/Users/jordanknight/substrate/flowspace/fs3-worktree-diff/docs/plans/006-worktree-diff/assets/probes/out events=2 enqueued=1 settled=Quiet
2026-08-28T03:56:41.181706Z  INFO fs3_daemon::runner: done kind=scan_file subject=docs/plans/006-worktree-diff/assets/probes/out/run-20260828T035625Z/p1-worktree-add.txt ms=16 left=1
2026-08-28T03:56:41.196706Z  INFO fs3_daemon::runner: progress phase="working" scanned=6743 scan_left=0 summarized=6621 summarize_left=0 embedded=15363 embed_left=1 failed=0
2026-08-28T03:56:41.217039Z  INFO fs3_daemon::runner: batch kind="embed" subject=1 x raw jobs=1 ms=17
2026-08-28T03:56:41.219736Z  INFO fs3_daemon::runner: done kind="embed" id=67130 left=0
2026-08-28T03:56:41.233339Z  INFO fs3_daemon::runner: progress phase="idle" scanned=6743 scan_left=0 summarized=6621 summarize_left=0 embedded=15364 embed_left=0 failed=0
2026-08-28T03:56:45.974002Z  INFO fs3_daemon::watch: re-listed a changed directory directory=/Users/jordanknight/substrate/flowspace/fs3-hi-u-r/crates/cli/src events=4 enqueued=1 settled=Quiet
2026-08-28T03:56:52.793584Z  INFO fs3_daemon::runner: done kind=scan_file subject=crates/cli/src/client.rs ms=6875 left=12
2026-08-28T03:56:52.806265Z  INFO fs3_daemon::runner: progress phase="working" scanned=6744 scan_left=2 summarized=6621 summarize_left=8 embedded=15364 embed_left=2 failed=0
2026-08-28T03:56:53.058079Z  INFO fs3_daemon::runner: batch kind="embed" subject=26 x raw jobs=2 ms=1
2026-08-28T03:56:53.179144Z  INFO fs3_daemon::runner: done kind="embed" id=67143 left=13
2026-08-28T03:56:53.355782Z  INFO fs3_daemon::runner: done kind="embed" id=67136 left=13
2026-08-28T03:56:53.983920Z  INFO fs3_daemon::runner: done kind=summarize subject=crates/cli/src/client.rs::HealthReport ms=456 left=16
2026-08-28T03:56:54.267310Z  INFO fs3_daemon::runner: done kind=summarize subject=crates/cli/src/client.rs::DaemonClient ms=518 left=19
2026-08-28T03:56:54.363348Z  INFO fs3_daemon::runner: batch kind="embed" subject=2 x smart jobs=2 ms=1
2026-08-28T03:56:54.412057Z  INFO fs3_daemon::runner: done kind=summarize subject=crates/cli/src/client.rs::DaemonClient::new ms=364 left=20
2026-08-28T03:56:54.533314Z  INFO fs3_daemon::runner: done kind="embed" id=67151 left=18
2026-08-28T03:56:54.533597Z  INFO fs3_daemon::runner: done kind=summarize subject=crates/cli/src/client.rs::DaemonClient::health ms=384 left=18
2026-08-28T03:56:54.734558Z  INFO fs3_daemon::runner: done kind="embed" id=67149 left=18
2026-08-28T03:56:54.989394Z  INFO fs3_daemon::runner: batch kind="embed" subject=2 x smart jobs=2 ms=13
2026-08-28T03:56:55.226465Z  INFO fs3_daemon::runner: done kind="embed" id=67155 left=20
2026-08-28T03:56:55.414765Z  INFO fs3_daemon::runner: done kind=summarize subject=crates/cli/src/client.rs::DaemonClient::events ms=573 left=20
2026-08-28T03:56:55.492161Z  INFO fs3_daemon::runner: done kind="embed" id=67154 left=19
2026-08-28T03:56:55.839570Z  INFO fs3_daemon::runner: batch kind="embed" subject=1 x smart jobs=1 ms=20
2026-08-28T03:56:55.956690Z  INFO fs3_daemon::runner: done kind="embed" id=67160 left=22
2026-08-28T03:56:55.964228Z  INFO fs3_daemon::runner: done kind=summarize subject=crates/cli/src/client.rs::DaemonClient::send ms=231 left=22
2026-08-28T03:56:56.799063Z  INFO fs3_daemon::runner: batch kind="embed" subject=1 x smart jobs=1 ms=24
2026-08-28T03:56:57.376332Z  INFO fs3_daemon::runner: done kind="embed" id=67165 left=23
2026-08-28T03:56:57.392733Z  INFO fs3_daemon::runner: done kind=summarize subject=crates/cli/src/client.rs::DaemonClient::authorize ms=1419 left=23
2026-08-28T03:56:57.471652Z  INFO fs3_daemon::runner: batch kind="embed" subject=1 x smart jobs=1 ms=2
2026-08-28T03:56:57.635221Z  INFO fs3_daemon::runner: done kind="embed" id=67168 left=27
2026-08-28T03:56:57.707260Z  INFO fs3_daemon::runner: done kind=summarize subject=crates/cli/src/client.rs::DaemonClient::envelope ms=51 left=35
2026-08-28T03:56:57.707547Z  INFO fs3_daemon::runner: batch kind="embed" subject=1 x smart jobs=1 ms=0
2026-08-28T03:56:57.828340Z  INFO fs3_daemon::runner: done kind="embed" id=67180 left=37
2026-08-28T03:56:57.848093Z  INFO fs3_daemon::runner: progress phase="working" scanned=6744 scan_left=30 summarized=6629 summarize_left=10 embedded=15374 embed_left=0 failed=0
2026-08-28T03:56:57.855358Z  INFO fs3_daemon::runner: batch kind="embed" subject=7 x raw jobs=1 ms=0
2026-08-28T03:56:57.855573Z  INFO fs3_daemon::runner: done kind=scan_file subject=AGENTS.md ms=400 left=43
2026-08-28T03:56:57.875445Z  INFO fs3_daemon::runner: done kind="embed" id=67190 left=45
2026-08-28T03:56:57.904235Z  INFO fs3_daemon::runner: done kind=scan_file subject=CHANGELOG.md ms=228 left=52
2026-08-28T03:56:57.913182Z  INFO fs3_daemon::runner: batch kind="embed" subject=14 x raw jobs=1 ms=0
2026-08-28T03:56:57.915975Z  INFO fs3_daemon::runner: done kind="embed" id=67201 left=58
2026-08-28T03:56:57.919419Z  INFO fs3_daemon::runner: done kind=scan_file subject=CONTRIBUTING.md ms=80 left=60
2026-08-28T03:56:57.931673Z  INFO fs3_daemon::runner: batch kind="embed" subject=9 x raw jobs=1 ms=0
2026-08-28T03:56:57.935371Z  INFO fs3_daemon::runner: done kind="embed" id=67208 left=67
2026-08-28T03:56:58.026813Z  INFO fs3_daemon::runner: done kind=scan_file subject=README.md ms=134 left=75
2026-08-28T03:56:58.092607Z  INFO fs3_daemon::runner: batch kind="embed" subject=8 x raw jobs=1 ms=0
2026-08-28T03:56:58.131070Z  INFO fs3_daemon::runner: done kind=scan_file subject=crates/cli/docs/config.md ms=211 left=80
2026-08-28T03:56:58.131189Z  INFO fs3_daemon::runner: done kind="embed" id=67229 left=80
2026-08-28T03:56:58.154540Z  INFO fs3_daemon::runner: done kind=scan_file subject=crates/cli/docs/agents.md ms=252 left=81
2026-08-28T03:56:58.175357Z  INFO fs3_daemon::runner: batch kind="embed" subject=14 x raw jobs=2 ms=2
2026-08-28T03:56:58.285845Z  INFO fs3_daemon::runner: done kind="embed" id=67237 left=86
2026-08-28T03:56:58.293979Z  INFO fs3_daemon::runner: done kind="embed" id=67233 left=88
2026-08-28T03:56:58.338294Z  INFO fs3_daemon::runner: done kind=scan_file subject=crates/cli/docs/conversations.md ms=395 left=99
2026-08-28T03:56:58.341823Z  INFO fs3_daemon::runner: done kind=scan_file subject=crates/cli/docs/daemon.md ms=189 left=100
2026-08-28T03:56:58.352811Z  INFO fs3_daemon::runner: batch kind="embed" subject=15 x raw jobs=2 ms=8
2026-08-28T03:56:58.366136Z  INFO fs3_daemon::runner: done kind="embed" id=67260 left=105
2026-08-28T03:56:58.477653Z  INFO fs3_daemon::runner: done kind="embed" id=67258 left=105
2026-08-28T03:56:58.477976Z  INFO fs3_daemon::runner: done kind=scan_file subject=crates/cli/docs/install.md ms=144 left=105
2026-08-28T03:56:58.483345Z  INFO fs3_daemon::runner: done kind=scan_file subject=crates/cli/docs/doctor.md ms=164 left=106
2026-08-28T03:56:58.488655Z  INFO fs3_daemon::runner: batch kind="embed" subject=12 x raw jobs=2 ms=0
2026-08-28T03:56:58.492083Z  INFO fs3_daemon::runner: done kind="embed" id=67268 left=108
2026-08-28T03:56:58.495120Z  INFO fs3_daemon::runner: done kind="embed" id=67272 left=109
2026-08-28T03:56:58.639139Z  INFO fs3_daemon::runner: done kind=scan_file subject=crates/cli/docs/read.md ms=140 left=149
2026-08-28T03:56:58.639308Z  INFO fs3_daemon::runner: done kind=scan_file subject=crates/cli/docs/search.md ms=134 left=149
2026-08-28T03:56:58.639490Z  INFO fs3_daemon::runner: done kind=scan_file subject=crates/cli/docs/providers.md ms=157 left=149
2026-08-28T03:56:58.658530Z  INFO fs3_daemon::runner: batch kind="embed" subject=25 x raw jobs=3 ms=6
2026-08-28T03:56:58.670528Z  INFO fs3_daemon::runner: done kind="embed" id=67317 left=152
2026-08-28T03:56:58.697086Z  INFO fs3_daemon::runner: done kind=scan_file subject=crates/cli/skills/flowspace/SKILL.md ms=177 left=151
2026-08-28T03:56:58.704218Z  INFO fs3_daemon::runner: done kind="embed" id=67318 left=151
2026-08-28T03:56:58.810379Z  INFO fs3_daemon::runner: done kind="embed" id=67319 left=151
2026-08-28T03:56:58.862329Z  INFO fs3_daemon::runner: batch kind="embed" subject=8 x raw jobs=1 ms=1
2026-08-28T03:56:58.875789Z  INFO fs3_daemon::runner: done kind="embed" id=67324 left=155
2026-08-28T03:56:59.008232Z  INFO fs3_daemon::runner: done kind=scan_file subject=crates/cli/src/client.rs ms=156 left=187
2026-08-28T03:56:59.091057Z  INFO fs3_daemon::runner: batch kind="embed" subject=25 x raw jobs=2 ms=1
2026-08-28T03:56:59.159571Z  INFO fs3_daemon::runner: done kind="embed" id=67339 left=194
2026-08-28T03:56:59.181840Z  INFO fs3_daemon::runner: done kind="embed" id=67358 left=198
2026-08-28T03:56:59.185367Z  INFO fs3_daemon::runner: done kind=scan_file subject=crates/cli/src/docs.rs ms=275 left=199
2026-08-28T03:56:59.200361Z  INFO fs3_daemon::runner: batch kind="embed" subject=27 x raw jobs=2 ms=1
2026-08-28T03:56:59.208242Z  INFO fs3_daemon::runner: done kind=scan_file subject=crates/cli/src/lib.rs ms=19 left=207
2026-08-28T03:56:59.208310Z  INFO fs3_daemon::runner: done kind="embed" id=67377 left=207
2026-08-28T03:56:59.211639Z  INFO fs3_daemon::runner: done kind="embed" id=67379 left=209
2026-08-28T03:56:59.218917Z  INFO fs3_daemon::runner: done kind=scan_file subject=crates/cli/src/conversation.rs ms=330 left=210
2026-08-28T03:56:59.227950Z  INFO fs3_daemon::runner: batch kind="embed" subject=26 x raw jobs=3 ms=0
2026-08-28T03:56:59.338311Z  INFO fs3_daemon::runner: done kind="embed" id=67388 left=214
2026-08-28T03:56:59.355225Z  INFO fs3_daemon::runner: done kind="embed" id=67392 left=216
2026-08-28T03:56:59.379190Z  INFO fs3_daemon::runner: done kind="embed" id=67387 left=218
2026-08-28T03:56:59.581734Z  INFO fs3_daemon::runner: done kind=scan_file subject=crates/cli/src/settings.rs ms=181 left=240
2026-08-28T03:56:59.594822Z  INFO fs3_daemon::runner: batch kind="embed" subject=23 x raw jobs=2 ms=0
2026-08-28T03:56:59.624106Z  INFO fs3_daemon::runner: done kind="embed" id=67424 left=245
2026-08-28T03:56:59.624133Z  INFO fs3_daemon::runner: done kind=scan_file subject=crates/cli/src/main.rs ms=406 left=245
2026-08-28T03:56:59.630789Z  INFO fs3_daemon::runner: done kind="embed" id=67429 left=247
2026-08-28T03:56:59.659237Z  INFO fs3_daemon::runner: batch kind="embed" subject=16 x raw jobs=1 ms=2
2026-08-28T03:56:59.685123Z  INFO fs3_daemon::runner: done kind="embed" id=67435 left=257
2026-08-28T03:56:59.712413Z  INFO fs3_daemon::runner: done kind=scan_file subject=crates/cli/src/show.rs ms=277 left=265
2026-08-28T03:56:59.720907Z  INFO fs3_daemon::runner: done kind=summarize subject=AGENTS.md::flowspace3 — agent guide ms=24 left=264
2026-08-28T03:56:59.723017Z  INFO fs3_daemon::runner: batch kind="embed" subject=11 x raw jobs=1 ms=1
2026-08-28T03:56:59.723112Z  INFO fs3_daemon::runner: batch kind="embed" subject=1 x smart jobs=1 ms=1
2026-08-28T03:56:59.837519Z  INFO fs3_daemon::runner: done kind="embed" id=67458 left=269
2026-08-28T03:56:59.845334Z  INFO fs3_daemon::runner: done kind=scan_file subject=crates/cli/src/skill.rs ms=206 left=270
2026-08-28T03:56:59.877328Z  INFO fs3_daemon::runner: done kind="embed" id=67452 left=268
2026-08-28T03:56:59.877537Z  INFO fs3_daemon::runner: done kind=scan_file subject=crates/cli/src/doctor.rs ms=962 left=268
2026-08-28T03:56:59.892617Z  INFO fs3_daemon::runner: batch kind="embed" subject=24 x raw jobs=2 ms=0
2026-08-28T03:56:59.902203Z  INFO fs3_daemon::runner: done kind="embed" id=67465 left=271
2026-08-28T03:56:59.904480Z  INFO fs3_daemon::runner: done kind="embed" id=67466 left=272
2026-08-28T03:57:00.007339Z  INFO fs3_daemon::runner: done kind=scan_file subject=crates/cli/src/upgrade.rs ms=126 left=275
2026-08-28T03:57:00.047481Z  INFO fs3_daemon::runner: batch kind="embed" subject=3 x raw jobs=1 ms=2
2026-08-28T03:57:00.047624Z  INFO fs3_daemon::runner: batch kind="embed" subject=1 x smart jobs=1 ms=2
2026-08-28T03:57:00.048078Z  INFO fs3_daemon::runner: done kind=summarize subject=AGENTS.md::flowspace3 — agent guide::Dogfood the product — this is NOT optional ms=136 left=278
2026-08-28T03:57:00.069196Z  INFO fs3_daemon::runner: done kind="embed" id=67479 left=279
2026-08-28T03:57:00.086600Z  INFO fs3_daemon::runner: done kind="embed" id=67477 left=281
2026-08-28T03:57:00.108768Z  INFO fs3_daemon::runner: done kind=scan_file subject=crates/cli/tests/boot_contract.rs ms=99 left=285
2026-08-28T03:57:00.110918Z  INFO fs3_daemon::runner: done kind=summarize subject=AGENTS.md::flowspace3 — agent guide::Engineering harness ms=17 left=286
2026-08-28T03:57:00.111161Z  INFO fs3_daemon::runner: batch kind="embed" subject=1 x smart jobs=1 ms=2
2026-08-28T03:57:00.111436Z  INFO fs3_daemon::runner: batch kind="embed" subject=4 x raw jobs=1 ms=2
2026-08-28T03:57:00.120673Z  INFO fs3_daemon::runner: done kind="embed" id=67489 left=287
2026-08-28T03:57:00.126792Z  INFO fs3_daemon::runner: done kind=scan_file subject=crates/cli/tests/daemon_logging.rs ms=23 left=286
2026-08-28T03:57:00.139012Z  INFO fs3_daemon::runner: done kind="embed" id=67491 left=286
2026-08-28T03:57:00.202593Z  INFO fs3_daemon::runner: batch kind="embed" subject=2 x raw jobs=1 ms=0
2026-08-28T03:57:00.214063Z  INFO fs3_daemon::runner: done kind="embed" id=67494 left=289
2026-08-28T03:57:00.217541Z  INFO fs3_daemon::runner: done kind=summarize subject=AGENTS.md::flowspace3 — agent guide::Engineering harness::Capture friction the moment it happens ms=72 left=289
2026-08-28T03:57:00.242298Z  INFO fs3_daemon::runner: batch kind="embed" subject=1 x smart jobs=1 ms=0
2026-08-28T03:57:00.306502Z  INFO fs3_daemon::runner: done kind="embed" id=67500 left=292
2026-08-28T03:57:00.360841Z  INFO fs3_daemon::runner: batch kind="embed" subject=1 x smart jobs=1 ms=0
2026-08-28T03:57:00.360993Z  INFO fs3_daemon::runner: done kind=summarize subject=AGENTS.md::flowspace3 — agent guide::Coming in cold? Read the operating manual ms=24 left=298
2026-08-28T03:57:00.432194Z  INFO fs3_daemon::runner: done kind="embed" id=67510 left=300
2026-08-28T03:57:00.453351Z  INFO fs3_daemon::runner: done kind=scan_file subject=crates/cli/tests/docs_bundle.rs ms=230 left=305
2026-08-28T03:57:00.453485Z  INFO fs3_daemon::runner: batch kind="embed" subject=7 x raw jobs=1 ms=0
2026-08-28T03:57:00.472119Z  INFO fs3_daemon::runner: done kind=summarize subject=CHANGELOG.md::Changelog ms=26 left=305
2026-08-28T03:57:00.472418Z  INFO fs3_daemon::runner: done kind="embed" id=67518 left=305
2026-08-28T03:57:00.492108Z  INFO fs3_daemon::runner: batch kind="embed" subject=1 x smart jobs=1 ms=1
2026-08-28T03:57:00.505427Z  INFO fs3_daemon::runner: done kind="embed" id=67521 left=312
2026-08-28T03:57:00.505772Z  INFO fs3_daemon::runner: done kind=summarize subject=AGENTS.md::flowspace3 — agent guide::Working model: worktree-per-coder + PRs (since 2026-08-27) ms=28 left=312
2026-08-28T03:57:00.583664Z  INFO fs3_daemon::runner: batch kind="embed" subject=10 x raw jobs=1 ms=0
2026-08-28T03:57:00.583998Z  INFO fs3_daemon::runner: done kind=scan_file subject=crates/cli/tests/doctor_daemon.rs ms=231 left=316
2026-08-28T03:57:00.584229Z  INFO fs3_daemon::runner: batch kind="embed" subject=1 x smart jobs=1 ms=1
2026-08-28T03:57:00.648684Z  INFO fs3_daemon::runner: done kind="embed" id=67535 left=318
2026-08-28T03:57:00.669261Z  INFO fs3_daemon::runner: done kind="embed" id=67530 left=319
2026-08-28T03:57:00.973470Z  INFO fs3_daemon::runner: done kind=summarize subject=CHANGELOG.md::Changelog::[0.4.0](https://github.com/AI-Substrate/flowspace3/compare/v0.3.2...v0.4.0) (2026-08-27) ms=142 left=325
2026-08-28T03:57:00.980530Z  INFO fs3_daemon::runner: batch kind="embed" subject=1 x smart jobs=1 ms=0
2026-08-28T03:57:01.048151Z  INFO fs3_daemon::runner: done kind="embed" id=67547 left=326
2026-08-28T03:57:01.060167Z  INFO fs3_daemon::runner: done kind=summarize subject=AGENTS.md::flowspace3 — agent guide::Committing in this repo ms=143 left=326
2026-08-28T03:57:01.432939Z  INFO fs3_daemon::runner: batch kind="embed" subject=1 x smart jobs=1 ms=0
2026-08-28T03:57:01.613898Z  INFO fs3_daemon::runner: done kind=scan_file subject=crates/cli/tests/ping.rs ms=1068 left=330
2026-08-28T03:57:01.701418Z  INFO fs3_daemon::runner: done kind="embed" id=67550 left=329
2026-08-28T03:57:01.717856Z  INFO fs3_daemon::runner: done kind=summarize subject=CHANGELOG.md::Changelog::[0.3.0](https://github.com/AI-Substrate/flowspace3/compare/v0.2.0...v0.3.0) (2026-08-27) ms=554 left=329
2026-08-28T03:57:02.341199Z  INFO fs3_daemon::runner: batch kind="embed" subject=1 x smart jobs=1 ms=132
2026-08-28T03:57:02.341341Z  INFO fs3_daemon::runner: batch kind="embed" subject=9 x raw jobs=1 ms=132
2026-08-28T03:57:02.526666Z  INFO fs3_daemon::runner: done kind="embed" id=67555 left=333
2026-08-28T03:57:02.639958Z  INFO fs3_daemon::runner: done kind="embed" id=67557 left=334
2026-08-28T03:57:02.868207Z  INFO fs3_daemon::runner: progress phase="working" scanned=6773 scan_left=139 summarized=6639 summarize_left=200 embedded=15417 embed_left=0 failed=0
2026-08-28T03:57:03.351439Z  INFO fs3_daemon::runner: done kind=summarize subject=CHANGELOG.md::Changelog::[0.2.0](https://github.com/AI-Substrate/flowspace3/compare/v0.1.0...v0.2.0) (2026-08-26) ms=498 left=346
2026-08-28T03:57:03.588891Z  INFO fs3_daemon::runner: batch kind="embed" subject=2 x smart jobs=2 ms=1
2026-08-28T03:57:03.589074Z  INFO fs3_daemon::runner: done kind=summarize subject=CONTRIBUTING.md::Contributing to flowspace3 ms=487 left=348
2026-08-28T03:57:03.589387Z  INFO fs3_daemon::runner: batch kind="embed" subject=16 x raw jobs=1 ms=1
2026-08-28T03:57:03.806364Z  INFO fs3_daemon::runner: done kind="embed" id=67578 left=350
2026-08-28T03:57:03.914731Z  INFO fs3_daemon::runner: done kind="embed" id=67574 left=352
2026-08-28T03:57:04.066747Z  INFO fs3_daemon::runner: done kind="embed" id=67577 left=354
2026-08-28T03:57:04.455444Z  INFO fs3_daemon::runner: batch kind="embed" subject=16 x raw jobs=1 ms=0
2026-08-28T03:57:04.625806Z  INFO fs3_daemon::runner: done kind="embed" id=67590 left=364
2026-08-28T03:57:05.158775Z  INFO fs3_daemon::runner: done kind=summarize subject=CHANGELOG.md::Changelog::[0.2.0](https://github.com/AI-Substrate/flowspace3/compare/v0.1.0...v0.2.0) (2026-08-26)::Features ms=292 left=376
2026-08-28T03:57:05.339237Z  INFO fs3_daemon::runner: batch kind="embed" subject=1 x smart jobs=1 ms=0
2026-08-28T03:57:05.360350Z  INFO fs3_daemon::runner: done kind=scan_file subject=crates/core/src/catalog.rs ms=2635 left=378
2026-08-28T03:57:05.360404Z  INFO fs3_daemon::runner: batch kind="embed" subject=24 x raw jobs=2 ms=21
2026-08-28T03:57:05.581151Z  INFO fs3_daemon::runner: done kind="embed" id=67614 left=380
2026-08-28T03:57:05.601901Z  INFO fs3_daemon::runner: done kind=scan_file subject=crates/core/src/classify.rs ms=1314 left=380
2026-08-28T03:57:05.608186Z  INFO fs3_daemon::runner: done kind="embed" id=67609 left=380
2026-08-28T03:57:05.625606Z  INFO fs3_daemon::runner: done kind="embed" id=67610 left=379
2026-08-28T03:57:05.630046Z  INFO fs3_daemon::runner: done kind=scan_file subject=crates/core/src/address.rs ms=3667 left=379
2026-08-28T03:57:05.667812Z  INFO fs3_daemon::runner: batch kind="embed" subject=16 x raw jobs=2 ms=0
2026-08-28T03:57:05.689366Z  INFO fs3_daemon::runner: done kind="embed" id=67622 left=382
2026-08-28T03:57:05.708033Z  INFO fs3_daemon::runner: done kind=summarize subject=CONTRIBUTING.md::Contributing to flowspace3::Reporting bugs ms=61 left=382
2026-08-28T03:57:05.715765Z  INFO fs3_daemon::runner: done kind="embed" id=67620 left=381
2026-08-28T03:57:05.764300Z  INFO fs3_daemon::runner: batch kind="embed" subject=1 x smart jobs=1 ms=0
2026-08-28T03:57:05.794731Z  INFO fs3_daemon::runner: done kind="embed" id=67626 left=384
2026-08-28T03:57:05.865347Z  INFO fs3_daemon::runner: done kind=summarize subject=CHANGELOG.md::Changelog::[0.2.0](https://github.com/AI-Substrate/flowspace3/compare/v0.1.0...v0.2.0) (2026-08-26)::Bug Fixes ms=52 left=391
2026-08-28T03:57:05.865614Z  INFO fs3_daemon::runner: batch kind="embed" subject=1 x smart jobs=1 ms=5
2026-08-28T03:57:05.886372Z  INFO fs3_daemon::runner: done kind=summarize subject=CONTRIBUTING.md::Contributing to flowspace3::Development setup ms=49 left=391
2026-08-28T03:57:05.889140Z  INFO fs3_daemon::runner: done kind="embed" id=67637 left=391
2026-08-28T03:57:05.936017Z  INFO fs3_daemon::runner: batch kind="embed" subject=1 x smart jobs=1 ms=0
2026-08-28T03:57:05.971904Z  INFO fs3_daemon::runner: done kind="embed" id=67640 left=398
2026-08-28T03:57:06.040369Z  INFO fs3_daemon::runner: batch kind="embed" subject=32 x raw jobs=2 ms=0
2026-08-28T03:57:06.077861Z  INFO fs3_daemon::runner: done kind=summarize subject=CONTRIBUTING.md::Contributing to flowspace3::Checks that gate a merge ms=72 left=406
2026-08-28T03:57:06.078385Z  INFO fs3_daemon::runner: done kind="embed" id=67652 left=406
2026-08-28T03:57:06.083986Z  INFO fs3_daemon::runner: done kind="embed" id=67653 left=408
2026-08-28T03:57:06.123673Z  INFO fs3_daemon::runner: batch kind="embed" subject=16 x raw jobs=1 ms=1
2026-08-28T03:57:06.123769Z  INFO fs3_daemon::runner: batch kind="embed" subject=1 x smart jobs=1 ms=1
2026-08-28T03:57:06.129999Z  INFO fs3_daemon::runner: done kind="embed" id=67667 left=420
2026-08-28T03:57:06.143420Z  INFO fs3_daemon::runner: done kind="embed" id=67657 left=423
2026-08-28T03:57:06.167502Z  INFO fs3_daemon::runner: done kind=summarize subject=README.md::flowspace3 ms=15 left=439
2026-08-28T03:57:06.176381Z  INFO fs3_daemon::runner: batch kind="embed" subject=16 x raw jobs=1 ms=1
2026-08-28T03:57:06.176699Z  INFO fs3_daemon::runner: batch kind="embed" subject=1 x smart jobs=1 ms=1
2026-08-28T03:57:06.181571Z  INFO fs3_daemon::runner: done kind="embed" id=67691 left=448
2026-08-28T03:57:06.191269Z  INFO fs3_daemon::runner: done kind="embed" id=67689 left=451
2026-08-28T03:57:06.207209Z  INFO fs3_daemon::runner: done kind=summarize subject=CONTRIBUTING.md::Contributing to flowspace3::Pull requests ms=9 left=464
2026-08-28T03:57:06.213373Z  INFO fs3_daemon::runner: batch kind="embed" subject=1 x smart jobs=1 ms=2
2026-08-28T03:57:06.213810Z  INFO fs3_daemon::runner: batch kind="embed" subject=64 x raw jobs=4 ms=2
2026-08-28T03:57:06.219717Z  INFO fs3_daemon::runner: done kind="embed" id=67720 left=475
2026-08-28T03:57:06.222676Z  INFO fs3_daemon::runner: done kind="embed" id=67714 left=480
2026-08-28T03:57:06.227080Z  INFO fs3_daemon::runner: done kind="embed" id=67700 left=483
2026-08-28T03:57:06.235336Z  INFO fs3_daemon::runner: done kind="embed" id=67713 left=488
2026-08-28T03:57:06.248601Z  INFO fs3_daemon::runner: done kind="embed" id=67721 left=493
2026-08-28T03:57:06.263377Z  INFO fs3_daemon::runner: done kind=scan_file subject=crates/core/src/conversation.rs ms=352 left=500
2026-08-28T03:57:06.305815Z  INFO fs3_daemon::runner: batch kind="embed" subject=46 x raw jobs=3 ms=0
2026-08-28T03:57:06.311598Z  INFO fs3_daemon::runner: done kind="embed" id=67765 left=508
2026-08-28T03:57:06.312071Z  INFO fs3_daemon::runner: done kind=scan_file subject=crates/core/src/element.rs ms=213 left=508
2026-08-28T03:57:06.317329Z  INFO fs3_daemon::runner: done kind="embed" id=67732 left=510
2026-08-28T03:57:06.322973Z  INFO fs3_daemon::runner: done kind="embed" id=67763 left=512
2026-08-28T03:57:06.339410Z  INFO fs3_daemon::runner: batch kind="embed" subject=15 x raw jobs=1 ms=0
2026-08-28T03:57:06.347214Z  INFO fs3_daemon::runner: done kind=summarize subject=README.md::flowspace3::Install ms=17 left=521
2026-08-28T03:57:06.347371Z  INFO fs3_daemon::runner: done kind="embed" id=67772 left=521
2026-08-28T03:57:06.360231Z  INFO fs3_daemon::runner: batch kind="embed" subject=1 x smart jobs=1 ms=0
2026-08-28T03:57:06.360422Z  INFO fs3_daemon::runner: batch kind="embed" subject=32 x raw jobs=2 ms=1
2026-08-28T03:57:06.364810Z  INFO fs3_daemon::runner: done kind="embed" id=67790 left=529
2026-08-28T03:57:06.365039Z  INFO fs3_daemon::runner: done kind=summarize subject=crates/cli/docs/agents.md::fs3 for agents ms=12 left=529
2026-08-28T03:57:06.368834Z  INFO fs3_daemon::runner: done kind="embed" id=67796 left=531
2026-08-28T03:57:06.374614Z  INFO fs3_daemon::runner: done kind="embed" id=67791 left=533
2026-08-28T03:57:06.384694Z  INFO fs3_daemon::runner: done kind=scan_file subject=crates/core/src/envelope.rs ms=127 left=537
2026-08-28T03:57:06.384809Z  INFO fs3_daemon::runner: batch kind="embed" subject=1 x smart jobs=1 ms=1
2026-08-28T03:57:06.384820Z  INFO fs3_daemon::runner: batch kind="embed" subject=9 x raw jobs=1 ms=1
2026-08-28T03:57:06.395012Z  INFO fs3_daemon::runner: done kind="embed" id=67813 left=539
2026-08-28T03:57:06.398573Z  INFO fs3_daemon::runner: done kind="embed" id=67801 left=541
2026-08-28T03:57:06.401245Z  INFO fs3_daemon::runner: done kind=scan_file subject=crates/core/src/error.rs ms=22 left=542
2026-08-28T03:57:06.411383Z  INFO fs3_daemon::runner: batch kind="embed" subject=2 x raw jobs=1 ms=0
2026-08-28T03:57:06.416680Z  INFO fs3_daemon::runner: done kind=summarize subject=README.md::flowspace3::First run ms=14 left=545
2026-08-28T03:57:06.416751Z  INFO fs3_daemon::runner: done kind="embed" id=67820 left=545
2026-08-28T03:57:06.445150Z  INFO fs3_daemon::runner: batch kind="embed" subject=1 x smart jobs=1 ms=0
2026-08-28T03:57:06.449391Z  INFO fs3_daemon::runner: done kind=summarize subject=README.md::flowspace3::First run::Configuration ms=23 left=550
2026-08-28T03:57:06.449578Z  INFO fs3_daemon::runner: done kind="embed" id=67826 left=550
2026-08-28T03:57:06.503896Z  INFO fs3_daemon::runner: batch kind="embed" subject=16 x raw jobs=1 ms=0
2026-08-28T03:57:06.504096Z  INFO fs3_daemon::runner: batch kind="embed" subject=1 x smart jobs=1 ms=0
2026-08-28T03:57:06.524453Z  INFO fs3_daemon::runner: done kind="embed" id=67833 left=559
2026-08-28T03:57:06.538019Z  INFO fs3_daemon::runner: done kind="embed" id=67837 left=562
2026-08-28T03:57:06.570673Z  INFO fs3_daemon::runner: done kind=summarize subject=crates/cli/docs/agents.md::fs3 for agents::The loop ms=26 left=571
2026-08-28T03:57:06.579566Z  INFO fs3_daemon::runner: batch kind="embed" subject=1 x smart jobs=1 ms=0
2026-08-28T03:57:06.579777Z  INFO fs3_daemon::runner: batch kind="embed" subject=16 x raw jobs=1 ms=0
2026-08-28T03:57:06.584349Z  INFO fs3_daemon::runner: done kind="embed" id=67855 left=576
2026-08-28T03:57:06.584493Z  INFO fs3_daemon::runner: done kind=scan_file subject=crates/core/src/lib.rs ms=22 left=576
2026-08-28T03:57:06.636587Z  INFO fs3_daemon::runner: done kind="embed" id=67856 left=578
2026-08-28T03:57:06.678359Z  INFO fs3_daemon::runner: batch kind="embed" subject=15 x raw jobs=1 ms=0
2026-08-28T03:57:06.684667Z  INFO fs3_daemon::runner: done kind="embed" id=67863 left=586
2026-08-28T03:57:06.684797Z  INFO fs3_daemon::runner: done kind=summarize subject=crates/cli/docs/agents.md::fs3 for agents::Storing what you learned ms=25 left=586
2026-08-28T03:57:06.702320Z  INFO fs3_daemon::runner: batch kind="embed" subject=32 x raw jobs=2 ms=1
2026-08-28T03:57:06.702445Z  INFO fs3_daemon::runner: batch kind="embed" subject=1 x smart jobs=1 ms=1
2026-08-28T03:57:06.707342Z  INFO fs3_daemon::runner: done kind="embed" id=67879 left=595
2026-08-28T03:57:06.711284Z  INFO fs3_daemon::runner: done kind=scan_file subject=crates/core/src/git.rs ms=235 left=593
2026-08-28T03:57:06.711390Z  INFO fs3_daemon::runner: done kind=summarize subject=README.md::flowspace3::Docker ms=18 left=593
2026-08-28T03:57:06.712961Z  INFO fs3_daemon::runner: done kind="embed" id=67873 left=594
2026-08-28T03:57:06.733246Z  INFO fs3_daemon::runner: done kind=scan_file subject=crates/core/src/config.rs ms=995 left=593
2026-08-28T03:57:06.738303Z  INFO fs3_daemon::runner: done kind="embed" id=67876 left=593
2026-08-28T03:57:06.804718Z  INFO fs3_daemon::runner: batch kind="embed" subject=8 x raw jobs=2 ms=8
2026-08-28T03:57:06.804807Z  INFO fs3_daemon::runner: batch kind="embed" subject=1 x smart jobs=1 ms=8
2026-08-28T03:57:06.814037Z  INFO fs3_daemon::runner: done kind="embed" id=67887 left=595
2026-08-28T03:57:06.814156Z  INFO fs3_daemon::runner: done kind=summarize subject=crates/cli/docs/config.md::Configuration ms=44 left=595
2026-08-28T03:57:06.820965Z  INFO fs3_daemon::runner: done kind="embed" id=67891 left=595
2026-08-28T03:57:06.833674Z  INFO fs3_daemon::runner: done kind="embed" id=67886 left=595
2026-08-28T03:57:06.848009Z  INFO fs3_daemon::runner: batch kind="embed" subject=1 x smart jobs=1 ms=1
2026-08-28T03:57:06.860414Z  INFO fs3_daemon::runner: done kind="embed" id=67895 left=598
2026-08-28T03:57:06.908850Z  INFO fs3_daemon::runner: done kind=summarize subject=README.md::flowspace3::Architecture ms=44 left=606
2026-08-28T03:57:06.912675Z  INFO fs3_daemon::runner: done kind=scan_file subject=crates/core/src/logging.rs ms=72 left=605
2026-08-28T03:57:06.918683Z  INFO fs3_daemon::runner: done kind=summarize subject=crates/cli/docs/agents.md::fs3 for agents::Finished with a repo ms=35 left=606
2026-08-28T03:57:06.918808Z  INFO fs3_daemon::runner: batch kind="embed" subject=2 x smart jobs=2 ms=1
2026-08-28T03:57:06.918813Z  INFO fs3_daemon::runner: batch kind="embed" subject=11 x raw jobs=1 ms=1
2026-08-28T03:57:06.921531Z  INFO fs3_daemon::runner: done kind=summarize subject=crates/cli/docs/config.md::Configuration::The layers, lowest first ms=13 left=605
2026-08-28T03:57:06.931273Z  INFO fs3_daemon::runner: done kind="embed" id=67907 left=605
2026-08-28T03:57:06.940532Z  INFO fs3_daemon::runner: done kind="embed" id=67910 left=605
2026-08-28T03:57:06.953418Z  INFO fs3_daemon::runner: done kind="embed" id=67909 left=605
2026-08-28T03:57:06.977630Z  INFO fs3_daemon::runner: batch kind="embed" subject=1 x smart jobs=1 ms=1
2026-08-28T03:57:06.994176Z  INFO fs3_daemon::runner: done kind="embed" id=67913 left=607
2026-08-28T03:57:06.994370Z  INFO fs3_daemon::runner: done kind=summarize subject=README.md::flowspace3::Found friction? Raise an issue — not a PR ms=35 left=607
2026-08-28T03:57:07.010663Z  INFO fs3_daemon::runner: batch kind="embed" subject=1 x smart jobs=1 ms=0
2026-08-28T03:57:07.029262Z  INFO fs3_daemon::runner: done kind="embed" id=67919 left=610
2026-08-28T03:57:07.054156Z  INFO fs3_daemon::runner: batch kind="embed" subject=1 x smart jobs=1 ms=0
2026-08-28T03:57:07.055982Z  INFO fs3_daemon::runner: done kind=summarize subject=crates/cli/docs/agents.md::fs3 for agents::First run: you will have no real provider ms=19 left=616
2026-08-28T03:57:07.061019Z  INFO fs3_daemon::runner: done kind="embed" id=67929 left=618
2026-08-28T03:57:07.063612Z  INFO fs3_daemon::runner: done kind=summarize subject=crates/cli/docs/config.md::Configuration::The shape ms=15 left=619
2026-08-28T03:57:07.080277Z  INFO fs3_daemon::runner: batch kind="embed" subject=1 x smart jobs=1 ms=2
2026-08-28T03:57:07.085978Z  INFO fs3_daemon::runner: done kind="embed" id=67932 left=623
2026-08-28T03:57:07.092858Z  INFO fs3_daemon::runner: done kind=scan_file subject=crates/core/src/messages.rs ms=92 left=624
2026-08-28T03:57:07.097085Z  INFO fs3_daemon::runner: batch kind="embed" subject=14 x raw jobs=1 ms=0
2026-08-28T03:57:07.110366Z  INFO fs3_daemon::runner: done kind="embed" id=67940 left=628
2026-08-28T03:57:07.112879Z  INFO fs3_daemon::runner: done kind=summarize subject=crates/cli/docs/agents.md::fs3 for agents::Every command answers one envelope ms=20 left=628
2026-08-28T03:57:07.119419Z  INFO fs3_daemon::runner: batch kind="embed" subject=1 x smart jobs=1 ms=0
2026-08-28T03:57:07.125310Z  INFO fs3_daemon::runner: done kind="embed" id=67946 left=633
2026-08-28T03:57:07.127735Z  INFO fs3_daemon::worktrees: registered a newly discovered git worktree root=/Users/jordanknight/substrate/flowspace/poctest-wtdiff-20260828T035625Z files=307 enqueued=307
2026-08-28T03:57:07.128529Z  INFO fs3_daemon::runner: done kind=summarize subject=crates/cli/docs/config.md::Configuration::Per-repo overrides ms=14 left=633
2026-08-28T03:57:07.150429Z  INFO fs3_daemon::runner: batch kind="embed" subject=1 x smart jobs=1 ms=0
2026-08-28T03:57:07.150618Z  INFO fs3_daemon::runner: batch kind="embed" subject=16 x raw jobs=1 ms=1
2026-08-28T03:57:07.156265Z  INFO fs3_daemon::watch: watching root=/Users/jordanknight/substrate/flowspace/poctest-wtdiff-20260828T035625Z worktree_id=21
2026-08-28T03:57:07.414650Z  INFO fs3_daemon::runner: done kind="embed" id=67953 left=634
2026-08-28T03:57:07.419706Z  INFO fs3_daemon::runner: done kind=scan_file subject=crates/core/src/ports.rs ms=352 left=634
2026-08-28T03:57:07.419835Z  INFO fs3_daemon::runner: done kind=summarize subject=crates/cli/docs/agents.md::fs3 for agents::Reading a search result ms=289 left=634
2026-08-28T03:57:07.454563Z  INFO fs3_daemon::runner: done kind="embed" id=67952 left=634
2026-08-28T03:57:07.488612Z  INFO fs3_daemon::runner: batch kind="embed" subject=1 x smart jobs=1 ms=10
2026-08-28T03:57:07.488822Z  INFO fs3_daemon::runner: batch kind="embed" subject=2 x raw jobs=1 ms=10
2026-08-28T03:57:07.516375Z  INFO fs3_daemon::runner: done kind="embed" id=67960 left=635
2026-08-28T03:57:07.536486Z  INFO fs3_daemon::runner: done kind="embed" id=67959 left=635
2026-08-28T03:57:07.577983Z  INFO fs3_daemon::watch: re-listed a changed directory directory=/Users/jordanknight/substrate/flowspace/fs3-daemon-sandbox/crates/store/src events=4 enqueued=2 settled=Quiet
2026-08-28T03:57:07.628216Z  INFO fs3_daemon::runner: batch kind="embed" subject=1 x smart jobs=1 ms=0
2026-08-28T03:57:07.628790Z  INFO fs3_daemon::runner: done kind=summarize subject=crates/cli/docs/conversations.md::Conversations: storing the WHY, and asking for it later ms=58 left=640
2026-08-28T03:57:07.632654Z  INFO fs3_daemon::runner: done kind=summarize subject=crates/cli/docs/agents.md::fs3 for agents::Things that will save you a wrong turn ms=22 left=640
2026-08-28T03:57:07.633031Z  INFO fs3_daemon::runner: done kind="embed" id=67967 left=640
2026-08-28T03:57:07.647260Z  INFO fs3_daemon::runner: batch kind="embed" subject=1 x smart jobs=1 ms=2
2026-08-28T03:57:07.650908Z  INFO fs3_daemon::runner: done kind="embed" id=67970 left=644
2026-08-28T03:57:07.652753Z  INFO fs3_daemon::runner: done kind=scan_file subject=crates/core/src/skew.rs ms=182 left=643
2026-08-28T03:57:07.659646Z  INFO fs3_daemon::runner: batch kind="embed" subject=15 x raw jobs=1 ms=0
2026-08-28T03:57:07.667129Z  INFO fs3_daemon::runner: done kind="embed" id=67976 left=645
2026-08-28T03:57:07.667261Z  INFO fs3_daemon::runner: done kind=summarize subject=crates/cli/docs/conversations.md::Conversations: storing the WHY, and asking for it later::The loop ms=13 left=645
2026-08-28T03:57:07.669275Z  INFO fs3_daemon::runner: done kind=scan_file subject=crates/core/src/tokens.rs ms=33 left=644
2026-08-28T03:57:07.694064Z  INFO fs3_daemon::runner: batch kind="embed" subject=1 x smart jobs=1 ms=0
2026-08-28T03:57:07.694438Z  INFO fs3_daemon::runner: batch kind="embed" subject=11 x raw jobs=1 ms=0
2026-08-28T03:57:07.706085Z  INFO fs3_daemon::runner: done kind="embed" id=67981 left=644
2026-08-28T03:57:07.711127Z  INFO fs3_daemon::runner: done kind="embed" id=67980 left=645
2026-08-28T03:57:07.742032Z  INFO fs3_daemon::runner: batch kind="embed" subject=1 x smart jobs=1 ms=0
2026-08-28T03:57:07.742245Z  INFO fs3_daemon::runner: done kind=summarize subject=crates/cli/docs/conversations.md::Conversations: storing the WHY, and asking for it later::The transcript format ms=27 left=649
2026-08-28T03:57:07.742914Z  INFO fs3_daemon::watch: re-listed a changed directory directory=/Users/jordanknight/substrate/flowspace/fs3-hi-u-r/crates/cli/src events=2 enqueued=2 settled=Quiet
2026-08-28T03:57:07.774229Z  INFO fs3_daemon::runner: done kind="embed" id=67988 left=650
2026-08-28T03:57:07.795999Z  INFO fs3_daemon::runner: done kind=summarize subject=crates/cli/docs/conversations.md::Conversations: storing the WHY, and asking for it later::Growing a conversation ms=14 left=659
2026-08-28T03:57:07.824097Z  INFO fs3_daemon::runner: done kind=summarize subject=crates/cli/docs/daemon.md::daemon ms=34 left=658
2026-08-28T03:57:07.824174Z  INFO fs3_daemon::runner: done kind=scan_file subject=crates/core/tests/config_reference.rs ms=95 left=658
2026-08-28T03:57:07.824448Z  INFO fs3_daemon::runner: batch kind="embed" subject=21 x raw jobs=2 ms=0
2026-08-28T03:57:07.824542Z  INFO fs3_daemon::runner: batch kind="embed" subject=2 x smart jobs=2 ms=0
2026-08-28T03:57:07.828458Z  INFO fs3_daemon::runner: done kind="embed" id=67996 left=658
2026-08-28T03:57:07.842124Z  INFO fs3_daemon::runner: done kind=scan_file subject=crates/core/src/update.rs ms=157 left=657
2026-08-28T03:57:07.843516Z  INFO fs3_daemon::runner: done kind="embed" id=68000 left=656
2026-08-28T03:57:07.846475Z  INFO fs3_daemon::runner: done kind="embed" id=68001 left=655
2026-08-28T03:57:07.864186Z  INFO fs3_daemon::runner: done kind="embed" id=67997 left=654
2026-08-28T03:57:07.868049Z  INFO fs3_daemon::watch: re-listed a changed directory directory=/Users/jordanknight/substrate/flowspace/fs3-hi-u-t/crates/cli/src events=4 enqueued=1 settled=Quiet
2026-08-28T03:57:07.896612Z  INFO fs3_daemon::runner: progress phase="working" scanned=6790 scan_left=266 summarized=6671 summarize_left=387 embedded=15486 embed_left=1 failed=0
2026-08-28T03:57:07.902086Z  INFO fs3_daemon::runner: batch kind="embed" subject=5 x raw jobs=1 ms=0
2026-08-28T03:57:07.904410Z  INFO fs3_daemon::runner: done kind=scan_file subject=crates/core/tests/error_codes.rs ms=19 left=655
2026-08-28T03:57:07.906000Z  INFO fs3_daemon::runner: done kind="embed" id=68003 left=654
2026-08-28T03:57:07.915254Z  INFO fs3_daemon::runner: batch kind="embed" subject=2 x raw jobs=1 ms=1
2026-08-28T03:57:07.932039Z  INFO fs3_daemon::runner: done kind="embed" id=68005 left=654
2026-08-28T03:57:07.933037Z  INFO fs3_daemon::runner: done kind=summarize subject=crates/cli/docs/daemon.md::daemon::What it does at boot ms=22 left=653
2026-08-28T03:57:07.945949Z  INFO fs3_daemon::runner: batch kind="embed" subject=1 x smart jobs=1 ms=0
2026-08-28T03:57:07.951017Z  INFO fs3_daemon::runner: done kind="embed" id=68006 left=653
2026-08-28T03:57:07.953213Z  INFO fs3_daemon::runner: done kind=summarize subject=crates/cli/docs/conversations.md::Conversations: storing the WHY, and asking for it later::What is stored, and what is not ms=17 left=652
2026-08-28T03:57:07.959273Z  INFO fs3_daemon::runner: batch kind="embed" subject=1 x smart jobs=1 ms=0
2026-08-28T03:57:07.986425Z  INFO fs3_daemon::runner: done kind="embed" id=68007 left=651
2026-08-28T03:57:08.023296Z  INFO fs3_daemon::runner: done kind=summarize subject=crates/cli/docs/conversations.md::Conversations: storing the WHY, and asking for it later::The anchor is a pointer, not ownership ms=29 left=656
2026-08-28T03:57:08.023435Z  INFO fs3_daemon::runner: batch kind="embed" subject=1 x smart jobs=1 ms=7
2026-08-28T03:57:08.035176Z  INFO fs3_daemon::runner: done kind=summarize subject=crates/cli/docs/daemon.md::daemon::Watching it work ms=30 left=655
2026-08-28T03:57:08.035577Z  INFO fs3_daemon::runner: done kind="embed" id=68011 left=655
2026-08-28T03:57:08.059104Z  INFO fs3_daemon::runner: batch kind="embed" subject=1 x smart jobs=1 ms=0
2026-08-28T03:57:08.059249Z  INFO fs3_daemon::runner: batch kind="embed" subject=16 x raw jobs=1 ms=0
2026-08-28T03:57:08.086193Z  INFO fs3_daemon::runner: done kind="embed" id=68013 left=659
2026-08-28T03:57:08.117167Z  INFO fs3_daemon::runner: done kind="embed" id=68015 left=660
2026-08-28T03:57:08.223981Z  INFO fs3_daemon::runner: done kind=summarize subject=crates/cli/docs/daemon.md::daemon::The queue ms=81 left=669
2026-08-28T03:57:08.226675Z  INFO fs3_daemon::runner: done kind=scan_file subject=crates/daemon/src/answer.rs ms=271 left=668
2026-08-28T03:57:08.227720Z  INFO fs3_daemon::runner: done kind=summarize subject=crates/cli/docs/conversations.md::Conversations: storing the WHY, and asking for it later::Enrichment, and what it costs ms=53 left=668
2026-08-28T03:57:08.229575Z  INFO fs3_daemon::runner: batch kind="embed" subject=9 x raw jobs=1 ms=0
2026-08-28T03:57:08.229638Z  INFO fs3_daemon::runner: batch kind="embed" subject=2 x smart jobs=2 ms=0
2026-08-28T03:57:08.264681Z  INFO fs3_daemon::runner: done kind="embed" id=68031 left=668
2026-08-28T03:57:08.324669Z  INFO fs3_daemon::runner: done kind="embed" id=68028 left=668
2026-08-28T03:57:08.330404Z  INFO fs3_daemon::runner: done kind="embed" id=68029 left=668
2026-08-28T03:57:08.332219Z  INFO fs3_daemon::runner: done kind=scan_file subject=crates/daemon/src/auth.rs ms=284 left=667
2026-08-28T03:57:08.382384Z  INFO fs3_daemon::runner: batch kind="embed" subject=14 x raw jobs=1 ms=0
2026-08-28T03:57:08.385582Z  INFO fs3_daemon::runner: done kind="embed" id=68035 left=667
2026-08-28T03:57:08.445909Z  INFO fs3_daemon::runner: done kind=summarize subject=crates/cli/docs/conversations.md::Conversations: storing the WHY, and asking for it later::Garbage collection ms=35 left=670
2026-08-28T03:57:08.467102Z  INFO fs3_daemon::runner: batch kind="embed" subject=1 x smart jobs=1 ms=20
2026-08-28T03:57:08.471935Z  INFO fs3_daemon::runner: done kind="embed" id=68039 left=672
2026-08-28T03:57:08.581827Z  INFO fs3_daemon::runner: done kind=summarize subject=crates/cli/docs/daemon.md::daemon::HTTP surface ms=37 left=678
2026-08-28T03:57:08.585592Z  INFO fs3_daemon::runner: batch kind="embed" subject=1 x smart jobs=1 ms=0
2026-08-28T03:57:08.601661Z  INFO fs3_daemon::runner: done kind=summarize subject=crates/cli/docs/doctor.md::doctor ms=22 left=679
2026-08-28T03:57:08.602112Z  INFO fs3_daemon::runner: done kind=scan_file subject=crates/daemon/src/bin/migration_guard.rs ms=159 left=679
2026-08-28T03:57:08.602306Z  INFO fs3_daemon::runner: done kind="embed" id=68048 left=679
2026-08-28T03:57:08.603434Z  INFO fs3_daemon::runner: done kind=scan_file subject=crates/daemon/src/batch.rs ms=270 left=678
2026-08-28T03:57:08.613441Z  INFO fs3_daemon::runner: batch kind="embed" subject=18 x raw jobs=2 ms=0
2026-08-28T03:57:08.615740Z  INFO fs3_daemon::runner: batch kind="embed" subject=1 x smart jobs=1 ms=3
2026-08-28T03:57:08.620364Z  INFO fs3_daemon::runner: done kind="embed" id=68052 left=677
2026-08-28T03:57:08.626780Z  INFO fs3_daemon::runner: done kind="embed" id=68054 left=677
2026-08-28T03:57:08.631172Z  INFO fs3_daemon::runner: done kind="embed" id=68053 left=677
2026-08-28T03:57:08.685647Z  INFO fs3_daemon::runner: done kind=summarize subject=crates/cli/docs/doctor.md::doctor::What it walks ms=48 left=683
2026-08-28T03:57:08.710390Z  INFO fs3_daemon::runner: done kind=summarize subject=crates/cli/docs/install.md::Install and first run ms=55 left=684
2026-08-28T03:57:08.733295Z  INFO fs3_daemon::runner: batch kind="embed" subject=2 x smart jobs=2 ms=0
2026-08-28T03:57:08.783705Z  INFO fs3_daemon::runner: done kind="embed" id=68063 left=686
2026-08-28T03:57:08.809568Z  INFO fs3_daemon::runner: done kind="embed" id=68060 left=687
2026-08-28T03:57:08.855912Z  INFO fs3_daemon::runner: done kind=scan_file subject=crates/daemon/src/boot.rs ms=249 left=687
2026-08-28T03:57:08.857187Z  INFO fs3_daemon::runner: done kind=scan_file subject=crates/daemon/src/config.rs ms=216 left=686
2026-08-28T03:57:08.863275Z  INFO fs3_daemon::runner: batch kind="embed" subject=18 x raw jobs=2 ms=4
2026-08-28T03:57:08.942777Z  INFO fs3_daemon::runner: done kind="embed" id=68070 left=686
2026-08-28T03:57:08.966526Z  INFO fs3_daemon::runner: done kind=summarize subject=crates/cli/docs/doctor.md::doctor::The outcome words ms=112 left=685
2026-08-28T03:57:08.969539Z  INFO fs3_daemon::runner: done kind="embed" id=68071 left=684
2026-08-28T03:57:09.050638Z  INFO fs3_daemon::runner: batch kind="embed" subject=1 x smart jobs=1 ms=1
2026-08-28T03:57:09.106497Z  INFO fs3_daemon::runner: done kind="embed" id=68072 left=684
2026-08-28T03:57:09.120163Z  INFO fs3_daemon::runner: done kind=summarize subject=crates/cli/docs/install.md::Install and first run::First run ms=127 left=683
2026-08-28T03:57:09.182468Z  INFO fs3_daemon::runner: batch kind="embed" subject=1 x smart jobs=1 ms=1
2026-08-28T03:57:09.187527Z  INFO fs3_daemon::runner: done kind="embed" id=68073 left=683
2026-08-28T03:57:09.218206Z  INFO fs3_daemon::runner: batch kind="embed" subject=1 x smart jobs=1 ms=0
2026-08-28T03:57:09.218568Z  INFO fs3_daemon::runner: done kind=summarize subject=crates/cli/docs/doctor.md::doctor::Two fields, two questions ms=27 left=687
2026-08-28T03:57:09.247776Z  INFO fs3_daemon::runner: done kind="embed" id=68077 left=687
2026-08-28T03:57:09.297776Z  INFO fs3_daemon::runner: done kind=summarize subject=crates/cli/docs/doctor.md::doctor::Why the daemon is reported and never started ms=44 left=693
2026-08-28T03:57:09.319108Z  INFO fs3_daemon::runner: batch kind="embed" subject=1 x smart jobs=1 ms=1
2026-08-28T03:57:09.323613Z  INFO fs3_daemon::runner: done kind="embed" id=68085 left=698
2026-08-28T03:57:09.421184Z  INFO fs3_daemon::runner: done kind=scan_file subject=crates/daemon/src/gc.rs ms=80 left=719
2026-08-28T03:57:09.427890Z  INFO fs3_daemon::runner: batch kind="embed" subject=38 x raw jobs=3 ms=1
2026-08-28T03:57:09.459291Z  INFO fs3_daemon::runner: done kind="embed" id=68091 left=727
2026-08-28T03:57:09.464825Z  INFO fs3_daemon::runner: done kind="embed" id=68095 left=729
2026-08-28T03:57:09.473341Z  INFO fs3_daemon::runner: done kind=scan_file subject=crates/daemon/src/conversations.rs ms=351 left=730
2026-08-28T03:57:09.474254Z  INFO fs3_daemon::runner: done kind="embed" id=68112 left=730
2026-08-28T03:57:09.551149Z  INFO fs3_daemon::runner: batch kind="embed" subject=28 x raw jobs=2 ms=34
2026-08-28T03:57:09.558513Z  INFO fs3_daemon::runner: done kind="embed" id=68121 left=736
2026-08-28T03:57:09.564602Z  INFO fs3_daemon::runner: done kind="embed" id=68128 left=738
2026-08-28T03:57:09.607501Z  INFO fs3_daemon::runner: done kind=summarize subject=crates/cli/docs/providers.md::Providers — setting one up from scratch ms=25 left=747
2026-08-28T03:57:09.637296Z  INFO fs3_daemon::runner: batch kind="embed" subject=16 x raw jobs=1 ms=1
2026-08-28T03:57:09.637442Z  INFO fs3_daemon::runner: batch kind="embed" subject=1 x smart jobs=1 ms=1
2026-08-28T03:57:09.653318Z  INFO fs3_daemon::runner: done kind="embed" id=68147 left=752
2026-08-28T03:57:09.656001Z  INFO fs3_daemon::runner: done kind=scan_file subject=crates/daemon/src/enrich.rs ms=391 left=751
2026-08-28T03:57:09.656180Z  INFO fs3_daemon::runner: done kind=scan_file subject=crates/daemon/src/debounce.rs ms=444 left=751
2026-08-28T03:57:09.658645Z  INFO fs3_daemon::runner: done kind="embed" id=68134 left=750
2026-08-28T03:57:09.733141Z  INFO fs3_daemon::runner: batch kind="embed" subject=21 x raw jobs=2 ms=17
2026-08-28T03:57:09.750795Z  INFO fs3_daemon::runner: done kind="embed" id=68154 left=753
2026-08-28T03:57:09.761199Z  INFO fs3_daemon::runner: done kind="embed" id=68156 left=754
2026-08-28T03:57:09.810183Z  INFO fs3_daemon::runner: done kind=scan_file subject=crates/daemon/src/lib.rs ms=124 left=754
2026-08-28T03:57:09.815221Z  INFO fs3_daemon::runner: batch kind="embed" subject=25 x raw jobs=2 ms=0
2026-08-28T03:57:09.821230Z  INFO fs3_daemon::runner: done kind="embed" id=68163 left=756
2026-08-28T03:57:09.823166Z  INFO fs3_daemon::runner: done kind=summarize subject=crates/cli/docs/providers.md::Providers — setting one up from scratch::The shape ms=34 left=756
2026-08-28T03:57:09.826716Z  INFO fs3_daemon::runner: done kind="embed" id=68161 left=755
2026-08-28T03:57:09.838887Z  INFO fs3_daemon::runner: done kind=scan_file subject=crates/daemon/src/http.rs ms=358 left=755
2026-08-28T03:57:09.849042Z  INFO fs3_daemon::runner: batch kind="embed" subject=18 x raw jobs=2 ms=1
2026-08-28T03:57:09.849238Z  INFO fs3_daemon::runner: batch kind="embed" subject=1 x smart jobs=1 ms=1
2026-08-28T03:57:09.853776Z  INFO fs3_daemon::runner: done kind="embed" id=68169 left=755
2026-08-28T03:57:09.858770Z  INFO fs3_daemon::runner: done kind="embed" id=68165 left=755
2026-08-28T03:57:09.867731Z  INFO fs3_daemon::runner: done kind="embed" id=68166 left=755
2026-08-28T03:57:09.897643Z  INFO fs3_daemon::runner: done kind=summarize subject=crates/cli/docs/providers.md::Providers — setting one up from scratch::kind = "fake" ms=21 left=763
2026-08-28T03:57:09.904078Z  INFO fs3_daemon::runner: batch kind="embed" subject=1 x smart jobs=1 ms=1
2026-08-28T03:57:09.904218Z  INFO fs3_daemon::runner: batch kind="embed" subject=16 x raw jobs=1 ms=1
2026-08-28T03:57:09.912210Z  INFO fs3_daemon::runner: done kind="embed" id=68179 left=768
2026-08-28T03:57:09.923090Z  INFO fs3_daemon::runner: done kind="embed" id=68178 left=772
2026-08-28T03:57:09.944504Z  INFO fs3_daemon::runner: done kind=summarize subject=crates/cli/docs/providers.md::Providers — setting one up from scratch::kind = "azure_openai" ms=14 left=782
2026-08-28T03:57:09.953529Z  INFO fs3_daemon::runner: batch kind="embed" subject=1 x smart jobs=1 ms=1
2026-08-28T03:57:09.953975Z  INFO fs3_daemon::runner: batch kind="embed" subject=16 x raw jobs=1 ms=1
2026-08-28T03:57:09.954000Z  INFO fs3_daemon::runner: done kind=scan_file subject=crates/daemon/src/reconcile.rs ms=70 left=785
2026-08-28T03:57:09.961627Z  INFO fs3_daemon::runner: done kind="embed" id=68205 left=786
2026-08-28T03:57:09.967674Z  INFO fs3_daemon::runner: done kind="embed" id=68200 left=788
2026-08-28T03:57:09.986912Z  INFO fs3_daemon::runner: batch kind="embed" subject=32 x raw jobs=2 ms=2
2026-08-28T03:57:09.989830Z  INFO fs3_daemon::runner: done kind=scan_file subject=crates/daemon/src/logging.rs ms=155 left=793
2026-08-28T03:57:09.990754Z  INFO fs3_daemon::runner: done kind="embed" id=68211 left=794
2026-08-28T03:57:09.996278Z  INFO fs3_daemon::runner: done kind="embed" id=68214 left=795
2026-08-28T03:57:10.005018Z  INFO fs3_daemon::runner: batch kind="embed" subject=3 x raw jobs=1 ms=0
2026-08-28T03:57:10.008282Z  INFO fs3_daemon::runner: done kind="embed" id=68217 left=802
2026-08-28T03:57:10.010023Z  INFO fs3_daemon::runner: done kind=summarize subject=crates/cli/docs/providers.md::Providers — setting one up from scratch::kind = "azure_openai"::Auth mode 1 — Entra (no key in config, recommended) ms=9 left=803
2026-08-28T03:57:10.019018Z  INFO fs3_daemon::runner: batch kind="embed" subject=1 x smart jobs=1 ms=0
2026-08-28T03:57:10.020367Z  INFO fs3_daemon::runner: done kind=scan_file subject=crates/daemon/src/remove.rs ms=40 left=807
2026-08-28T03:57:10.022107Z  INFO fs3_daemon::runner: done kind=summarize subject=crates/cli/docs/read.md::get / tree ms=8 left=807
2026-08-28T03:57:10.026009Z  INFO fs3_daemon::runner: done kind="embed" id=68228 left=806
2026-08-28T03:57:10.054330Z  INFO fs3_daemon::runner: batch kind="embed" subject=9 x raw jobs=1 ms=0
2026-08-28T03:57:10.054457Z  INFO fs3_daemon::runner: batch kind="embed" subject=1 x smart jobs=1 ms=0
2026-08-28T03:57:10.059193Z  INFO fs3_daemon::runner: done kind="embed" id=68237 left=809
2026-08-28T03:57:10.060812Z  INFO fs3_daemon::runner: done kind=summarize subject=crates/cli/docs/search.md::search ms=10 left=809
2026-08-28T03:57:10.063927Z  INFO fs3_daemon::runner: done kind="embed" id=68235 left=808
2026-08-28T03:57:10.073190Z  INFO fs3_daemon::runner: batch kind="embed" subject=16 x raw jobs=1 ms=0
2026-08-28T03:57:10.073391Z  INFO fs3_daemon::runner: batch kind="embed" subject=1 x smart jobs=1 ms=0
2026-08-28T03:57:10.077620Z  INFO fs3_daemon::runner: done kind="embed" id=68242 left=812
2026-08-28T03:57:10.079091Z  INFO fs3_daemon::runner: done kind=summarize subject=crates/cli/docs/providers.md::Providers — setting one up from scratch::kind = "azure_openai"::Auth mode 2 — api-key ms=10 left=812
2026-08-28T03:57:10.080704Z  INFO fs3_daemon::runner: done kind="embed" id=68240 left=811
2026-08-28T03:57:10.091624Z  INFO fs3_daemon::runner: batch kind="embed" subject=1 x smart jobs=1 ms=0
2026-08-28T03:57:10.154553Z  INFO fs3_daemon::runner: done kind="embed" id=68248 left=814
2026-08-28T03:57:10.262385Z  INFO fs3_daemon::runner: done kind=summarize subject=crates/cli/docs/read.md::get / tree::Addresses ms=80 left=821
2026-08-28T03:57:10.292367Z  INFO fs3_daemon::runner: done kind=summarize subject=crates/cli/skills/flowspace/SKILL.md::flowspace — search code by meaning ms=66 left=822
2026-08-28T03:57:10.292455Z  INFO fs3_daemon::runner: batch kind="embed" subject=2 x smart jobs=2 ms=0
2026-08-28T03:57:10.294772Z  INFO fs3_daemon::runner: done kind=scan_file subject=crates/daemon/src/read.rs ms=423 left=821
2026-08-28T03:57:10.298828Z  INFO fs3_daemon::runner: done kind="embed" id=68258 left=821
2026-08-28T03:57:10.306239Z  INFO fs3_daemon::runner: done kind="embed" id=68261 left=821
2026-08-28T03:57:10.320362Z  INFO fs3_daemon::runner: batch kind="embed" subject=16 x raw jobs=1 ms=0
2026-08-28T03:57:10.323909Z  INFO fs3_daemon::runner: done kind="embed" id=68262 left=823
2026-08-28T03:57:10.324082Z  INFO fs3_daemon::runner: done kind=summarize subject=crates/cli/docs/providers.md::Providers — setting one up from scratch::kind = "azure_openai"::Azure failures, and which is which ms=14 left=823
2026-08-28T03:57:10.331884Z  INFO fs3_daemon::runner: batch kind="embed" subject=1 x smart jobs=1 ms=0
2026-08-28T03:57:10.332016Z  INFO fs3_daemon::runner: batch kind="embed" subject=16 x raw jobs=1 ms=0
2026-08-28T03:57:10.337101Z  INFO fs3_daemon::runner: done kind=summarize subject=crates/cli/docs/search.md::search::Flags ms=9 left=825
2026-08-28T03:57:10.337280Z  INFO fs3_daemon::runner: done kind="embed" id=68270 left=825
2026-08-28T03:57:10.341611Z  INFO fs3_daemon::runner: done kind="embed" id=68268 left=825
2026-08-28T03:57:10.346052Z  INFO fs3_daemon::runner: done kind=scan_file subject=crates/daemon/src/roots.rs ms=262 left=825
2026-08-28T03:57:10.356327Z  INFO fs3_daemon::runner: batch kind="embed" subject=4 x raw jobs=1 ms=3
2026-08-28T03:57:10.356336Z  INFO fs3_daemon::runner: batch kind="embed" subject=1 x smart jobs=1 ms=3
2026-08-28T03:57:10.361883Z  INFO fs3_daemon::runner: done kind="embed" id=68275 left=825
2026-08-28T03:57:10.365462Z  INFO fs3_daemon::runner: done kind="embed" id=68272 left=825
2026-08-28T03:57:10.379496Z  INFO fs3_daemon::runner: done kind=summarize subject=crates/cli/docs/read.md::get / tree::get ms=10 left=828
2026-08-28T03:57:10.381715Z  INFO fs3_daemon::runner: batch kind="embed" subject=1 x smart jobs=1 ms=0
2026-08-28T03:57:10.421659Z  INFO fs3_daemon::runner: done kind=summarize subject=crates/cli/skills/flowspace/SKILL.md::flowspace — search code by meaning::1. Detect ms=44 left=829
2026-08-28T03:57:10.421901Z  INFO fs3_daemon::runner: done kind="embed" id=68280 left=829
2026-08-28T03:57:10.454648Z  INFO fs3_daemon::runner: batch kind="embed" subject=1 x smart jobs=1 ms=0
2026-08-28T03:57:10.459421Z  INFO fs3_daemon::runner: done kind=summarize subject=crates/cli/docs/read.md::get / tree::tree ms=32 left=832
2026-08-28T03:57:10.469032Z  INFO fs3_daemon::runner: done kind="embed" id=68283 left=832
2026-08-28T03:57:10.507475Z  INFO fs3_daemon::runner: batch kind="embed" subject=16 x raw jobs=1 ms=0
2026-08-28T03:57:10.507624Z  INFO fs3_daemon::runner: batch kind="embed" subject=1 x smart jobs=1 ms=1
2026-08-28T03:57:10.533914Z  INFO fs3_daemon::runner: done kind="embed" id=68289 left=835
2026-08-28T03:57:10.535712Z  INFO fs3_daemon::runner: done kind=scan_file subject=crates/daemon/src/runner.rs ms=188 left=833
2026-08-28T03:57:10.536111Z  INFO fs3_daemon::runner: done kind=summarize subject=crates/cli/docs/search.md::search::Reading a hit ms=34 left=833
2026-08-28T03:57:10.537637Z  INFO fs3_daemon::runner: done kind="embed" id=68288 left=832
2026-08-28T03:57:10.550604Z  INFO fs3_daemon::runner: batch kind="embed" subject=9 x raw jobs=1 ms=0
2026-08-28T03:57:10.550758Z  INFO fs3_daemon::runner: batch kind="embed" subject=1 x smart jobs=1 ms=0
2026-08-28T03:57:10.554963Z  INFO fs3_daemon::runner: done kind="embed" id=68293 left=831
2026-08-28T03:57:10.559086Z  INFO fs3_daemon::runner: done kind="embed" id=68292 left=831
2026-08-28T03:57:10.584523Z  INFO fs3_daemon::runner: done kind=scan_file subject=crates/daemon/src/scan.rs ms=40 left=833
2026-08-28T03:57:10.586240Z  INFO fs3_daemon::runner: batch kind="embed" subject=4 x raw jobs=1 ms=0
2026-08-28T03:57:10.589506Z  INFO fs3_daemon::runner: done kind=summarize subject=crates/cli/docs/providers.md::Providers — setting one up from scratch::kind = "openai" ms=22 left=833
2026-08-28T03:57:10.590775Z  INFO fs3_daemon::runner: done kind="embed" id=68296 left=832
2026-08-28T03:57:10.598609Z  INFO fs3_daemon::runner: done kind=summarize subject=crates/cli/skills/flowspace/SKILL.md::flowspace — search code by meaning::2. Install ms=17 left=831
2026-08-28T03:57:10.603632Z  INFO fs3_daemon::runner: batch kind="embed" subject=2 x smart jobs=2 ms=0
2026-08-28T03:57:10.614861Z  INFO fs3_daemon::runner: done kind="embed" id=68298 left=831
2026-08-28T03:57:10.620963Z  INFO fs3_daemon::runner: done kind=summarize subject=crates/cli/docs/search.md::search::Two spaces, one table ms=21 left=830
2026-08-28T03:57:10.628407Z  INFO fs3_daemon::runner: done kind="embed" id=68297 left=829
2026-08-28T03:57:10.642310Z  INFO fs3_daemon::runner: batch kind="embed" subject=1 x smart jobs=1 ms=0
2026-08-28T03:57:10.650798Z  INFO fs3_daemon::runner: done kind="embed" id=68299 left=829
2026-08-28T03:57:10.663986Z  INFO fs3_daemon::runner: done kind=scan_file subject=crates/daemon/src/schema.rs ms=30 left=829
2026-08-28T03:57:10.666435Z  INFO fs3_daemon::runner: batch kind="embed" subject=2 x raw jobs=1 ms=0
2026-08-28T03:57:10.670987Z  INFO fs3_daemon::runner: done kind=summarize subject=crates/cli/docs/read.md::get / tree::One address, two elements ms=10 left=829
2026-08-28T03:57:10.672305Z  INFO fs3_daemon::runner: done kind="embed" id=68301 left=828
2026-08-28T03:57:10.682160Z  INFO fs3_daemon::runner: batch kind="embed" subject=1 x smart jobs=1 ms=1
2026-08-28T03:57:10.687176Z  INFO fs3_daemon::runner: done kind="embed" id=68302 left=828
2026-08-28T03:57:10.690300Z  INFO fs3_daemon::runner: done kind=summarize subject=crates/cli/docs/providers.md::Providers — setting one up from scratch::Choosing an embedder ms=14 left=827
2026-08-28T03:57:10.705318Z  INFO fs3_daemon::runner: batch kind="embed" subject=1 x smart jobs=1 ms=0
2026-08-28T03:57:10.710887Z  INFO fs3_daemon::runner: done kind="embed" id=68303 left=827
2026-08-28T03:57:10.714646Z  INFO fs3_daemon::runner: done kind=summarize subject=crates/cli/skills/flowspace/SKILL.md::flowspace — search code by meaning::3. Learn ms=22 left=826
2026-08-28T03:57:10.723103Z  INFO fs3_daemon::runner: batch kind="embed" subject=1 x smart jobs=1 ms=0
2026-08-28T03:57:10.728839Z  INFO fs3_daemon::runner: done kind="embed" id=68304 left=826
2026-08-28T03:57:10.754403Z  INFO fs3_daemon::runner: done kind=summarize subject=crates/cli/docs/providers.md::Providers — setting one up from scratch::Per-repo overrides ms=18 left=831
2026-08-28T03:57:10.756393Z  INFO fs3_daemon::runner: done kind=summarize subject=crates/cli/docs/read.md::get / tree::Scope: what "here" means ms=14 left=831
2026-08-28T03:57:10.759058Z  INFO fs3_daemon::runner: done kind=scan_file subject=crates/daemon/src/scope.rs ms=42 left=830
2026-08-28T03:57:10.762627Z  INFO fs3_daemon::runner: batch kind="embed" subject=2 x smart jobs=2 ms=0
2026-08-28T03:57:10.762826Z  INFO fs3_daemon::runner: done kind=summarize subject=crates/cli/docs/search.md::search::Things that surprise people ms=13 left=829
2026-08-28T03:57:10.763022Z  INFO fs3_daemon::runner: batch kind="embed" subject=9 x raw jobs=1 ms=0
2026-08-28T03:57:10.769718Z  INFO fs3_daemon::runner: done kind="embed" id=68310 left=828
2026-08-28T03:57:10.774745Z  INFO fs3_daemon::runner: done kind="embed" id=68308 left=827
2026-08-28T03:57:10.784520Z  INFO fs3_daemon::runner: done kind="embed" id=68311 left=826
2026-08-28T03:57:10.798381Z  INFO fs3_daemon::runner: batch kind="embed" subject=1 x smart jobs=1 ms=0
2026-08-28T03:57:10.805104Z  INFO fs3_daemon::runner: done kind="embed" id=68312 left=826
2026-08-28T03:57:10.807279Z  INFO fs3_daemon::runner: done kind=summarize subject=crates/cli/skills/flowspace/SKILL.md::flowspace — search code by meaning::4. Search — the heart ms=18 left=825
2026-08-28T03:57:10.817467Z  INFO fs3_daemon::runner: batch kind="embed" subject=1 x smart jobs=1 ms=2
2026-08-28T03:57:10.832580Z  INFO fs3_daemon::runner: done kind="embed" id=68313 left=824
2026-08-28T03:57:10.854638Z  INFO fs3_daemon::runner: done kind=summarize subject=crates/cli/docs/search.md::search::Scope: a bare search is about where you are ms=14 left=827
2026-08-28T03:57:10.857925Z  INFO fs3_daemon::runner: batch kind="embed" subject=1 x smart jobs=1 ms=1
2026-08-28T03:57:10.863860Z  INFO fs3_daemon::runner: done kind=summarize subject=crates/cli/docs/providers.md::Providers — setting one up from scratch::After changing providers ms=16 left=828
2026-08-28T03:57:10.868841Z  INFO fs3_daemon::runner: done kind="embed" id=68316 left=828
2026-08-28T03:57:10.940620Z  INFO fs3_daemon::runner: batch kind="embed" subject=1 x smart jobs=1 ms=0
2026-08-28T03:57:10.968484Z  INFO fs3_daemon::runner: done kind="embed" id=68319 left=830
2026-08-28T03:57:10.968755Z  INFO fs3_daemon::runner: done kind=summarize subject=crates/cli/docs/read.md::get / tree::Errors ms=77 left=830
2026-08-28T03:57:11.036527Z  INFO fs3_daemon::runner: batch kind="embed" subject=1 x smart jobs=1 ms=1
2026-08-28T03:57:11.056561Z  INFO fs3_daemon::runner: done kind=summarize subject=crates/cli/skills/flowspace/SKILL.md::flowspace — search code by meaning::4b. Get and tree — read what you found ms=43 left=832
2026-08-28T03:57:11.056944Z  INFO fs3_daemon::runner: done kind="embed" id=68323 left=832
2026-08-28T03:57:11.071593Z  INFO fs3_daemon::runner: batch kind="embed" subject=1 x smart jobs=1 ms=1
2026-08-28T03:57:11.071600Z  INFO fs3_daemon::runner: batch kind="embed" subject=16 x raw jobs=1 ms=1
2026-08-28T03:57:11.077802Z  INFO fs3_daemon::runner: done kind="embed" id=68328 left=835
2026-08-28T03:57:11.092450Z  INFO fs3_daemon::runner: done kind="embed" id=68327 left=836
2026-08-28T03:57:11.119162Z  INFO fs3_daemon::runner: done kind=scan_file subject=crates/daemon/src/skew.rs ms=57 left=841
2026-08-28T03:57:11.121525Z  INFO fs3_daemon::runner: done kind=scan_file subject=crates/daemon/src/search.rs ms=313 left=839
2026-08-28T03:57:11.121781Z  INFO fs3_daemon::runner: done kind=summarize subject=crates/cli/skills/flowspace/SKILL.md::flowspace — search code by meaning::5. Why semantic — the judgment ms=19 left=839
2026-08-28T03:57:11.124308Z  INFO fs3_daemon::runner: batch kind="embed" subject=1 x smart jobs=1 ms=0
2026-08-28T03:57:11.124514Z  INFO fs3_daemon::runner: batch kind="embed" subject=15 x raw jobs=2 ms=0
2026-08-28T03:57:11.129161Z  INFO fs3_daemon::runner: done kind="embed" id=68339 left=839
2026-08-28T03:57:11.133638Z  INFO fs3_daemon::runner: done kind="embed" id=68340 left=839
2026-08-28T03:57:11.138917Z  INFO fs3_daemon::runner: done kind="embed" id=68338 left=839
2026-08-28T03:57:11.170641Z  INFO fs3_daemon::runner: done kind=scan_file subject=crates/daemon/src/status.rs ms=55 left=839
2026-08-28T03:57:11.173356Z  INFO fs3_daemon::runner: batch kind="embed" subject=5 x raw jobs=1 ms=0
2026-08-28T03:57:11.218180Z  INFO fs3_daemon::runner: done kind="embed" id=68344 left=839
2026-08-28T03:57:11.241300Z  INFO fs3_daemon::runner: done kind=summarize subject=crates/cli/skills/flowspace/SKILL.md::flowspace — search code by meaning::6. Failure paths ms=73 left=838
2026-08-28T03:57:11.268508Z  INFO fs3_daemon::runner: batch kind="embed" subject=1 x smart jobs=1 ms=4
2026-08-28T03:57:11.279063Z  INFO fs3_daemon::runner: done kind="embed" id=68345 left=838
2026-08-28T03:57:11.414649Z  INFO fs3_daemon::runner: done kind=scan_file subject=crates/daemon/src/wiring.rs ms=117 left=877
2026-08-28T03:57:11.425852Z  INFO fs3_daemon::runner: batch kind="embed" subject=64 x raw jobs=4 ms=1
2026-08-28T03:57:11.432055Z  INFO fs3_daemon::runner: done kind="embed" id=68381 left=887
2026-08-28T03:57:11.440217Z  INFO fs3_daemon::runner: done kind="embed" id=68382 left=889
2026-08-28T03:57:11.445359Z  INFO fs3_daemon::runner: done kind="embed" id=68376 left=891
2026-08-28T03:57:11.451292Z  INFO fs3_daemon::runner: done kind="embed" id=68383 left=894
2026-08-28T03:57:11.453743Z  INFO fs3_daemon::runner: done kind=scan_file subject=crates/daemon/src/watch.rs ms=168 left=894
2026-08-28T03:57:11.462764Z  INFO fs3_daemon::runner: batch kind="embed" subject=36 x raw jobs=3 ms=0
2026-08-28T03:57:11.495554Z  INFO fs3_daemon::runner: done kind="embed" id=68408 left=899
2026-08-28T03:57:11.502692Z  INFO fs3_daemon::runner: done kind="embed" id=68403 left=902
2026-08-28T03:57:11.510792Z  INFO fs3_daemon::runner: done kind=scan_file subject=crates/daemon/tests/auto_update.rs ms=204 left=904
2026-08-28T03:57:11.511327Z  INFO fs3_daemon::runner: done kind="embed" id=68406 left=904
2026-08-28T03:57:11.549121Z  INFO fs3_daemon::runner: batch kind="embed" subject=11 x raw jobs=1 ms=3
2026-08-28T03:57:11.599428Z  INFO fs3_daemon::runner: done kind="embed" id=68419 left=911
2026-08-28T03:57:11.603658Z  INFO fs3_daemon::runner: done kind=scan_file subject=crates/daemon/src/update.rs ms=354 left=912
2026-08-28T03:57:11.630409Z  INFO fs3_daemon::runner: batch kind="embed" subject=14 x raw jobs=1 ms=0
2026-08-28T03:57:11.671768Z  INFO fs3_daemon::runner: done kind="embed" id=68429 left=916
2026-08-28T03:57:11.674745Z  INFO fs3_daemon::runner: done kind=scan_file subject=crates/daemon/tests/config_loading.rs ms=218 left=915
2026-08-28T03:57:11.675294Z  INFO fs3_daemon::runner: done kind=summarize subject=crates/cli/src/client.rs::HealthReport ms=49 left=915
2026-08-28T03:57:11.763737Z  INFO fs3_daemon::runner: batch kind="embed" subject=1 x smart jobs=1 ms=2
2026-08-28T03:57:11.763743Z  INFO fs3_daemon::runner: batch kind="embed" subject=15 x raw jobs=1 ms=2
2026-08-28T03:57:11.770103Z  INFO fs3_daemon::runner: done kind="embed" id=68435 left=918
2026-08-28T03:57:11.797527Z  INFO fs3_daemon::runner: done kind=scan_file subject=crates/daemon/tests/config_wiring.rs ms=268 left=917
2026-08-28T03:57:11.808704Z  INFO fs3_daemon::runner: done kind="embed" id=68437 left=917
2026-08-28T03:57:11.882498Z  INFO fs3_daemon::runner: batch kind="embed" subject=9 x raw jobs=1 ms=0
2026-08-28T03:57:11.910900Z  INFO fs3_daemon::runner: done kind=summarize subject=crates/cli/src/client.rs::DaemonClient ms=73 left=919
2026-08-28T03:57:11.914631Z  INFO fs3_daemon::runner: done kind="embed" id=68441 left=919
2026-08-28T03:57:11.970183Z  INFO fs3_daemon::runner: batch kind="embed" subject=1 x smart jobs=1 ms=0
2026-08-28T03:57:12.001808Z  INFO fs3_daemon::runner: done kind="embed" id=68446 left=921
2026-08-28T03:57:12.090572Z  INFO fs3_daemon::runner: done kind=summarize subject=crates/cli/src/client.rs::DaemonClient::new ms=67 left=928
2026-08-28T03:57:12.117337Z  INFO fs3_daemon::runner: batch kind="embed" subject=16 x raw jobs=1 ms=0
2026-08-28T03:57:12.120755Z  INFO fs3_daemon::runner: batch kind="embed" subject=1 x smart jobs=1 ms=4
2026-08-28T03:57:12.131481Z  INFO fs3_daemon::runner: done kind=scan_file subject=crates/daemon/tests/conversation_intake.rs ms=431 left=931
2026-08-28T03:57:12.142339Z  INFO fs3_daemon::runner: done kind="embed" id=68457 left=931
2026-08-28T03:57:12.168000Z  INFO fs3_daemon::runner: done kind="embed" id=68456 left=932
2026-08-28T03:57:12.250344Z  INFO fs3_daemon::runner: done kind=summarize subject=crates/cli/src/client.rs::DaemonClient::health ms=49 left=941
2026-08-28T03:57:12.264202Z  INFO fs3_daemon::runner: done kind=scan_file subject=crates/daemon/tests/embed_batch.rs ms=206 left=940
2026-08-28T03:57:12.276301Z  INFO fs3_daemon::runner: done kind=scan_file subject=crates/daemon/tests/conversation_query.rs ms=337 left=940
2026-08-28T03:57:12.279798Z  INFO fs3_daemon::runner: batch kind="embed" subject=1 x smart jobs=1 ms=5
2026-08-28T03:57:12.279948Z  INFO fs3_daemon::runner: batch kind="embed" subject=22 x raw jobs=2 ms=5
2026-08-28T03:57:12.307387Z  INFO fs3_daemon::runner: done kind="embed" id=68473 left=940
2026-08-28T03:57:12.329238Z  INFO fs3_daemon::watch: re-listed a changed directory directory=/Users/jordanknight/substrate/flowspace/fs3-daemon-sandbox/crates/daemon/tests/support events=2 enqueued=1 settled=Quiet
2026-08-28T03:57:12.514134Z  INFO fs3_daemon::runner: done kind="embed" id=68475 left=941
2026-08-28T03:57:12.551119Z  INFO fs3_daemon::runner: done kind="embed" id=68474 left=942
2026-08-28T03:57:12.600610Z  INFO fs3_daemon::runner: done kind=scan_file subject=crates/daemon/tests/embed_dedupe.rs ms=376 left=943
2026-08-28T03:57:12.614341Z  INFO fs3_daemon::runner: batch kind="embed" subject=8 x raw jobs=1 ms=1
2026-08-28T03:57:12.627078Z  INFO fs3_daemon::runner: done kind=summarize subject=crates/cli/src/conversation.rs::Header ms=45 left=943
2026-08-28T03:57:12.640114Z  INFO fs3_daemon::runner: done kind="embed" id=68483 left=942
2026-08-28T03:57:12.672140Z  INFO fs3_daemon::runner: batch kind="embed" subject=1 x smart jobs=1 ms=0
2026-08-28T03:57:12.681802Z  INFO fs3_daemon::watch: re-listed a changed directory directory=/Users/jordanknight/substrate/flowspace/fs3-daemon-sandbox/crates/testkit/src events=6 enqueued=2 settled=Quiet
2026-08-28T03:57:12.699669Z  INFO fs3_daemon::runner: done kind="embed" id=68485 left=942
2026-08-28T03:57:12.712954Z  INFO fs3_daemon::runner: done kind=summarize subject=crates/cli/src/docs.rs::Topic ms=55 left=941
2026-08-28T03:57:12.739134Z  INFO fs3_daemon::runner: batch kind="embed" subject=1 x smart jobs=1 ms=0
2026-08-28T03:57:12.770762Z  INFO fs3_daemon::runner: done kind="embed" id=68486 left=940
2026-08-28T03:57:12.856744Z  INFO fs3_daemon::runner: done kind=summarize subject=crates/cli/src/conversation.rs::read ms=50 left=944
2026-08-28T03:57:12.862056Z  INFO fs3_daemon::runner: batch kind="embed" subject=1 x smart jobs=1 ms=6
2026-08-28T03:57:12.884544Z  INFO fs3_daemon::runner: done kind="embed" id=68490 left=943
2026-08-28T03:57:12.889388Z  INFO fs3_daemon::runner: done kind=summarize subject=crates/cli/src/client.rs::DaemonClient::send ms=60 left=943
2026-08-28T03:57:12.925405Z  INFO fs3_daemon::runner: progress phase="working" scanned=6825 scan_left=234 summarized=6726 summarize_left=709 embedded=15595 embed_left=1 failed=0
2026-08-28T03:57:12.949026Z  INFO fs3_daemon::runner: batch kind="embed" subject=1 x smart jobs=1 ms=0
2026-08-28T03:57:12.962351Z  INFO fs3_daemon::runner: done kind=summarize subject=crates/cli/src/docs.rs::TopicPage ms=51 left=946
2026-08-28T03:57:12.975049Z  INFO fs3_daemon::runner: done kind="embed" id=68492 left=944
2026-08-28T03:57:12.978617Z  INFO fs3_daemon::runner: done kind=scan_file subject=crates/daemon/tests/enrichment_recovery.rs ms=252 left=944
2026-08-28T03:57:13.010564Z  INFO fs3_daemon::runner: batch kind="embed" subject=1 x smart jobs=1 ms=0
2026-08-28T03:57:13.015454Z  INFO fs3_daemon::runner: batch kind="embed" subject=9 x raw jobs=1 ms=5
2026-08-28T03:57:13.039318Z  INFO fs3_daemon::runner: done kind="embed" id=68497 left=944
2026-08-28T03:57:13.072288Z  INFO fs3_daemon::runner: done kind="embed" id=68496 left=944
2026-08-28T03:57:13.159694Z  INFO fs3_daemon::runner: batch kind="embed" subject=1 x smart jobs=1 ms=5
2026-08-28T03:57:13.159947Z  INFO fs3_daemon::runner: done kind=summarize subject=crates/cli/src/conversation.rs::shape_turn ms=60 left=948
2026-08-28T03:57:13.188857Z  INFO fs3_daemon::runner: done kind="embed" id=68502 left=947
2026-08-28T03:57:13.191709Z  INFO fs3_daemon::runner: done kind=summarize subject=crates/cli/src/client.rs::DaemonClient::authorize ms=63 left=947
2026-08-28T03:57:13.251603Z  INFO fs3_daemon::runner: batch kind="embed" subject=1 x smart jobs=1 ms=4
2026-08-28T03:57:13.274850Z  INFO fs3_daemon::runner: done kind="embed" id=68504 left=949
2026-08-28T03:57:13.277685Z  INFO fs3_daemon::runner: done kind=summarize subject=crates/cli/src/doctor.rs::Step ms=58 left=949
2026-08-28T03:57:13.352227Z  INFO fs3_daemon::runner: batch kind="embed" subject=1 x smart jobs=1 ms=0
2026-08-28T03:57:13.353036Z  INFO fs3_daemon::runner: batch kind="embed" subject=16 x raw jobs=1 ms=1
2026-08-28T03:57:13.376927Z  INFO fs3_daemon::runner: done kind="embed" id=68508 left=954
2026-08-28T03:57:13.413605Z  INFO fs3_daemon::runner: done kind="embed" id=68507 left=955
2026-08-28T03:57:13.469957Z  INFO fs3_daemon::runner: batch kind="embed" subject=8 x raw jobs=1 ms=0
2026-08-28T03:57:13.473672Z  INFO fs3_daemon::runner: done kind=scan_file subject=crates/daemon/tests/health.rs ms=158 left=958
2026-08-28T03:57:13.481664Z  INFO fs3_daemon::runner: done kind="embed" id=68519 left=957
2026-08-28T03:57:13.482027Z  INFO fs3_daemon::runner: done kind=summarize subject=crates/cli/src/docs.rs::list ms=40 left=957
2026-08-28T03:57:13.498734Z  INFO fs3_daemon::runner: batch kind="embed" subject=1 x smart jobs=1 ms=0
2026-08-28T03:57:13.506489Z  INFO fs3_daemon::runner: done kind=summarize subject=crates/cli/src/conversation.rs::mint_guid ms=15 left=959
2026-08-28T03:57:13.506699Z  INFO fs3_daemon::runner: done kind="embed" id=68521 left=959
2026-08-28T03:57:13.532973Z  INFO fs3_daemon::runner: batch kind="embed" subject=1 x smart jobs=1 ms=0
2026-08-28T03:57:13.543867Z  INFO fs3_daemon::runner: done kind="embed" id=68525 left=962
2026-08-28T03:57:13.545714Z  INFO fs3_daemon::runner: done kind=summarize subject=crates/cli/src/client.rs::DaemonClient::envelope ms=33 left=962
2026-08-28T03:57:13.549270Z  INFO fs3_daemon::runner: done kind=scan_file subject=crates/daemon/tests/first_light.rs ms=556 left=961
2026-08-28T03:57:13.555039Z  INFO fs3_daemon::runner: batch kind="embed" subject=16 x raw jobs=1 ms=0
2026-08-28T03:57:13.555122Z  INFO fs3_daemon::runner: batch kind="embed" subject=1 x smart jobs=1 ms=0
2026-08-28T03:57:13.559167Z  INFO fs3_daemon::runner: done kind="embed" id=68530 left=961
2026-08-28T03:57:13.560748Z  INFO fs3_daemon::runner: done kind=summarize subject=crates/cli/src/doctor.rs::Step ms=10 left=960
2026-08-28T03:57:13.562490Z  INFO fs3_daemon::runner: done kind="embed" id=68529 left=959
2026-08-28T03:57:13.569920Z  INFO fs3_daemon::runner: batch kind="embed" subject=1 x smart jobs=1 ms=0
2026-08-28T03:57:13.581150Z  INFO fs3_daemon::runner: done kind="embed" id=68532 left=959
2026-08-28T03:57:13.603814Z  INFO fs3_daemon::runner: done kind=summarize subject=crates/cli/src/docs.rs::get ms=38 left=958
2026-08-28T03:57:13.611925Z  INFO fs3_daemon::runner: batch kind="embed" subject=1 x smart jobs=1 ms=1
2026-08-28T03:57:13.618567Z  INFO fs3_daemon::runner: done kind="embed" id=68533 left=957
2026-08-28T03:57:13.641659Z  INFO fs3_daemon::runner: done kind=summarize subject=crates/cli/src/conversation.rs::now ms=19 left=962
2026-08-28T03:57:13.656738Z  INFO fs3_daemon::runner: done kind=summarize subject=crates/cli/src/doctor.rs::Step::ok ms=28 left=962
2026-08-28T03:57:13.667546Z  INFO fs3_daemon::runner: batch kind="embed" subject=2 x smart jobs=2 ms=2
2026-08-28T03:57:13.710205Z  INFO fs3_daemon::runner: done kind="embed" id=68538 left=965
2026-08-28T03:57:13.721333Z  INFO fs3_daemon::runner: done kind="embed" id=68536 left=964
2026-08-28T03:57:13.721521Z  INFO fs3_daemon::runner: done kind=scan_file subject=crates/daemon/tests/logging_degraded.rs ms=82 left=964
2026-08-28T03:57:13.749230Z  INFO fs3_daemon::runner: done kind=scan_file subject=crates/daemon/tests/lanes.rs ms=143 left=964
2026-08-28T03:57:13.754690Z  INFO fs3_daemon::runner: batch kind="embed" subject=16 x raw jobs=2 ms=3
2026-08-28T03:57:13.760401Z  INFO fs3_daemon::runner: done kind=summarize subject=crates/cli/src/conversation.rs::civil_from_days ms=27 left=964
2026-08-28T03:57:13.765240Z  INFO fs3_daemon::runner: done kind="embed" id=68544 left=963
2026-08-28T03:57:13.773076Z  INFO fs3_daemon::runner: done kind="embed" id=68546 left=962
2026-08-28T03:57:13.789930Z  INFO fs3_daemon::runner: batch kind="embed" subject=1 x smart jobs=1 ms=1
2026-08-28T03:57:13.801057Z  INFO fs3_daemon::runner: done kind="embed" id=68547 left=962
2026-08-28T03:57:13.805218Z  INFO fs3_daemon::runner: done kind=summarize subject=crates/cli/src/docs.rs::tests ms=23 left=961
2026-08-28T03:57:13.818536Z  INFO fs3_daemon::runner: batch kind="embed" subject=1 x smart jobs=1 ms=2
2026-08-28T03:57:13.826553Z  INFO fs3_daemon::runner: done kind="embed" id=68548 left=961
2026-08-28T03:57:13.837199Z  INFO fs3_daemon::runner: done kind=summarize subject=crates/cli/src/doctor.rs::Step::warn ms=28 left=960
2026-08-28T03:57:13.847750Z  INFO fs3_daemon::runner: batch kind="embed" subject=1 x smart jobs=1 ms=0
2026-08-28T03:57:13.855073Z  INFO fs3_daemon::runner: done kind="embed" id=68549 left=959
2026-08-28T03:57:13.889250Z  INFO fs3_daemon::runner: done kind=scan_file subject=crates/daemon/tests/logging_file.rs ms=50 left=960
2026-08-28T03:57:13.894378Z  INFO fs3_daemon::runner: batch kind="embed" subject=1 x raw jobs=1 ms=2
2026-08-28T03:57:13.899836Z  INFO fs3_daemon::runner: done kind=summarize subject=crates/cli/src/docs.rs::tests::every_topic_is_listed_with_a_real_size ms=18 left=960
2026-08-28T03:57:13.903304Z  INFO fs3_daemon::runner: done kind="embed" id=68551 left=959
2026-08-28T03:57:13.919734Z  INFO fs3_daemon::runner: batch kind="embed" subject=1 x smart jobs=1 ms=1
2026-08-28T03:57:13.927919Z  INFO fs3_daemon::runner: done kind="embed" id=68552 left=959
2026-08-28T03:57:13.930213Z  INFO fs3_daemon::runner: done kind=summarize subject=crates/cli/src/conversation.rs::tests ms=18 left=958
2026-08-28T03:57:13.944630Z  INFO fs3_daemon::runner: batch kind="embed" subject=1 x smart jobs=1 ms=1
2026-08-28T03:57:13.958656Z  INFO fs3_daemon::runner: done kind="embed" id=68553 left=958
2026-08-28T03:57:13.964249Z  INFO fs3_daemon::runner: done kind=summarize subject=crates/cli/src/doctor.rs::Step::info ms=29 left=957
2026-08-28T03:57:13.976917Z  INFO fs3_daemon::runner: batch kind="embed" subject=1 x smart jobs=1 ms=2
2026-08-28T03:57:13.990409Z  INFO fs3_daemon::runner: done kind="embed" id=68554 left=957
2026-08-28T03:57:13.999819Z  INFO fs3_daemon::runner: done kind=summarize subject=crates/cli/src/conversation.rs::tests::import ms=31 left=956
2026-08-28T03:57:14.020037Z  INFO fs3_daemon::runner: batch kind="embed" subject=1 x smart jobs=1 ms=1
2026-08-28T03:57:14.030922Z  INFO fs3_daemon::runner: done kind="embed" id=68555 left=955
2026-08-28T03:57:14.089314Z  INFO fs3_daemon::runner: done kind=summarize subject=crates/cli/src/docs.rs::tests::an_unknown_topic_is_a_404_that_lists_the_real_ones ms=46 left=959
2026-08-28T03:57:14.090404Z  INFO fs3_daemon::runner: batch kind="embed" subject=1 x smart jobs=1 ms=2
2026-08-28T03:57:14.117998Z  INFO fs3_daemon::runner: done kind="embed" id=68558 left=958
2026-08-28T03:57:14.118137Z  INFO fs3_daemon::runner: done kind=summarize subject=crates/cli/src/doctor.rs::Step::down ms=42 left=958
2026-08-28T03:57:14.178679Z  INFO fs3_daemon::runner: batch kind="embed" subject=1 x smart jobs=1 ms=0
2026-08-28T03:57:14.234910Z  INFO fs3_daemon::runner: done kind="embed" id=68560 left=961
2026-08-28T03:57:14.332359Z  INFO fs3_daemon::runner: done kind=summarize subject=crates/cli/src/docs.rs::tests::topic_names_are_unique_and_related_links_resolve ms=45 left=967
2026-08-28T03:57:14.364381Z  INFO fs3_daemon::runner: batch kind="embed" subject=1 x smart jobs=1 ms=0
2026-08-28T03:57:14.376411Z  INFO fs3_daemon::runner: done kind=scan_file subject=crates/daemon/tests/oversize.rs ms=369 left=969
2026-08-28T03:57:14.376935Z  INFO fs3_daemon::runner: done kind=summarize subject=crates/cli/src/conversation.rs::tests::a_bare_stream_of_turns_is_a_legal_transcript ms=53 left=969
2026-08-28T03:57:14.381171Z  INFO fs3_daemon::runner: done kind="embed" id=68570 left=968
2026-08-28T03:57:14.406214Z  INFO fs3_daemon::runner: done kind=scan_file subject=crates/daemon/tests/rate_limit_park.rs ms=258 left=967
2026-08-28T03:57:14.427130Z  INFO fs3_daemon::runner: batch kind="embed" subject=1 x smart jobs=1 ms=0
2026-08-28T03:57:14.427294Z  INFO fs3_daemon::runner: batch kind="embed" subject=22 x raw jobs=2 ms=0
2026-08-28T03:57:14.433685Z  INFO fs3_daemon::runner: done kind=summarize subject=crates/cli/src/doctor.rs::Step::repaired ms=24 left=967
2026-08-28T03:57:14.439768Z  INFO fs3_daemon::runner: done kind="embed" id=68576 left=966
2026-08-28T03:57:14.446962Z  INFO fs3_daemon::runner: done kind="embed" id=68574 left=965
2026-08-28T03:57:14.462509Z  INFO fs3_daemon::runner: done kind="embed" id=68575 left=964
2026-08-28T03:57:14.497698Z  INFO fs3_daemon::runner: batch kind="embed" subject=1 x smart jobs=1 ms=0
2026-08-28T03:57:14.519180Z  INFO fs3_daemon::runner: done kind="embed" id=68577 left=964
2026-08-28T03:57:14.560766Z  INFO fs3_daemon::runner: batch kind="embed" subject=1 x smart jobs=1 ms=1
2026-08-28T03:57:14.561795Z  INFO fs3_daemon::runner: done kind=summarize subject=crates/cli/src/conversation.rs::tests::the_same_transcript_mints_the_same_guid ms=31 left=968
2026-08-28T03:57:14.575805Z  INFO fs3_daemon::runner: done kind=summarize subject=crates/cli/src/doctor.rs::DoctorReport ms=24 left=967
2026-08-28T03:57:14.576006Z  INFO fs3_daemon::runner: done kind="embed" id=68581 left=967
2026-08-28T03:57:14.611835Z  INFO fs3_daemon::runner: batch kind="embed" subject=1 x smart jobs=1 ms=1
2026-08-28T03:57:14.630154Z  INFO fs3_daemon::runner: done kind="embed" id=68583 left=970
2026-08-28T03:57:14.648460Z  INFO fs3_daemon::runner: batch kind="embed" subject=16 x raw jobs=1 ms=0
2026-08-28T03:57:14.657053Z  INFO fs3_daemon::runner: done kind="embed" id=68586 left=975
2026-08-28T03:57:14.657180Z  INFO fs3_daemon::runner: done kind=summarize subject=crates/cli/src/doctor.rs::run ms=20 left=975
2026-08-28T03:57:14.682358Z  INFO fs3_daemon::runner: batch kind="embed" subject=1 x smart jobs=1 ms=0
2026-08-28T03:57:14.701163Z  INFO fs3_daemon::runner: done kind="embed" id=68593 left=980
2026-08-28T03:57:14.701424Z  INFO fs3_daemon::runner: done kind=summarize subject=crates/cli/src/conversation.rs::tests::a_grown_transcript_keeps_its_guid_and_extends_its_numbering ms=36 left=980
2026-08-28T03:57:14.727104Z  INFO fs3_daemon::runner: batch kind="embed" subject=1 x smart jobs=1 ms=0
2026-08-28T03:57:14.749300Z  INFO fs3_daemon::runner: done kind="embed" id=68600 left=986
2026-08-28T03:57:14.754849Z  INFO fs3_daemon::runner: done kind=scan_file subject=crates/daemon/tests/remove_root.rs ms=168 left=986
2026-08-28T03:57:14.765260Z  INFO fs3_daemon::runner: batch kind="embed" subject=10 x raw jobs=1 ms=0
2026-08-28T03:57:14.780888Z  INFO fs3_daemon::runner: done kind=summarize subject=crates/cli/src/doctor.rs::walk ms=23 left=991
2026-08-28T03:57:14.788179Z  INFO fs3_daemon::runner: done kind="embed" id=68607 left=989
2026-08-28T03:57:14.788529Z  INFO fs3_daemon::runner: done kind=scan_file subject=crates/daemon/tests/schema_skew.rs ms=78 left=989
2026-08-28T03:57:14.817239Z  INFO fs3_daemon::runner: batch kind="embed" subject=1 x smart jobs=1 ms=1
2026-08-28T03:57:14.817459Z  INFO fs3_daemon::runner: batch kind="embed" subject=20 x raw jobs=2 ms=1
2026-08-28T03:57:14.829273Z  INFO fs3_daemon::runner: done kind="embed" id=68613 left=992
2026-08-28T03:57:14.845994Z  INFO fs3_daemon::runner: done kind="embed" id=68615 left=993
2026-08-28T03:57:14.853842Z  INFO fs3_daemon::runner: done kind="embed" id=68614 left=994
2026-08-28T03:57:14.864397Z  INFO fs3_daemon::runner: done kind=scan_file subject=crates/daemon/tests/read_surface.rs ms=392 left=996
2026-08-28T03:57:14.866526Z  INFO fs3_daemon::runner: batch kind="embed" subject=5 x raw jobs=1 ms=0
2026-08-28T03:57:14.876190Z  INFO fs3_daemon::runner: done kind="embed" id=68625 left=997
2026-08-28T03:57:14.878123Z  INFO fs3_daemon::runner: done kind=scan_file subject=crates/daemon/tests/search_empty.rs ms=80 left=995
2026-08-28T03:57:14.878215Z  INFO fs3_daemon::runner: done kind=summarize subject=crates/cli/src/conversation.rs::tests::a_dialect_carrying_its_own_numbering_and_items_is_kept ms=17 left=995
2026-08-28T03:57:14.891934Z  INFO fs3_daemon::runner: batch kind="embed" subject=7 x raw jobs=1 ms=1
2026-08-28T03:57:14.892301Z  INFO fs3_daemon::runner: batch kind="embed" subject=1 x smart jobs=1 ms=1
2026-08-28T03:57:14.901618Z  INFO fs3_daemon::runner: done kind="embed" id=68629 left=995
2026-08-28T03:57:14.909506Z  INFO fs3_daemon::runner: done kind="embed" id=68628 left=995
2026-08-28T03:57:14.963426Z  INFO fs3_daemon::runner: batch kind="embed" subject=1 x smart jobs=1 ms=0
2026-08-28T03:57:14.963952Z  INFO fs3_daemon::runner: done kind=summarize subject=crates/cli/src/conversation.rs::tests::now_is_rfc_3339_in_utc ms=30 left=999
2026-08-28T03:57:14.993511Z  INFO fs3_daemon::runner: done kind="embed" id=68634 left=998
2026-08-28T03:57:14.993802Z  INFO fs3_daemon::runner: done kind=summarize subject=crates/cli/src/doctor.rs::check_update ms=40 left=998
2026-08-28T03:57:15.014063Z  INFO fs3_daemon::runner: batch kind="embed" subject=1 x smart jobs=1 ms=0
2026-08-28T03:57:15.022697Z  INFO fs3_daemon::runner: done kind="embed" id=68636 left=1001
2026-08-28T03:57:15.072198Z  INFO fs3_daemon::runner: batch kind="embed" subject=16 x raw jobs=1 ms=0
2026-08-28T03:57:15.083784Z  INFO fs3_daemon::runner: done kind="embed" id=68642 left=1006
2026-08-28T03:57:15.084076Z  INFO fs3_daemon::runner: done kind=summarize subject=crates/cli/src/doctor.rs::check_messages ms=55 left=1006
2026-08-28T03:57:15.154091Z  INFO fs3_daemon::runner: batch kind="embed" subject=1 x smart jobs=1 ms=0
2026-08-28T03:57:15.160809Z  INFO fs3_daemon::runner: done kind=scan_file subject=crates/daemon/tests/search_scope_starvation.rs ms=278 left=1011
2026-08-28T03:57:15.186746Z  INFO fs3_daemon::runner: done kind="embed" id=68646 left=1012
2026-08-28T03:57:15.214899Z  INFO fs3_daemon::runner: done kind=scan_file subject=crates/daemon/tests/streaming.rs ms=212 left=1013
2026-08-28T03:57:15.219278Z  INFO fs3_daemon::runner: batch kind="embed" subject=19 x raw jobs=3 ms=0
2026-08-28T03:57:15.227792Z  INFO fs3_daemon::runner: done kind=summarize subject=crates/cli/src/doctor.rs::next_action ms=22 left=1014
2026-08-28T03:57:15.235775Z  INFO fs3_daemon::runner: done kind="embed" id=68657 left=1014
2026-08-28T03:57:15.251142Z  INFO fs3_daemon::runner: done kind="embed" id=68652 left=1014
2026-08-28T03:57:15.284485Z  INFO fs3_daemon::runner: done kind="embed" id=68651 left=1014
2026-08-28T03:57:15.384886Z  INFO fs3_daemon::runner: batch kind="embed" subject=1 x smart jobs=1 ms=0
2026-08-28T03:57:15.401380Z  INFO fs3_daemon::runner: done kind="embed" id=68660 left=1018
2026-08-28T03:57:15.432287Z  INFO fs3_daemon::runner: done kind=scan_file subject=crates/daemon/tests/support/mod.rs ms=303 left=1019
2026-08-28T03:57:15.443229Z  INFO fs3_daemon::runner: batch kind="embed" subject=16 x raw jobs=1 ms=0
2026-08-28T03:57:15.468954Z  INFO fs3_daemon::runner: done kind=summarize subject=crates/cli/src/doctor.rs::check_engine ms=40 left=1020
2026-08-28T03:57:15.469488Z  INFO fs3_daemon::runner: done kind="embed" id=68667 left=1020
2026-08-28T03:57:15.532764Z  INFO fs3_daemon::runner: batch kind="embed" subject=1 x smart jobs=1 ms=31
2026-08-28T03:57:15.684344Z  INFO fs3_daemon::runner: done kind="embed" id=68672 left=1023
2026-08-28T03:57:15.692370Z  INFO fs3_daemon::runner: done kind=summarize subject=crates/cli/src/main.rs::Command ms=217 left=1023
2026-08-28T03:57:15.720929Z  INFO fs3_daemon::runner: batch kind="embed" subject=16 x raw jobs=1 ms=0
2026-08-28T03:57:15.723172Z  INFO fs3_daemon::runner: batch kind="embed" subject=1 x smart jobs=1 ms=3
2026-08-28T03:57:15.730362Z  INFO fs3_daemon::runner: done kind="embed" id=68676 left=1025
2026-08-28T03:57:15.737018Z  INFO fs3_daemon::runner: done kind="embed" id=68675 left=1027
2026-08-28T03:57:15.739810Z  INFO fs3_daemon::runner: done kind=scan_file subject=crates/git/src/error.rs ms=31 left=1026
2026-08-28T03:57:15.746678Z  INFO fs3_daemon::runner: batch kind="embed" subject=5 x raw jobs=1 ms=1
2026-08-28T03:57:15.760744Z  INFO fs3_daemon::runner: done kind=summarize subject=crates/cli/src/doctor.rs::check_stack ms=20 left=1028
2026-08-28T03:57:15.760838Z  INFO fs3_daemon::runner: done kind="embed" id=68683 left=1028
2026-08-28T03:57:15.772411Z  INFO fs3_daemon::runner: done kind=scan_file subject=crates/daemon/tests/watcher.rs ms=461 left=1028
2026-08-28T03:57:15.776186Z  INFO fs3_daemon::runner: batch kind="embed" subject=1 x smart jobs=1 ms=1
2026-08-28T03:57:15.776466Z  INFO fs3_daemon::runner: batch kind="embed" subject=9 x raw jobs=1 ms=1
2026-08-28T03:57:15.780940Z  INFO fs3_daemon::runner: done kind="embed" id=68687 left=1028
2026-08-28T03:57:15.782698Z  INFO fs3_daemon::runner: done kind=summarize subject=crates/cli/src/main.rs::ConversationCommand ms=17 left=1027
2026-08-28T03:57:15.784287Z  INFO fs3_daemon::runner: done kind="embed" id=68689 left=1026
2026-08-28T03:57:15.795759Z  INFO fs3_daemon::runner: batch kind="embed" subject=1 x smart jobs=1 ms=0
2026-08-28T03:57:15.801268Z  INFO fs3_daemon::runner: done kind="embed" id=68690 left=1025
2026-08-28T03:57:15.815256Z  INFO fs3_daemon::runner: done kind=summarize subject=crates/cli/src/main.rs::ConfigCommand ms=10 left=1028
2026-08-28T03:57:15.817425Z  INFO fs3_daemon::runner: batch kind="embed" subject=1 x smart jobs=1 ms=1
2026-08-28T03:57:15.821492Z  INFO fs3_daemon::runner: done kind="embed" id=68694 left=1030
2026-08-28T03:57:15.822758Z  INFO fs3_daemon::runner: done kind=summarize subject=crates/cli/src/doctor.rs::check_database ms=11 left=1029
2026-08-28T03:57:15.825252Z  INFO fs3_daemon::runner: done kind=scan_file subject=crates/git/src/lib.rs ms=37 left=1028
2026-08-28T03:57:15.837917Z  INFO fs3_daemon::runner: batch kind="embed" subject=1 x smart jobs=1 ms=0
2026-08-28T03:57:15.839659Z  INFO fs3_daemon::runner: batch kind="embed" subject=9 x raw jobs=1 ms=2
2026-08-28T03:57:15.874476Z  INFO fs3_daemon::runner: done kind="embed" id=68696 left=1028
2026-08-28T03:57:15.895711Z  INFO fs3_daemon::runner: done kind="embed" id=68697 left=1028
2026-08-28T03:57:15.924972Z  INFO fs3_daemon::runner: done kind=summarize subject=crates/cli/src/main.rs::DoctorCommand ms=11 left=1031
2026-08-28T03:57:15.931984Z  INFO fs3_daemon::runner: batch kind="embed" subject=1 x smart jobs=1 ms=1
2026-08-28T03:57:15.936209Z  INFO fs3_daemon::runner: done kind=summarize subject=crates/cli/src/doctor.rs::check_schema ms=14 left=1033
2026-08-28T03:57:15.937740Z  INFO fs3_daemon::runner: done kind="embed" id=68702 left=1033
2026-08-28T03:57:15.948591Z  INFO fs3_daemon::runner: batch kind="embed" subject=1 x smart jobs=1 ms=1
2026-08-28T03:57:15.948800Z  INFO fs3_daemon::runner: batch kind="embed" subject=16 x raw jobs=1 ms=1
2026-08-28T03:57:15.955078Z  INFO fs3_daemon::runner: done kind="embed" id=68705 left=1037
2026-08-28T03:57:15.957778Z  INFO fs3_daemon::runner: done kind=scan_file subject=crates/parsers/fixtures/discovery-bare/README.md ms=15 left=1036
2026-08-28T03:57:15.961265Z  INFO fs3_daemon::runner: done kind="embed" id=68706 left=1036
2026-08-28T03:57:15.969670Z  INFO fs3_daemon::runner: batch kind="embed" subject=1 x raw jobs=1 ms=0
2026-08-28T03:57:15.975300Z  INFO fs3_daemon::runner: done kind="embed" id=68711 left=1040
2026-08-28T03:57:15.977249Z  INFO fs3_daemon::runner: done kind=scan_file subject=crates/git/tests/real_repos.rs ms=150 left=1038
2026-08-28T03:57:15.978503Z  INFO fs3_daemon::runner: done kind=summarize subject=crates/cli/src/doctor.rs::check_daemon ms=12 left=1038
2026-08-28T03:57:15.983672Z  INFO fs3_daemon::runner: batch kind="embed" subject=1 x smart jobs=1 ms=0
2026-08-28T03:57:15.983856Z  INFO fs3_daemon::runner: batch kind="embed" subject=8 x raw jobs=1 ms=0
2026-08-28T03:57:15.987987Z  INFO fs3_daemon::runner: done kind="embed" id=68717 left=1038
2026-08-28T03:57:15.989478Z  INFO fs3_daemon::runner: done kind=summarize subject=crates/cli/src/main.rs::main ms=9 left=1037
2026-08-28T03:57:15.991589Z  INFO fs3_daemon::runner: done kind="embed" id=68718 left=1036
2026-08-28T03:57:16.001929Z  INFO fs3_daemon::runner: batch kind="embed" subject=1 x smart jobs=1 ms=0
2026-08-28T03:57:16.006362Z  INFO fs3_daemon::runner: done kind="embed" id=68719 left=1036
2026-08-28T03:57:16.009237Z  INFO fs3_daemon::runner: done kind=scan_file subject=crates/parsers/fixtures/discovery-bare/builder/main.rs ms=13 left=1035
2026-08-28T03:57:16.014146Z  INFO fs3_daemon::runner: batch kind="embed" subject=1 x raw jobs=1 ms=0
2026-08-28T03:57:16.018389Z  INFO fs3_daemon::runner: done kind="embed" id=68720 left=1035
2026-08-28T03:57:16.019949Z  INFO fs3_daemon::runner: done kind=summarize subject=crates/cli/src/doctor.rs::check_auth ms=9 left=1034
2026-08-28T03:57:16.027490Z  INFO fs3_daemon::runner: batch kind="embed" subject=1 x smart jobs=1 ms=0
2026-08-28T03:57:16.032030Z  INFO fs3_daemon::runner: done kind="embed" id=68721 left=1034
2026-08-28T03:57:16.033288Z  INFO fs3_daemon::runner: done kind=summarize subject=crates/cli/src/main.rs::run ms=11 left=1033
2026-08-28T03:57:16.038096Z  INFO fs3_daemon::runner: batch kind="embed" subject=1 x smart jobs=1 ms=0
2026-08-28T03:57:16.042564Z  INFO fs3_daemon::runner: done kind="embed" id=68722 left=1032
2026-08-28T03:57:16.042754Z  INFO fs3_daemon::runner: done kind=summarize subject=crates/cli/src/settings.rs::load_effective_from ms=7 left=1032
2026-08-28T03:57:16.050889Z  INFO fs3_daemon::runner: batch kind="embed" subject=1 x smart jobs=1 ms=0
2026-08-28T03:57:16.055794Z  INFO fs3_daemon::runner: done kind="embed" id=68723 left=1032
2026-08-28T03:57:16.058331Z  INFO fs3_daemon::runner: done kind=scan_file subject=crates/parsers/fixtures/discovery-bare/distribution/notes.md ms=11 left=1031
2026-08-28T03:57:16.062918Z  INFO fs3_daemon::runner: batch kind="embed" subject=1 x raw jobs=1 ms=0
2026-08-28T03:57:16.066020Z  INFO fs3_daemon::runner: done kind="embed" id=68724 left=1031
2026-08-28T03:57:16.067879Z  INFO fs3_daemon::runner: done kind=summarize subject=crates/cli/src/doctor.rs::check_providers ms=8 left=1030
2026-08-28T03:57:16.073742Z  INFO fs3_daemon::runner: batch kind="embed" subject=1 x smart jobs=1 ms=0
2026-08-28T03:57:16.077374Z  INFO fs3_daemon::runner: done kind="embed" id=68725 left=1030
2026-08-28T03:57:16.079812Z  INFO fs3_daemon::runner: done kind=summarize subject=crates/cli/src/settings.rs::load_secrets_from ms=10 left=1029
2026-08-28T03:57:16.083805Z  INFO fs3_daemon::runner: batch kind="embed" subject=1 x smart jobs=1 ms=0
2026-08-28T03:57:16.087731Z  INFO fs3_daemon::runner: done kind="embed" id=68726 left=1029
2026-08-28T03:57:16.088817Z  INFO fs3_daemon::runner: done kind=summarize subject=crates/cli/src/main.rs::emit ms=8 left=1028
2026-08-28T03:57:16.093848Z  INFO fs3_daemon::runner: batch kind="embed" subject=1 x smart jobs=1 ms=1
2026-08-28T03:57:16.096718Z  INFO fs3_daemon::runner: done kind="embed" id=68727 left=1028
2026-08-28T03:57:16.097788Z  INFO fs3_daemon::runner: done kind=summarize subject=crates/cli/src/show.rs::render ms=7 left=1027
2026-08-28T03:57:16.104234Z  INFO fs3_daemon::runner: batch kind="embed" subject=1 x smart jobs=1 ms=0
2026-08-28T03:57:16.108514Z  INFO fs3_daemon::runner: done kind="embed" id=68728 left=1027
2026-08-28T03:57:16.111889Z  INFO fs3_daemon::runner: done kind=scan_file subject=crates/parsers/fixtures/discovery-bare/my-vendor/keep.rs ms=11 left=1026
2026-08-28T03:57:16.117622Z  INFO fs3_daemon::runner: batch kind="embed" subject=1 x raw jobs=1 ms=1
2026-08-28T03:57:16.121430Z  INFO fs3_daemon::runner: done kind=summarize subject=crates/cli/src/main.rs::config_show ms=8 left=1026
2026-08-28T03:57:16.122016Z  INFO fs3_daemon::runner: done kind="embed" id=68729 left=1025
2026-08-28T03:57:16.127858Z  INFO fs3_daemon::runner: batch kind="embed" subject=1 x smart jobs=1 ms=0
2026-08-28T03:57:16.130298Z  INFO fs3_daemon::runner: done kind="embed" id=68730 left=1025
2026-08-28T03:57:16.132275Z  INFO fs3_daemon::runner: done kind=summarize subject=crates/cli/src/show.rs::key_status ms=7 left=1024
2026-08-28T03:57:16.136977Z  INFO fs3_daemon::runner: batch kind="embed" subject=1 x smart jobs=1 ms=1
2026-08-28T03:57:16.140663Z  INFO fs3_daemon::runner: done kind="embed" id=68731 left=1024
2026-08-28T03:57:16.142658Z  INFO fs3_daemon::runner: done kind=summarize subject=crates/cli/src/doctor.rs::skills_row ms=9 left=1023
2026-08-28T03:57:16.147875Z  INFO fs3_daemon::runner: batch kind="embed" subject=1 x smart jobs=1 ms=0
2026-08-28T03:57:16.152757Z  INFO fs3_daemon::runner: done kind=scan_file subject=crates/parsers/fixtures/discovery-bare/src/main.rs ms=9 left=1022
2026-08-28T03:57:16.152866Z  INFO fs3_daemon::runner: done kind="embed" id=68732 left=1023
2026-08-28T03:57:16.158972Z  INFO fs3_daemon::runner: batch kind="embed" subject=1 x raw jobs=1 ms=0
2026-08-28T03:57:16.163558Z  INFO fs3_daemon::runner: done kind="embed" id=68733 left=1022
2026-08-28T03:57:16.164641Z  INFO fs3_daemon::runner: done kind=summarize subject=crates/cli/src/show.rs::missing_key_variables ms=9 left=1021
2026-08-28T03:57:16.169203Z  INFO fs3_daemon::runner: batch kind="embed" subject=1 x smart jobs=1 ms=0
2026-08-28T03:57:16.173421Z  INFO fs3_daemon::runner: done kind=summarize subject=crates/cli/src/doctor.rs::check_skills ms=6 left=1020
2026-08-28T03:57:16.173527Z  INFO fs3_daemon::runner: done kind="embed" id=68734 left=1021
2026-08-28T03:57:16.179513Z  INFO fs3_daemon::runner: batch kind="embed" subject=1 x smart jobs=1 ms=0
2026-08-28T03:57:16.182338Z  INFO fs3_daemon::runner: done kind="embed" id=68735 left=1020
2026-08-28T03:57:16.187019Z  INFO fs3_daemon::runner: done kind=scan_file subject=crates/parsers/fixtures/discovery-bare/src/node_modules_helper.rs ms=11 left=1019
2026-08-28T03:57:16.218349Z  INFO fs3_daemon::runner: batch kind="embed" subject=1 x raw jobs=1 ms=0
2026-08-28T03:57:16.226189Z  INFO fs3_daemon::runner: done kind="embed" id=68736 left=1019
2026-08-28T03:57:16.235215Z  INFO fs3_daemon::runner: done kind=summarize subject=crates/cli/src/doctor.rs::check_logs ms=37 left=1018
2026-08-28T03:57:16.250562Z  INFO fs3_daemon::runner: batch kind="embed" subject=1 x smart jobs=1 ms=1
2026-08-28T03:57:16.256491Z  INFO fs3_daemon::runner: done kind=summarize subject=crates/cli/src/main.rs::ping ms=16 left=1018
2026-08-28T03:57:16.257646Z  INFO fs3_daemon::runner: done kind="embed" id=68737 left=1017
2026-08-28T03:57:16.268816Z  INFO fs3_daemon::runner: batch kind="embed" subject=1 x smart jobs=1 ms=0
2026-08-28T03:57:16.273068Z  INFO fs3_daemon::runner: done kind=summarize subject=crates/cli/src/show.rs::tests ms=10 left=1017
2026-08-28T03:57:16.277463Z  INFO fs3_daemon::runner: done kind="embed" id=68738 left=1016
2026-08-28T03:57:16.288293Z  INFO fs3_daemon::runner: batch kind="embed" subject=1 x smart jobs=1 ms=0
2026-08-28T03:57:16.294055Z  INFO fs3_daemon::runner: done kind="embed" id=68739 left=1015
2026-08-28T03:57:16.294215Z  INFO fs3_daemon::runner: done kind=scan_file subject=crates/parsers/fixtures/discovery-bare/src/target_types.rs ms=11 left=1015
2026-08-28T03:57:16.301472Z  INFO fs3_daemon::runner: batch kind="embed" subject=1 x raw jobs=1 ms=0
2026-08-28T03:57:16.306462Z  INFO fs3_daemon::runner: done kind="embed" id=68740 left=1015
2026-08-28T03:57:16.308482Z  INFO fs3_daemon::runner: done kind=summarize subject=crates/cli/src/show.rs::tests::effective ms=10 left=1014
2026-08-28T03:57:16.314688Z  INFO fs3_daemon::runner: batch kind="embed" subject=1 x smart jobs=1 ms=1
2026-08-28T03:57:16.322495Z  INFO fs3_daemon::runner: done kind="embed" id=68741 left=1014
2026-08-28T03:57:16.325473Z  INFO fs3_daemon::runner: done kind=scan_file subject=crates/parsers/fixtures/discovery-tree/README.md ms=15 left=1013
2026-08-28T03:57:16.332994Z  INFO fs3_daemon::runner: batch kind="embed" subject=1 x raw jobs=1 ms=2
2026-08-28T03:57:16.344563Z  INFO fs3_daemon::runner: done kind="embed" id=68742 left=1012
2026-08-28T03:57:16.345025Z  INFO fs3_daemon::runner: done kind=summarize subject=crates/cli/src/doctor.rs::map_store ms=19 left=1012
2026-08-28T03:57:16.364560Z  INFO fs3_daemon::runner: batch kind="embed" subject=1 x smart jobs=1 ms=0
2026-08-28T03:57:16.370338Z  INFO fs3_daemon::runner: done kind=summarize subject=crates/cli/src/show.rs::tests::every_section_reports_the_layer_it_came_from ms=18 left=1012
2026-08-28T03:57:16.374868Z  INFO fs3_daemon::runner: done kind="embed" id=68743 left=1011
2026-08-28T03:57:16.410357Z  INFO fs3_daemon::runner: batch kind="embed" subject=1 x smart jobs=1 ms=0
2026-08-28T03:57:16.423485Z  INFO fs3_daemon::runner: done kind="embed" id=68744 left=1010
2026-08-28T03:57:16.423633Z  INFO fs3_daemon::runner: done kind=scan_file subject=crates/parsers/fixtures/discovery-tree/docs/guide.md ms=28 left=1010
2026-08-28T03:57:16.445539Z  INFO fs3_daemon::runner: batch kind="embed" subject=2 x raw jobs=1 ms=1
2026-08-28T03:57:16.479781Z  INFO fs3_daemon::runner: done kind="embed" id=68745 left=1010
2026-08-28T03:57:16.489134Z  INFO fs3_daemon::runner: done kind=summarize subject=crates/cli/src/show.rs::tests::a_repo_override_is_shown_next_to_the_default ms=55 left=1009
2026-08-28T03:57:16.507008Z  INFO fs3_daemon::runner: batch kind="embed" subject=1 x smart jobs=1 ms=1
2026-08-28T03:57:16.548881Z  INFO fs3_daemon::runner: done kind="embed" id=68746 left=1009
2026-08-28T03:57:16.549196Z  INFO fs3_daemon::runner: done kind=summarize subject=crates/cli/src/doctor.rs::tests ms=57 left=1008
2026-08-28T03:57:16.566539Z  INFO fs3_daemon::runner: batch kind="embed" subject=1 x smart jobs=1 ms=3
2026-08-28T03:57:16.582043Z  INFO fs3_daemon::runner: done kind="embed" id=68747 left=1008
2026-08-28T03:57:16.590729Z  INFO fs3_daemon::runner: done kind=scan_file subject=crates/parsers/fixtures/discovery-tree/notes.txt ms=34 left=1007
2026-08-28T03:57:16.607617Z  INFO fs3_daemon::runner: batch kind="embed" subject=1 x raw jobs=1 ms=1
2026-08-28T03:57:16.629606Z  INFO fs3_daemon::runner: done kind=summarize subject=crates/cli/src/show.rs::tests::an_unreferenced_instance_never_asks_for_a_key ms=34 left=1006
2026-08-28T03:57:16.629640Z  INFO fs3_daemon::runner: done kind="embed" id=68748 left=1006
2026-08-28T03:57:16.666308Z  INFO fs3_daemon::runner: batch kind="embed" subject=1 x smart jobs=1 ms=5
2026-08-28T03:57:16.676288Z  INFO fs3_daemon::runner: done kind="embed" id=68749 left=1006
2026-08-28T03:57:16.684390Z  INFO fs3_daemon::runner: done kind=summarize subject=crates/cli/src/doctor.rs::tests::a_repaired_step_records_both_the_finding_and_the_action ms=33 left=1005
2026-08-28T03:57:16.699880Z  INFO fs3_daemon::runner: batch kind="embed" subject=1 x smart jobs=1 ms=0
2026-08-28T03:57:16.712550Z  INFO fs3_daemon::runner: done kind=summarize subject=crates/cli/src/skill.rs::install ms=24 left=1004
2026-08-28T03:57:16.712847Z  INFO fs3_daemon::runner: done kind="embed" id=68750 left=1004
2026-08-28T03:57:16.732321Z  INFO fs3_daemon::runner: batch kind="embed" subject=1 x smart jobs=1 ms=0
2026-08-28T03:57:16.747027Z  INFO fs3_daemon::runner: done kind=scan_file subject=crates/parsers/fixtures/discovery-tree/src/big_generated.rs ms=25 left=1003
2026-08-28T03:57:16.750140Z  INFO fs3_daemon::runner: done kind="embed" id=68751 left=1003
2026-08-28T03:57:16.814733Z  INFO fs3_daemon::runner: batch kind="embed" subject=1 x raw jobs=1 ms=0
2026-08-28T03:57:16.824863Z  INFO fs3_daemon::runner: done kind="embed" id=68752 left=1002
2026-08-28T03:57:16.825604Z  INFO fs3_daemon::runner: done kind=summarize subject=crates/cli/src/skill.rs::sync_root ms=22 left=1002
2026-08-28T03:57:16.847063Z  INFO fs3_daemon::runner: batch kind="embed" subject=1 x smart jobs=1 ms=1
2026-08-28T03:57:16.855677Z  INFO fs3_daemon::runner: done kind="embed" id=68753 left=1001
2026-08-28T03:57:16.855877Z  INFO fs3_daemon::runner: done kind=summarize subject=crates/cli/src/show.rs::tests::the_paths_are_named_so_the_user_knows_what_to_edit ms=20 left=1001
2026-08-28T03:57:16.877533Z  INFO fs3_daemon::runner: batch kind="embed" subject=1 x smart jobs=1 ms=2
2026-08-28T03:57:16.886716Z  INFO fs3_daemon::runner: done kind=summarize subject=crates/cli/src/doctor.rs::tests::the_logs_row_names_the_active_file_when_it_can_be_written ms=22 left=1000
2026-08-28T03:57:16.886926Z  INFO fs3_daemon::runner: done kind="embed" id=68754 left=1000
2026-08-28T03:57:16.907611Z  INFO fs3_daemon::runner: batch kind="embed" subject=1 x smart jobs=1 ms=0
2026-08-28T03:57:16.918299Z  INFO fs3_daemon::runner: done kind="embed" id=68755 left=999
2026-08-28T03:57:16.918537Z  INFO fs3_daemon::runner: done kind=scan_file subject=crates/parsers/fixtures/discovery-tree/src/lib.rs ms=22 left=999
2026-08-28T03:57:16.944388Z  INFO fs3_daemon::runner: batch kind="embed" subject=1 x raw jobs=1 ms=0
2026-08-28T03:57:16.954368Z  INFO fs3_daemon::runner: done kind="embed" id=68756 left=998
2026-08-28T03:57:16.955016Z  INFO fs3_daemon::runner: done kind=summarize subject=crates/cli/src/skill.rs::tests ms=27 left=998
2026-08-28T03:57:16.969808Z  INFO fs3_daemon::runner: batch kind="embed" subject=1 x smart jobs=1 ms=1
2026-08-28T03:57:16.976423Z  INFO fs3_daemon::runner: done kind=summarize subject=crates/cli/src/doctor.rs::tests::a_log_directory_that_does_not_exist_yet_is_reported_not_created ms=16 left=998
2026-08-28T03:57:16.983366Z  INFO fs3_daemon::runner: done kind="embed" id=68757 left=997
2026-08-28T03:57:17.004150Z  INFO fs3_daemon::runner: batch kind="embed" subject=1 x smart jobs=1 ms=1
2026-08-28T03:57:17.012529Z  INFO fs3_daemon::runner: done kind="embed" id=68758 left=997
2026-08-28T03:57:17.015793Z  INFO fs3_daemon::runner: done kind=scan_file subject=crates/parsers/fixtures/discovery-tree/src/util.py ms=21 left=996
2026-08-28T03:57:17.034351Z  INFO fs3_daemon::runner: batch kind="embed" subject=1 x raw jobs=1 ms=0
2026-08-28T03:57:17.039320Z  INFO fs3_daemon::runner: done kind="embed" id=68759 left=995
2026-08-28T03:57:17.039432Z  INFO fs3_daemon::runner: done kind=summarize subject=crates/cli/src/skill.rs::tests::sync_root_lifecycle ms=11 left=995
2026-08-28T03:57:17.057967Z  INFO fs3_daemon::runner: batch kind="embed" subject=1 x smart jobs=1 ms=2
2026-08-28T03:57:17.067168Z  INFO fs3_daemon::runner: done kind="embed" id=68760 left=994
2026-08-28T03:57:17.067586Z  INFO fs3_daemon::runner: done kind=summarize subject=crates/cli/src/doctor.rs::tests::an_unwritable_log_directory_warns_and_steers ms=19 left=994
2026-08-28T03:57:17.101233Z  INFO fs3_daemon::runner: batch kind="embed" subject=1 x smart jobs=1 ms=3
2026-08-28T03:57:17.112415Z  INFO fs3_daemon::runner: done kind="embed" id=68761 left=994
2026-08-28T03:57:17.121496Z  INFO fs3_daemon::runner: done kind=scan_file subject=crates/parsers/fixtures/discovery-tree/third_party/keep.rs ms=33 left=993
2026-08-28T03:57:17.128301Z  INFO fs3_daemon::runner: batch kind="embed" subject=1 x raw jobs=1 ms=0
2026-08-28T03:57:17.136454Z  INFO fs3_daemon::runner: done kind="embed" id=68762 left=993
2026-08-28T03:57:17.139117Z  INFO fs3_daemon::runner: done kind=summarize subject=crates/cli/src/skill.rs::tests::audit_reports_the_roots_without_touching_them ms=19 left=992
2026-08-28T03:57:17.154199Z  INFO fs3_daemon::runner: batch kind="embed" subject=1 x smart jobs=1 ms=2
2026-08-28T03:57:23.584435Z  INFO fs3_daemon::runner: done kind="embed" id=68763 left=992
2026-08-28T03:57:23.587983Z  INFO fs3_daemon::runner: done kind=summarize subject=crates/cli/src/doctor.rs::tests::a_log_dir_that_is_a_file_says_so_rather_than_calling_it_missing ms=6441 left=991
2026-08-28T03:57:23.641664Z  INFO fs3_daemon::runner: done kind=scan_file subject=crates/parsers/fixtures/sample.md ms=35 left=992
2026-08-28T03:57:23.646240Z  INFO fs3_daemon::runner: progress phase="working" scanned=6858 scan_left=201 summarized=6801 summarize_left=789 embedded=15710 embed_left=1 failed=0
2026-08-28T03:57:23.656179Z  INFO fs3_daemon::runner: batch kind="embed" subject=1 x smart jobs=1 ms=0
2026-08-28T03:57:23.656292Z  INFO fs3_daemon::runner: batch kind="embed" subject=8 x raw jobs=1 ms=0
2026-08-28T03:57:23.662060Z  INFO fs3_daemon::runner: done kind="embed" id=68766 left=991
2026-08-28T03:57:23.677855Z  INFO fs3_daemon::runner: done kind="embed" id=68764 left=990
2026-08-28T03:57:23.703411Z  INFO fs3_daemon::runner: done kind=summarize subject=crates/cli/src/doctor.rs::tests::the_skills_row_shapes_its_states_verbatim ms=17 left=990
2026-08-28T03:57:23.704406Z  INFO fs3_daemon::runner: batch kind="embed" subject=1 x smart jobs=1 ms=1
2026-08-28T03:57:23.713199Z  INFO fs3_daemon::runner: done kind="embed" id=68767 left=990
2026-08-28T03:57:23.721673Z  INFO fs3_daemon::runner: done kind=scan_file subject=crates/parsers/fixtures/sample.py ms=25 left=990
2026-08-28T03:57:23.726364Z  INFO fs3_daemon::runner: batch kind="embed" subject=7 x raw jobs=1 ms=0
2026-08-28T03:57:23.733081Z  INFO fs3_daemon::runner: done kind="embed" id=68769 left=990
2026-08-28T03:57:23.749771Z  INFO fs3_daemon::runner: done kind=scan_file subject=crates/parsers/fixtures/sample.rs ms=30 left=991
2026-08-28T03:57:23.757385Z  INFO fs3_daemon::runner: batch kind="embed" subject=10 x raw jobs=1 ms=1
2026-08-28T03:57:23.763658Z  INFO fs3_daemon::runner: done kind="embed" id=68772 left=993
2026-08-28T03:57:23.781721Z  INFO fs3_daemon::runner: done kind=summarize subject=crates/cli/src/upgrade.rs::UpgradeReport ms=12 left=1002
2026-08-28T03:57:23.787970Z  INFO fs3_daemon::runner: batch kind="embed" subject=1 x smart jobs=1 ms=1
2026-08-28T03:57:23.788313Z  INFO fs3_daemon::runner: batch kind="embed" subject=16 x raw jobs=1 ms=1
2026-08-28T03:57:23.792964Z  INFO fs3_daemon::runner: done kind="embed" id=68782 left=1008
2026-08-28T03:57:23.798756Z  INFO fs3_daemon::runner: done kind="embed" id=68785 left=1010
2026-08-28T03:57:23.813370Z  INFO fs3_daemon::runner: done kind=scan_file subject=crates/parsers/src/lib.rs ms=64 left=1012
2026-08-28T03:57:23.821344Z  INFO fs3_daemon::runner: batch kind="embed" subject=4 x raw jobs=1 ms=1
2026-08-28T03:57:23.828892Z  INFO fs3_daemon::runner: done kind="embed" id=68796 left=1020
2026-08-28T03:57:23.844107Z  INFO fs3_daemon::runner: done kind=scan_file subject=crates/parsers/src/markdown.rs ms=69 left=1026
2026-08-28T03:57:23.848280Z  INFO fs3_daemon::runner: done kind=summarize subject=crates/cli/src/upgrade.rs::upgrade ms=15 left=1027
2026-08-28T03:57:23.851740Z  INFO fs3_daemon::runner: batch kind="embed" subject=34 x raw jobs=3 ms=1
2026-08-28T03:57:23.851841Z  INFO fs3_daemon::runner: batch kind="embed" subject=1 x smart jobs=1 ms=1
2026-08-28T03:57:23.856350Z  INFO fs3_daemon::runner: done kind="embed" id=68810 left=1028
2026-08-28T03:57:23.861817Z  INFO fs3_daemon::runner: done kind="embed" id=68801 left=1030
2026-08-28T03:57:23.864638Z  INFO fs3_daemon::runner: done kind=scan_file subject=crates/parsers/src/source.rs ms=58 left=1029
2026-08-28T03:57:23.870502Z  INFO fs3_daemon::runner: done kind="embed" id=68811 left=1029
2026-08-28T03:57:23.881365Z  INFO fs3_daemon::runner: done kind="embed" id=68814 left=1029
2026-08-28T03:57:23.892760Z  INFO fs3_daemon::runner: batch kind="embed" subject=15 x raw jobs=1 ms=1
2026-08-28T03:57:23.897552Z  INFO fs3_daemon::runner: done kind="embed" id=68820 left=1032
2026-08-28T03:57:23.907853Z  INFO fs3_daemon::runner: done kind=summarize subject=crates/cli/src/upgrade.rs::record ms=23 left=1032
2026-08-28T03:57:23.964346Z  INFO fs3_daemon::runner: batch kind="embed" subject=1 x smart jobs=1 ms=6
2026-08-28T03:57:23.964460Z  INFO fs3_daemon::runner: batch kind="embed" subject=16 x raw jobs=1 ms=6
2026-08-28T03:57:24.002897Z  INFO fs3_daemon::runner: done kind="embed" id=68826 left=1037
2026-08-28T03:57:24.038789Z  INFO fs3_daemon::runner: done kind=scan_file subject=crates/parsers/tests/cross_filter.rs ms=120 left=1036
2026-08-28T03:57:24.039329Z  INFO fs3_daemon::runner: done kind="embed" id=68825 left=1036
2026-08-28T03:57:24.129536Z  INFO fs3_daemon::runner: batch kind="embed" subject=1 x raw jobs=1 ms=6
2026-08-28T03:57:24.178350Z  INFO fs3_daemon::runner: done kind="embed" id=68833 left=1040
2026-08-28T03:57:24.188501Z  INFO fs3_daemon::watch: re-listed a changed directory directory=/Users/jordanknight/substrate/flowspace/fs3-epipe/crates/cli/src events=2 enqueued=1 settled=Quiet
2026-08-28T03:57:33.342856Z  INFO fs3_daemon::runner: progress phase="working" scanned=6865 scan_left=195 summarized=6805 summarize_left=846 embedded=15726 embed_left=1 failed=0
2026-08-28T03:57:33.360404Z  INFO fs3_daemon::runner: batch kind="embed" subject=16 x raw jobs=1 ms=4
2026-08-28T03:57:33.362182Z  INFO fs3_daemon::runner: done kind=scan_file subject=crates/parsers/src/discovery.rs ms=9626 left=1049
2026-08-28T03:57:33.365865Z  INFO fs3_daemon::runner: done kind="embed" id=68842 left=1051
2026-08-28T03:57:33.377113Z  INFO fs3_daemon::runner: batch kind="embed" subject=1 x raw jobs=1 ms=0
2026-08-28T03:57:33.385834Z  INFO fs3_daemon::runner: done kind="embed" id=68848 left=1061
2026-08-28T03:57:33.391329Z  INFO fs3_daemon::runner: done kind=scan_file subject=crates/parsers/tests/discovery_fixtures.rs ms=9310 left=1061
2026-08-28T03:57:33.398945Z  INFO fs3_daemon::runner: batch kind="embed" subject=14 x raw jobs=1 ms=1
2026-08-28T03:57:33.403412Z  INFO fs3_daemon::runner: done kind=summarize subject=crates/cli/tests/boot_contract.rs::a_daemon_that_cannot_reach_its_store_exits_non_zero_and_says_how_to_fix_it ms=12 left=1066
2026-08-28T03:57:33.404927Z  INFO fs3_daemon::runner: done kind="embed" id=68864 left=1066
2026-08-28T03:57:34.582229Z  INFO fs3_daemon::runner: batch kind="embed" subject=1 x smart jobs=1 ms=1
2026-08-28T03:57:34.582738Z  INFO fs3_daemon::runner: batch kind="embed" subject=16 x raw jobs=1 ms=2
2026-08-28T03:57:34.592789Z  INFO fs3_daemon::runner: done kind="embed" id=68874 left=1076
2026-08-28T03:57:34.597558Z  INFO fs3_daemon::runner: done kind="embed" id=68870 left=1078
2026-08-28T03:57:34.597594Z  INFO fs3_daemon::runner: done kind=scan_file subject=crates/parsers/tests/discovery_standard_ignores.rs ms=1268 left=1078
2026-08-28T03:57:34.606862Z  INFO fs3_daemon::runner: batch kind="embed" subject=3 x raw jobs=1 ms=0
2026-08-28T03:57:34.608589Z  INFO fs3_daemon::runner: done kind=scan_file subject=crates/parsers/tests/discovery_subtree.rs ms=1238 left=1082
2026-08-28T03:57:34.612746Z  INFO fs3_daemon::runner: done kind="embed" id=68886 left=1083
2026-08-28T03:57:34.617317Z  INFO fs3_daemon::runner: done kind=summarize subject=crates/cli/tests/boot_contract.rs::a_daemon_spawned_by_a_test_refuses_to_boot_against_a_defaulted_store ms=14 left=1083
2026-08-28T03:57:34.629864Z  INFO fs3_daemon::runner: batch kind="embed" subject=1 x smart jobs=1 ms=0
2026-08-28T03:57:34.630487Z  INFO fs3_daemon::runner: batch kind="embed" subject=13 x raw jobs=1 ms=1
2026-08-28T03:57:34.635882Z  INFO fs3_daemon::runner: done kind="embed" id=68895 left=1086
2026-08-28T03:57:34.640230Z  INFO fs3_daemon::runner: done kind="embed" id=68892 left=1086
2026-08-28T03:57:34.640562Z  INFO fs3_daemon::runner: done kind=scan_file subject=crates/parsers/tests/fixture_elements.rs ms=93 left=1086
2026-08-28T03:57:34.646819Z  INFO fs3_daemon::runner: done kind=scan_file subject=crates/providers/examples/embed_file.rs ms=30 left=1086
2026-08-28T03:57:34.648787Z  INFO fs3_daemon::runner: batch kind="embed" subject=19 x raw jobs=2 ms=1
2026-08-28T03:57:34.652626Z  INFO fs3_daemon::runner: done kind="embed" id=68903 left=1086
2026-08-28T03:57:34.654697Z  INFO fs3_daemon::runner: done kind=summarize subject=crates/cli/tests/boot_contract.rs::wait_for ms=11 left=1085
2026-08-28T03:57:34.655522Z  INFO fs3_daemon::runner: done kind="embed" id=68901 left=1084
2026-08-28T03:57:34.675773Z  INFO fs3_daemon::runner: batch kind="embed" subject=1 x smart jobs=1 ms=2
2026-08-28T03:57:34.682348Z  INFO fs3_daemon::runner: done kind="embed" id=68904 left=1083
2026-08-28T03:57:34.692491Z  INFO fs3_daemon::runner: done kind=scan_file subject=crates/providers/examples/embed_files.rs ms=34 left=1084
2026-08-28T03:57:34.696323Z  INFO fs3_daemon::runner: batch kind="embed" subject=4 x raw jobs=1 ms=0
2026-08-28T03:57:34.697617Z  INFO fs3_daemon::runner: done kind=summarize subject=crates/cli/tests/boot_contract.rs::temp_dir ms=12 left=1084
2026-08-28T03:57:34.700350Z  INFO fs3_daemon::runner: done kind="embed" id=68907 left=1083
2026-08-28T03:57:34.711154Z  INFO fs3_daemon::runner: batch kind="embed" subject=1 x smart jobs=1 ms=1
2026-08-28T03:57:34.719854Z  INFO fs3_daemon::runner: done kind="embed" id=68908 left=1082
2026-08-28T03:57:34.745371Z  INFO fs3_daemon::runner: done kind=scan_file subject=crates/providers/src/lib.rs ms=42 left=1085
2026-08-28T03:57:34.746398Z  INFO fs3_daemon::runner: batch kind="embed" subject=5 x raw jobs=1 ms=4
2026-08-28T03:57:34.752187Z  INFO fs3_daemon::runner: done kind="embed" id=68911 left=1085
2026-08-28T03:57:34.756052Z  INFO fs3_daemon::watch: re-listed a changed directory directory=/Users/jordanknight/substrate/flowspace/fs3-hi-u-r events=2 enqueued=7 settled=Quiet
2026-08-28T03:57:34.767354Z  INFO fs3_daemon::runner: done kind=summarize subject=crates/cli/tests/daemon_logging.rs::the_daemon_writes_a_log_file_and_names_it_on_its_first_line ms=9 left=1093
2026-08-28T03:57:34.771852Z  INFO fs3_daemon::runner: batch kind="embed" subject=16 x raw jobs=1 ms=1
2026-08-28T03:57:34.772043Z  INFO fs3_daemon::runner: batch kind="embed" subject=1 x smart jobs=1 ms=1
2026-08-28T03:57:34.777475Z  INFO fs3_daemon::runner: done kind="embed" id=68920 left=1097
2026-08-28T03:57:34.782811Z  INFO fs3_daemon::runner: done kind="embed" id=68918 left=1099
2026-08-28T03:57:34.842832Z  INFO fs3_daemon::runner: done kind=scan_file subject=crates/providers/src/azure_openai.rs ms=153 left=1142
2026-08-28T03:57:34.855520Z  INFO fs3_daemon::runner: batch kind="embed" subject=111 x raw jobs=7 ms=8
2026-08-28T03:57:34.857141Z  INFO fs3_daemon::runner: done kind=scan_file subject=crates/providers/src/local.rs ms=130 left=1152
2026-08-28T03:57:34.860129Z  INFO fs3_daemon::runner: done kind="embed" id=68956 left=1153
2026-08-28T03:57:34.864223Z  INFO fs3_daemon::runner: done kind="embed" id=68934 left=1155
2026-08-28T03:57:34.869873Z  INFO fs3_daemon::runner: done kind="embed" id=68971 left=1157
2026-08-28T03:57:34.873345Z  INFO fs3_daemon::runner: done kind="embed" id=68959 left=1158
2026-08-28T03:57:34.876553Z  INFO fs3_daemon::runner: done kind="embed" id=68929 left=1159
2026-08-28T03:57:34.877180Z  INFO fs3_daemon::runner: done kind=scan_file subject=crates/providers/src/openai_compat.rs ms=87 left=1158
2026-08-28T03:57:34.881378Z  INFO fs3_daemon::runner: done kind="embed" id=68953 left=1158
2026-08-28T03:57:34.885776Z  INFO fs3_daemon::runner: done kind="embed" id=68950 left=1158
2026-08-28T03:57:34.919229Z  INFO fs3_daemon::runner: done kind=scan_file subject=crates/providers/src/openai.rs ms=156 left=1159
2026-08-28T03:57:34.920908Z  INFO fs3_daemon::runner: batch kind="embed" subject=74 x raw jobs=6 ms=5
2026-08-28T03:57:34.925404Z  INFO fs3_daemon::runner: done kind="embed" id=68983 left=1159
2026-08-28T03:57:34.930140Z  INFO fs3_daemon::runner: done kind="embed" id=69002 left=1160
2026-08-28T03:57:34.935184Z  INFO fs3_daemon::runner: done kind="embed" id=68988 left=1160
2026-08-28T03:57:34.940251Z  INFO fs3_daemon::runner: done kind="embed" id=69000 left=1160
2026-08-28T03:57:34.944562Z  INFO fs3_daemon::runner: done kind="embed" id=68997 left=1160
2026-08-28T03:57:34.948953Z  INFO fs3_daemon::runner: done kind="embed" id=68982 left=1160
2026-08-28T03:57:34.969542Z  INFO fs3_daemon::runner: batch kind="embed" subject=16 x raw jobs=1 ms=1
2026-08-28T03:57:34.974097Z  INFO fs3_daemon::runner: done kind="embed" id=69009 left=1164
2026-08-28T03:57:34.996650Z  INFO fs3_daemon::runner: done kind=scan_file subject=crates/providers/tests/azure_openai_contract.rs ms=44 left=1169
2026-08-28T03:57:34.999766Z  INFO fs3_daemon::runner: done kind=scan_file subject=crates/providers/src/retry.rs ms=110 left=1168
2026-08-28T03:57:35.003809Z  INFO fs3_daemon::runner: batch kind="embed" subject=16 x raw jobs=2 ms=2
2026-08-28T03:57:35.009183Z  INFO fs3_daemon::runner: done kind="embed" id=69020 left=1169
2026-08-28T03:57:35.013033Z  INFO fs3_daemon::runner: done kind="embed" id=69018 left=1169
2026-08-28T03:57:35.060709Z  INFO fs3_daemon::runner: done kind=summarize subject=crates/cli/tests/docs_bundle.rs::commands_mentioned ms=15 left=1185
2026-08-28T03:57:35.063179Z  INFO fs3_daemon::runner: done kind=scan_file subject=crates/providers/tests/local_contract.rs ms=46 left=1185
2026-08-28T03:57:35.070707Z  INFO fs3_daemon::runner: batch kind="embed" subject=1 x smart jobs=1 ms=2
2026-08-28T03:57:35.071318Z  INFO fs3_daemon::runner: batch kind="embed" subject=36 x raw jobs=3 ms=2
2026-08-28T03:57:35.072396Z  INFO fs3_daemon::runner: done kind=scan_file subject=crates/providers/tests/common/mod.rs ms=87 left=1186
2026-08-28T03:57:35.076910Z  INFO fs3_daemon::runner: done kind="embed" id=69041 left=1186
2026-08-28T03:57:35.084213Z  INFO fs3_daemon::runner: done kind="embed" id=69039 left=1186
2026-08-28T03:57:35.092246Z  INFO fs3_daemon::runner: done kind="embed" id=69033 left=1187
2026-08-28T03:57:35.098132Z  INFO fs3_daemon::runner: done kind="embed" id=69037 left=1187
2026-08-28T03:57:35.147889Z  INFO fs3_daemon::runner: batch kind="embed" subject=3 x raw jobs=1 ms=1
2026-08-28T03:57:35.156421Z  INFO fs3_daemon::runner: done kind="embed" id=69042 left=1191
2026-08-28T03:57:35.217602Z  INFO fs3_daemon::runner: done kind=summarize subject=crates/cli/tests/docs_bundle.rs::commands_offered ms=56 left=1198
2026-08-28T03:57:35.218980Z  INFO fs3_daemon::runner: done kind=scan_file subject=crates/providers/tests/openai_compat_contract.rs ms=116 left=1199
2026-08-28T03:57:35.224670Z  INFO fs3_daemon::runner: batch kind="embed" subject=1 x smart jobs=1 ms=1
2026-08-28T03:57:35.226124Z  INFO fs3_daemon::runner: batch kind="embed" subject=3 x raw jobs=1 ms=2
2026-08-28T03:57:35.233954Z  INFO fs3_daemon::runner: done kind="embed" id=69061 left=1204
2026-08-28T03:57:35.239384Z  INFO fs3_daemon::runner: done kind="embed" id=69059 left=1205
2026-08-28T03:57:35.241552Z  INFO fs3_daemon::runner: done kind=scan_file subject=crates/providers/tests/azure_openai_stub.rs ms=261 left=1204
2026-08-28T03:57:35.250243Z  INFO fs3_daemon::runner: batch kind="embed" subject=17 x raw jobs=2 ms=1
2026-08-28T03:57:35.255808Z  INFO fs3_daemon::runner: done kind="embed" id=69071 left=1207
2026-08-28T03:57:35.260080Z  INFO fs3_daemon::runner: done kind=summarize subject=crates/cli/tests/docs_bundle.rs::every_command_the_bundle_teaches_actually_exists ms=15 left=1207
2026-08-28T03:57:35.261849Z  INFO fs3_daemon::runner: done kind="embed" id=69065 left=1206
2026-08-28T03:57:35.288537Z  INFO fs3_daemon::runner: done kind=scan_file subject=crates/providers/tests/openai_compat_stub.rs ms=121 left=1206
2026-08-28T03:57:35.291569Z  INFO fs3_daemon::runner: batch kind="embed" subject=15 x raw jobs=1 ms=0
2026-08-28T03:57:35.291851Z  INFO fs3_daemon::runner: batch kind="embed" subject=1 x smart jobs=1 ms=1
2026-08-28T03:57:35.295896Z  INFO fs3_daemon::runner: done kind="embed" id=69078 left=1206
2026-08-28T03:57:35.297546Z  INFO fs3_daemon::runner: done kind=scan_file subject=crates/providers/tests/openai_contract.rs ms=32 left=1205
2026-08-28T03:57:35.299467Z  INFO fs3_daemon::runner: done kind="embed" id=69075 left=1204
2026-08-28T03:57:35.308824Z  INFO fs3_daemon::runner: batch kind="embed" subject=3 x raw jobs=1 ms=0
2026-08-28T03:57:35.313041Z  INFO fs3_daemon::runner: done kind="embed" id=69079 left=1204
2026-08-28T03:57:35.315679Z  INFO fs3_daemon::runner: done kind=summarize subject=crates/cli/tests/docs_bundle.rs::the_operating_loop_is_documented ms=11 left=1203
2026-08-28T03:57:35.332311Z  INFO fs3_daemon::runner: batch kind="embed" subject=1 x smart jobs=1 ms=2
2026-08-28T03:57:35.338354Z  INFO fs3_daemon::runner: done kind="embed" id=69080 left=1202
2026-08-28T03:57:35.353421Z  INFO fs3_daemon::runner: done kind=summarize subject=crates/cli/tests/docs_bundle.rs::docs_answer_from_the_binary_with_nothing_else_running ms=11 left=1204
2026-08-28T03:57:35.355512Z  INFO fs3_daemon::runner: batch kind="embed" subject=1 x smart jobs=1 ms=0
2026-08-28T03:57:35.360474Z  INFO fs3_daemon::runner: done kind="embed" id=69083 left=1205
2026-08-28T03:57:35.361176Z  INFO fs3_daemon::runner: done kind=summarize subject=crates/cli/tests/doctor_daemon.rs::config_for ms=11 left=1205
2026-08-28T03:57:35.388427Z  INFO fs3_daemon::runner: batch kind="embed" subject=1 x smart jobs=1 ms=0
2026-08-28T03:57:35.397454Z  INFO fs3_daemon::runner: done kind="embed" id=69086 left=1207
2026-08-28T03:57:35.400397Z  INFO fs3_daemon::runner: done kind=scan_file subject=crates/providers/tests/openai_stub.rs ms=83 left=1207
2026-08-28T03:57:35.409151Z  INFO fs3_daemon::runner: batch kind="embed" subject=11 x raw jobs=1 ms=1
2026-08-28T03:57:35.413801Z  INFO fs3_daemon::runner: done kind="embed" id=69090 left=1210
2026-08-28T03:57:35.416101Z  INFO fs3_daemon::runner: done kind=summarize subject=crates/cli/tests/docs_bundle.rs::an_unknown_topic_exits_non_zero_and_names_the_real_ones ms=11 left=1210
2026-08-28T03:57:35.426910Z  INFO fs3_daemon::runner: batch kind="embed" subject=1 x smart jobs=1 ms=1
2026-08-28T03:57:35.430664Z  INFO fs3_daemon::runner: done kind=summarize subject=crates/cli/tests/doctor_daemon.rs::run ms=12 left=1213
2026-08-28T03:57:35.432258Z  INFO fs3_daemon::runner: done kind="embed" id=69096 left=1213
2026-08-28T03:57:35.437894Z  INFO fs3_daemon::runner: done kind=scan_file subject=crates/providers/tests/retry_behaviour.rs ms=73 left=1212
2026-08-28T03:57:35.462018Z  INFO fs3_daemon::runner: batch kind="embed" subject=1 x smart jobs=1 ms=1
2026-08-28T03:57:35.462041Z  INFO fs3_daemon::runner: batch kind="embed" subject=12 x raw jobs=1 ms=1
2026-08-28T03:57:35.468793Z  INFO fs3_daemon::runner: done kind="embed" id=69100 left=1212
2026-08-28T03:57:35.470619Z  INFO fs3_daemon::runner: done kind=scan_file subject=crates/store/migrations/0001_elements.sql ms=32 left=1211
2026-08-28T03:57:35.473075Z  INFO fs3_daemon::runner: done kind="embed" id=69102 left=1210
2026-08-28T03:57:35.508211Z  INFO fs3_daemon::runner: batch kind="embed" subject=1 x raw jobs=1 ms=0
2026-08-28T03:57:35.516178Z  INFO fs3_daemon::runner: done kind="embed" id=69103 left=1209
2026-08-28T03:57:35.522671Z  INFO fs3_daemon::runner: done kind=scan_file subject=crates/store/migrations/0002_element_kinds.sql ms=45 left=1209
2026-08-28T03:57:35.529208Z  INFO fs3_daemon::runner: batch kind="embed" subject=1 x raw jobs=1 ms=2
2026-08-28T03:57:35.537478Z  INFO fs3_daemon::runner: done kind="embed" id=69104 left=1209
2026-08-28T03:57:35.540417Z  INFO fs3_daemon::runner: done kind=summarize subject=crates/cli/tests/doctor_daemon.rs::doctor_reports_degraded_when_no_daemon_is_listening ms=17 left=1208
2026-08-28T03:57:35.622592Z  INFO fs3_daemon::runner: batch kind="embed" subject=1 x smart jobs=1 ms=1
2026-08-28T03:57:35.640170Z  INFO fs3_daemon::runner: done kind="embed" id=69105 left=1208
2026-08-28T03:57:35.643888Z  INFO fs3_daemon::runner: done kind=scan_file subject=crates/store/migrations/0003_ref_layer.sql ms=100 left=1207
2026-08-28T03:57:35.656583Z  INFO fs3_daemon::runner: batch kind="embed" subject=1 x raw jobs=1 ms=1
2026-08-28T03:57:35.660963Z  INFO fs3_daemon::runner: done kind=summarize subject=crates/cli/tests/doctor_daemon.rs::doctor_reports_ok_when_the_daemon_answers ms=14 left=1207
2026-08-28T03:57:35.665567Z  INFO fs3_daemon::runner: done kind="embed" id=69106 left=1206
2026-08-28T03:57:35.725225Z  INFO fs3_daemon::runner: batch kind="embed" subject=1 x smart jobs=1 ms=1
2026-08-28T03:57:35.731628Z  INFO fs3_daemon::runner: done kind="embed" id=69107 left=1205
2026-08-28T03:57:35.739717Z  INFO fs3_daemon::runner: done kind=scan_file subject=crates/store/migrations/0004_content_layer.sql ms=69 left=1205
2026-08-28T03:57:35.747264Z  INFO fs3_daemon::runner: batch kind="embed" subject=1 x raw jobs=1 ms=1
2026-08-28T03:57:35.753394Z  INFO fs3_daemon::runner: done kind="embed" id=69108 left=1204
2026-08-28T03:57:35.753912Z  INFO fs3_daemon::runner: done kind=summarize subject=crates/cli/tests/doctor_daemon.rs::doctor_warns_when_only_the_offline_fake_is_configured ms=14 left=1204
2026-08-28T03:57:35.761686Z  INFO fs3_daemon::runner: batch kind="embed" subject=1 x smart jobs=1 ms=0
2026-08-28T03:57:35.766233Z  INFO fs3_daemon::runner: done kind="embed" id=69109 left=1204
2026-08-28T03:57:35.768024Z  INFO fs3_daemon::runner: done kind=summarize subject=crates/cli/tests/doctor_daemon.rs::doctor_warns_when_a_real_provider_has_no_key ms=10 left=1203
2026-08-28T03:57:35.779609Z  INFO fs3_daemon::runner: batch kind="embed" subject=1 x smart jobs=1 ms=0
2026-08-28T03:57:35.783973Z  INFO fs3_daemon::runner: done kind="embed" id=69110 left=1202
2026-08-28T03:57:35.790087Z  INFO fs3_daemon::runner: done kind=scan_file subject=crates/store/migrations/0005_job_backlog.sql ms=19 left=1202
2026-08-28T03:57:35.794537Z  INFO fs3_daemon::runner: batch kind="embed" subject=1 x raw jobs=1 ms=0
2026-08-28T03:57:35.799062Z  INFO fs3_daemon::runner: done kind="embed" id=69111 left=1202
2026-08-28T03:57:35.801139Z  INFO fs3_daemon::runner: done kind=summarize subject=crates/cli/tests/doctor_daemon.rs::doctor_warns_when_an_active_names_no_configured_instance ms=9 left=1201
2026-08-28T03:57:35.817065Z  INFO fs3_daemon::runner: batch kind="embed" subject=1 x smart jobs=1 ms=0
2026-08-28T03:57:35.823200Z  INFO fs3_daemon::runner: done kind="embed" id=69112 left=1200
2026-08-28T03:57:35.827115Z  INFO fs3_daemon::runner: done kind=scan_file subject=crates/store/migrations/0006_smart_content_extras.sql ms=24 left=1200
2026-08-28T03:57:35.832641Z  INFO fs3_daemon::runner: batch kind="embed" subject=1 x raw jobs=1 ms=0
2026-08-28T03:57:35.836946Z  INFO fs3_daemon::runner: done kind="embed" id=69113 left=1200
2026-08-28T03:57:35.839439Z  INFO fs3_daemon::runner: done kind=summarize subject=crates/cli/tests/doctor_daemon.rs::an_informational_row_reports_without_degrading_the_verdict ms=11 left=1199
2026-08-28T03:57:35.860129Z  INFO fs3_daemon::runner: batch kind="embed" subject=1 x smart jobs=1 ms=0
2026-08-28T03:57:35.866931Z  INFO fs3_daemon::runner: done kind="embed" id=69114 left=1199
2026-08-28T03:57:35.869566Z  INFO fs3_daemon::runner: done kind=scan_file subject=crates/store/migrations/0007_job_parks.sql ms=28 left=1198
2026-08-28T03:57:35.875543Z  INFO fs3_daemon::runner: batch kind="embed" subject=1 x raw jobs=1 ms=0
2026-08-28T03:57:35.879556Z  INFO fs3_daemon::runner: done kind="embed" id=69115 left=1198
2026-08-28T03:57:35.880833Z  INFO fs3_daemon::runner: done kind=summarize subject=crates/cli/tests/doctor_daemon.rs::doctor_walks_the_skills_row_last_and_informationally ms=9 left=1197
2026-08-28T03:57:35.898883Z  INFO fs3_daemon::runner: batch kind="embed" subject=1 x smart jobs=1 ms=1
2026-08-28T03:57:35.904741Z  INFO fs3_daemon::runner: done kind="embed" id=69116 left=1196
2026-08-28T03:57:35.911304Z  INFO fs3_daemon::runner: done kind=scan_file subject=crates/store/migrations/0008_user_messages.sql ms=28 left=1196
2026-08-28T03:57:35.929085Z  INFO fs3_daemon::runner: batch kind="embed" subject=1 x raw jobs=1 ms=0
2026-08-28T03:57:35.934595Z  INFO fs3_daemon::runner: done kind="embed" id=69117 left=1195
2026-08-28T03:57:35.938791Z  INFO fs3_daemon::runner: done kind=scan_file subject=crates/store/migrations/0009_update_state.sql ms=25 left=1195
2026-08-28T03:57:35.944131Z  INFO fs3_daemon::runner: batch kind="embed" subject=1 x raw jobs=1 ms=0
2026-08-28T03:57:35.948143Z  INFO fs3_daemon::runner: done kind="embed" id=69118 left=1195
2026-08-28T03:57:35.952733Z  INFO fs3_daemon::runner: done kind=summarize subject=crates/cli/tests/ping.rs::flowspace3 ms=13 left=1194
2026-08-28T03:57:35.980482Z  INFO fs3_daemon::runner: batch kind="embed" subject=1 x smart jobs=1 ms=1
2026-08-28T03:57:35.988532Z  INFO fs3_daemon::runner: done kind="embed" id=69119 left=1194
2026-08-28T03:57:35.991703Z  INFO fs3_daemon::runner: done kind=scan_file subject=crates/store/migrations/0010_embedding_truncation.sql ms=38 left=1193
2026-08-28T03:57:35.996382Z  INFO fs3_daemon::runner: batch kind="embed" subject=1 x raw jobs=1 ms=0
2026-08-28T03:57:36.002113Z  INFO fs3_daemon::runner: done kind="embed" id=69120 left=1192
2026-08-28T03:57:36.002819Z  INFO fs3_daemon::runner: done kind=summarize subject=crates/cli/tests/ping.rs::serve_once ms=10 left=1192
2026-08-28T03:57:36.036212Z  INFO fs3_daemon::runner: batch kind="embed" subject=1 x smart jobs=1 ms=0
2026-08-28T03:57:36.065596Z  INFO fs3_daemon::runner: done kind="embed" id=69121 left=1192
2026-08-28T03:57:36.082716Z  INFO fs3_daemon::runner: done kind=scan_file subject=crates/store/migrations/0011_job_terminal.sql ms=66 left=1191
2026-08-28T03:57:36.116383Z  INFO fs3_daemon::runner: batch kind="embed" subject=1 x raw jobs=1 ms=0
2026-08-28T03:57:36.150463Z  INFO fs3_daemon::runner: done kind="embed" id=69122 left=1191
2026-08-28T03:57:36.159877Z  INFO fs3_daemon::runner: done kind=summarize subject=crates/cli/tests/ping.rs::ping_reports_a_healthy_daemon ms=60 left=1190
2026-08-28T03:57:36.184337Z  INFO fs3_daemon::runner: batch kind="embed" subject=1 x smart jobs=1 ms=1
2026-08-28T03:57:36.211179Z  INFO fs3_daemon::runner: done kind="embed" id=69123 left=1190
2026-08-28T03:57:36.223644Z  INFO fs3_daemon::runner: done kind=scan_file subject=crates/store/migrations/0012_update_state_per_install.sql ms=53 left=1189
2026-08-28T03:57:36.265020Z  INFO fs3_daemon::runner: batch kind="embed" subject=1 x raw jobs=1 ms=0
2026-08-28T03:57:36.296165Z  INFO fs3_daemon::runner: done kind="embed" id=69124 left=1189
2026-08-28T03:57:36.319675Z  INFO fs3_daemon::runner: done kind=summarize subject=crates/cli/tests/ping.rs::ping_without_a_daemon_exits_non_zero_and_suggests_doctor ms=84 left=1188
2026-08-28T03:57:36.822347Z  INFO fs3_daemon::runner: batch kind="embed" subject=1 x smart jobs=1 ms=0
2026-08-28T03:57:36.841786Z  INFO fs3_daemon::runner: done kind=scan_file subject=crates/store/migrations/0013_conversations.sql ms=508 left=1188
2026-08-28T03:57:36.856254Z  INFO fs3_daemon::runner: done kind="embed" id=69125 left=1188
2026-08-28T03:57:36.894644Z  INFO fs3_daemon::runner: batch kind="embed" subject=1 x raw jobs=1 ms=0
2026-08-28T03:57:36.918112Z  INFO fs3_daemon::runner: done kind="embed" id=69126 left=1188
2026-08-28T03:57:36.930134Z  INFO fs3_daemon::runner: done kind=summarize subject=crates/cli/tests/ping.rs::ping_without_a_key_is_actionable ms=56 left=1187
2026-08-28T03:57:36.967562Z  INFO fs3_daemon::runner: batch kind="embed" subject=1 x smart jobs=1 ms=2
2026-08-28T03:57:36.989372Z  INFO fs3_daemon::runner: done kind="embed" id=69128 left=1187
2026-08-28T03:57:37.068736Z  INFO fs3_daemon::runner: done kind=summarize subject=crates/cli/tests/ping.rs::ping_refuses_a_daemon_that_reports_a_bad_status ms=56 left=1190
2026-08-28T03:57:37.070955Z  INFO fs3_daemon::runner: batch kind="embed" subject=1 x smart jobs=1 ms=3
2026-08-28T03:57:37.080239Z  INFO fs3_daemon::watch: re-listed a changed directory directory=/Users/jordanknight/substrate/flowspace/fs3-hi-u-t/docs/services events=2 enqueued=1 settled=Quiet
2026-08-28T03:57:37.099339Z  INFO fs3_daemon::runner: done kind="embed" id=69132 left=1191
2026-08-28T03:57:37.170588Z  INFO fs3_daemon::runner: done kind=summarize subject=crates/cli/tests/ping.rs::the_client_sends_a_get_to_health ms=50 left=1197
2026-08-28T03:57:37.200471Z  INFO fs3_daemon::runner: batch kind="embed" subject=1 x smart jobs=1 ms=1
2026-08-28T03:57:37.224215Z  INFO fs3_daemon::runner: done kind="embed" id=69140 left=1202
2026-08-28T03:57:37.303001Z  INFO fs3_daemon::runner: done kind=summarize subject=crates/cli/tests/ping.rs::a_trailing_slash_in_the_url_is_tolerated ms=50 left=1211
2026-08-28T03:57:37.320841Z  INFO fs3_daemon::runner: done kind=scan_file subject=crates/store/src/admin.rs ms=374 left=1212
2026-08-28T03:57:37.337710Z  INFO fs3_daemon::runner: batch kind="embed" subject=1 x smart jobs=1 ms=2
2026-08-28T03:57:37.337992Z  INFO fs3_daemon::runner: batch kind="embed" subject=23 x raw jobs=2 ms=3
2026-08-28T03:57:37.352977Z  INFO fs3_daemon::runner: done kind="embed" id=69155 left=1213
2026-08-28T03:57:37.361085Z  INFO fs3_daemon::runner: done kind="embed" id=69158 left=1214
2026-08-28T03:57:37.368472Z  INFO fs3_daemon::runner: done kind=scan_file subject=crates/store/src/conversations.rs ms=326 left=1215
2026-08-28T03:57:37.369744Z  INFO fs3_daemon::runner: done kind=scan_file subject=crates/store/src/elements.rs ms=223 left=1213
2026-08-28T03:57:37.370684Z  INFO fs3_daemon::runner: done kind="embed" id=69145 left=1213
2026-08-28T03:57:37.388756Z  INFO fs3_daemon::runner: batch kind="embed" subject=23 x raw jobs=2 ms=1
2026-08-28T03:57:37.394681Z  INFO fs3_daemon::runner: done kind="embed" id=69166 left=1212
2026-08-28T03:57:37.403553Z  INFO fs3_daemon::runner: done kind="embed" id=69165 left=1213
2026-08-28T03:57:37.497329Z  INFO fs3_daemon::runner: done kind=scan_file subject=crates/store/src/lib.rs ms=69 left=1238
2026-08-28T03:57:37.502815Z  INFO fs3_daemon::runner: batch kind="embed" subject=36 x raw jobs=3 ms=1
2026-08-28T03:57:37.517859Z  INFO fs3_daemon::runner: done kind="embed" id=69191 left=1245
2026-08-28T03:57:37.530081Z  INFO fs3_daemon::runner: done kind="embed" id=69193 left=1246
2026-08-28T03:57:37.539292Z  INFO fs3_daemon::runner: done kind=scan_file subject=crates/store/src/embeddings.rs ms=164 left=1247
2026-08-28T03:57:37.542253Z  INFO fs3_daemon::runner: done kind=scan_file subject=crates/store/src/jobs.rs ms=132 left=1246
2026-08-28T03:57:37.542573Z  INFO fs3_daemon::runner: done kind="embed" id=69183 left=1246
2026-08-28T03:57:37.547089Z  INFO fs3_daemon::runner: done kind=scan_file subject=crates/store/src/messages.rs ms=80 left=1245
2026-08-28T03:57:37.573041Z  INFO fs3_daemon::runner: batch kind="embed" subject=22 x raw jobs=3 ms=2
2026-08-28T03:57:37.579554Z  INFO fs3_daemon::runner: done kind="embed" id=69207 left=1244
2026-08-28T03:57:37.585359Z  INFO fs3_daemon::runner: done kind="embed" id=69205 left=1244
2026-08-28T03:57:37.590539Z  INFO fs3_daemon::runner: done kind="embed" id=69204 left=1244
2026-08-28T03:57:37.669028Z  INFO fs3_daemon::runner: done kind=summarize subject=crates/core/src/address.rs::AddressError ms=73 left=1249
2026-08-28T03:57:37.696032Z  INFO fs3_daemon::runner: batch kind="embed" subject=1 x smart jobs=1 ms=2
2026-08-28T03:57:37.715365Z  INFO fs3_daemon::runner: done kind="embed" id=69213 left=1252
2026-08-28T03:57:37.717854Z  INFO fs3_daemon::runner: done kind=summarize subject=crates/core/src/address.rs::AddressError::fmt ms=55 left=1252
2026-08-28T03:57:37.727905Z  INFO fs3_daemon::runner: done kind=scan_file subject=crates/store/src/read.rs ms=179 left=1251
2026-08-28T03:57:37.798801Z  INFO fs3_daemon::runner: batch kind="embed" subject=9 x raw jobs=1 ms=1
2026-08-28T03:57:37.799528Z  INFO fs3_daemon::runner: batch kind="embed" subject=1 x smart jobs=1 ms=2
2026-08-28T03:57:37.822804Z  INFO fs3_daemon::runner: done kind="embed" id=69219 left=1254
2026-08-28T03:57:37.865599Z  INFO fs3_daemon::runner: done kind=scan_file subject=crates/store/src/refs.rs ms=265 left=1254
2026-08-28T03:57:37.867669Z  INFO fs3_daemon::runner: done kind="embed" id=69218 left=1254
2026-08-28T03:57:37.910323Z  INFO fs3_daemon::runner: batch kind="embed" subject=8 x raw jobs=1 ms=1
2026-08-28T03:57:37.933337Z  INFO fs3_daemon::runner: done kind="embed" id=69225 left=1257
2026-08-28T03:57:37.950887Z  INFO fs3_daemon::runner: done kind=summarize subject=crates/core/src/address.rs::Address ms=62 left=1257
2026-08-28T03:57:37.989904Z  INFO fs3_daemon::runner: batch kind="embed" subject=1 x smart jobs=1 ms=2
2026-08-28T03:57:38.022500Z  INFO fs3_daemon::runner: done kind="embed" id=69230 left=1259
2026-08-28T03:57:38.033007Z  INFO fs3_daemon::runner: done kind=scan_file subject=crates/store/src/roots.rs ms=291 left=1258
2026-08-28T03:57:38.083214Z  INFO fs3_daemon::runner: batch kind="embed" subject=15 x raw jobs=1 ms=1
2026-08-28T03:57:38.102076Z  INFO fs3_daemon::runner: done kind=summarize subject=crates/core/src/address.rs::Address::parse ms=56 left=1260
2026-08-28T03:57:38.106763Z  INFO fs3_daemon::runner: done kind="embed" id=69233 left=1260
2026-08-28T03:57:38.160421Z  INFO fs3_daemon::runner: batch kind="embed" subject=1 x smart jobs=1 ms=0
2026-08-28T03:57:38.174685Z  INFO fs3_daemon::runner: done kind=scan_file subject=crates/store/src/smart.rs ms=211 left=1262
2026-08-28T03:57:38.181726Z  INFO fs3_daemon::runner: done kind="embed" id=69237 left=1261
2026-08-28T03:57:38.194722Z  INFO fs3_daemon::runner: batch kind="embed" subject=7 x raw jobs=1 ms=1
2026-08-28T03:57:38.201718Z  INFO fs3_daemon::runner: done kind="embed" id=69240 left=1264
2026-08-28T03:57:38.203971Z  INFO fs3_daemon::runner: done kind=summarize subject=crates/core/src/address.rs::ElementParts ms=15 left=1264
2026-08-28T03:57:38.215151Z  INFO fs3_daemon::runner: batch kind="embed" subject=1 x smart jobs=1 ms=1
2026-08-28T03:57:38.219933Z  INFO fs3_daemon::runner: done kind="embed" id=69244 left=1266
2026-08-28T03:57:38.222627Z  INFO fs3_daemon::runner: done kind=summarize subject=crates/core/src/catalog.rs::Area ms=14 left=1266
2026-08-28T03:57:38.236301Z  INFO fs3_daemon::runner: done kind=scan_file subject=crates/store/src/updates.rs ms=105 left=1266
2026-08-28T03:57:38.236317Z  INFO fs3_daemon::runner: batch kind="embed" subject=1 x smart jobs=1 ms=4
2026-08-28T03:57:38.236369Z  INFO fs3_daemon::runner: batch kind="embed" subject=8 x raw jobs=1 ms=4
2026-08-28T03:57:38.240883Z  INFO fs3_daemon::runner: done kind="embed" id=69249 left=1265
2026-08-28T03:57:38.245008Z  INFO fs3_daemon::runner: done kind="embed" id=69251 left=1265
2026-08-28T03:57:38.259246Z  INFO fs3_daemon::runner: batch kind="embed" subject=1 x smart jobs=1 ms=1
2026-08-28T03:57:38.259265Z  INFO fs3_daemon::runner: done kind=summarize subject=crates/core/src/catalog.rs::Area ms=9 left=1269
2026-08-28T03:57:38.265585Z  INFO fs3_daemon::runner: done kind="embed" id=69256 left=1271
2026-08-28T03:57:38.267678Z  INFO fs3_daemon::runner: done kind=summarize subject=crates/core/src/address.rs::ElementAddress ms=12 left=1270
2026-08-28T03:57:38.336103Z  INFO fs3_daemon::runner: batch kind="embed" subject=1 x smart jobs=1 ms=1
2026-08-28T03:57:38.346833Z  INFO fs3_daemon::runner: done kind="embed" id=69259 left=1275
2026-08-28T03:57:38.361612Z  INFO fs3_daemon::runner: progress phase="working" scanned=6912 scan_left=155 summarized=6841 summarize_left=1122 embedded=15828 embed_left=1 failed=0
2026-08-28T03:57:38.369805Z  INFO fs3_daemon::runner: batch kind="embed" subject=16 x raw jobs=1 ms=1
2026-08-28T03:57:38.370351Z  INFO fs3_daemon::runner: done kind=summarize subject=crates/core/src/catalog.rs::Area::as_str ms=18 left=1283
2026-08-28T03:57:38.379696Z  INFO fs3_daemon::runner: done kind="embed" id=69268 left=1284
2026-08-28T03:57:38.409234Z  INFO fs3_daemon::runner: batch kind="embed" subject=1 x smart jobs=1 ms=3
2026-08-28T03:57:38.409286Z  INFO fs3_daemon::runner: done kind=scan_file subject=crates/store/tests/pg_conversations.rs ms=183 left=1287
2026-08-28T03:57:38.410232Z  INFO fs3_daemon::runner: batch kind="embed" subject=5 x raw jobs=1 ms=4
2026-08-28T03:57:38.414677Z  INFO fs3_daemon::runner: done kind="embed" id=69279 left=1288
2026-08-28T03:57:38.419381Z  INFO fs3_daemon::runner: done kind="embed" id=69273 left=1290
2026-08-28T03:57:38.427784Z  INFO fs3_daemon::runner: batch kind="embed" subject=16 x raw jobs=1 ms=1
2026-08-28T03:57:38.432849Z  INFO fs3_daemon::runner: done kind="embed" id=69288 left=1298
2026-08-28T03:57:38.434459Z  INFO fs3_daemon::runner: done kind=summarize subject=crates/core/src/catalog.rs::Code ms=11 left=1297
2026-08-28T03:57:38.438409Z  INFO fs3_daemon::runner: done kind=scan_file subject=crates/store/tests/pg_migrations.rs ms=53 left=1297
2026-08-28T03:57:38.443454Z  INFO fs3_daemon::runner: batch kind="embed" subject=1 x smart jobs=1 ms=0
2026-08-28T03:57:38.443564Z  INFO fs3_daemon::runner: batch kind="embed" subject=9 x raw jobs=1 ms=0
2026-08-28T03:57:38.450346Z  INFO fs3_daemon::runner: done kind="embed" id=69294 left=1299
2026-08-28T03:57:38.453000Z  INFO fs3_daemon::runner: done kind=summarize subject=crates/core/src/address.rs::ElementAddress::split ms=14 left=1299
2026-08-28T03:57:38.454959Z  INFO fs3_daemon::runner: done kind="embed" id=69293 left=1298
2026-08-28T03:57:38.458465Z  INFO fs3_daemon::runner: done kind=scan_file subject=crates/store/tests/pg_first_light.rs ms=189 left=1297
2026-08-28T03:57:38.473177Z  INFO fs3_daemon::runner: batch kind="embed" subject=7 x raw jobs=1 ms=2
2026-08-28T03:57:38.474154Z  INFO fs3_daemon::runner: batch kind="embed" subject=1 x smart jobs=1 ms=3
2026-08-28T03:57:38.480674Z  INFO fs3_daemon::runner: done kind="embed" id=69300 left=1296
2026-08-28T03:57:38.485802Z  INFO fs3_daemon::runner: done kind="embed" id=69299 left=1296
2026-08-28T03:57:38.514344Z  INFO fs3_daemon::runner: batch kind="embed" subject=1 x smart jobs=1 ms=1
2026-08-28T03:57:38.515813Z  INFO fs3_daemon::runner: done kind=summarize subject=crates/core/src/catalog.rs::Code::new ms=23 left=1301
2026-08-28T03:57:38.518560Z  INFO fs3_daemon::runner: done kind=summarize subject=crates/core/src/address.rs::ConversationAddress ms=18 left=1301
2026-08-28T03:57:38.522982Z  INFO fs3_daemon::runner: done kind="embed" id=69305 left=1301
2026-08-28T03:57:38.526520Z  INFO fs3_daemon::runner: done kind=scan_file subject=crates/store/tests/pg_read.rs ms=65 left=1300
2026-08-28T03:57:38.544374Z  INFO fs3_daemon::runner: batch kind="embed" subject=1 x smart jobs=1 ms=2
2026-08-28T03:57:38.544850Z  INFO fs3_daemon::runner: batch kind="embed" subject=8 x raw jobs=1 ms=3
2026-08-28T03:57:38.552091Z  INFO fs3_daemon::runner: done kind="embed" id=69309 left=1300
2026-08-28T03:57:38.556276Z  INFO fs3_daemon::runner: done kind="embed" id=69307 left=1300
2026-08-28T03:57:38.576233Z  INFO fs3_daemon::runner: done kind=summarize subject=crates/core/src/address.rs::ConversationAddress::parse ms=14 left=1305
2026-08-28T03:57:38.576586Z  INFO fs3_daemon::runner: done kind=summarize subject=crates/core/src/catalog.rs::Code::http_status ms=9 left=1304
2026-08-28T03:57:38.580265Z  INFO fs3_daemon::runner: batch kind="embed" subject=2 x smart jobs=2 ms=0
2026-08-28T03:57:38.592920Z  INFO fs3_daemon::runner: done kind="embed" id=69315 left=1306
2026-08-28T03:57:38.601153Z  INFO fs3_daemon::runner: done kind="embed" id=69316 left=1306
2026-08-28T03:57:38.641304Z  INFO fs3_daemon::runner: done kind=scan_file subject=crates/store/tests/pg_remove_and_gc.rs ms=113 left=1306
2026-08-28T03:57:38.644169Z  INFO fs3_daemon::runner: batch kind="embed" subject=11 x raw jobs=1 ms=1
2026-08-28T03:57:38.647773Z  INFO fs3_daemon::runner: done kind=summarize subject=crates/core/src/address.rs::tests ms=42 left=1307
2026-08-28T03:57:38.650079Z  INFO fs3_daemon::runner: done kind="embed" id=69322 left=1307
2026-08-28T03:57:38.668876Z  INFO fs3_daemon::runner: batch kind="embed" subject=1 x smart jobs=1 ms=0
2026-08-28T03:57:38.676499Z  INFO fs3_daemon::runner: done kind="embed" id=69323 left=1309
2026-08-28T03:57:38.696004Z  INFO fs3_daemon::runner: done kind=summarize subject=crates/core/src/catalog.rs::markdown ms=14 left=1315
2026-08-28T03:57:38.704014Z  INFO fs3_daemon::runner: done kind=scan_file subject=crates/store/tests/pg_round_trip.rs ms=129 left=1318
2026-08-28T03:57:38.704179Z  INFO fs3_daemon::runner: batch kind="embed" subject=1 x smart jobs=1 ms=2
2026-08-28T03:57:38.704331Z  INFO fs3_daemon::runner: batch kind="embed" subject=9 x raw jobs=1 ms=2
2026-08-28T03:57:38.705562Z  INFO fs3_daemon::runner: done kind=summarize subject=crates/core/src/address.rs::tests::the_repo_half_is_the_longest_identity_that_matches ms=13 left=1317
2026-08-28T03:57:38.709149Z  INFO fs3_daemon::runner: done kind="embed" id=69336 left=1317
2026-08-28T03:57:38.712646Z  INFO fs3_daemon::runner: done kind="embed" id=69333 left=1317
2026-08-28T03:57:38.734861Z  INFO fs3_daemon::runner: batch kind="embed" subject=1 x smart jobs=1 ms=1
2026-08-28T03:57:38.742428Z  INFO fs3_daemon::runner: done kind="embed" id=69338 left=1320
2026-08-28T03:57:38.753184Z  INFO fs3_daemon::runner: batch kind="embed" subject=16 x raw jobs=1 ms=0
2026-08-28T03:57:38.759035Z  INFO fs3_daemon::runner: done kind="embed" id=69349 left=1324
2026-08-28T03:57:38.759039Z  INFO fs3_daemon::runner: done kind=scan_file subject=crates/store/tests/pg_store_flows.rs ms=102 left=1324
2026-08-28T03:57:38.762047Z  INFO fs3_daemon::runner: done kind=summarize subject=crates/core/src/address.rs::tests::a_repo_less_address_keeps_its_whole_locator ms=14 left=1323
2026-08-28T03:57:38.767881Z  INFO fs3_daemon::runner: done kind=scan_file subject=crates/store/tests/support/mod.rs ms=51 left=1323
2026-08-28T03:57:38.770715Z  INFO fs3_daemon::runner: batch kind="embed" subject=9 x raw jobs=1 ms=0
2026-08-28T03:57:38.770798Z  INFO fs3_daemon::runner: batch kind="embed" subject=1 x smart jobs=1 ms=0
2026-08-28T03:57:38.775791Z  INFO fs3_daemon::runner: done kind="embed" id=69355 left=1323
2026-08-28T03:57:38.778580Z  INFO fs3_daemon::runner: done kind=summarize subject=crates/core/src/catalog.rs::tests ms=13 left=1322
2026-08-28T03:57:38.780527Z  INFO fs3_daemon::runner: done kind="embed" id=69352 left=1321
2026-08-28T03:57:38.791926Z  INFO fs3_daemon::runner: batch kind="embed" subject=1 x smart jobs=1 ms=0
2026-08-28T03:57:38.796650Z  INFO fs3_daemon::runner: done kind="embed" id=69356 left=1321
2026-08-28T03:57:38.798781Z  INFO fs3_daemon::runner: done kind=summarize subject=crates/core/src/classify.rs::category_hint ms=12 left=1320
2026-08-28T03:57:38.822902Z  INFO fs3_daemon::runner: batch kind="embed" subject=1 x smart jobs=1 ms=1
2026-08-28T03:57:38.828363Z  INFO fs3_daemon::runner: done kind="embed" id=69357 left=1319
2026-08-28T03:57:38.846547Z  INFO fs3_daemon::runner: batch kind="embed" subject=1 x smart jobs=1 ms=1
2026-08-28T03:57:38.847889Z  INFO fs3_daemon::runner: done kind=summarize subject=crates/core/src/address.rs::tests::a_whole_file_address_says_so ms=13 left=1324
2026-08-28T03:57:38.870808Z  INFO fs3_daemon::runner: done kind="embed" id=69362 left=1326
2026-08-28T03:57:38.873481Z  INFO fs3_daemon::runner: done kind=summarize subject=crates/core/src/classify.rs::tests ms=32 left=1325
2026-08-28T03:57:38.884072Z  INFO fs3_daemon::runner: batch kind="embed" subject=16 x raw jobs=1 ms=2
2026-08-28T03:57:38.884867Z  INFO fs3_daemon::runner: batch kind="embed" subject=1 x smart jobs=1 ms=2
2026-08-28T03:57:38.892522Z  INFO fs3_daemon::runner: done kind="embed" id=69366 left=1329
2026-08-28T03:57:38.895215Z  INFO fs3_daemon::runner: done kind=summarize subject=crates/core/src/catalog.rs::tests::every_code_is_spelled_the_way_the_registry_promises ms=17 left=1328
2026-08-28T03:57:38.902186Z  INFO fs3_daemon::runner: done kind="embed" id=69365 left=1328
2026-08-28T03:57:38.944929Z  INFO fs3_daemon::runner: batch kind="embed" subject=1 x smart jobs=1 ms=3
2026-08-28T03:57:38.950872Z  INFO fs3_daemon::runner: done kind="embed" id=69370 left=1332
2026-08-28T03:57:38.959714Z  INFO fs3_daemon::runner: done kind=scan_file subject=crates/testkit/src/arch.rs ms=158 left=1333
2026-08-28T03:57:38.961263Z  INFO fs3_daemon::runner: done kind=scan_file subject=crates/testkit/src/bin/arch_check.rs ms=54 left=1332
2026-08-28T03:57:38.963684Z  INFO fs3_daemon::runner: batch kind="embed" subject=17 x raw jobs=2 ms=0
2026-08-28T03:57:38.968296Z  INFO fs3_daemon::runner: done kind="embed" id=69379 left=1332
2026-08-28T03:57:38.969612Z  INFO fs3_daemon::runner: done kind=summarize subject=crates/core/src/address.rs::tests::a_repo_address_with_no_path_resolves_to_an_empty_element ms=12 left=1331
2026-08-28T03:57:38.971609Z  INFO fs3_daemon::runner: done kind="embed" id=69378 left=1330
2026-08-28T03:57:38.981231Z  INFO fs3_daemon::runner: batch kind="embed" subject=1 x smart jobs=1 ms=0
2026-08-28T03:57:38.985908Z  INFO fs3_daemon::runner: done kind="embed" id=69380 left=1330
2026-08-28T03:57:38.986879Z  INFO fs3_daemon::runner: done kind=summarize subject=crates/core/src/classify.rs::tests::rust_declarations_classify ms=11 left=1329
2026-08-28T03:57:38.995528Z  INFO fs3_daemon::runner: batch kind="embed" subject=1 x smart jobs=1 ms=0
2026-08-28T03:57:39.002271Z  INFO fs3_daemon::runner: done kind="embed" id=69381 left=1329
2026-08-28T03:57:39.004251Z  INFO fs3_daemon::runner: done kind=summarize subject=crates/core/src/catalog.rs::tests::every_code_carries_a_real_fix_and_summary ms=13 left=1328
2026-08-28T03:57:39.013810Z  INFO fs3_daemon::runner: batch kind="embed" subject=1 x smart jobs=1 ms=0
2026-08-28T03:57:39.018200Z  INFO fs3_daemon::runner: done kind="embed" id=69382 left=1327
2026-08-28T03:57:39.027981Z  INFO fs3_daemon::runner: done kind=scan_file subject=crates/testkit/src/bin/test_db_check.rs ms=21 left=1328
2026-08-28T03:57:39.032654Z  INFO fs3_daemon::runner: done kind=summarize subject=crates/core/src/catalog.rs::tests::http_status_is_derived_from_the_code_class ms=10 left=1328
2026-08-28T03:57:39.035786Z  INFO fs3_daemon::runner: batch kind="embed" subject=1 x raw jobs=1 ms=2
2026-08-28T03:57:39.036157Z  INFO fs3_daemon::runner: batch kind="embed" subject=1 x smart jobs=1 ms=2
2026-08-28T03:57:39.039954Z  INFO fs3_daemon::runner: done kind=summarize subject=crates/core/src/classify.rs::tests::modules_are_containers_not_invisible_scopes ms=11 left=1328
2026-08-28T03:57:39.041507Z  INFO fs3_daemon::runner: done kind="embed" id=69384 left=1327
2026-08-28T03:57:39.045162Z  INFO fs3_daemon::runner: done kind="embed" id=69385 left=1326
2026-08-28T03:57:39.058524Z  INFO fs3_daemon::runner: batch kind="embed" subject=1 x smart jobs=1 ms=3
2026-08-28T03:57:39.064269Z  INFO fs3_daemon::runner: done kind="embed" id=69386 left=1326
2026-08-28T03:57:39.076629Z  INFO fs3_daemon::runner: done kind=summarize subject=crates/core/src/address.rs::tests::conversation_addresses_parse_with_and_without_a_turn ms=9 left=1329
2026-08-28T03:57:39.078846Z  INFO fs3_daemon::runner: batch kind="embed" subject=1 x smart jobs=1 ms=1
2026-08-28T03:57:39.084271Z  INFO fs3_daemon::runner: done kind="embed" id=69390 left=1330
2026-08-28T03:57:39.085022Z  INFO fs3_daemon::runner: done kind=summarize subject=crates/core/src/classify.rs::tests::declaration_gate_rejects_nodes_the_substring_guess_accepts ms=11 left=1330
2026-08-28T03:57:39.097082Z  INFO fs3_daemon::runner: batch kind="embed" subject=1 x smart jobs=1 ms=2
2026-08-28T03:57:39.101163Z  INFO fs3_daemon::runner: done kind="embed" id=69393 left=1333
2026-08-28T03:57:39.115611Z  INFO fs3_daemon::runner: batch kind="embed" subject=16 x raw jobs=1 ms=5
2026-08-28T03:57:39.120359Z  INFO fs3_daemon::runner: done kind="embed" id=69399 left=1340
2026-08-28T03:57:39.121748Z  INFO fs3_daemon::runner: done kind=scan_file subject=crates/testkit/src/database.rs ms=34 left=1339
2026-08-28T03:57:39.124956Z  INFO fs3_daemon::runner: done kind=summarize subject=crates/core/src/address.rs::tests::anything_without_a_known_scheme_is_refused ms=19 left=1339
2026-08-28T03:57:39.130105Z  INFO fs3_daemon::runner: batch kind="embed" subject=1 x smart jobs=1 ms=1
2026-08-28T03:57:39.130437Z  INFO fs3_daemon::runner: batch kind="embed" subject=20 x raw jobs=2 ms=1
2026-08-28T03:57:39.134452Z  INFO fs3_daemon::runner: done kind="embed" id=69407 left=1341
2026-08-28T03:57:39.136412Z  INFO fs3_daemon::runner: done kind=summarize subject=crates/core/src/classify.rs::tests::specifier_is_a_declaration_only_for_containers ms=11 left=1341
2026-08-28T03:57:39.138101Z  INFO fs3_daemon::runner: done kind="embed" id=69404 left=1340
2026-08-28T03:57:39.142688Z  INFO fs3_daemon::runner: done kind="embed" id=69405 left=1340
2026-08-28T03:57:39.159499Z  INFO fs3_daemon::runner: batch kind="embed" subject=1 x smart jobs=1 ms=0
2026-08-28T03:57:39.161571Z  INFO fs3_daemon::runner: done kind=scan_file subject=crates/testkit/src/contract.rs ms=112 left=1341
2026-08-28T03:57:39.166176Z  INFO fs3_daemon::runner: done kind="embed" id=69410 left=1341
2026-08-28T03:57:39.177135Z  INFO fs3_daemon::runner: batch kind="embed" subject=12 x raw jobs=1 ms=0
2026-08-28T03:57:39.180938Z  INFO fs3_daemon::runner: done kind="embed" id=69414 left=1344
2026-08-28T03:57:39.183992Z  INFO fs3_daemon::runner: done kind=summarize subject=crates/core/src/address.rs::tests::rendering_matches_what_search_emits ms=13 left=1344
2026-08-28T03:57:39.190834Z  INFO fs3_daemon::runner: batch kind="embed" subject=1 x smart jobs=1 ms=0
2026-08-28T03:57:39.193520Z  INFO fs3_daemon::runner: done kind=scan_file subject=crates/testkit/src/discovery_filter.rs ms=40 left=1344
2026-08-28T03:57:39.195517Z  INFO fs3_daemon::runner: done kind="embed" id=69419 left=1343
2026-08-28T03:57:39.214239Z  INFO fs3_daemon::runner: batch kind="embed" subject=6 x raw jobs=1 ms=1
2026-08-28T03:57:39.219067Z  INFO fs3_daemon::runner: done kind="embed" id=69421 left=1346
2026-08-28T03:57:39.221528Z  INFO fs3_daemon::runner: done kind=scan_file subject=crates/testkit/src/lib.rs ms=21 left=1346
2026-08-28T03:57:39.231045Z  INFO fs3_daemon::runner: batch kind="embed" subject=6 x raw jobs=1 ms=1
2026-08-28T03:57:39.236132Z  INFO fs3_daemon::runner: done kind="embed" id=69425 left=1348
2026-08-28T03:57:39.260802Z  INFO fs3_daemon::runner: batch kind="embed" subject=16 x raw jobs=1 ms=0
2026-08-28T03:57:39.266502Z  INFO fs3_daemon::runner: done kind="embed" id=69431 left=1355
2026-08-28T03:57:39.295412Z  INFO fs3_daemon::runner: done kind=scan_file subject=crates/testkit/tests/fakes_contract.rs ms=24 left=1377
2026-08-28T03:57:39.297902Z  INFO fs3_daemon::runner: done kind=scan_file subject=crates/testkit/src/spawn.rs ms=73 left=1377
2026-08-28T03:57:39.301306Z  INFO fs3_daemon::runner: done kind=scan_file subject=crates/testkit/src/fakes.rs ms=115 left=1377
2026-08-28T03:57:39.301677Z  INFO fs3_daemon::runner: batch kind="embed" subject=31 x raw jobs=3 ms=1
2026-08-28T03:57:39.305557Z  INFO fs3_daemon::runner: done kind="embed" id=69457 left=1377
2026-08-28T03:57:39.309945Z  INFO fs3_daemon::runner: done kind="embed" id=69458 left=1377
2026-08-28T03:57:39.314124Z  INFO fs3_daemon::runner: done kind="embed" id=69451 left=1377
2026-08-28T03:57:39.316310Z  INFO fs3_daemon::runner: done kind=scan_file subject=crates/testkit/tests/arch_drift.rs ms=75 left=1376
2026-08-28T03:57:39.326033Z  INFO fs3_daemon::runner: batch kind="embed" subject=19 x raw jobs=2 ms=1
2026-08-28T03:57:39.331528Z  INFO fs3_daemon::runner: done kind="embed" id=69465 left=1376
2026-08-28T03:57:39.336052Z  INFO fs3_daemon::runner: done kind="embed" id=69461 left=1377
2026-08-28T03:57:39.367650Z  INFO fs3_daemon::runner: done kind=scan_file subject=docker/scripts/build.sh ms=24 left=1382
2026-08-28T03:57:39.369217Z  INFO fs3_daemon::runner: done kind=scan_file subject=crates/testkit/tests/spawn_isolation.rs ms=50 left=1381
2026-08-28T03:57:39.370975Z  INFO fs3_daemon::runner: done kind=scan_file subject=docker/scripts/lint.sh ms=20 left=1381
2026-08-28T03:57:39.373609Z  INFO fs3_daemon::runner: batch kind="embed" subject=11 x raw jobs=3 ms=1
2026-08-28T03:57:39.375112Z  INFO fs3_daemon::runner: done kind=summarize subject=crates/core/src/config.rs::Config ms=11 left=1380
2026-08-28T03:57:39.378127Z  INFO fs3_daemon::runner: done kind="embed" id=69474 left=1379
2026-08-28T03:57:39.381961Z  INFO fs3_daemon::runner: done kind="embed" id=69473 left=1378
2026-08-28T03:57:39.386056Z  INFO fs3_daemon::runner: done kind="embed" id=69472 left=1377
2026-08-28T03:57:39.398475Z  INFO fs3_daemon::runner: batch kind="embed" subject=1 x smart jobs=1 ms=1
2026-08-28T03:57:39.405845Z  INFO fs3_daemon::runner: done kind="embed" id=69475 left=1376
2026-08-28T03:57:39.410136Z  INFO fs3_daemon::runner: done kind=scan_file subject=docker/scripts/release-preflight.sh ms=20 left=1376
2026-08-28T03:57:39.419876Z  INFO fs3_daemon::runner: batch kind="embed" subject=1 x raw jobs=1 ms=1
2026-08-28T03:57:39.425154Z  INFO fs3_daemon::runner: done kind="embed" id=69476 left=1375
2026-08-28T03:57:39.429001Z  INFO fs3_daemon::runner: done kind=scan_file subject=docker/scripts/run.sh ms=18 left=1375
2026-08-28T03:57:39.435091Z  INFO fs3_daemon::runner: batch kind="embed" subject=1 x raw jobs=1 ms=0
2026-08-28T03:57:39.439576Z  INFO fs3_daemon::runner: done kind="embed" id=69477 left=1375
2026-08-28T03:57:39.441911Z  INFO fs3_daemon::runner: done kind=summarize subject=crates/core/src/config.rs::Config ms=12 left=1374
2026-08-28T03:57:39.452934Z  INFO fs3_daemon::runner: batch kind="embed" subject=1 x smart jobs=1 ms=0
2026-08-28T03:57:39.458021Z  INFO fs3_daemon::runner: done kind="embed" id=69478 left=1373
2026-08-28T03:57:39.466015Z  INFO fs3_daemon::runner: done kind=scan_file subject=docker/scripts/stack.sh ms=22 left=1373
2026-08-28T03:57:39.466769Z  INFO fs3_daemon::runner: batch kind="embed" subject=1 x raw jobs=1 ms=0
2026-08-28T03:57:39.470931Z  INFO fs3_daemon::runner: done kind="embed" id=69479 left=1373
2026-08-28T03:57:39.473915Z  INFO fs3_daemon::runner: done kind=summarize subject=crates/core/src/config.rs::Config::default ms=12 left=1372
2026-08-28T03:57:39.478862Z  INFO fs3_daemon::runner: batch kind="embed" subject=1 x smart jobs=1 ms=0
2026-08-28T03:57:39.482924Z  INFO fs3_daemon::runner: done kind="embed" id=69480 left=1372
2026-08-28T03:57:39.484206Z  INFO fs3_daemon::runner: done kind=summarize subject=crates/core/src/config.rs::Config ms=9 left=1371
2026-08-28T03:57:39.499498Z  INFO fs3_daemon::runner: batch kind="embed" subject=1 x smart jobs=1 ms=0
2026-08-28T03:57:39.509047Z  INFO fs3_daemon::runner: done kind="embed" id=69481 left=1370
2026-08-28T03:57:39.525997Z  INFO fs3_daemon::runner: batch kind="embed" subject=1 x smart jobs=1 ms=0
2026-08-28T03:57:39.527470Z  INFO fs3_daemon::runner: done kind=summarize subject=crates/core/src/config.rs::Config::referenced_providers ms=13 left=1375
2026-08-28T03:57:39.529878Z  INFO fs3_daemon::runner: done kind="embed" id=69486 left=1375
2026-08-28T03:57:39.555326Z  INFO fs3_daemon::runner: done kind=summarize subject=crates/core/src/config.rs::Config::problems ms=21 left=1381
2026-08-28T03:57:39.560149Z  INFO fs3_daemon::runner: batch kind="embed" subject=1 x smart jobs=1 ms=0
2026-08-28T03:57:39.565354Z  INFO fs3_daemon::runner: done kind="embed" id=69493 left=1386
2026-08-28T03:57:39.565690Z  INFO fs3_daemon::runner: done kind=scan_file subject=docs/how/architecture.md ms=78 left=1386
2026-08-28T03:57:39.583686Z  INFO fs3_daemon::runner: batch kind="embed" subject=12 x raw jobs=1 ms=1
2026-08-28T03:57:39.588861Z  INFO fs3_daemon::runner: done kind="embed" id=69500 left=1394
2026-08-28T03:57:39.596475Z  INFO fs3_daemon::runner: done kind=scan_file subject=docs/how/database.md ms=55 left=1396
2026-08-28T03:57:39.598933Z  INFO fs3_daemon::runner: done kind=scan_file subject=docs/how/configuration.md ms=78 left=1396
2026-08-28T03:57:39.600673Z  INFO fs3_daemon::runner: batch kind="embed" subject=15 x raw jobs=2 ms=0
2026-08-28T03:57:39.604288Z  INFO fs3_daemon::runner: done kind="embed" id=69512 left=1397
2026-08-28T03:57:39.604386Z  INFO fs3_daemon::runner: done kind=summarize subject=crates/core/src/config.rs::DaemonConfig ms=10 left=1397
2026-08-28T03:57:39.609258Z  INFO fs3_daemon::runner: done kind="embed" id=69514 left=1397
2026-08-28T03:57:39.612554Z  INFO fs3_daemon::runner: done kind=scan_file subject=docs/how/docker.md ms=40 left=1397
2026-08-28T03:57:39.616333Z  INFO fs3_daemon::runner: batch kind="embed" subject=6 x raw jobs=1 ms=0
2026-08-28T03:57:39.616422Z  INFO fs3_daemon::runner: batch kind="embed" subject=1 x smart jobs=1 ms=0
2026-08-28T03:57:39.620278Z  INFO fs3_daemon::runner: done kind="embed" id=69520 left=1397
2026-08-28T03:57:39.620875Z  INFO fs3_daemon::runner: done kind=summarize subject=crates/core/src/conversation.rs::ConversationId ms=8 left=1396
2026-08-28T03:57:39.625680Z  INFO fs3_daemon::runner: done kind="embed" id=69517 left=1395
2026-08-28T03:57:39.633639Z  INFO fs3_daemon::runner: batch kind="embed" subject=1 x smart jobs=1 ms=0
2026-08-28T03:57:39.638012Z  INFO fs3_daemon::runner: done kind="embed" id=69521 left=1395
2026-08-28T03:57:39.643395Z  INFO fs3_daemon::runner: done kind=summarize subject=crates/core/src/config.rs::DaemonConfig ms=14 left=1394
2026-08-28T03:57:39.654634Z  INFO fs3_daemon::runner: batch kind="embed" subject=1 x smart jobs=1 ms=1
2026-08-28T03:57:39.662508Z  INFO fs3_daemon::runner: done kind="embed" id=69522 left=1394
2026-08-28T03:57:39.681303Z  INFO fs3_daemon::runner: batch kind="embed" subject=4 x raw jobs=1 ms=1
2026-08-28T03:57:39.681889Z  INFO fs3_daemon::runner: batch kind="embed" subject=1 x smart jobs=1 ms=1
2026-08-28T03:57:39.682342Z  INFO fs3_daemon::runner: done kind=scan_file subject=docs/plans/001-fs3-foundations/assets/backpressure.dd.md ms=38 left=1396
2026-08-28T03:57:39.682702Z  INFO fs3_daemon::runner: done kind=summarize subject=crates/core/src/conversation.rs::ConversationId::new ms=15 left=1396
2026-08-28T03:57:39.687517Z  INFO fs3_daemon::runner: done kind="embed" id=69527 left=1396
2026-08-28T03:57:39.692914Z  INFO fs3_daemon::runner: done kind="embed" id=69526 left=1397
2026-08-28T03:57:39.705399Z  INFO fs3_daemon::runner: done kind=scan_file subject=docs/plans/001-fs3-foundations/assets/fs3-overview.md ms=32 left=1399
2026-08-28T03:57:39.706880Z  INFO fs3_daemon::runner: batch kind="embed" subject=6 x raw jobs=1 ms=0
2026-08-28T03:57:39.706994Z  INFO fs3_daemon::runner: done kind=summarize subject=crates/core/src/config.rs::DaemonConfig::collect ms=9 left=1399
2026-08-28T03:57:39.707114Z  INFO fs3_daemon::runner: batch kind="embed" subject=1 x smart jobs=1 ms=0
2026-08-28T03:57:39.710513Z  INFO fs3_daemon::runner: done kind="embed" id=69533 left=1398
2026-08-28T03:57:39.714357Z  INFO fs3_daemon::runner: done kind="embed" id=69534 left=1397
2026-08-28T03:57:39.726915Z  INFO fs3_daemon::runner: done kind=summarize subject=crates/core/src/conversation.rs::ToolInput ms=8 left=1399
2026-08-28T03:57:39.727329Z  INFO fs3_daemon::runner: batch kind="embed" subject=1 x smart jobs=1 ms=0
2026-08-28T03:57:39.730558Z  INFO fs3_daemon::runner: done kind="embed" id=69536 left=1401
2026-08-28T03:57:39.732652Z  INFO fs3_daemon::runner: done kind=summarize subject=crates/core/src/config.rs::DaemonConfig ms=8 left=1400
2026-08-28T03:57:39.752012Z  INFO fs3_daemon::runner: batch kind="embed" subject=1 x smart jobs=1 ms=1
2026-08-28T03:57:39.752123Z  INFO fs3_daemon::runner: done kind=scan_file subject=docs/plans/001-fs3-foundations/assets/poc-treesitter-packet.md ms=49 left=1400
2026-08-28T03:57:39.752195Z  INFO fs3_daemon::runner: batch kind="embed" subject=8 x raw jobs=1 ms=1
2026-08-28T03:57:39.759995Z  INFO fs3_daemon::runner: done kind="embed" id=69541 left=1399
2026-08-28T03:57:39.765987Z  INFO fs3_daemon::runner: done kind="embed" id=69539 left=1399
2026-08-28T03:57:40.112173Z  INFO fs3_daemon::runner: batch kind="embed" subject=1 x smart jobs=1 ms=1
2026-08-28T03:57:40.114808Z  INFO fs3_daemon::runner: done kind=summarize subject=crates/core/src/conversation.rs::TurnItem ms=28 left=1408
2026-08-28T03:57:40.117775Z  INFO fs3_daemon::runner: done kind="embed" id=69547 left=1407
2026-08-28T03:57:40.119252Z  INFO fs3_daemon::runner: done kind=summarize subject=crates/core/src/config.rs::DatabaseConfig ms=15 left=1407
2026-08-28T03:57:40.146221Z  INFO fs3_daemon::runner: batch kind="embed" subject=1 x smart jobs=1 ms=3
2026-08-28T03:57:40.151466Z  INFO fs3_daemon::runner: done kind="embed" id=69552 left=1410
2026-08-28T03:57:40.155237Z  INFO fs3_daemon::runner: done kind=scan_file subject=docs/plans/001-fs3-foundations/assets/poc/treesitter/out/01-fixtures-naive.txt ms=33 left=1410
2026-08-28T03:57:40.164300Z  INFO fs3_daemon::runner: batch kind="embed" subject=1 x raw jobs=1 ms=0
2026-08-28T03:57:40.169086Z  INFO fs3_daemon::runner: done kind=summarize subject=crates/core/src/conversation.rs::Turn ms=13 left=1410
2026-08-28T03:57:40.169245Z  INFO fs3_daemon::runner: done kind=scan_file subject=docs/plans/001-fs3-foundations/assets/poc/treesitter-results.md ms=434 left=1412
2026-08-28T03:57:40.169767Z  INFO fs3_daemon::runner: done kind="embed" id=69557 left=1410
2026-08-28T03:57:40.178568Z  INFO fs3_daemon::runner: batch kind="embed" subject=13 x raw jobs=1 ms=1
2026-08-28T03:57:40.178646Z  INFO fs3_daemon::runner: batch kind="embed" subject=1 x smart jobs=1 ms=1
2026-08-28T03:57:40.183034Z  INFO fs3_daemon::runner: done kind="embed" id=69561 left=1410
2026-08-28T03:57:40.185667Z  INFO fs3_daemon::runner: done kind=summarize subject=crates/core/src/config.rs::DatabaseConfig::collect ms=12 left=1409
2026-08-28T03:57:40.187680Z  INFO fs3_daemon::runner: done kind="embed" id=69560 left=1408
2026-08-28T03:57:40.209558Z  INFO fs3_daemon::runner: batch kind="embed" subject=1 x smart jobs=1 ms=1
2026-08-28T03:57:40.214744Z  INFO fs3_daemon::runner: done kind="embed" id=69562 left=1407
2026-08-28T03:57:40.221092Z  INFO fs3_daemon::runner: done kind=scan_file subject=docs/plans/001-fs3-foundations/assets/poc/treesitter/out/02-fixtures-refined.txt ms=29 left=1407
2026-08-28T03:57:40.222804Z  INFO fs3_daemon::runner: batch kind="embed" subject=1 x raw jobs=1 ms=0
2026-08-28T03:57:40.227071Z  INFO fs3_daemon::runner: done kind="embed" id=69563 left=1407
2026-08-28T03:57:40.229492Z  INFO fs3_daemon::runner: done kind=summarize subject=crates/core/src/conversation.rs::Turn ms=10 left=1406
2026-08-28T03:57:40.247422Z  INFO fs3_daemon::runner: batch kind="embed" subject=1 x smart jobs=1 ms=1
2026-08-28T03:57:40.253031Z  INFO fs3_daemon::runner: done kind="embed" id=69564 left=1405
2026-08-28T03:57:40.257400Z  INFO fs3_daemon::runner: done kind=scan_file subject=docs/plans/001-fs3-foundations/assets/poc/treesitter/out/02b-fixtures-refined-full.txt ms=26 left=1405
2026-08-28T03:57:40.262604Z  INFO fs3_daemon::runner: batch kind="embed" subject=1 x raw jobs=1 ms=0
2026-08-28T03:57:40.267543Z  INFO fs3_daemon::runner: done kind="embed" id=69565 left=1405
2026-08-28T03:57:40.269447Z  INFO fs3_daemon::runner: done kind=summarize subject=crates/core/src/conversation.rs::Turn::element ms=11 left=1404
2026-08-28T03:57:40.277260Z  INFO fs3_daemon::runner: batch kind="embed" subject=1 x smart jobs=1 ms=0
2026-08-28T03:57:40.281178Z  INFO fs3_daemon::runner: done kind="embed" id=69566 left=1403
2026-08-28T03:57:40.297379Z  INFO fs3_daemon::runner: done kind=scan_file subject=docs/plans/001-fs3-foundations/assets/poc/treesitter/out/03-bench-fixtures.txt ms=25 left=1404
2026-08-28T03:57:40.299429Z  INFO fs3_daemon::runner: done kind=summarize subject=crates/core/src/config.rs::RepoSelection ms=14 left=1403
2026-08-28T03:57:40.301236Z  INFO fs3_daemon::runner: batch kind="embed" subject=1 x smart jobs=1 ms=1
2026-08-28T03:57:40.301344Z  INFO fs3_daemon::runner: batch kind="embed" subject=1 x raw jobs=1 ms=1
2026-08-28T03:57:40.304036Z  INFO fs3_daemon::runner: done kind=summarize subject=crates/core/src/conversation.rs::Turn::canonical_capacity ms=9 left=1403
2026-08-28T03:57:40.305330Z  INFO fs3_daemon::runner: done kind="embed" id=69567 left=1402
2026-08-28T03:57:40.309757Z  INFO fs3_daemon::runner: done kind="embed" id=69568 left=1401
2026-08-28T03:57:40.317002Z  INFO fs3_daemon::watch: re-listed a changed directory directory=/Users/jordanknight/substrate/flowspace/fs3-hi-u-t/crates/cli/src events=6 enqueued=2 settled=Quiet
2026-08-28T03:57:40.319260Z  INFO fs3_daemon::runner: batch kind="embed" subject=1 x smart jobs=1 ms=0
2026-08-28T03:57:40.322451Z  INFO fs3_daemon::runner: done kind=summarize subject=crates/core/src/element.rs::ElementKind ms=8 left=1401
2026-08-28T03:57:40.323118Z  INFO fs3_daemon::runner: done kind="embed" id=69569 left=1400
2026-08-28T03:57:40.336743Z  INFO fs3_daemon::runner: batch kind="embed" subject=1 x smart jobs=1 ms=0
2026-08-28T03:57:40.344137Z  INFO fs3_daemon::runner: done kind="embed" id=69570 left=1399
2026-08-28T03:57:40.352864Z  INFO fs3_daemon::runner: done kind=scan_file subject=docs/plans/001-fs3-foundations/assets/poc/treesitter/out/04-bench-harness-engineering.txt ms=27 left=1399
2026-08-28T03:57:40.353379Z  INFO fs3_daemon::runner: batch kind="embed" subject=1 x raw jobs=1 ms=0
2026-08-28T03:57:40.361807Z  INFO fs3_daemon::runner: done kind="embed" id=69571 left=1399
2026-08-28T03:57:40.366771Z  INFO fs3_daemon::runner: done kind=summarize subject=crates/core/src/config.rs::ProviderInstance ms=17 left=1398
2026-08-28T03:57:40.368714Z  INFO fs3_daemon::runner: batch kind="embed" subject=1 x smart jobs=1 ms=0
2026-08-28T03:57:40.372214Z  INFO fs3_daemon::runner: done kind="embed" id=69572 left=1398
2026-08-28T03:57:40.375112Z  INFO fs3_daemon::runner: done kind=summarize subject=crates/core/src/conversation.rs::Turn::render_canonical ms=9 left=1397
2026-08-28T03:57:40.380039Z  INFO fs3_daemon::runner: batch kind="embed" subject=1 x smart jobs=1 ms=1
2026-08-28T03:57:40.383916Z  INFO fs3_daemon::runner: done kind="embed" id=69573 left=1397
2026-08-28T03:57:40.385359Z  INFO fs3_daemon::runner: done kind=summarize subject=crates/core/src/element.rs::ElementKind ms=9 left=1396
2026-08-28T03:57:40.394039Z  INFO fs3_daemon::runner: batch kind="embed" subject=1 x smart jobs=1 ms=0
2026-08-28T03:57:40.397192Z  INFO fs3_daemon::runner: done kind="embed" id=69574 left=1396
2026-08-28T03:57:40.398586Z  INFO fs3_daemon::runner: done kind=summarize subject=crates/core/src/conversation.rs::TurnItem ms=9 left=1395
2026-08-28T03:57:40.405314Z  INFO fs3_daemon::runner: batch kind="embed" subject=1 x smart jobs=1 ms=0
2026-08-28T03:57:40.407475Z  INFO fs3_daemon::runner: done kind=summarize subject=crates/core/src/config.rs::ProviderInstance ms=7 left=1395
2026-08-28T03:57:40.408457Z  INFO fs3_daemon::runner: done kind="embed" id=69575 left=1394
2026-08-28T03:57:40.428644Z  INFO fs3_daemon::runner: batch kind="embed" subject=1 x smart jobs=1 ms=0
2026-08-28T03:57:40.432945Z  INFO fs3_daemon::runner: done kind="embed" id=69576 left=1393
2026-08-28T03:57:40.442091Z  INFO fs3_daemon::runner: done kind=scan_file subject=docs/plans/001-fs3-foundations/assets/poc/treesitter/out/05-bench-he-git-tracked.txt ms=30 left=1393
2026-08-28T03:57:40.443751Z  INFO fs3_daemon::runner: batch kind="embed" subject=1 x raw jobs=1 ms=0
2026-08-28T03:57:40.447382Z  INFO fs3_daemon::runner: done kind="embed" id=69577 left=1393
2026-08-28T03:57:40.450922Z  INFO fs3_daemon::runner: done kind=summarize subject=crates/core/src/element.rs::BlobRef ms=10 left=1392
2026-08-28T03:57:40.468782Z  INFO fs3_daemon::runner: batch kind="embed" subject=1 x smart jobs=1 ms=0
2026-08-28T03:57:40.472967Z  INFO fs3_daemon::runner: done kind="embed" id=69578 left=1391
2026-08-28T03:57:40.478002Z  INFO fs3_daemon::runner: done kind=scan_file subject=docs/plans/001-fs3-foundations/assets/poc/treesitter/out/06-bench-he-source-only.txt ms=26 left=1391
2026-08-28T03:57:40.479294Z  INFO fs3_daemon::runner: batch kind="embed" subject=1 x raw jobs=1 ms=0
2026-08-28T03:57:40.482058Z  INFO fs3_daemon::runner: done kind="embed" id=69579 left=1391
2026-08-28T03:57:40.483657Z  INFO fs3_daemon::runner: done kind=summarize subject=crates/core/src/config.rs::ProviderInstance::api_key_env ms=7 left=1390
2026-08-28T03:57:40.489410Z  INFO fs3_daemon::runner: batch kind="embed" subject=1 x smart jobs=1 ms=0
2026-08-28T03:57:40.492573Z  INFO fs3_daemon::runner: done kind="embed" id=69580 left=1390
2026-08-28T03:57:40.493577Z  INFO fs3_daemon::runner: done kind=summarize subject=crates/core/src/conversation.rs::TurnItem::rendered_len ms=7 left=1389
2026-08-28T03:57:40.500693Z  INFO fs3_daemon::runner: batch kind="embed" subject=1 x smart jobs=1 ms=0
2026-08-28T03:57:40.503601Z  INFO fs3_daemon::runner: done kind="embed" id=69581 left=1389
2026-08-28T03:57:40.504755Z  INFO fs3_daemon::runner: done kind=summarize subject=crates/core/src/element.rs::BlobRef::new ms=8 left=1388
2026-08-28T03:57:40.514105Z  INFO fs3_daemon::runner: batch kind="embed" subject=1 x smart jobs=1 ms=0
2026-08-28T03:57:40.520740Z  INFO fs3_daemon::runner: done kind="embed" id=69582 left=1388
2026-08-28T03:57:40.522718Z  INFO fs3_daemon::runner: done kind=summarize subject=crates/core/src/conversation.rs::TurnItem::render ms=14 left=1387
2026-08-28T03:57:40.528237Z  INFO fs3_daemon::runner: batch kind="embed" subject=1 x smart jobs=1 ms=1
2026-08-28T03:57:40.531862Z  INFO fs3_daemon::runner: done kind="embed" id=69583 left=1387
2026-08-28T03:57:40.533505Z  INFO fs3_daemon::runner: done kind=summarize subject=crates/core/src/config.rs::ProviderInstance::collect ms=9 left=1386
2026-08-28T03:57:40.584514Z  INFO fs3_daemon::runner: batch kind="embed" subject=1 x smart jobs=1 ms=0
2026-08-28T03:57:40.624266Z  INFO fs3_daemon::runner: done kind="embed" id=69584 left=1386
2026-08-28T03:57:40.649587Z  INFO fs3_daemon::runner: done kind=scan_file subject=docs/plans/001-fs3-foundations/assets/poc/treesitter/out/07-spotchecks.txt ms=100 left=1385
2026-08-28T03:57:40.654756Z  INFO fs3_daemon::runner: batch kind="embed" subject=1 x raw jobs=1 ms=0
2026-08-28T03:57:40.659423Z  INFO fs3_daemon::runner: done kind="embed" id=69585 left=1385
2026-08-28T03:57:40.662986Z  INFO fs3_daemon::runner: done kind=summarize subject=crates/core/src/conversation.rs::Conversation ms=12 left=1384
2026-08-28T03:57:40.680029Z  INFO fs3_daemon::runner: batch kind="embed" subject=1 x smart jobs=1 ms=0
2026-08-28T03:57:40.687864Z  INFO fs3_daemon::runner: done kind="embed" id=69586 left=1384
2026-08-28T03:57:40.713658Z  INFO fs3_daemon::runner: done kind=summarize subject=crates/core/src/config.rs::unknown_instance ms=19 left=1390
2026-08-28T03:57:40.714172Z  INFO fs3_daemon::runner: done kind=summarize subject=crates/core/src/element.rs::content_hash ms=13 left=1390
2026-08-28T03:57:40.718587Z  INFO fs3_daemon::runner: done kind=summarize subject=crates/core/src/conversation.rs::TurnRole ms=10 left=1390
2026-08-28T03:57:40.720079Z  INFO fs3_daemon::runner: batch kind="embed" subject=3 x smart jobs=3 ms=0
2026-08-28T03:57:40.725144Z  INFO fs3_daemon::runner: done kind="embed" id=69592 left=1391
2026-08-28T03:57:40.730116Z  INFO fs3_daemon::runner: done kind="embed" id=69595 left=1391
2026-08-28T03:57:40.734474Z  INFO fs3_daemon::runner: done kind="embed" id=69593 left=1391
2026-08-28T03:57:40.759279Z  INFO fs3_daemon::runner: batch kind="embed" subject=16 x raw jobs=1 ms=1
2026-08-28T03:57:40.764633Z  INFO fs3_daemon::runner: done kind="embed" id=69602 left=1394
2026-08-28T03:57:40.779267Z  INFO fs3_daemon::runner: done kind=scan_file subject=docs/plans/001-fs3-foundations/assets/poc/treesitter/src/main.rs ms=114 left=1397
2026-08-28T03:57:40.780378Z  INFO fs3_daemon::runner: done kind=scan_file subject=docs/plans/001-fs3-foundations/assets/reports/s001-phase-exit.md ms=41 left=1397
2026-08-28T03:57:40.780845Z  INFO fs3_daemon::runner: batch kind="embed" subject=1 x raw jobs=1 ms=1
2026-08-28T03:57:40.784179Z  INFO fs3_daemon::runner: done kind=summarize subject=crates/core/src/config.rs::IndexingConfig ms=11 left=1396
2026-08-28T03:57:40.786188Z  INFO fs3_daemon::runner: done kind="embed" id=69607 left=1395
2026-08-28T03:57:40.795567Z  INFO fs3_daemon::runner: batch kind="embed" subject=1 x smart jobs=1 ms=1
2026-08-28T03:57:40.795948Z  INFO fs3_daemon::runner: batch kind="embed" subject=7 x raw jobs=1 ms=1
2026-08-28T03:57:40.800966Z  INFO fs3_daemon::runner: done kind="embed" id=69609 left=1395
2026-08-28T03:57:40.802896Z  INFO fs3_daemon::runner: done kind=summarize subject=crates/core/src/element.rs::Span ms=12 left=1394
2026-08-28T03:57:40.817325Z  INFO fs3_daemon::runner: done kind="embed" id=69608 left=1393
2026-08-28T03:57:40.828801Z  INFO fs3_daemon::runner: batch kind="embed" subject=1 x smart jobs=1 ms=1
2026-08-28T03:57:40.834491Z  INFO fs3_daemon::runner: done kind="embed" id=69610 left=1392
2026-08-28T03:57:40.849071Z  INFO fs3_daemon::runner: done kind=summarize subject=crates/core/src/config.rs::IndexingConfig ms=9 left=1395
2026-08-28T03:57:40.851747Z  INFO fs3_daemon::runner: batch kind="embed" subject=1 x smart jobs=1 ms=0
2026-08-28T03:57:40.852856Z  INFO fs3_daemon::runner: done kind=scan_file subject=docs/plans/001-fs3-foundations/assets/reports/s001-preamble-checkpoint.md ms=31 left=1395
2026-08-28T03:57:40.852921Z  INFO fs3_daemon::runner: done kind=summarize subject=crates/core/src/element.rs::Element ms=8 left=1395
2026-08-28T03:57:40.854992Z  INFO fs3_daemon::runner: done kind="embed" id=69614 left=1394
2026-08-28T03:57:40.869560Z  INFO fs3_daemon::runner: batch kind="embed" subject=7 x raw jobs=1 ms=1
2026-08-28T03:57:40.869655Z  INFO fs3_daemon::runner: batch kind="embed" subject=1 x smart jobs=1 ms=1
2026-08-28T03:57:40.875748Z  INFO fs3_daemon::runner: done kind="embed" id=69615 left=1394
2026-08-28T03:57:40.879517Z  INFO fs3_daemon::runner: done kind="embed" id=69616 left=1394
2026-08-28T03:57:40.882722Z  INFO fs3_daemon::runner: done kind=scan_file subject=docs/plans/001-fs3-foundations/assets/reports/s001-rulings.md ms=24 left=1393
2026-08-28T03:57:40.887444Z  INFO fs3_daemon::runner: batch kind="embed" subject=1 x raw jobs=1 ms=1
2026-08-28T03:57:40.891311Z  INFO fs3_daemon::runner: done kind="embed" id=69618 left=1393
2026-08-28T03:57:40.893459Z  INFO fs3_daemon::runner: done kind=summarize subject=crates/core/src/config.rs::IndexingConfig::collect ms=10 left=1392
2026-08-28T03:57:40.901540Z  INFO fs3_daemon::runner: batch kind="embed" subject=1 x smart jobs=1 ms=1
2026-08-28T03:57:40.906092Z  INFO fs3_daemon::runner: done kind="embed" id=69619 left=1392
2026-08-28T03:57:40.908673Z  INFO fs3_daemon::runner: done kind=summarize subject=crates/core/src/conversation.rs::TurnRole ms=12 left=1391
2026-08-28T03:57:40.915074Z  INFO fs3_daemon::runner: batch kind="embed" subject=1 x smart jobs=1 ms=1
2026-08-28T03:57:40.918071Z  INFO fs3_daemon::runner: done kind="embed" id=69620 left=1391
2026-08-28T03:57:40.919731Z  INFO fs3_daemon::runner: done kind=summarize subject=crates/core/src/element.rs::Element ms=8 left=1390
2026-08-28T03:57:40.929330Z  INFO fs3_daemon::runner: batch kind="embed" subject=1 x smart jobs=1 ms=1
2026-08-28T03:57:40.934569Z  INFO fs3_daemon::runner: done kind="embed" id=69621 left=1389
2026-08-28T03:57:40.963303Z  INFO fs3_daemon::runner: batch kind="embed" subject=1 x smart jobs=1 ms=0
2026-08-28T03:57:40.965064Z  INFO fs3_daemon::runner: done kind=summarize subject=crates/core/src/conversation.rs::TurnSource ms=25 left=1394
2026-08-28T03:57:40.967839Z  INFO fs3_daemon::runner: done kind=summarize subject=crates/core/src/config.rs::IndexingConfig ms=9 left=1393
2026-08-28T03:57:40.968594Z  INFO fs3_daemon::runner: done kind="embed" id=69624 left=1393
2026-08-28T03:57:40.981439Z  INFO fs3_daemon::runner: batch kind="embed" subject=1 x smart jobs=1 ms=1
2026-08-28T03:57:40.989787Z  INFO fs3_daemon::runner: done kind="embed" id=69627 left=1395
2026-08-28T03:57:41.001749Z  INFO fs3_daemon::runner: batch kind="embed" subject=16 x raw jobs=1 ms=1
2026-08-28T03:57:41.048198Z  INFO fs3_daemon::runner: done kind=summarize subject=crates/core/src/element.rs::Element::new ms=52 left=1402
2026-08-28T03:57:41.054757Z  INFO fs3_daemon::runner: done kind="embed" id=69633 left=1402
2026-08-28T03:57:41.120663Z  INFO fs3_daemon::runner: batch kind="embed" subject=16 x raw jobs=1 ms=2
2026-08-28T03:57:41.121044Z  INFO fs3_daemon::runner: batch kind="embed" subject=1 x smart jobs=1 ms=2
2026-08-28T03:57:41.122235Z  INFO fs3_daemon::runner: done kind=scan_file subject=docs/plans/001-fs3-foundations/assets/tasks/phase-1/tasks.dd.md ms=150 left=1406
2026-08-28T03:57:41.124965Z  INFO fs3_daemon::runner: done kind=summarize subject=crates/core/src/conversation.rs::TurnSource ms=41 left=1406
2026-08-28T03:57:41.126834Z  INFO fs3_daemon::runner: done kind="embed" id=69637 left=1405
2026-08-28T03:57:41.128600Z  INFO fs3_daemon::runner: done kind=scan_file subject=docs/plans/001-fs3-foundations/assets/tasks/phase-1/execution.log.md ms=207 left=1404
2026-08-28T03:57:41.130453Z  INFO fs3_daemon::runner: done kind="embed" id=69641 left=1403
2026-08-28T03:57:41.142923Z  INFO fs3_daemon::runner: batch kind="embed" subject=1 x smart jobs=1 ms=2
2026-08-28T03:57:41.142971Z  INFO fs3_daemon::runner: batch kind="embed" subject=9 x raw jobs=2 ms=2
2026-08-28T03:57:41.149666Z  INFO fs3_daemon::runner: done kind="embed" id=69643 left=1402
2026-08-28T03:57:41.155695Z  INFO fs3_daemon::runner: done kind="embed" id=69646 left=1402
2026-08-28T03:57:41.159197Z  INFO fs3_daemon::runner: done kind="embed" id=69645 left=1402
2026-08-28T03:57:41.172854Z  INFO fs3_daemon::runner: done kind=scan_file subject=docs/plans/001-fs3-foundations/assets/workshops/001-architecture.md ms=38 left=1405
2026-08-28T03:57:41.174570Z  INFO fs3_daemon::runner: done kind=summarize subject=crates/core/src/conversation.rs::TurnSource::from_str ms=9 left=1404
2026-08-28T03:57:41.176655Z  INFO fs3_daemon::runner: batch kind="embed" subject=1 x smart jobs=1 ms=0
2026-08-28T03:57:41.176971Z  INFO fs3_daemon::runner: batch kind="embed" subject=12 x raw jobs=1 ms=1
2026-08-28T03:57:41.179908Z  INFO fs3_daemon::runner: done kind="embed" id=69652 left=1404
2026-08-28T03:57:41.181900Z  INFO fs3_daemon::runner: done kind=summarize subject=crates/core/src/element.rs::PreOrder ms=10 left=1403
2026-08-28T03:57:41.182963Z  INFO fs3_daemon::runner: done kind="embed" id=69651 left=1402
2026-08-28T03:57:41.198126Z  INFO fs3_daemon::runner: batch kind="embed" subject=1 x smart jobs=1 ms=1
2026-08-28T03:57:41.206514Z  INFO fs3_daemon::runner: done kind="embed" id=69653 left=1402
2026-08-28T03:57:41.216012Z  INFO fs3_daemon::runner: done kind=scan_file subject=docs/plans/001-fs3-foundations/original-ask.md ms=28 left=1402
2026-08-28T03:57:41.217405Z  INFO fs3_daemon::runner: batch kind="embed" subject=1 x raw jobs=1 ms=0
2026-08-28T03:57:41.254659Z  INFO fs3_daemon::runner: done kind="embed" id=69655 left=1402
2026-08-28T03:57:41.257635Z  INFO fs3_daemon::runner: done kind=summarize subject=crates/core/src/config.rs::IndexingConfig::default ms=45 left=1401
2026-08-28T03:57:41.264160Z  INFO fs3_daemon::runner: batch kind="embed" subject=1 x smart jobs=1 ms=0
2026-08-28T03:57:41.270540Z  INFO fs3_daemon::runner: done kind=summarize subject=crates/core/src/config.rs::ScanConfig ms=11 left=1400
2026-08-28T03:57:41.270637Z  INFO fs3_daemon::runner: done kind="embed" id=69656 left=1401
2026-08-28T03:57:41.282761Z  INFO fs3_daemon::runner: batch kind="embed" subject=1 x smart jobs=1 ms=1
2026-08-28T03:57:41.287202Z  INFO fs3_daemon::runner: done kind="embed" id=69657 left=1399
2026-08-28T03:57:41.303188Z  INFO fs3_daemon::runner: done kind=summarize subject=crates/core/src/element.rs::ElementTree ms=10 left=1402
2026-08-28T03:57:41.304665Z  INFO fs3_daemon::runner: batch kind="embed" subject=1 x smart jobs=1 ms=0
2026-08-28T03:57:41.311526Z  INFO fs3_daemon::runner: done kind="embed" id=69660 left=1404
2026-08-28T03:57:41.313659Z  INFO fs3_daemon::runner: done kind=summarize subject=crates/core/src/conversation.rs::itoa64 ms=14 left=1403
2026-08-28T03:57:41.325667Z  INFO fs3_daemon::runner: batch kind="embed" subject=1 x smart jobs=1 ms=2
2026-08-28T03:57:41.331577Z  INFO fs3_daemon::runner: done kind="embed" id=69663 left=1405
2026-08-28T03:57:41.343371Z  INFO fs3_daemon::runner: batch kind="embed" subject=16 x raw jobs=1 ms=0
2026-08-28T03:57:41.348588Z  INFO fs3_daemon::runner: done kind=scan_file subject=docs/plans/001-fs3-foundations/the-flow.md ms=31 left=1411
2026-08-28T03:57:41.352372Z  INFO fs3_daemon::runner: done kind=summarize subject=crates/core/src/config.rs::ScanConfig ms=15 left=1410
2026-08-28T03:57:41.352702Z  INFO fs3_daemon::runner: done kind="embed" id=69669 left=1410
2026-08-28T03:57:41.359383Z  INFO fs3_daemon::runner: batch kind="embed" subject=5 x raw jobs=1 ms=0
2026-08-28T03:57:41.359470Z  INFO fs3_daemon::runner: batch kind="embed" subject=1 x smart jobs=1 ms=0
2026-08-28T03:57:41.363481Z  INFO fs3_daemon::runner: done kind=scan_file subject=docs/plans/001-fs3-foundations/plan.dd.md ms=88 left=1412
2026-08-28T03:57:41.365562Z  INFO fs3_daemon::runner: done kind="embed" id=69672 left=1411
2026-08-28T03:57:41.366802Z  INFO fs3_daemon::runner: done kind=summarize subject=crates/core/src/element.rs::ElementTree ms=11 left=1410
2026-08-28T03:57:41.368670Z  INFO fs3_daemon::runner: done kind="embed" id=69674 left=1409
2026-08-28T03:57:41.375595Z  INFO fs3_daemon::runner: batch kind="embed" subject=1 x smart jobs=1 ms=0
2026-08-28T03:57:41.375684Z  INFO fs3_daemon::runner: batch kind="embed" subject=5 x raw jobs=1 ms=0
2026-08-28T03:57:41.379000Z  INFO fs3_daemon::runner: done kind="embed" id=69678 left=1409
2026-08-28T03:57:41.380400Z  INFO fs3_daemon::runner: done kind=summarize subject=crates/core/src/conversation.rs::tests ms=8 left=1408
2026-08-28T03:57:41.381949Z  INFO fs3_daemon::runner: done kind="embed" id=69677 left=1407
2026-08-28T03:57:41.396672Z  INFO fs3_daemon::runner: batch kind="embed" subject=1 x smart jobs=1 ms=3
2026-08-28T03:57:41.403999Z  INFO fs3_daemon::runner: done kind="embed" id=69679 left=1406
2026-08-28T03:57:41.434809Z  INFO fs3_daemon::runner: done kind=scan_file subject=docs/plans/001-fs3-foundations/validations/plan-validation.md ms=49 left=1409
2026-08-28T03:57:41.438668Z  INFO fs3_daemon::runner: done kind=summarize subject=crates/core/src/config.rs::ScanConfig::collect ms=26 left=1408
2026-08-28T03:57:41.439430Z  INFO fs3_daemon::runner: batch kind="embed" subject=1 x smart jobs=1 ms=3
2026-08-28T03:57:41.439630Z  INFO fs3_daemon::runner: batch kind="embed" subject=4 x raw jobs=1 ms=3
2026-08-28T03:57:41.446506Z  INFO fs3_daemon::runner: done kind=summarize subject=crates/core/src/conversation.rs::tests::turn ms=17 left=1408
2026-08-28T03:57:41.447936Z  INFO fs3_daemon::runner: done kind="embed" id=69682 left=1407
2026-08-28T03:57:41.454293Z  INFO fs3_daemon::runner: done kind="embed" id=69683 left=1406
2026-08-28T03:57:41.464674Z  INFO fs3_daemon::runner: batch kind="embed" subject=1 x smart jobs=1 ms=1
2026-08-28T03:57:41.469457Z  INFO fs3_daemon::runner: done kind=summarize subject=crates/core/src/config.rs::ScanConfig ms=10 left=1406
2026-08-28T03:57:41.471297Z  INFO fs3_daemon::runner: done kind="embed" id=69684 left=1405
2026-08-28T03:57:41.534460Z  INFO fs3_daemon::runner: batch kind="embed" subject=1 x smart jobs=1 ms=0
2026-08-28T03:57:41.539784Z  INFO fs3_daemon::runner: done kind="embed" id=69685 left=1404
2026-08-28T03:57:41.555521Z  INFO fs3_daemon::runner: done kind=scan_file subject=docs/plans/002-docker-daemon-base/assets/backpressure.dd.md ms=29 left=1408
2026-08-28T03:57:41.557612Z  INFO fs3_daemon::runner: done kind=summarize subject=crates/core/src/conversation.rs::tests::a_rendered_address_parses_back_to_the_same_conversation_and_turn ms=12 left=1407
2026-08-28T03:57:41.558960Z  INFO fs3_daemon::runner: batch kind="embed" subject=1 x smart jobs=1 ms=0
2026-08-28T03:57:41.559146Z  INFO fs3_daemon::runner: batch kind="embed" subject=4 x raw jobs=1 ms=0
2026-08-28T03:57:41.563277Z  INFO fs3_daemon::runner: done kind="embed" id=69690 left=1407
2026-08-28T03:57:41.565002Z  INFO fs3_daemon::runner: done kind=summarize subject=crates/core/src/element.rs::tests ms=12 left=1406
2026-08-28T03:57:41.567146Z  INFO fs3_daemon::runner: done kind="embed" id=69689 left=1405
2026-08-28T03:57:41.576889Z  INFO fs3_daemon::runner: batch kind="embed" subject=1 x smart jobs=1 ms=0
2026-08-28T03:57:41.580989Z  INFO fs3_daemon::runner: done kind="embed" id=69691 left=1405
2026-08-28T03:57:41.582641Z  INFO fs3_daemon::runner: done kind=summarize subject=crates/core/src/config.rs::ScanConfig::default ms=10 left=1404
2026-08-28T03:57:41.591254Z  INFO fs3_daemon::runner: batch kind="embed" subject=1 x smart jobs=1 ms=2
2026-08-28T03:57:41.600297Z  INFO fs3_daemon::runner: done kind="embed" id=69692 left=1404
2026-08-28T03:57:41.618816Z  INFO fs3_daemon::runner: done kind=summarize subject=crates/core/src/element.rs::tests::element ms=14 left=1409
2026-08-28T03:57:41.620859Z  INFO fs3_daemon::runner: done kind=summarize subject=crates/core/src/conversation.rs::tests::identical_content_hashes_identically_across_conversations ms=11 left=1408
2026-08-28T03:57:41.669721Z  INFO fs3_daemon::runner: batch kind="embed" subject=2 x smart jobs=2 ms=0
2026-08-28T03:57:41.671901Z  INFO fs3_daemon::runner: done kind=scan_file subject=docs/plans/002-docker-daemon-base/assets/poc/cross-platform-strategy.md ms=86 left=1409
2026-08-28T03:57:41.675760Z  INFO fs3_daemon::runner: done kind="embed" id=69698 left=1408
2026-08-28T03:57:41.677535Z  INFO fs3_daemon::runner: done kind=summarize subject=crates/core/src/config.rs::UpdateConfig ms=60 left=1407
2026-08-28T03:57:41.679092Z  INFO fs3_daemon::runner: done kind="embed" id=69697 left=1406
2026-08-28T03:57:41.688181Z  INFO fs3_daemon::runner: batch kind="embed" subject=12 x raw jobs=1 ms=0
2026-08-28T03:57:41.688487Z  INFO fs3_daemon::runner: batch kind="embed" subject=1 x smart jobs=1 ms=1
2026-08-28T03:57:41.692827Z  INFO fs3_daemon::runner: done kind="embed" id=69701 left=1406
2026-08-28T03:57:41.696306Z  INFO fs3_daemon::runner: done kind="embed" id=69700 left=1406
2026-08-28T03:57:41.709127Z  INFO fs3_daemon::runner: done kind=summarize subject=crates/core/src/conversation.rs::tests::canonical_form_renders_body_then_items ms=9 left=1409
2026-08-28T03:57:41.710511Z  INFO fs3_daemon::runner: done kind=scan_file subject=docs/plans/002-docker-daemon-base/assets/poc/docker-results.md ms=28 left=1408
2026-08-28T03:57:41.710617Z  INFO fs3_daemon::runner: batch kind="embed" subject=7 x raw jobs=1 ms=1
2026-08-28T03:57:41.710626Z  INFO fs3_daemon::runner: batch kind="embed" subject=1 x smart jobs=1 ms=1
2026-08-28T03:57:41.714682Z  INFO fs3_daemon::runner: done kind="embed" id=69706 left=1408
2026-08-28T03:57:41.716331Z  INFO fs3_daemon::runner: done kind=summarize subject=crates/core/src/element.rs::tests::blob_ref_rejects_non_hex_and_short_values ms=10 left=1407
2026-08-28T03:57:41.718273Z  INFO fs3_daemon::runner: done kind="embed" id=69707 left=1406
2026-08-28T03:57:41.726350Z  INFO fs3_daemon::runner: batch kind="embed" subject=1 x smart jobs=1 ms=0
2026-08-28T03:57:41.730620Z  INFO fs3_daemon::runner: done kind="embed" id=69708 left=1406
2026-08-28T03:57:41.731846Z  INFO fs3_daemon::runner: done kind=summarize subject=crates/core/src/config.rs::UpdateConfig ms=10 left=1405
2026-08-28T03:57:41.739176Z  INFO fs3_daemon::runner: batch kind="embed" subject=1 x smart jobs=1 ms=0
2026-08-28T03:57:41.742916Z  INFO fs3_daemon::runner: done kind="embed" id=69709 left=1405
2026-08-28T03:57:41.744787Z  INFO fs3_daemon::runner: done kind=scan_file subject=docs/plans/002-docker-daemon-base/assets/poc/docker/build.sh ms=10 left=1404
2026-08-28T03:57:41.749384Z  INFO fs3_daemon::runner: batch kind="embed" subject=1 x raw jobs=1 ms=0
2026-08-28T03:57:41.753883Z  INFO fs3_daemon::runner: done kind="embed" id=69710 left=1404
2026-08-28T03:57:41.756646Z  INFO fs3_daemon::runner: done kind=summarize subject=crates/core/src/element.rs::tests::raw_hash_is_derived_from_raw_text ms=10 left=1403
2026-08-28T03:57:41.761391Z  INFO fs3_daemon::runner: batch kind="embed" subject=1 x smart jobs=1 ms=0
2026-08-28T03:57:41.765405Z  INFO fs3_daemon::runner: done kind="embed" id=69711 left=1403
2026-08-28T03:57:41.768813Z  INFO fs3_daemon::runner: done kind=summarize subject=crates/core/src/conversation.rs::tests::a_bodyless_turn_starts_at_its_first_item ms=11 left=1402
2026-08-28T03:57:41.777860Z  INFO fs3_daemon::runner: batch kind="embed" subject=1 x smart jobs=1 ms=0
2026-08-28T03:57:41.783420Z  INFO fs3_daemon::runner: done kind="embed" id=69712 left=1402
2026-08-28T03:57:41.788226Z  INFO fs3_daemon::runner: done kind=scan_file subject=docs/plans/002-docker-daemon-base/assets/poc/docker/daemon/src/main.rs ms=15 left=1402
2026-08-28T03:57:41.792728Z  INFO fs3_daemon::runner: batch kind="embed" subject=2 x raw jobs=1 ms=0
2026-08-28T03:57:41.797709Z  INFO fs3_daemon::runner: done kind="embed" id=69714 left=1402
2026-08-28T03:57:41.800205Z  INFO fs3_daemon::runner: done kind=summarize subject=crates/core/src/config.rs::UpdateConfig::collect ms=11 left=1401
2026-08-28T03:57:41.806480Z  INFO fs3_daemon::runner: batch kind="embed" subject=1 x smart jobs=1 ms=1
2026-08-28T03:57:41.811419Z  INFO fs3_daemon::runner: done kind="embed" id=69715 left=1401
2026-08-28T03:57:41.812927Z  INFO fs3_daemon::runner: done kind=summarize subject=crates/core/src/element.rs::tests::needs_summary_is_a_size_floor_not_a_kind_filter ms=11 left=1400
2026-08-28T03:57:41.819699Z  INFO fs3_daemon::runner: batch kind="embed" subject=1 x smart jobs=1 ms=0
2026-08-28T03:57:41.823440Z  INFO fs3_daemon::runner: done kind="embed" id=69716 left=1400
2026-08-28T03:57:41.825082Z  INFO fs3_daemon::runner: done kind=summarize subject=crates/core/src/conversation.rs::tests::element_is_a_turn_kind_at_its_ordinal ms=9 left=1399
2026-08-28T03:57:41.830557Z  INFO fs3_daemon::runner: batch kind="embed" subject=1 x smart jobs=1 ms=0
2026-08-28T03:57:41.833560Z  INFO fs3_daemon::runner: done kind="embed" id=69717 left=1399
2026-08-28T03:57:41.836289Z  INFO fs3_daemon::runner: done kind=summarize subject=crates/core/src/config.rs::Sources ms=8 left=1398
2026-08-28T03:57:41.840794Z  INFO fs3_daemon::runner: batch kind="embed" subject=1 x smart jobs=1 ms=0
2026-08-28T03:57:41.845351Z  INFO fs3_daemon::runner: done kind="embed" id=69718 left=1398
2026-08-28T03:57:41.847664Z  INFO fs3_daemon::runner: done kind=scan_file subject=docs/plans/002-docker-daemon-base/assets/poc/docker/down.sh ms=10 left=1397
2026-08-28T03:57:41.851451Z  INFO fs3_daemon::runner: batch kind="embed" subject=1 x raw jobs=1 ms=0
2026-08-28T03:57:41.854576Z  INFO fs3_daemon::runner: done kind="embed" id=69719 left=1397
2026-08-28T03:57:41.855764Z  INFO fs3_daemon::runner: done kind=summarize subject=crates/core/src/element.rs::tests::leaf ms=7 left=1396
2026-08-28T03:57:41.861032Z  INFO fs3_daemon::runner: batch kind="embed" subject=1 x smart jobs=1 ms=0
2026-08-28T03:57:41.865264Z  INFO fs3_daemon::runner: done kind="embed" id=69720 left=1396
2026-08-28T03:57:41.866778Z  INFO fs3_daemon::runner: done kind=summarize subject=crates/core/src/conversation.rs::tests::roles_and_sources_round_trip_through_their_stored_spellings ms=8 left=1395
2026-08-28T03:57:41.872851Z  INFO fs3_daemon::runner: batch kind="embed" subject=1 x smart jobs=1 ms=0
2026-08-28T03:57:41.876718Z  INFO fs3_daemon::runner: done kind="embed" id=69721 left=1395
2026-08-28T03:57:41.878127Z  INFO fs3_daemon::runner: done kind=summarize subject=crates/core/src/config.rs::Effective ms=8 left=1394
2026-08-28T03:57:41.884066Z  INFO fs3_daemon::runner: batch kind="embed" subject=1 x smart jobs=1 ms=0
2026-08-28T03:57:41.888830Z  INFO fs3_daemon::runner: done kind="embed" id=69722 left=1394
2026-08-28T03:57:41.889952Z  INFO fs3_daemon::runner: done kind=scan_file subject=docs/plans/002-docker-daemon-base/assets/poc/docker/lint.sh ms=9 left=1393
2026-08-28T03:57:41.919657Z  INFO fs3_daemon::runner: batch kind="embed" subject=1 x raw jobs=1 ms=0
2026-08-28T03:57:41.923317Z  INFO fs3_daemon::runner: done kind="embed" id=69723 left=1393
2026-08-28T03:57:41.924737Z  INFO fs3_daemon::runner: done kind=summarize subject=crates/core/src/conversation.rs::tests::items_survive_a_json_round_trip_with_their_kinds ms=32 left=1392
2026-08-28T03:57:41.930774Z  INFO fs3_daemon::runner: batch kind="embed" subject=1 x smart jobs=1 ms=0
2026-08-28T03:57:41.934743Z  INFO fs3_daemon::runner: done kind="embed" id=69724 left=1392
2026-08-28T03:57:41.936443Z  INFO fs3_daemon::runner: done kind=summarize subject=crates/core/src/element.rs::tests::tree ms=9 left=1391
2026-08-28T03:57:41.943548Z  INFO fs3_daemon::runner: batch kind="embed" subject=1 x smart jobs=1 ms=0
2026-08-28T03:57:41.952436Z  INFO fs3_daemon::runner: done kind="embed" id=69725 left=1390
2026-08-28T03:57:41.958418Z  INFO fs3_daemon::runner: done kind=scan_file subject=docs/plans/002-docker-daemon-base/assets/poc/docker/reload.sh ms=19 left=1390
2026-08-28T03:57:41.960181Z  INFO fs3_daemon::runner: batch kind="embed" subject=1 x raw jobs=1 ms=0
2026-08-28T03:57:42.007226Z  INFO fs3_daemon::runner: done kind="embed" id=69726 left=1390
2026-08-28T03:57:42.010267Z  INFO fs3_daemon::runner: done kind=summarize subject=crates/core/src/element.rs::tests::iteration_is_depth_first_in_source_order ms=54 left=1389
2026-08-28T03:57:42.016371Z  INFO fs3_daemon::runner: batch kind="embed" subject=1 x smart jobs=1 ms=1
2026-08-28T03:57:42.022604Z  INFO fs3_daemon::runner: done kind="embed" id=69727 left=1389
2026-08-28T03:57:42.034998Z  INFO fs3_daemon::runner: done kind=summarize subject=crates/core/src/config.rs::Problem ms=8 left=1392
2026-08-28T03:57:42.036582Z  INFO fs3_daemon::runner: batch kind="embed" subject=1 x smart jobs=1 ms=0
2026-08-28T03:57:42.040115Z  INFO fs3_daemon::runner: done kind="embed" id=69731 left=1393
2026-08-28T03:57:42.042396Z  INFO fs3_daemon::runner: done kind=scan_file subject=docs/plans/002-docker-daemon-base/assets/tasks/phase-1/tasks.dd.md ms=30 left=1391
2026-08-28T03:57:42.042725Z  INFO fs3_daemon::runner: done kind=summarize subject=crates/core/src/element.rs::tests::find_reaches_a_nested_element_by_address ms=10 left=1391
2026-08-28T03:57:42.048025Z  INFO fs3_daemon::runner: batch kind="embed" subject=1 x smart jobs=1 ms=0
2026-08-28T03:57:42.048188Z  INFO fs3_daemon::runner: batch kind="embed" subject=11 x raw jobs=1 ms=0
2026-08-28T03:57:42.050396Z  INFO fs3_daemon::runner: done kind=summarize subject=crates/core/src/config.rs::Problem ms=7 left=1391
2026-08-28T03:57:42.051946Z  INFO fs3_daemon::runner: done kind="embed" id=69734 left=1390
2026-08-28T03:57:42.055962Z  INFO fs3_daemon::runner: done kind="embed" id=69733 left=1389
2026-08-28T03:57:42.065303Z  INFO fs3_daemon::runner: batch kind="embed" subject=1 x smart jobs=1 ms=0
2026-08-28T03:57:42.069648Z  INFO fs3_daemon::runner: done kind="embed" id=69735 left=1389
2026-08-28T03:57:42.090594Z  INFO fs3_daemon::runner: batch kind="embed" subject=1 x smart jobs=1 ms=0
2026-08-28T03:57:42.091892Z  INFO fs3_daemon::runner: done kind=summarize subject=crates/core/src/envelope.rs::Envelope ms=18 left=1392
2026-08-28T03:57:42.091964Z  INFO fs3_daemon::runner: done kind=scan_file subject=docs/plans/002-docker-daemon-base/assets/tasks/phase-2/tasks.dd.md ms=31 left=1392
2026-08-28T03:57:42.094165Z  INFO fs3_daemon::runner: done kind="embed" id=69740 left=1391
2026-08-28T03:57:42.112730Z  INFO fs3_daemon::runner: batch kind="embed" subject=9 x raw jobs=1 ms=0
2026-08-28T03:57:42.123974Z  INFO fs3_daemon::runner: done kind="embed" id=69741 left=1394
2026-08-28T03:57:42.126835Z  INFO fs3_daemon::runner: done kind=summarize subject=crates/core/src/config.rs::Problem::file ms=18 left=1394
2026-08-28T03:57:42.132121Z  INFO fs3_daemon::runner: batch kind="embed" subject=1 x smart jobs=1 ms=0
2026-08-28T03:57:42.136102Z  INFO fs3_daemon::runner: done kind="embed" id=69744 left=1396
2026-08-28T03:57:42.139071Z  INFO fs3_daemon::runner: done kind=summarize subject=crates/core/src/envelope.rs::Envelope ms=11 left=1396
2026-08-28T03:57:42.145674Z  INFO fs3_daemon::runner: batch kind="embed" subject=1 x smart jobs=1 ms=0
2026-08-28T03:57:42.151438Z  INFO fs3_daemon::runner: done kind="embed" id=69748 left=1398
2026-08-28T03:57:42.159981Z  INFO fs3_daemon::runner: batch kind="embed" subject=16 x raw jobs=1 ms=0
2026-08-28T03:57:42.184136Z  INFO fs3_daemon::runner: done kind=scan_file subject=docs/plans/002-docker-daemon-base/the-flow.md ms=44 left=1403
2026-08-28T03:57:42.185913Z  INFO fs3_daemon::runner: done kind="embed" id=69753 left=1403
2026-08-28T03:57:42.187328Z  INFO fs3_daemon::runner: done kind=summarize subject=crates/core/src/config.rs::render ms=32 left=1402
2026-08-28T03:57:42.192734Z  INFO fs3_daemon::runner: done kind=scan_file subject=docs/plans/002-docker-daemon-base/plan.dd.md ms=114 left=1402
2026-08-28T03:57:42.193933Z  INFO fs3_daemon::runner: batch kind="embed" subject=1 x smart jobs=1 ms=0
2026-08-28T03:57:42.194268Z  INFO fs3_daemon::runner: batch kind="embed" subject=21 x raw jobs=2 ms=0
2026-08-28T03:57:42.197191Z  INFO fs3_daemon::runner: done kind="embed" id=69759 left=1402
2026-08-28T03:57:42.198510Z  INFO fs3_daemon::runner: done kind=summarize subject=crates/core/src/envelope.rs::Envelope::ok ms=8 left=1401
2026-08-28T03:57:42.200010Z  INFO fs3_daemon::runner: done kind="embed" id=69757 left=1400
2026-08-28T03:57:42.204174Z  INFO fs3_daemon::runner: done kind="embed" id=69761 left=1399
2026-08-28T03:57:42.210921Z  INFO fs3_daemon::runner: batch kind="embed" subject=1 x smart jobs=1 ms=0
2026-08-28T03:57:42.214240Z  INFO fs3_daemon::runner: done kind="embed" id=69762 left=1399
2026-08-28T03:57:42.215791Z  INFO fs3_daemon::runner: done kind=summarize subject=crates/core/src/config.rs::resolve_config_dir ms=8 left=1398
2026-08-28T03:57:42.222285Z  INFO fs3_daemon::runner: batch kind="embed" subject=1 x smart jobs=1 ms=1
2026-08-28T03:57:42.236029Z  INFO fs3_daemon::runner: done kind="embed" id=69763 left=1398
2026-08-28T03:57:42.248417Z  INFO fs3_daemon::runner: done kind=scan_file subject=docs/plans/002-docker-daemon-base/validations/plan-validation.md ms=30 left=1400
2026-08-28T03:57:42.250003Z  INFO fs3_daemon::runner: done kind=summarize subject=crates/core/src/envelope.rs::Envelope::failed ms=10 left=1399
2026-08-28T03:57:42.250336Z  INFO fs3_daemon::runner: batch kind="embed" subject=3 x raw jobs=1 ms=0
2026-08-28T03:57:42.254120Z  INFO fs3_daemon::runner: done kind="embed" id=69766 left=1399
2026-08-28T03:57:42.263210Z  INFO fs3_daemon::runner: batch kind="embed" subject=1 x smart jobs=1 ms=0
2026-08-28T03:57:42.267034Z  INFO fs3_daemon::runner: done kind=scan_file subject=docs/plans/003-first-light/assets/backpressure.dd.md ms=22 left=1402
2026-08-28T03:57:42.267623Z  INFO fs3_daemon::runner: done kind=summarize subject=crates/core/src/config.rs::env_overrides ms=10 left=1400
2026-08-28T03:57:42.267968Z  INFO fs3_daemon::runner: done kind="embed" id=69767 left=1400
2026-08-28T03:57:42.275198Z  INFO fs3_daemon::runner: batch kind="embed" subject=4 x raw jobs=1 ms=0
2026-08-28T03:57:42.275359Z  INFO fs3_daemon::runner: batch kind="embed" subject=1 x smart jobs=1 ms=0
2026-08-28T03:57:42.278817Z  INFO fs3_daemon::runner: done kind="embed" id=69771 left=1400
2026-08-28T03:57:42.280374Z  INFO fs3_daemon::runner: done kind=summarize subject=crates/core/src/envelope.rs::Failure ms=9 left=1399
2026-08-28T03:57:42.281746Z  INFO fs3_daemon::runner: done kind="embed" id=69772 left=1398
2026-08-28T03:57:42.288617Z  INFO fs3_daemon::runner: batch kind="embed" subject=1 x smart jobs=1 ms=0
2026-08-28T03:57:42.292070Z  INFO fs3_daemon::runner: done kind="embed" id=69773 left=1397
2026-08-28T03:57:42.306262Z  INFO fs3_daemon::runner: done kind=summarize subject=crates/core/src/config.rs::resolve ms=11 left=1402
2026-08-28T03:57:42.321467Z  INFO fs3_daemon::runner: done kind=summarize subject=crates/core/src/envelope.rs::Failure ms=21 left=1402
2026-08-28T03:57:42.322883Z  INFO fs3_daemon::runner: batch kind="embed" subject=2 x smart jobs=2 ms=0
2026-08-28T03:57:42.326694Z  INFO fs3_daemon::runner: done kind="embed" id=69778 left=1403
2026-08-28T03:57:42.331572Z  INFO fs3_daemon::runner: done kind="embed" id=69777 left=1405
2026-08-28T03:57:42.342999Z  INFO fs3_daemon::runner: done kind=scan_file subject=docs/plans/003-first-light/assets/tasks/phase-1/tasks.dd.md ms=37 left=1411
2026-08-28T03:57:42.344182Z  INFO fs3_daemon::runner: done kind=summarize subject=crates/core/src/config.rs::merge_tables ms=8 left=1411
2026-08-28T03:57:42.349015Z  INFO fs3_daemon::runner: batch kind="embed" subject=13 x raw jobs=1 ms=2
2026-08-28T03:57:42.352458Z  INFO fs3_daemon::runner: batch kind="embed" subject=1 x smart jobs=1 ms=5
2026-08-28T03:57:42.357708Z  INFO fs3_daemon::runner: done kind="embed" id=69790 left=1412
2026-08-28T03:57:42.359465Z  INFO fs3_daemon::runner: done kind=scan_file subject=docs/plans/003-first-light/assets/first-light-run.md ms=74 left=1411
2026-08-28T03:57:42.362788Z  INFO fs3_daemon::runner: done kind="embed" id=69792 left=1411
2026-08-28T03:57:42.370243Z  INFO fs3_daemon::runner: batch kind="embed" subject=12 x raw jobs=1 ms=0
2026-08-28T03:57:42.373995Z  INFO fs3_daemon::runner: done kind="embed" id=69794 left=1414
2026-08-28T03:57:42.376728Z  INFO fs3_daemon::runner: done kind=summarize subject=crates/core/src/config.rs::apply_override ms=10 left=1414
2026-08-28T03:57:42.382358Z  INFO fs3_daemon::runner: batch kind="embed" subject=1 x smart jobs=1 ms=0
2026-08-28T03:57:42.384573Z  INFO fs3_daemon::runner: done kind=scan_file subject=docs/plans/003-first-light/plan.dd.md ms=43 left=1415
2026-08-28T03:57:42.387428Z  INFO fs3_daemon::runner: done kind="embed" id=69800 left=1414
2026-08-28T03:57:42.389065Z  INFO fs3_daemon::runner: done kind=summarize subject=crates/core/src/envelope.rs::tests ms=11 left=1413
2026-08-28T03:57:42.397167Z  INFO fs3_daemon::runner: batch kind="embed" subject=1 x smart jobs=1 ms=0
2026-08-28T03:57:42.398284Z  INFO fs3_daemon::runner: batch kind="embed" subject=12 x raw jobs=1 ms=1
2026-08-28T03:57:42.406342Z  INFO fs3_daemon::runner: done kind="embed" id=69802 left=1413
2026-08-28T03:57:42.412342Z  INFO fs3_daemon::runner: done kind="embed" id=69803 left=1413
2026-08-28T03:57:42.415578Z  INFO fs3_daemon::runner: done kind=scan_file subject=docs/plans/003-first-light/the-flow.md ms=23 left=1413
2026-08-28T03:57:42.419004Z  INFO fs3_daemon::runner: batch kind="embed" subject=14 x raw jobs=1 ms=0
2026-08-28T03:57:42.422088Z  INFO fs3_daemon::runner: done kind="embed" id=69806 left=1413
2026-08-28T03:57:42.423392Z  INFO fs3_daemon::runner: done kind=summarize subject=crates/core/src/envelope.rs::tests::a_success_envelope_carries_data_and_no_error_key ms=7 left=1412
2026-08-28T03:57:42.429214Z  INFO fs3_daemon::runner: batch kind="embed" subject=1 x smart jobs=1 ms=0
2026-08-28T03:57:42.433600Z  INFO fs3_daemon::runner: done kind="embed" id=69807 left=1412
2026-08-28T03:57:42.436227Z  INFO fs3_daemon::runner: done kind=summarize subject=crates/core/src/config.rs::coerce ms=10 left=1411
2026-08-28T03:57:42.462707Z  INFO fs3_daemon::runner: batch kind="embed" subject=1 x smart jobs=1 ms=0
2026-08-28T03:57:42.467621Z  INFO fs3_daemon::runner: done kind="embed" id=69808 left=1410
2026-08-28T03:57:42.489621Z  INFO fs3_daemon::runner: done kind=scan_file subject=docs/plans/004-ship-it/assets/backpressure.dd.md ms=52 left=1414
2026-08-28T03:57:42.490896Z  INFO fs3_daemon::runner: done kind=summarize subject=crates/core/src/envelope.rs::tests::a_failure_envelope_carries_error_and_no_data_key ms=13 left=1413
2026-08-28T03:57:42.491002Z  INFO fs3_daemon::runner: batch kind="embed" subject=1 x smart jobs=1 ms=0
2026-08-28T03:57:42.491021Z  INFO fs3_daemon::runner: batch kind="embed" subject=4 x raw jobs=1 ms=0
2026-08-28T03:57:42.494473Z  INFO fs3_daemon::runner: done kind="embed" id=69813 left=1413
2026-08-28T03:57:42.497474Z  INFO fs3_daemon::runner: done kind="embed" id=69812 left=1413
2026-08-28T03:57:42.512328Z  INFO fs3_daemon::runner: done kind=summarize subject=crates/core/src/config.rs::parse_env_file ms=11 left=1416
2026-08-28T03:57:42.512682Z  INFO fs3_daemon::runner: done kind=scan_file subject=docs/plans/004-ship-it/assets/tasks/phase-1/tasks.dd.md ms=29 left=1416
2026-08-28T03:57:42.514918Z  INFO fs3_daemon::runner: done kind=summarize subject=crates/core/src/envelope.rs::tests::a_fix_can_be_sharpened_but_never_removed ms=8 left=1415
2026-08-28T03:57:42.516122Z  INFO fs3_daemon::runner: batch kind="embed" subject=2 x smart jobs=2 ms=0
2026-08-28T03:57:42.516218Z  INFO fs3_daemon::runner: batch kind="embed" subject=11 x raw jobs=1 ms=0
2026-08-28T03:57:42.518739Z  INFO fs3_daemon::runner: done kind=summarize subject=crates/core/src/config.rs::unquote ms=7 left=1414
2026-08-28T03:57:42.518862Z  INFO fs3_daemon::runner: done kind="embed" id=69820 left=1415
2026-08-28T03:57:42.521931Z  INFO fs3_daemon::runner: done kind="embed" id=69819 left=1413
2026-08-28T03:57:42.523802Z  INFO fs3_daemon::runner: done kind="embed" id=69818 left=1412
2026-08-28T03:57:42.534772Z  INFO fs3_daemon::runner: batch kind="embed" subject=1 x smart jobs=1 ms=0
2026-08-28T03:57:42.537563Z  INFO fs3_daemon::runner: done kind="embed" id=69821 left=1411
2026-08-28T03:57:42.547027Z  INFO fs3_daemon::runner: done kind=summarize subject=crates/core/src/envelope.rs::tests::http_status_comes_from_the_code_not_the_endpoint ms=6 left=1416
2026-08-28T03:57:42.548251Z  INFO fs3_daemon::runner: batch kind="embed" subject=1 x smart jobs=1 ms=0
2026-08-28T03:57:42.550364Z  INFO fs3_daemon::runner: done kind=summarize subject=crates/core/src/config.rs::redact_url_password ms=6 left=1417
2026-08-28T03:57:42.552310Z  INFO fs3_daemon::runner: done kind="embed" id=69825 left=1417
2026-08-28T03:57:42.567684Z  INFO fs3_daemon::runner: done kind=scan_file subject=docs/plans/004-ship-it/plan.dd.md ms=41 left=1417
2026-08-28T03:57:42.568372Z  INFO fs3_daemon::runner: batch kind="embed" subject=1 x smart jobs=1 ms=1
2026-08-28T03:57:42.568389Z  INFO fs3_daemon::runner: batch kind="embed" subject=12 x raw jobs=1 ms=1
2026-08-28T03:57:42.572256Z  INFO fs3_daemon::runner: done kind="embed" id=69828 left=1417
2026-08-28T03:57:42.575115Z  INFO fs3_daemon::runner: done kind="embed" id=69831 left=1417
2026-08-28T03:57:42.580447Z  INFO fs3_daemon::runner: done kind=scan_file subject=docs/plans/004-ship-it/the-flow.md ms=26 left=1417
2026-08-28T03:57:42.583930Z  INFO fs3_daemon::runner: batch kind="embed" subject=5 x raw jobs=1 ms=0
2026-08-28T03:57:42.585722Z  INFO fs3_daemon::runner: done kind=summarize subject=crates/core/src/envelope.rs::tests::an_envelope_from_a_newer_daemon_still_parses ms=7 left=1417
2026-08-28T03:57:42.586799Z  INFO fs3_daemon::runner: done kind="embed" id=69834 left=1416
2026-08-28T03:57:42.594923Z  INFO fs3_daemon::runner: batch kind="embed" subject=1 x smart jobs=1 ms=0
2026-08-28T03:57:42.600446Z  INFO fs3_daemon::runner: done kind="embed" id=69835 left=1415
2026-08-28T03:57:42.613762Z  INFO fs3_daemon::runner: done kind=summarize subject=crates/core/src/config.rs::tests ms=8 left=1420
2026-08-28T03:57:42.613970Z  INFO fs3_daemon::runner: batch kind="embed" subject=1 x smart jobs=1 ms=2
2026-08-28T03:57:42.617735Z  INFO fs3_daemon::runner: done kind="embed" id=69839 left=1420
2026-08-28T03:57:42.631037Z  INFO fs3_daemon::runner: done kind=scan_file subject=docs/plans/conversations/assets/tasks/phase-1/tasks.dd.md ms=22 left=1425
2026-08-28T03:57:42.632186Z  INFO fs3_daemon::runner: done kind=scan_file subject=docs/plans/conversations/assets/evidence/dogfood-exit-proof.md ms=42 left=1425
2026-08-28T03:57:42.632215Z  INFO fs3_daemon::runner: done kind=summarize subject=crates/core/src/config.rs::tests::empty_config_is_the_offline_default ms=12 left=1425
2026-08-28T03:57:42.636358Z  INFO fs3_daemon::runner: batch kind="embed" subject=1 x smart jobs=1 ms=0
2026-08-28T03:57:42.636738Z  INFO fs3_daemon::runner: batch kind="embed" subject=14 x raw jobs=2 ms=0
2026-08-28T03:57:42.640738Z  INFO fs3_daemon::runner: done kind="embed" id=69850 left=1427
2026-08-28T03:57:42.643067Z  INFO fs3_daemon::runner: done kind=scan_file subject=docs/plans/conversations/assets/tasks/phase-2/tasks.dd.md ms=18 left=1427
2026-08-28T03:57:42.644288Z  INFO fs3_daemon::runner: done kind="embed" id=69847 left=1426
2026-08-28T03:57:42.646866Z  INFO fs3_daemon::runner: done kind="embed" id=69849 left=1425
2026-08-28T03:57:42.655144Z  INFO fs3_daemon::runner: batch kind="embed" subject=5 x raw jobs=1 ms=0
2026-08-28T03:57:42.656635Z  INFO fs3_daemon::runner: done kind=summarize subject=crates/core/src/error.rs::Error ms=6 left=1425
2026-08-28T03:57:42.658118Z  INFO fs3_daemon::runner: done kind="embed" id=69854 left=1424
2026-08-28T03:57:42.663909Z  INFO fs3_daemon::runner: batch kind="embed" subject=1 x smart jobs=1 ms=0
2026-08-28T03:57:42.667992Z  INFO fs3_daemon::runner: done kind="embed" id=69855 left=1424
2026-08-28T03:57:42.670292Z  INFO fs3_daemon::runner: done kind=summarize subject=crates/core/src/config.rs::tests::the_registry_holds_instances_and_the_ports_name_them ms=9 left=1423
2026-08-28T03:57:42.677416Z  INFO fs3_daemon::runner: batch kind="embed" subject=1 x smart jobs=1 ms=0
2026-08-28T03:57:42.681558Z  INFO fs3_daemon::runner: done kind="embed" id=69856 left=1422
2026-08-28T03:57:42.698229Z  INFO fs3_daemon::runner: done kind=summarize subject=crates/core/src/config.rs::tests::two_ports_may_share_one_instance ms=12 left=1425
2026-08-28T03:57:42.698881Z  INFO fs3_daemon::runner: done kind=scan_file subject=docs/plans/conversations/assets/tasks/phase-3/tasks.dd.md ms=27 left=1425
2026-08-28T03:57:42.721989Z  INFO fs3_daemon::runner: batch kind="embed" subject=2 x smart jobs=2 ms=0
2026-08-28T03:57:42.722122Z  INFO fs3_daemon::runner: batch kind="embed" subject=5 x raw jobs=1 ms=0
2026-08-28T03:57:42.723871Z  INFO fs3_daemon::runner: done kind=summarize subject=crates/core/src/config.rs::tests::a_repo_may_name_a_different_instance ms=28 left=1426
2026-08-28T03:57:42.729647Z  INFO fs3_daemon::runner: done kind="embed" id=69860 left=1426
2026-08-28T03:57:42.733325Z  INFO fs3_daemon::runner: done kind="embed" id=69862 left=1426
2026-08-28T03:57:42.736163Z  INFO fs3_daemon::runner: done kind="embed" id=69861 left=1426
2026-08-28T03:57:42.737498Z  INFO fs3_daemon::runner: done kind=scan_file subject=docs/plans/conversations/plan.dd.md ms=47 left=1425
2026-08-28T03:57:42.741672Z  INFO fs3_daemon::runner: batch kind="embed" subject=7 x raw jobs=1 ms=0
2026-08-28T03:57:42.744257Z  INFO fs3_daemon::runner: done kind="embed" id=69866 left=1425
2026-08-28T03:57:42.745058Z  INFO fs3_daemon::runner: done kind=summarize subject=crates/core/src/config.rs::tests::an_unknown_instance_name_lists_the_configured_ones ms=6 left=1424
2026-08-28T03:57:42.756468Z  INFO fs3_daemon::runner: batch kind="embed" subject=1 x smart jobs=1 ms=5
2026-08-28T03:57:42.759099Z  INFO fs3_daemon::runner: done kind="embed" id=69867 left=1423
2026-08-28T03:57:42.771794Z  INFO fs3_daemon::runner: done kind=summarize subject=crates/core/src/config.rs::tests::an_unknown_instance_in_a_repo_override_names_the_repo ms=9 left=1428
2026-08-28T03:57:42.773553Z  INFO fs3_daemon::runner: done kind=scan_file subject=docs/plans/prd/base-prd.dd.md ms=25 left=1427
2026-08-28T03:57:42.776703Z  INFO fs3_daemon::runner: done kind=scan_file subject=docs/plans/prd/base-prd.md ms=10 left=1426
2026-08-28T03:57:42.777876Z  INFO fs3_daemon::runner: batch kind="embed" subject=4 x raw jobs=2 ms=0
2026-08-28T03:57:42.777957Z  INFO fs3_daemon::runner: batch kind="embed" subject=1 x smart jobs=1 ms=0
2026-08-28T03:57:42.781450Z  INFO fs3_daemon::runner: done kind="embed" id=69872 left=1425
2026-08-28T03:57:42.784223Z  INFO fs3_daemon::runner: done kind="embed" id=69873 left=1425
2026-08-28T03:57:42.787017Z  INFO fs3_daemon::runner: done kind="embed" id=69871 left=1425
2026-08-28T03:57:42.788028Z  INFO fs3_daemon::runner: done kind=scan_file subject=docs/plans/prd/daemon-worker-architecture.md ms=14 left=1424
2026-08-28T03:57:42.792963Z  INFO fs3_daemon::runner: batch kind="embed" subject=7 x raw jobs=1 ms=0
2026-08-28T03:57:42.795821Z  INFO fs3_daemon::runner: done kind="embed" id=69875 left=1423
2026-08-28T03:57:42.795945Z  INFO fs3_daemon::runner: done kind=summarize subject=crates/core/src/config.rs::tests::an_instance_failing_its_kind_shape_names_the_bad_key ms=6 left=1424
2026-08-28T03:57:42.828819Z  INFO fs3_daemon::runner: batch kind="embed" subject=1 x smart jobs=1 ms=0
2026-08-28T03:57:42.851401Z  INFO fs3_daemon::runner: done kind="embed" id=69876 left=1423
2026-08-28T03:57:42.853929Z  INFO fs3_daemon::runner: done kind=summarize subject=crates/core/src/config.rs::tests::an_unselected_instance_is_still_validated_but_never_referenced ms=44 left=1422
2026-08-28T03:57:42.861153Z  INFO fs3_daemon::runner: batch kind="embed" subject=1 x smart jobs=1 ms=1
2026-08-28T03:57:42.864949Z  INFO fs3_daemon::runner: done kind="embed" id=69877 left=1422
2026-08-28T03:57:42.877192Z  INFO fs3_daemon::runner: done kind=scan_file subject=docs/plans/prd/doctor-design.md ms=22 left=1423
2026-08-28T03:57:42.877817Z  INFO fs3_daemon::runner: batch kind="embed" subject=6 x raw jobs=1 ms=1
2026-08-28T03:57:42.882143Z  INFO fs3_daemon::runner: done kind="embed" id=69880 left=1422
2026-08-28T03:57:42.897154Z  INFO fs3_daemon::runner: done kind=scan_file subject=docs/plans/prd/providers-roster.md ms=25 left=1423
2026-08-28T03:57:42.898187Z  INFO fs3_daemon::runner: batch kind="embed" subject=2 x raw jobs=1 ms=0
2026-08-28T03:57:42.902533Z  INFO fs3_daemon::runner: done kind="embed" id=69882 left=1423
2026-08-28T03:57:42.904389Z  INFO fs3_daemon::runner: done kind=summarize subject=crates/core/src/config.rs::tests::unknown_keys_are_a_typo_not_a_feature ms=10 left=1422
2026-08-28T03:57:42.908572Z  INFO fs3_daemon::runner: batch kind="embed" subject=1 x smart jobs=1 ms=0
2026-08-28T03:57:42.911555Z  INFO fs3_daemon::runner: done kind="embed" id=69883 left=1421
2026-08-28T03:57:42.923005Z  INFO fs3_daemon::runner: done kind=scan_file subject=docs/plans/prd/workshops/002-pg-schema.md ms=17 left=1424
2026-08-28T03:57:42.924172Z  INFO fs3_daemon::runner: batch kind="embed" subject=7 x raw jobs=1 ms=0
2026-08-28T03:57:42.928691Z  INFO fs3_daemon::runner: done kind="embed" id=69887 left=1425
2026-08-28T03:57:42.929284Z  INFO fs3_daemon::runner: done kind=summarize subject=crates/core/src/config.rs::tests::zero_summary_floor_is_rejected ms=9 left=1425
2026-08-28T03:57:42.934520Z  INFO fs3_daemon::runner: batch kind="embed" subject=1 x smart jobs=1 ms=0
2026-08-28T03:57:42.937602Z  INFO fs3_daemon::runner: done kind=summarize subject=crates/core/src/git.rs::RepoIdentity ms=5 left=1429
2026-08-28T03:57:42.939103Z  INFO fs3_daemon::runner: done kind="embed" id=69889 left=1429
2026-08-28T03:57:42.941380Z  INFO fs3_daemon::runner: done kind=scan_file subject=docs/plans/prd/workshops/003-query-surface.md ms=27 left=1428
2026-08-28T03:57:42.944494Z  INFO fs3_daemon::runner: batch kind="embed" subject=1 x smart jobs=1 ms=0
2026-08-28T03:57:42.944771Z  INFO fs3_daemon::runner: batch kind="embed" subject=10 x raw jobs=1 ms=0
2026-08-28T03:57:42.947131Z  INFO fs3_daemon::runner: done kind="embed" id=69896 left=1428
2026-08-28T03:57:42.948259Z  INFO fs3_daemon::runner: done kind=summarize subject=crates/core/src/config.rs::tests::every_problem_is_reported_at_once ms=6 left=1427
2026-08-28T03:57:42.949269Z  INFO fs3_daemon::runner: done kind="embed" id=69894 left=1426
2026-08-28T03:57:42.954806Z  INFO fs3_daemon::runner: batch kind="embed" subject=1 x smart jobs=1 ms=0
2026-08-28T03:57:42.957330Z  INFO fs3_daemon::runner: done kind="embed" id=69897 left=1425
2026-08-28T03:57:42.975531Z  INFO fs3_daemon::runner: done kind=summarize subject=crates/core/src/git.rs::RepoIdentity::from_remote_parts ms=9 left=1429
2026-08-28T03:57:42.976880Z  INFO fs3_daemon::runner: done kind=scan_file subject=docs/plans/prd/workshops/004-envelopes-and-errors.md ms=25 left=1429
2026-08-28T03:57:42.977230Z  INFO fs3_daemon::runner: batch kind="embed" subject=1 x smart jobs=1 ms=1
2026-08-28T03:57:42.979871Z  INFO fs3_daemon::runner: done kind=summarize subject=crates/core/src/config.rs::tests::the_environment_beats_the_file ms=8 left=1428
2026-08-28T03:57:42.980652Z  INFO fs3_daemon::runner: done kind="embed" id=69901 left=1427
2026-08-28T03:57:42.990778Z  INFO fs3_daemon::runner: batch kind="embed" subject=6 x raw jobs=1 ms=0
2026-08-28T03:57:42.991123Z  INFO fs3_daemon::runner: batch kind="embed" subject=1 x smart jobs=1 ms=0
2026-08-28T03:57:42.995961Z  INFO fs3_daemon::runner: done kind="embed" id=69903 left=1427
2026-08-28T03:57:42.999250Z  INFO fs3_daemon::runner: done kind="embed" id=69902 left=1427
2026-08-28T03:57:43.014650Z  INFO fs3_daemon::runner: batch kind="embed" subject=1 x smart jobs=1 ms=0
2026-08-28T03:57:43.014828Z  INFO fs3_daemon::runner: done kind=summarize subject=crates/core/src/git.rs::TreeSnapshot ms=12 left=1432
2026-08-28T03:57:43.018366Z  INFO fs3_daemon::runner: done kind=summarize subject=crates/core/src/config.rs::tests::the_log_destination_is_configurable_from_the_file_and_the_environment ms=11 left=1432
2026-08-28T03:57:43.020221Z  INFO fs3_daemon::runner: done kind="embed" id=69909 left=1432
2026-08-28T03:57:43.026541Z  INFO fs3_daemon::runner: batch kind="embed" subject=1 x smart jobs=1 ms=0
2026-08-28T03:57:43.028816Z  INFO fs3_daemon::runner: done kind="embed" id=69911 left=1434
2026-08-28T03:57:43.030872Z  INFO fs3_daemon::runner: done kind=scan_file subject=docs/plans/prd/workshops/005-conversations.md ms=47 left=1433
2026-08-28T03:57:43.035948Z  INFO fs3_daemon::runner: batch kind="embed" subject=10 x raw jobs=1 ms=0
2026-08-28T03:57:43.038301Z  INFO fs3_daemon::runner: done kind=summarize subject=crates/core/src/git.rs::TreeSnapshot ms=6 left=1435
2026-08-28T03:57:43.039507Z  INFO fs3_daemon::runner: done kind="embed" id=69916 left=1435
2026-08-28T03:57:43.047790Z  INFO fs3_daemon::runner: batch kind="embed" subject=1 x smart jobs=1 ms=2
2026-08-28T03:57:43.050955Z  INFO fs3_daemon::runner: done kind="embed" id=69919 left=1439
2026-08-28T03:57:43.061140Z  INFO fs3_daemon::runner: done kind=summarize subject=crates/core/src/config.rs::tests::a_zero_log_cap_is_refused_rather_than_clamped ms=6 left=1446
2026-08-28T03:57:43.064723Z  INFO fs3_daemon::runner: done kind=summarize subject=crates/core/src/git.rs::TreeSnapshot::new ms=6 left=1448
2026-08-28T03:57:43.064976Z  INFO fs3_daemon::runner: batch kind="embed" subject=15 x raw jobs=1 ms=0
2026-08-28T03:57:43.065061Z  INFO fs3_daemon::runner: done kind=scan_file subject=docs/reference/configuration.md ms=42 left=1448
2026-08-28T03:57:43.065076Z  INFO fs3_daemon::runner: batch kind="embed" subject=2 x smart jobs=2 ms=0
2026-08-28T03:57:43.072071Z  INFO fs3_daemon::runner: done kind="embed" id=69931 left=1448
2026-08-28T03:57:43.110277Z  INFO fs3_daemon::runner: done kind="embed" id=69934 left=1448
2026-08-28T03:57:43.113245Z  INFO fs3_daemon::runner: done kind="embed" id=69936 left=1448
2026-08-28T03:57:43.122403Z  INFO fs3_daemon::runner: batch kind="embed" subject=16 x raw jobs=1 ms=0
2026-08-28T03:57:43.256774Z  INFO fs3_daemon::runner: done kind=summarize subject=crates/core/src/config.rs::tests::whether_there_was_a_file_at_all_survives_the_merge ms=139 left=1451
2026-08-28T03:57:43.257158Z  INFO fs3_daemon::runner: done kind="embed" id=69939 left=1451
2026-08-28T03:57:43.270012Z  INFO fs3_daemon::runner: batch kind="embed" subject=1 x smart jobs=1 ms=0
2026-08-28T03:57:43.274536Z  INFO fs3_daemon::runner: done kind="embed" id=69944 left=1456
2026-08-28T03:57:43.285701Z  INFO fs3_daemon::runner: batch kind="embed" subject=16 x raw jobs=1 ms=0
2026-08-28T03:57:43.290906Z  INFO fs3_daemon::runner: done kind="embed" id=69949 left=1461
2026-08-28T03:57:43.292983Z  INFO fs3_daemon::runner: done kind=scan_file subject=docs/services/README.md ms=14 left=1461
2026-08-28T03:57:43.294339Z  INFO fs3_daemon::runner: done kind=scan_file subject=docs/rules-idioms-architecture/fs3-architecture.md ms=31 left=1460
2026-08-28T03:57:43.297590Z  INFO fs3_daemon::runner: done kind=scan_file subject=docs/reference/error-codes.md ms=255 left=1459
2026-08-28T03:57:43.299038Z  INFO fs3_daemon::runner: batch kind="embed" subject=19 x raw jobs=3 ms=0
2026-08-28T03:57:43.301890Z  INFO fs3_daemon::runner: done kind="embed" id=69958 left=1459
2026-08-28T03:57:43.303391Z  INFO fs3_daemon::runner: done kind=summarize subject=crates/core/src/config.rs::tests::overrides_are_typed_by_the_key_they_target ms=8 left=1458
2026-08-28T03:57:43.304720Z  INFO fs3_daemon::runner: done kind="embed" id=69959 left=1457
2026-08-28T03:57:43.307666Z  INFO fs3_daemon::runner: done kind="embed" id=69960 left=1456
2026-08-28T03:57:43.313186Z  INFO fs3_daemon::runner: batch kind="embed" subject=1 x smart jobs=1 ms=0
2026-08-28T03:57:43.316633Z  INFO fs3_daemon::runner: done kind="embed" id=69961 left=1456
2026-08-28T03:57:43.319035Z  INFO fs3_daemon::runner: done kind=summarize subject=crates/core/src/git.rs::ChangedSet ms=8 left=1455
2026-08-28T03:57:43.322491Z  INFO fs3_daemon::runner: batch kind="embed" subject=1 x smart jobs=1 ms=0
2026-08-28T03:57:43.325433Z  INFO fs3_daemon::runner: done kind="embed" id=69962 left=1455
2026-08-28T03:57:43.326921Z  INFO fs3_daemon::runner: done kind=summarize subject=crates/core/src/git.rs::diff ms=7 left=1454
2026-08-28T03:57:43.333057Z  INFO fs3_daemon::runner: batch kind="embed" subject=1 x smart jobs=1 ms=0
2026-08-28T03:57:43.337122Z  INFO fs3_daemon::runner: done kind="embed" id=69963 left=1454
2026-08-28T03:57:43.337975Z  INFO fs3_daemon::runner: done kind=summarize subject=crates/core/src/config.rs::tests::an_override_can_switch_the_active_instance ms=8 left=1453
2026-08-28T03:57:43.347074Z  INFO fs3_daemon::runner: batch kind="embed" subject=1 x smart jobs=1 ms=3
2026-08-28T03:57:43.353222Z  INFO fs3_daemon::runner: done kind="embed" id=69964 left=1453
2026-08-28T03:57:43.373073Z  INFO fs3_daemon::runner: progress phase="working" scanned=7004 scan_left=65 summarized=7000 summarize_left=1390 embedded=16093 embed_left=0 failed=0
2026-08-28T03:57:43.376387Z  INFO fs3_daemon::runner: done kind=summarize subject=crates/core/src/git.rs::tests ms=11 left=1457
2026-08-28T03:57:43.377838Z  INFO fs3_daemon::runner: batch kind="embed" subject=1 x smart jobs=1 ms=0
2026-08-28T03:57:43.382351Z  INFO fs3_daemon::runner: done kind="embed" id=69969 left=1458
2026-08-28T03:57:43.401003Z  INFO fs3_daemon::runner: done kind=summarize subject=crates/core/src/config.rs::tests::an_override_can_reshape_an_instance_in_the_registry ms=10 left=1468
2026-08-28T03:57:43.403414Z  INFO fs3_daemon::runner: done kind=summarize subject=crates/core/src/git.rs::tests::snapshot ms=6 left=1467
2026-08-28T03:57:43.406557Z  INFO fs3_daemon::runner: batch kind="embed" subject=2 x smart jobs=2 ms=1
2026-08-28T03:57:43.408446Z  INFO fs3_daemon::runner: done kind=scan_file subject=docs/services/azure-openai.md ms=22 left=1469
2026-08-28T03:57:43.409992Z  INFO fs3_daemon::runner: done kind="embed" id=69982 left=1468
2026-08-28T03:57:43.413597Z  INFO fs3_daemon::runner: done kind="embed" id=69979 left=1469
2026-08-28T03:57:43.422040Z  INFO fs3_daemon::runner: done kind=scan_file subject=docs/services/auto-update.md ms=81 left=1470
2026-08-28T03:57:43.423013Z  INFO fs3_daemon::runner: batch kind="embed" subject=23 x raw jobs=2 ms=0
2026-08-28T03:57:43.427370Z  INFO fs3_daemon::runner: done kind="embed" id=69985 left=1470
2026-08-28T03:57:43.430749Z  INFO fs3_daemon::runner: done kind="embed" id=69984 left=1470
2026-08-28T03:57:43.452940Z  INFO fs3_daemon::runner: batch kind="embed" subject=3 x raw jobs=1 ms=0
2026-08-28T03:57:43.457035Z  INFO fs3_daemon::runner: done kind=summarize subject=crates/core/src/config.rs::tests::switching_the_kind_in_the_file_does_not_inherit_the_other_arms_keys ms=23 left=1473
2026-08-28T03:57:43.457325Z  INFO fs3_daemon::runner: done kind="embed" id=69990 left=1473
2026-08-28T03:57:43.464699Z  INFO fs3_daemon::runner: batch kind="embed" subject=1 x smart jobs=1 ms=0
2026-08-28T03:57:43.465296Z  INFO fs3_daemon::runner: done kind=scan_file subject=docs/services/ci-release.md ms=48 left=1475
2026-08-28T03:57:43.467049Z  INFO fs3_daemon::runner: done kind=summarize subject=crates/core/src/git.rs::tests::every_transport_spelling_of_one_remote_yields_one_key ms=6 left=1474
2026-08-28T03:57:43.468062Z  INFO fs3_daemon::runner: done kind="embed" id=69996 left=1473
2026-08-28T03:57:43.476644Z  INFO fs3_daemon::runner: batch kind="embed" subject=1 x smart jobs=1 ms=0
2026-08-28T03:57:43.476908Z  INFO fs3_daemon::runner: batch kind="embed" subject=9 x raw jobs=1 ms=0
2026-08-28T03:57:43.480670Z  INFO fs3_daemon::runner: done kind="embed" id=70000 left=1473
2026-08-28T03:57:43.482149Z  INFO fs3_daemon::runner: done kind=summarize subject=crates/core/src/config.rs::tests::every_bad_override_is_reported_at_once ms=10 left=1472
2026-08-28T03:57:43.483461Z  INFO fs3_daemon::runner: done kind="embed" id=69999 left=1471
2026-08-28T03:57:43.490429Z  INFO fs3_daemon::runner: batch kind="embed" subject=1 x smart jobs=1 ms=0
2026-08-28T03:57:43.495667Z  INFO fs3_daemon::runner: done kind="embed" id=70001 left=1470
2026-08-28T03:57:43.518777Z  INFO fs3_daemon::runner: batch kind="embed" subject=1 x smart jobs=1 ms=0
2026-08-28T03:57:43.519645Z  INFO fs3_daemon::runner: done kind=summarize subject=crates/core/src/config.rs::tests::only_nested_names_are_overrides ms=17 left=1473
2026-08-28T03:57:43.526189Z  INFO fs3_daemon::runner: done kind="embed" id=70004 left=1474
2026-08-28T03:57:43.555142Z  INFO fs3_daemon::runner: done kind=summarize subject=crates/core/src/git.rs::tests::an_unchanged_blob_is_not_work_however_the_snapshots_were_taken ms=21 left=1480
2026-08-28T03:57:43.561952Z  INFO fs3_daemon::runner: batch kind="embed" subject=1 x smart jobs=1 ms=0
2026-08-28T03:57:43.569941Z  INFO fs3_daemon::runner: done kind=scan_file subject=docs/services/config.md ms=83 left=1483
2026-08-28T03:57:43.570379Z  INFO fs3_daemon::runner: done kind="embed" id=70012 left=1483
2026-08-28T03:57:43.582065Z  INFO fs3_daemon::runner: done kind=scan_file subject=docs/services/conversations.md ms=70 left=1485
2026-08-28T03:57:43.586830Z  INFO fs3_daemon::runner: batch kind="embed" subject=14 x raw jobs=2 ms=0
2026-08-28T03:57:43.596720Z  INFO fs3_daemon::runner: done kind="embed" id=70017 left=1486
2026-08-28T03:57:43.597026Z  INFO fs3_daemon::runner: done kind=summarize subject=crates/core/src/git.rs::tests::added_modified_and_removed_are_reported_separately_and_in_path_order ms=17 left=1485
2026-08-28T03:57:43.597593Z  INFO fs3_daemon::runner: done kind=scan_file subject=docs/services/daemon-logs.md ms=49 left=1485
2026-08-28T03:57:43.604466Z  INFO fs3_daemon::runner: done kind="embed" id=70021 left=1484
2026-08-28T03:57:43.611385Z  INFO fs3_daemon::runner: batch kind="embed" subject=1 x smart jobs=1 ms=0
2026-08-28T03:57:43.611595Z  INFO fs3_daemon::runner: batch kind="embed" subject=8 x raw jobs=1 ms=0
2026-08-28T03:57:43.614190Z  INFO fs3_daemon::runner: done kind="embed" id=70024 left=1483
2026-08-28T03:57:43.616621Z  INFO fs3_daemon::runner: done kind="embed" id=70025 left=1483
2026-08-28T03:57:43.627921Z  INFO fs3_daemon::runner: done kind=summarize subject=crates/core/src/config.rs::tests::a_missing_file_is_all_defaults ms=8 left=1488
2026-08-28T03:57:43.630413Z  INFO fs3_daemon::runner: done kind=scan_file subject=docs/services/database-migrations.md ms=22 left=1487
2026-08-28T03:57:43.634663Z  INFO fs3_daemon::runner: done kind=summarize subject=crates/core/src/git.rs::tests::diffing_across_repositories_is_an_error_not_a_rebuild ms=11 left=1486
2026-08-28T03:57:43.635008Z  INFO fs3_daemon::runner: batch kind="embed" subject=2 x smart jobs=2 ms=4
2026-08-28T03:57:43.635113Z  INFO fs3_daemon::runner: batch kind="embed" subject=5 x raw jobs=1 ms=4
2026-08-28T03:57:43.637929Z  INFO fs3_daemon::runner: done kind="embed" id=70030 left=1485
2026-08-28T03:57:43.640368Z  INFO fs3_daemon::runner: done kind="embed" id=70032 left=1485
2026-08-28T03:57:43.642712Z  INFO fs3_daemon::runner: done kind="embed" id=70031 left=1485
2026-08-28T03:57:43.653928Z  INFO fs3_daemon::runner: done kind=summarize subject=crates/core/src/config.rs::tests::secrets_files_parse_shell_shaped_lines ms=8 left=1489
2026-08-28T03:57:43.656089Z  INFO fs3_daemon::runner: batch kind="embed" subject=1 x smart jobs=1 ms=0
2026-08-28T03:57:43.659512Z  INFO fs3_daemon::runner: done kind="embed" id=70038 left=1491
2026-08-28T03:57:43.667200Z  INFO fs3_daemon::runner: done kind=scan_file subject=docs/services/docker.md ms=16 left=1494
2026-08-28T03:57:43.674841Z  INFO fs3_daemon::runner: done kind=summarize subject=crates/core/src/config.rs::tests::redaction_leaves_passwordless_urls_alone ms=12 left=1496
2026-08-28T03:57:43.674984Z  INFO fs3_daemon::runner: batch kind="embed" subject=1 x smart jobs=1 ms=1
2026-08-28T03:57:43.675002Z  INFO fs3_daemon::runner: batch kind="embed" subject=5 x raw jobs=1 ms=1
2026-08-28T03:57:43.676346Z  INFO fs3_daemon::runner: done kind=scan_file subject=docs/services/discovery.md ms=49 left=1495
2026-08-28T03:57:43.678372Z  INFO fs3_daemon::runner: done kind="embed" id=70046 left=1495
2026-08-28T03:57:43.680711Z  INFO fs3_daemon::runner: done kind="embed" id=70048 left=1495
2026-08-28T03:57:43.690164Z  INFO fs3_daemon::runner: batch kind="embed" subject=12 x raw jobs=1 ms=1
2026-08-28T03:57:43.694909Z  INFO fs3_daemon::runner: done kind="embed" id=70049 left=1500
2026-08-28T03:57:43.714039Z  INFO fs3_daemon::runner: done kind=scan_file subject=docs/services/first-light.md ms=29 left=1514
2026-08-28T03:57:43.719305Z  INFO fs3_daemon::runner: batch kind="embed" subject=7 x raw jobs=1 ms=1
2026-08-28T03:57:43.721161Z  INFO fs3_daemon::runner: done kind=scan_file subject=docs/services/enrichment.md ms=53 left=1518
2026-08-28T03:57:43.721715Z  INFO fs3_daemon::runner: done kind="embed" id=70069 left=1517
2026-08-28T03:57:43.724053Z  INFO fs3_daemon::runner: done kind=scan_file subject=docs/services/git-blob.md ms=25 left=1518
2026-08-28T03:57:43.729499Z  INFO fs3_daemon::runner: batch kind="embed" subject=20 x raw jobs=2 ms=0
2026-08-28T03:57:43.731733Z  INFO fs3_daemon::runner: done kind="embed" id=70079 left=1522
2026-08-28T03:57:43.735540Z  INFO fs3_daemon::runner: done kind="embed" id=70075 left=1524
2026-08-28T03:57:43.737505Z  INFO fs3_daemon::runner: done kind=scan_file subject=docs/services/openai-compat.md ms=12 left=1524
2026-08-28T03:57:43.738545Z  INFO fs3_daemon::runner: done kind=scan_file subject=docs/services/local-embeddings.md ms=33 left=1523
2026-08-28T03:57:43.742403Z  INFO fs3_daemon::runner: batch kind="embed" subject=15 x raw jobs=2 ms=0
2026-08-28T03:57:43.744285Z  INFO fs3_daemon::runner: done kind="embed" id=70088 left=1522
2026-08-28T03:57:43.746652Z  INFO fs3_daemon::runner: done kind="embed" id=70087 left=1522
2026-08-28T03:57:43.754629Z  INFO fs3_daemon::runner: done kind=scan_file subject=docs/services/provider-throughput.md ms=15 left=1524
2026-08-28T03:57:43.755957Z  INFO fs3_daemon::runner: batch kind="embed" subject=7 x raw jobs=1 ms=0
2026-08-28T03:57:43.784247Z  INFO fs3_daemon::runner: done kind="embed" id=70092 left=1524
2026-08-28T03:57:43.829560Z  INFO fs3_daemon::runner: done kind=scan_file subject=docs/services/read-surface.md ms=80 left=1553
2026-08-28T03:57:43.831838Z  INFO fs3_daemon::runner: done kind=scan_file subject=docs/services/scanner.md ms=22 left=1554
2026-08-28T03:57:43.833129Z  INFO fs3_daemon::runner: batch kind="embed" subject=30 x raw jobs=3 ms=0
2026-08-28T03:57:43.834058Z  INFO fs3_daemon::runner: done kind=scan_file subject=docs/services/remove-and-gc.md ms=80 left=1554
2026-08-28T03:57:43.836230Z  INFO fs3_daemon::runner: done kind="embed" id=70124 left=1554
2026-08-28T03:57:43.839224Z  INFO fs3_daemon::runner: done kind="embed" id=70121 left=1554
2026-08-28T03:57:43.842054Z  INFO fs3_daemon::runner: done kind="embed" id=70120 left=1554
2026-08-28T03:57:43.845202Z  INFO fs3_daemon::runner: done kind=scan_file subject=docs/services/schema-skew.md ms=30 left=1554
2026-08-28T03:57:43.851234Z  INFO fs3_daemon::runner: batch kind="embed" subject=11 x raw jobs=1 ms=0
2026-08-28T03:57:43.852303Z  INFO fs3_daemon::runner: done kind=summarize subject=crates/core/src/logging.rs::resolve_log_dir ms=6 left=1554
2026-08-28T03:57:43.854768Z  INFO fs3_daemon::runner: done kind="embed" id=70130 left=1553
2026-08-28T03:57:43.864838Z  INFO fs3_daemon::runner: batch kind="embed" subject=1 x smart jobs=1 ms=0
2026-08-28T03:57:43.868151Z  INFO fs3_daemon::runner: done kind="embed" id=70131 left=1552
2026-08-28T03:57:43.882248Z  INFO fs3_daemon::runner: done kind=summarize subject=crates/core/src/logging.rs::unwritable_message ms=11 left=1557
2026-08-28T03:57:43.883224Z  INFO fs3_daemon::runner: batch kind="embed" subject=1 x smart jobs=1 ms=2
2026-08-28T03:57:43.888273Z  INFO fs3_daemon::runner: done kind="embed" id=70135 left=1559
2026-08-28T03:57:43.899611Z  INFO fs3_daemon::runner: done kind=scan_file subject=docs/services/self-teaching-cli.md ms=38 left=1567
2026-08-28T03:57:43.902062Z  INFO fs3_daemon::runner: done kind=summarize subject=crates/core/src/logging.rs::tests ms=10 left=1567
2026-08-28T03:57:43.903604Z  INFO fs3_daemon::runner: batch kind="embed" subject=17 x raw jobs=2 ms=0
2026-08-28T03:57:43.903671Z  INFO fs3_daemon::runner: batch kind="embed" subject=1 x smart jobs=1 ms=0
2026-08-28T03:57:43.904348Z  INFO fs3_daemon::runner: done kind=scan_file subject=docs/services/store-schema.md ms=28 left=1566
2026-08-28T03:57:43.906519Z  INFO fs3_daemon::runner: done kind="embed" id=70147 left=1565
2026-08-28T03:57:43.909642Z  INFO fs3_daemon::runner: done kind="embed" id=70150 left=1565
2026-08-28T03:57:43.912029Z  INFO fs3_daemon::runner: done kind="embed" id=70149 left=1566
2026-08-28T03:57:43.924740Z  INFO fs3_daemon::runner: done kind=scan_file subject=install.ps1 ms=9 left=1572
2026-08-28T03:57:43.929739Z  INFO fs3_daemon::runner: done kind=scan_file subject=install.sh ms=11 left=1572
2026-08-28T03:57:43.931844Z  INFO fs3_daemon::runner: batch kind="embed" subject=2 x raw jobs=2 ms=0
2026-08-28T03:57:43.934379Z  INFO fs3_daemon::runner: done kind=scan_file subject=docs/services/watcher.md ms=36 left=1573
2026-08-28T03:57:43.935980Z  INFO fs3_daemon::runner: done kind="embed" id=70160 left=1573
2026-08-28T03:57:43.939911Z  INFO fs3_daemon::runner: done kind="embed" id=70157 left=1573
2026-08-28T03:57:43.946910Z  INFO fs3_daemon::runner: batch kind="embed" subject=9 x raw jobs=1 ms=0
2026-08-28T03:57:43.950433Z  INFO fs3_daemon::runner: done kind="embed" id=70163 left=1576
2026-08-28T03:57:43.970245Z  INFO fs3_daemon::runner: done kind=scan_file subject=pocs/daemon-shell/LEARNINGS.md ms=48 left=1589
2026-08-28T03:57:43.971689Z  INFO fs3_daemon::runner: done kind=scan_file subject=pocs/daemon-shell/README.md ms=28 left=1589
2026-08-28T03:57:43.975018Z  INFO fs3_daemon::runner: batch kind="embed" subject=17 x raw jobs=2 ms=0
2026-08-28T03:57:43.978801Z  INFO fs3_daemon::runner: done kind="embed" id=70180 left=1594
2026-08-28T03:57:43.981584Z  INFO fs3_daemon::runner: done kind="embed" id=70182 left=1597
2026-08-28T03:57:43.990761Z  INFO fs3_daemon::runner: batch kind="embed" subject=32 x raw jobs=2 ms=1
2026-08-28T03:57:43.992431Z  INFO fs3_daemon::runner: done kind=scan_file subject=pocs/daemon-shell/src/http.rs ms=30 left=1601
2026-08-28T03:57:43.993479Z  INFO fs3_daemon::runner: done kind="embed" id=70195 left=1602
2026-08-28T03:57:43.997084Z  INFO fs3_daemon::runner: done kind="embed" id=70190 left=1603
2026-08-28T03:57:43.999221Z  INFO fs3_daemon::runner: done kind=scan_file subject=pocs/daemon-shell/src/lib.rs ms=11 left=1603
2026-08-28T03:57:44.019643Z  INFO fs3_daemon::runner: batch kind="embed" subject=7 x raw jobs=2 ms=0
2026-08-28T03:57:44.023023Z  INFO fs3_daemon::runner: done kind="embed" id=70204 left=1608
2026-08-28T03:57:44.025910Z  INFO fs3_daemon::runner: done kind="embed" id=70200 left=1610
2026-08-28T03:57:44.027007Z  INFO fs3_daemon::runner: done kind=scan_file subject=pocs/daemon-shell/src/main.rs ms=26 left=1609
2026-08-28T03:57:44.035110Z  INFO fs3_daemon::runner: batch kind="embed" subject=19 x raw jobs=2 ms=1
2026-08-28T03:57:44.038309Z  INFO fs3_daemon::runner: done kind="embed" id=70213 left=1613
2026-08-28T03:57:44.041474Z  INFO fs3_daemon::runner: done kind="embed" id=70208 left=1615
2026-08-28T03:57:44.043333Z  INFO fs3_daemon::runner: done kind=scan_file subject=pocs/daemon-shell/src/core.rs ms=90 left=1614
2026-08-28T03:57:44.049689Z  INFO fs3_daemon::runner: batch kind="embed" subject=8 x raw jobs=1 ms=0
2026-08-28T03:57:44.056639Z  INFO fs3_daemon::runner: done kind="embed" id=70221 left=1617
2026-08-28T03:57:44.073928Z  INFO fs3_daemon::runner: done kind=summarize subject=crates/core/src/messages.rs::Severity ms=7 left=1630
2026-08-28T03:57:44.073934Z  INFO fs3_daemon::runner: done kind=scan_file subject=pocs/daemon-shell/src/watcher.rs ms=44 left=1630
2026-08-28T03:57:44.077639Z  INFO fs3_daemon::runner: batch kind="embed" subject=21 x raw jobs=2 ms=0
2026-08-28T03:57:44.077793Z  INFO fs3_daemon::runner: batch kind="embed" subject=1 x smart jobs=1 ms=0
2026-08-28T03:57:44.081508Z  INFO fs3_daemon::runner: done kind="embed" id=70239 left=1636
2026-08-28T03:57:44.085408Z  INFO fs3_daemon::runner: done kind="embed" id=70231 left=1639
2026-08-28T03:57:44.087981Z  INFO fs3_daemon::runner: done kind="embed" id=70237 left=1639
2026-08-28T03:57:44.094678Z  INFO fs3_daemon::runner: done kind=scan_file subject=pocs/daemon-shell/tests/end_to_end.rs ms=50 left=1641
2026-08-28T03:57:44.095511Z  INFO fs3_daemon::runner: done kind=scan_file subject=pocs/human-render/LEARNINGS.md ms=34 left=1640
2026-08-28T03:57:44.096722Z  INFO fs3_daemon::runner: batch kind="embed" subject=28 x raw jobs=2 ms=0
2026-08-28T03:57:44.099106Z  INFO fs3_daemon::runner: done kind="embed" id=70256 left=1640
2026-08-28T03:57:44.099543Z  INFO fs3_daemon::runner: done kind=summarize subject=crates/core/src/messages.rs::UserMessage ms=7 left=1639
2026-08-28T03:57:44.101643Z  INFO fs3_daemon::runner: done kind="embed" id=70254 left=1638
2026-08-28T03:57:44.107415Z  INFO fs3_daemon::runner: batch kind="embed" subject=1 x smart jobs=1 ms=0
2026-08-28T03:57:44.109690Z  INFO fs3_daemon::runner: done kind="embed" id=70257 left=1637
2026-08-28T03:57:44.140480Z  INFO fs3_daemon::runner: done kind=summarize subject=crates/core/src/messages.rs::UserMessage ms=27 left=1642
2026-08-28T03:57:44.143269Z  INFO fs3_daemon::runner: batch kind="embed" subject=1 x smart jobs=1 ms=4
2026-08-28T03:57:44.159070Z  INFO fs3_daemon::runner: done kind="embed" id=70261 left=1643
2026-08-28T03:57:44.193894Z  INFO fs3_daemon::runner: done kind=scan_file subject=pocs/human-render/README.md ms=90 left=1644
2026-08-28T03:57:44.210002Z  INFO fs3_daemon::runner: batch kind="embed" subject=6 x raw jobs=1 ms=4
2026-08-28T03:57:44.230256Z  INFO fs3_daemon::runner: done kind=scan_file subject=pocs/human-render/src/lib.rs ms=52 left=1645
2026-08-28T03:57:44.230570Z  INFO fs3_daemon::runner: done kind="embed" id=70266 left=1645
2026-08-28T03:57:44.235766Z  INFO fs3_daemon::runner: done kind=scan_file subject=pocs/human-render/src/bin/demo.rs ms=111 left=1644
2026-08-28T03:57:44.257793Z  INFO fs3_daemon::runner: batch kind="embed" subject=15 x raw jobs=2 ms=0
2026-08-28T03:57:44.260693Z  INFO fs3_daemon::runner: done kind="embed" id=70269 left=1644
2026-08-28T03:57:44.262356Z  INFO fs3_daemon::runner: done kind=summarize subject=crates/core/src/messages.rs::UserMessage::new ms=12 left=1643
2026-08-28T03:57:44.263345Z  INFO fs3_daemon::runner: done kind="embed" id=70270 left=1642
2026-08-28T03:57:44.270102Z  INFO fs3_daemon::runner: batch kind="embed" subject=1 x smart jobs=1 ms=0
2026-08-28T03:57:44.271447Z  INFO fs3_daemon::runner: done kind=summarize subject=crates/core/src/messages.rs::tests ms=5 left=1642
2026-08-28T03:57:44.272355Z  INFO fs3_daemon::runner: done kind="embed" id=70271 left=1641
2026-08-28T03:57:44.280660Z  INFO fs3_daemon::runner: batch kind="embed" subject=1 x smart jobs=1 ms=0
2026-08-28T03:57:44.283185Z  INFO fs3_daemon::runner: done kind="embed" id=70272 left=1641
2026-08-28T03:57:44.294882Z  INFO fs3_daemon::runner: done kind=summarize subject=crates/core/src/messages.rs::tests::a_message_serialises_with_snake_case_severity ms=8 left=1646
2026-08-28T03:57:44.295619Z  INFO fs3_daemon::runner: batch kind="embed" subject=1 x smart jobs=1 ms=0
2026-08-28T03:57:44.298933Z  INFO fs3_daemon::runner: done kind="embed" id=70278 left=1646
2026-08-28T03:57:44.299136Z  INFO fs3_daemon::runner: done kind=scan_file subject=pocs/human-render/src/mode.rs ms=23 left=1646
2026-08-28T03:57:44.320670Z  INFO fs3_daemon::runner: batch kind="embed" subject=14 x raw jobs=1 ms=0
2026-08-28T03:57:44.324214Z  INFO fs3_daemon::runner: done kind=scan_file subject=pocs/human-render/src/render.rs ms=33 left=1650
2026-08-28T03:57:44.325157Z  INFO fs3_daemon::runner: done kind="embed" id=70280 left=1648
2026-08-28T03:57:44.325455Z  INFO fs3_daemon::runner: done kind=summarize subject=crates/core/src/messages.rs::tests::a_message_renders_the_action_a_user_must_take ms=9 left=1648
2026-08-28T03:57:44.331350Z  INFO fs3_daemon::runner: batch kind="embed" subject=1 x smart jobs=1 ms=0
2026-08-28T03:57:44.331464Z  INFO fs3_daemon::runner: batch kind="embed" subject=14 x raw jobs=1 ms=0
2026-08-28T03:57:44.333859Z  INFO fs3_daemon::runner: done kind="embed" id=70286 left=1647
2026-08-28T03:57:44.336328Z  INFO fs3_daemon::runner: done kind="embed" id=70285 left=1647
2026-08-28T03:57:44.337427Z  INFO fs3_daemon::runner: done kind=scan_file subject=pocs/human-render/src/surfaces.rs ms=9 left=1646
2026-08-28T03:57:44.342749Z  INFO fs3_daemon::runner: batch kind="embed" subject=5 x raw jobs=1 ms=1
2026-08-28T03:57:44.345409Z  INFO fs3_daemon::runner: done kind="embed" id=70287 left=1645
2026-08-28T03:57:44.355854Z  INFO fs3_daemon::runner: done kind=summarize subject=crates/core/src/ports.rs::Summary ms=5 left=1649
2026-08-28T03:57:44.359050Z  INFO fs3_daemon::runner: batch kind="embed" subject=1 x smart jobs=1 ms=0
2026-08-28T03:57:44.362019Z  INFO fs3_daemon::runner: done kind="embed" id=70291 left=1652
2026-08-28T03:57:44.365950Z  INFO fs3_daemon::runner: done kind=scan_file subject=pocs/human-render/src/surfaces/doctor.rs ms=26 left=1653
2026-08-28T03:57:44.369614Z  INFO fs3_daemon::runner: batch kind="embed" subject=14 x raw jobs=1 ms=0
2026-08-28T03:57:44.371567Z  INFO fs3_daemon::runner: done kind=summarize subject=crates/core/src/ports.rs::Embedder ms=5 left=1656
2026-08-28T03:57:44.373092Z  INFO fs3_daemon::runner: done kind="embed" id=70298 left=1656
2026-08-28T03:57:44.379269Z  INFO fs3_daemon::runner: done kind=scan_file subject=pocs/human-render/src/surfaces/failure.rs ms=24 left=1656
2026-08-28T03:57:44.381173Z  INFO fs3_daemon::runner: batch kind="embed" subject=1 x smart jobs=1 ms=1
2026-08-28T03:57:44.381828Z  INFO fs3_daemon::runner: batch kind="embed" subject=11 x raw jobs=1 ms=2
2026-08-28T03:57:44.393708Z  INFO fs3_daemon::runner: done kind="embed" id=70304 left=1656
2026-08-28T03:57:44.396757Z  INFO fs3_daemon::runner: done kind="embed" id=70301 left=1657
2026-08-28T03:57:44.403742Z  INFO fs3_daemon::runner: done kind=scan_file subject=pocs/human-render/src/surfaces/generic.rs ms=27 left=1658
2026-08-28T03:57:44.406842Z  INFO fs3_daemon::runner: done kind=summarize subject=crates/core/src/ports.rs::Summarizer ms=7 left=1658
2026-08-28T03:57:44.409067Z  INFO fs3_daemon::runner: batch kind="embed" subject=6 x raw jobs=1 ms=0
2026-08-28T03:57:44.409154Z  INFO fs3_daemon::runner: batch kind="embed" subject=1 x smart jobs=1 ms=0
2026-08-28T03:57:44.411625Z  INFO fs3_daemon::runner: done kind="embed" id=70310 left=1658
2026-08-28T03:57:44.414103Z  INFO fs3_daemon::runner: done kind="embed" id=70309 left=1658
2026-08-28T03:57:44.429864Z  INFO fs3_daemon::runner: batch kind="embed" subject=1 x smart jobs=1 ms=0
2026-08-28T03:57:44.431803Z  INFO fs3_daemon::runner: done kind=summarize subject=crates/core/src/ports.rs::tests ms=12 left=1663
2026-08-28T03:57:44.433261Z  INFO fs3_daemon::runner: done kind="embed" id=70317 left=1662
2026-08-28T03:57:44.450470Z  INFO fs3_daemon::runner: done kind=summarize subject=crates/core/src/ports.rs::tests::tag_band_matches_prd_req_36 ms=12 left=1670
2026-08-28T03:57:44.455084Z  INFO fs3_daemon::runner: batch kind="embed" subject=1 x smart jobs=1 ms=0
2026-08-28T03:57:44.459087Z  INFO fs3_daemon::runner: done kind="embed" id=70325 left=1675
2026-08-28T03:57:44.462938Z  INFO fs3_daemon::runner: done kind=scan_file subject=pocs/human-render/src/surfaces/search.rs ms=58 left=1678
2026-08-28T03:57:44.467603Z  INFO fs3_daemon::runner: batch kind="embed" subject=31 x raw jobs=3 ms=1
2026-08-28T03:57:44.468915Z  INFO fs3_daemon::runner: done kind=scan_file subject=pocs/human-render/src/surfaces/status.rs ms=42 left=1680
2026-08-28T03:57:44.472810Z  INFO fs3_daemon::runner: done kind="embed" id=70336 left=1682
2026-08-28T03:57:44.476048Z  INFO fs3_daemon::runner: done kind="embed" id=70328 left=1683
2026-08-28T03:57:44.479039Z  INFO fs3_daemon::runner: done kind="embed" id=70338 left=1684
2026-08-28T03:57:44.503697Z  INFO fs3_daemon::runner: done kind=scan_file subject=pocs/human-render/src/theme.rs ms=55 left=1688
2026-08-28T03:57:44.508791Z  INFO fs3_daemon::runner: done kind=scan_file subject=pocs/human-render/src/views.rs ms=46 left=1687
2026-08-28T03:57:44.524369Z  INFO fs3_daemon::runner: batch kind="embed" subject=35 x raw jobs=3 ms=0
2026-08-28T03:57:44.538686Z  INFO fs3_daemon::runner: done kind=summarize subject=crates/core/src/ports.rs::tests::an_unknown_field_lands_in_extras_rather_than_being_discarded ms=46 left=1687
2026-08-28T03:57:44.544924Z  INFO fs3_daemon::runner: done kind="embed" id=70352 left=1686
2026-08-28T03:57:44.561787Z  INFO fs3_daemon::runner: done kind="embed" id=70351 left=1685
2026-08-28T03:57:44.578669Z  INFO fs3_daemon::runner: done kind="embed" id=70344 left=1684
2026-08-28T03:57:44.613493Z  INFO fs3_daemon::runner: batch kind="embed" subject=1 x smart jobs=1 ms=0
2026-08-28T03:57:44.637406Z  INFO fs3_daemon::runner: done kind="embed" id=70353 left=1684
2026-08-28T03:57:44.706559Z  INFO fs3_daemon::runner: done kind=summarize subject=crates/core/src/ports.rs::tests::extras_round_trip_flattened ms=45 left=1688
2026-08-28T03:57:44.709976Z  INFO fs3_daemon::runner: batch kind="embed" subject=1 x smart jobs=1 ms=4
2026-08-28T03:57:44.729123Z  INFO fs3_daemon::runner: done kind="embed" id=70357 left=1687
2026-08-28T03:57:44.733176Z  INFO fs3_daemon::runner: done kind=summarize subject=crates/core/src/ports.rs::tests::empty_extras_serialise_to_nothing ms=44 left=1687
2026-08-28T03:57:44.806815Z  INFO fs3_daemon::runner: batch kind="embed" subject=1 x smart jobs=1 ms=4
2026-08-28T03:57:44.813710Z  INFO fs3_daemon::runner: done kind=scan_file subject=pocs/human-render/tests/surfaces.rs ms=214 left=1689
2026-08-28T03:57:44.825922Z  INFO fs3_daemon::runner: done kind="embed" id=70359 left=1688
2026-08-28T03:57:44.868534Z  INFO fs3_daemon::runner: batch kind="embed" subject=9 x raw jobs=1 ms=0
2026-08-28T03:57:44.896170Z  INFO fs3_daemon::runner: done kind="embed" id=70363 left=1687
2026-08-28T03:57:44.979568Z  INFO fs3_daemon::runner: done kind=summarize subject=crates/core/src/skew.rs::SchemaSkew ms=59 left=1690
2026-08-28T03:57:45.006932Z  INFO fs3_daemon::runner: done kind=summarize subject=crates/core/src/skew.rs::SchemaSkew::summary ms=60 left=1689
2026-08-28T03:57:45.011427Z  INFO fs3_daemon::runner: batch kind="embed" subject=2 x smart jobs=2 ms=5
2026-08-28T03:57:45.011431Z  INFO fs3_daemon::runner: batch kind="embed" subject=16 x raw jobs=1 ms=5
2026-08-28T03:57:45.032304Z  INFO fs3_daemon::runner: done kind="embed" id=70371 left=1688
2026-08-28T03:57:45.056345Z  INFO fs3_daemon::runner: done kind="embed" id=70374 left=1689
2026-08-28T03:57:45.069296Z  INFO fs3_daemon::runner: done kind=scan_file subject=crates/store/src/lib.rs ms=221 left=1688
2026-08-28T03:57:45.083424Z  INFO fs3_daemon::runner: done kind="embed" id=70372 left=1687
2026-08-28T03:57:45.165245Z  INFO fs3_daemon::runner: done kind=summarize subject=crates/core/src/skew.rs::SchemaSkew::desired_messages ms=63 left=1687
2026-08-28T03:57:45.166843Z  INFO fs3_daemon::runner: batch kind="embed" subject=20 x raw jobs=2 ms=30
2026-08-28T03:57:45.170782Z  INFO fs3_daemon::runner: done kind="embed" id=70379 left=1687
2026-08-28T03:57:45.173377Z  INFO fs3_daemon::runner: done kind=scan_file subject=crates/store/src/admin.rs ms=421 left=1686
2026-08-28T03:57:45.174951Z  INFO fs3_daemon::runner: done kind="embed" id=70380 left=1685
2026-08-28T03:57:45.184815Z  INFO fs3_daemon::runner: batch kind="embed" subject=1 x smart jobs=1 ms=0
2026-08-28T03:57:45.185692Z  INFO fs3_daemon::runner: batch kind="embed" subject=9 x raw jobs=1 ms=1
2026-08-28T03:57:45.193680Z  INFO fs3_daemon::runner: done kind="embed" id=70386 left=1685
2026-08-28T03:57:45.197698Z  INFO fs3_daemon::runner: done kind=summarize subject=crates/core/src/skew.rs::tests ms=18 left=1684
2026-08-28T03:57:45.200944Z  INFO fs3_daemon::runner: done kind="embed" id=70384 left=1683
2026-08-28T03:57:45.220781Z  INFO fs3_daemon::runner: batch kind="embed" subject=1 x smart jobs=1 ms=1
2026-08-28T03:57:45.222417Z  INFO fs3_daemon::runner: done kind=summarize subject=crates/core/src/skew.rs::tests::no_extra_migrations_is_no_skew_and_says_nothing ms=12 left=1683
2026-08-28T03:57:45.223446Z  INFO fs3_daemon::runner: done kind="embed" id=70387 left=1682
2026-08-28T03:57:45.228953Z  INFO fs3_daemon::runner: batch kind="embed" subject=1 x smart jobs=1 ms=0
2026-08-28T03:57:45.232403Z  INFO fs3_daemon::runner: done kind="embed" id=70388 left=1681
2026-08-28T03:57:45.241772Z  INFO fs3_daemon::runner: done kind=summarize subject=crates/core/src/skew.rs::tests::the_summary_names_the_case_and_both_sides ms=5 left=1681
2026-08-28T03:57:45.244872Z  INFO fs3_daemon::runner: batch kind="embed" subject=1 x smart jobs=1 ms=1
2026-08-28T03:57:45.247715Z  INFO fs3_daemon::runner: done kind="embed" id=70389 left=1681
2026-08-28T03:57:45.248519Z  INFO fs3_daemon::runner: done kind=summarize subject=crates/core/src/skew.rs::tests::the_fix_refuses_the_two_wrong_answers_and_names_the_right_one ms=8 left=1680
2026-08-28T03:57:45.254727Z  INFO fs3_daemon::runner: batch kind="embed" subject=1 x smart jobs=1 ms=0
2026-08-28T03:57:45.257110Z  INFO fs3_daemon::runner: done kind="embed" id=70390 left=1680
2026-08-28T03:57:45.263421Z  INFO fs3_daemon::runner: done kind=summarize subject=crates/core/src/skew.rs::tests::the_queue_message_is_an_error_and_keyed_by_what_is_missing ms=11 left=1679
2026-08-28T03:57:45.268275Z  INFO fs3_daemon::runner: batch kind="embed" subject=1 x smart jobs=1 ms=0
2026-08-28T03:57:45.269075Z  INFO fs3_daemon::runner: done kind=summarize subject=crates/core/src/tokens.rs::fit_to_cap ms=4 left=1681
2026-08-28T03:57:45.271559Z  INFO fs3_daemon::runner: done kind="embed" id=70391 left=1681
2026-08-28T03:57:45.276794Z  INFO fs3_daemon::runner: batch kind="embed" subject=1 x smart jobs=1 ms=0
2026-08-28T03:57:45.278453Z  INFO fs3_daemon::runner: done kind="embed" id=70393 left=1684
2026-08-28T03:57:45.280597Z  INFO fs3_daemon::runner: done kind=summarize subject=crates/core/src/tokens.rs::tests ms=6 left=1684
2026-08-28T03:57:45.284751Z  INFO fs3_daemon::runner: batch kind="embed" subject=1 x smart jobs=1 ms=1
2026-08-28T03:57:45.286547Z  INFO fs3_daemon::runner: done kind=summarize subject=crates/core/src/tokens.rs::tests::an_oversized_text_comes_back_under_the_cap ms=5 left=1686
2026-08-28T03:57:45.286764Z  INFO fs3_daemon::runner: done kind="embed" id=70399 left=1686
2026-08-28T03:57:45.293536Z  INFO fs3_daemon::runner: batch kind="embed" subject=1 x smart jobs=1 ms=0
2026-08-28T03:57:45.294588Z  INFO fs3_daemon::runner: done kind=scan_file subject=crates/cli/src/main.rs ms=68 left=1689
2026-08-28T03:57:45.295813Z  INFO fs3_daemon::runner: done kind=summarize subject=crates/core/src/tokens.rs::tests::the_margin_survives_content_twice_as_dense_as_the_estimate ms=5 left=1688
2026-08-28T03:57:45.304347Z  INFO fs3_daemon::runner: batch kind="embed" subject=16 x raw jobs=1 ms=11
2026-08-28T03:57:45.307095Z  INFO fs3_daemon::runner: done kind="embed" id=70403 left=1687
2026-08-28T03:57:45.310114Z  INFO fs3_daemon::runner: done kind="embed" id=70404 left=1686
2026-08-28T03:57:45.318261Z  INFO fs3_daemon::runner: batch kind="embed" subject=1 x raw jobs=1 ms=0
2026-08-28T03:57:45.318481Z  INFO fs3_daemon::runner: batch kind="embed" subject=1 x smart jobs=1 ms=0
2026-08-28T03:57:45.321639Z  INFO fs3_daemon::runner: done kind="embed" id=70408 left=1686
2026-08-28T03:57:45.322857Z  INFO fs3_daemon::runner: done kind=summarize subject=crates/core/src/update.rs::UpdateState ms=9 left=1685
2026-08-28T03:57:45.324122Z  INFO fs3_daemon::runner: done kind="embed" id=70407 left=1684
2026-08-28T03:57:45.329549Z  INFO fs3_daemon::runner: batch kind="embed" subject=1 x smart jobs=1 ms=0
2026-08-28T03:57:45.331834Z  INFO fs3_daemon::runner: done kind="embed" id=70409 left=1684
2026-08-28T03:57:45.332317Z  INFO fs3_daemon::runner: done kind=summarize subject=crates/core/src/update.rs::UpdateState ms=5 left=1683
2026-08-28T03:57:45.336811Z  INFO fs3_daemon::runner: batch kind="embed" subject=1 x smart jobs=1 ms=0
2026-08-28T03:57:45.339000Z  INFO fs3_daemon::runner: done kind="embed" id=70410 left=1683
2026-08-28T03:57:45.339773Z  INFO fs3_daemon::runner: done kind=summarize subject=crates/core/src/update.rs::UpdateState::desired_messages ms=5 left=1682
2026-08-28T03:57:45.344094Z  INFO fs3_daemon::runner: batch kind="embed" subject=1 x smart jobs=1 ms=0
2026-08-28T03:57:45.345774Z  INFO fs3_daemon::runner: done kind="embed" id=70411 left=1682
2026-08-28T03:57:45.347781Z  INFO fs3_daemon::runner: done kind=summarize subject=crates/core/src/update.rs::Version ms=5 left=1681
2026-08-28T03:57:45.350870Z  INFO fs3_daemon::runner: batch kind="embed" subject=1 x smart jobs=1 ms=0
2026-08-28T03:57:45.352856Z  INFO fs3_daemon::runner: done kind="embed" id=70412 left=1681
2026-08-28T03:57:45.354601Z  INFO fs3_daemon::runner: done kind=summarize subject=crates/core/src/update.rs::Version::parse ms=6 left=1680
2026-08-28T03:57:45.357418Z  INFO fs3_daemon::runner: batch kind="embed" subject=1 x smart jobs=1 ms=0
2026-08-28T03:57:45.359700Z  INFO fs3_daemon::runner: done kind="embed" id=70413 left=1680
2026-08-28T03:57:45.360528Z  INFO fs3_daemon::runner: done kind=summarize subject=crates/core/src/update.rs::tests ms=5 left=1679
2026-08-28T03:57:45.364796Z  INFO fs3_daemon::runner: batch kind="embed" subject=1 x smart jobs=1 ms=0
2026-08-28T03:57:45.366981Z  INFO fs3_daemon::runner: done kind="embed" id=70414 left=1679
2026-08-28T03:57:45.367858Z  INFO fs3_daemon::runner: done kind=summarize subject=crates/core/src/update.rs::tests::an_installed_binary_the_daemon_is_not_running_asks_for_a_restart ms=5 left=1678
2026-08-28T03:57:45.372906Z  INFO fs3_daemon::runner: batch kind="embed" subject=1 x smart jobs=1 ms=0
2026-08-28T03:57:45.373859Z  INFO fs3_daemon::runner: done kind=summarize subject=crates/core/tests/config_reference.rs::keys ms=4 left=1678
2026-08-28T03:57:45.375306Z  INFO fs3_daemon::runner: done kind="embed" id=70415 left=1677
2026-08-28T03:57:45.379863Z  INFO fs3_daemon::runner: batch kind="embed" subject=1 x smart jobs=1 ms=0
2026-08-28T03:57:45.381750Z  INFO fs3_daemon::runner: done kind="embed" id=70416 left=1677
2026-08-28T03:57:45.383814Z  INFO fs3_daemon::runner: done kind=summarize subject=crates/core/src/update.rs::tests::the_same_condition_at_two_install_paths_produces_two_distinct_keys ms=6 left=1676
2026-08-28T03:57:45.386863Z  INFO fs3_daemon::runner: batch kind="embed" subject=1 x smart jobs=1 ms=0
2026-08-28T03:57:45.388558Z  INFO fs3_daemon::runner: done kind="embed" id=70417 left=1676
2026-08-28T03:57:45.389465Z  INFO fs3_daemon::runner: done kind=summarize subject=crates/core/tests/config_reference.rs::every_configuration_key_has_a_row_in_the_reference ms=5 left=1675
2026-08-28T03:57:45.393493Z  INFO fs3_daemon::runner: batch kind="embed" subject=1 x smart jobs=1 ms=0
2026-08-28T03:57:45.396540Z  INFO fs3_daemon::runner: done kind="embed" id=70418 left=1675
2026-08-28T03:57:45.397372Z  INFO fs3_daemon::runner: done kind=summarize subject=crates/core/src/update.rs::tests::a_blocked_update_names_the_path_the_reason_and_both_ways_out ms=6 left=1674
2026-08-28T03:57:45.417928Z  INFO fs3_daemon::runner: batch kind="embed" subject=1 x smart jobs=1 ms=0
2026-08-28T03:57:45.439479Z  INFO fs3_daemon::runner: done kind="embed" id=70419 left=1674
2026-08-28T03:57:45.512830Z  INFO fs3_daemon::runner: batch kind="embed" subject=1 x smart jobs=1 ms=1
2026-08-28T03:57:45.517142Z  INFO fs3_daemon::runner: done kind=summarize subject=crates/core/tests/config_reference.rs::every_key_documents_its_environment_override ms=59 left=1678
2026-08-28T03:57:45.539251Z  INFO fs3_daemon::runner: done kind="embed" id=70423 left=1677
2026-08-28T03:57:45.542424Z  INFO fs3_daemon::runner: done kind=summarize subject=crates/core/tests/config_reference.rs::every_provider_kind_has_its_own_section ms=59 left=1677
2026-08-28T03:57:45.591096Z  INFO fs3_daemon::runner: batch kind="embed" subject=1 x smart jobs=1 ms=0
2026-08-28T03:57:45.595513Z  INFO fs3_daemon::runner: batch kind="embed" subject=16 x raw jobs=1 ms=5
2026-08-28T03:57:45.615961Z  INFO fs3_daemon::runner: done kind="embed" id=70426 left=1679
2026-08-28T03:57:45.620652Z  INFO fs3_daemon::runner: done kind=summarize subject=crates/core/src/update.rs::tests::a_landed_swap_and_a_later_block_both_speak ms=51 left=1679
2026-08-28T03:57:45.634191Z  INFO fs3_daemon::runner: done kind="embed" id=70425 left=1679
2026-08-28T03:57:45.661150Z  INFO fs3_daemon::runner: done kind=scan_file subject=crates/cli/src/client.rs ms=254 left=1679
2026-08-28T03:57:45.674671Z  INFO fs3_daemon::runner: batch kind="embed" subject=10 x raw jobs=1 ms=0
2026-08-28T03:57:45.679173Z  INFO fs3_daemon::runner: batch kind="embed" subject=1 x smart jobs=1 ms=5
2026-08-28T03:57:45.695853Z  INFO fs3_daemon::runner: done kind="embed" id=70432 left=1678
2026-08-28T03:57:45.700814Z  INFO fs3_daemon::runner: done kind=summarize subject=crates/core/src/update.rs::tests::versions_parse_with_or_without_the_tag_prefix ms=47 left=1678
2026-08-28T03:57:45.715825Z  INFO fs3_daemon::runner: done kind="embed" id=70429 left=1677
2026-08-28T03:57:45.767639Z  INFO fs3_daemon::runner: batch kind="embed" subject=1 x smart jobs=1 ms=0
2026-08-28T03:57:45.781157Z  INFO fs3_daemon::runner: done kind=summarize subject=crates/core/tests/error_codes.rs::the_generated_docs_page_matches_the_catalog ms=41 left=1677
2026-08-28T03:57:45.793524Z  INFO fs3_daemon::runner: done kind="embed" id=70433 left=1676
2026-08-28T03:57:45.828246Z  INFO fs3_daemon::runner: batch kind="embed" subject=1 x smart jobs=1 ms=0
2026-08-28T03:57:45.852612Z  INFO fs3_daemon::runner: done kind="embed" id=70434 left=1676
2026-08-28T03:57:45.864702Z  INFO fs3_daemon::runner: done kind=summarize subject=crates/daemon/src/answer.rs::StoreError ms=48 left=1675
2026-08-28T03:57:45.901160Z  INFO fs3_daemon::runner: batch kind="embed" subject=1 x smart jobs=1 ms=0
2026-08-28T03:57:45.907537Z  INFO fs3_daemon::runner: done kind=summarize subject=crates/daemon/src/answer.rs::StoreError::into_failure ms=31 left=1675
2026-08-28T03:57:45.928339Z  INFO fs3_daemon::runner: done kind="embed" id=70435 left=1674
2026-08-28T03:57:45.963845Z  INFO fs3_daemon::runner: batch kind="embed" subject=1 x smart jobs=1 ms=0
2026-08-28T03:57:45.990441Z  INFO fs3_daemon::runner: done kind="embed" id=70436 left=1674
2026-08-28T03:57:46.012061Z  INFO fs3_daemon::runner: done kind=summarize subject=crates/daemon/src/answer.rs::fs3_core::Error ms=63 left=1673
2026-08-28T03:57:46.073994Z  INFO fs3_daemon::runner: batch kind="embed" subject=1 x smart jobs=1 ms=7
2026-08-28T03:57:46.176295Z  INFO fs3_daemon::runner: done kind="embed" id=70437 left=1673
2026-08-28T03:57:46.202331Z  INFO fs3_daemon::runner: done kind=summarize subject=crates/daemon/src/answer.rs::fs3_core::Error::into_failure ms=154 left=1672
2026-08-28T03:57:46.223276Z  INFO fs3_daemon::runner: batch kind="embed" subject=1 x smart jobs=1 ms=0
2026-08-28T03:57:46.225549Z  INFO fs3_daemon::runner: done kind=summarize subject=crates/daemon/src/answer.rs::fs3_git::Error ms=13 left=1672
2026-08-28T03:57:46.227842Z  INFO fs3_daemon::runner: done kind="embed" id=70438 left=1671
2026-08-28T03:57:46.236206Z  INFO fs3_daemon::runner: batch kind="embed" subject=1 x smart jobs=1 ms=0
2026-08-28T03:57:46.239775Z  INFO fs3_daemon::runner: done kind="embed" id=70439 left=1671
2026-08-28T03:57:46.242107Z  INFO fs3_daemon::runner: done kind=summarize subject=crates/daemon/src/answer.rs::fs3_parsers::discovery::DiscoveryError ms=10 left=1670
2026-08-28T03:57:46.248298Z  INFO fs3_daemon::runner: batch kind="embed" subject=1 x smart jobs=1 ms=0
2026-08-28T03:57:46.252987Z  INFO fs3_daemon::runner: done kind="embed" id=70440 left=1670
2026-08-28T03:57:46.256548Z  INFO fs3_daemon::runner: done kind=summarize subject=crates/daemon/src/answer.rs::fs3_parsers::discovery::DiscoveryError::into_failure ms=12 left=1669
2026-08-28T03:57:46.295714Z  INFO fs3_daemon::runner: batch kind="embed" subject=1 x smart jobs=1 ms=0
2026-08-28T03:57:46.302350Z  INFO fs3_daemon::runner: done kind="embed" id=70441 left=1668
2026-08-28T03:57:46.302807Z  INFO fs3_daemon::runner: done kind=summarize subject=crates/daemon/src/answer.rs::crate::roots::RootError ms=45 left=1668
2026-08-28T03:57:46.313588Z  INFO fs3_daemon::runner: batch kind="embed" subject=1 x smart jobs=1 ms=0
2026-08-28T03:57:46.319070Z  INFO fs3_daemon::runner: done kind="embed" id=70442 left=1668
2026-08-28T03:57:46.322442Z  INFO fs3_daemon::runner: done kind=summarize subject=crates/daemon/src/auth.rs::Auth ms=14 left=1667
2026-08-28T03:57:46.332332Z  INFO fs3_daemon::runner: batch kind="embed" subject=1 x smart jobs=1 ms=0
2026-08-28T03:57:46.335970Z  INFO fs3_daemon::runner: done kind=summarize subject=crates/daemon/src/auth.rs::generate ms=12 left=1667
2026-08-28T03:57:46.338338Z  INFO fs3_daemon::runner: done kind="embed" id=70443 left=1666
2026-08-28T03:57:46.352142Z  INFO fs3_daemon::runner: batch kind="embed" subject=1 x smart jobs=1 ms=0
2026-08-28T03:57:46.357157Z  INFO fs3_daemon::runner: done kind="embed" id=70444 left=1666
2026-08-28T03:57:46.359388Z  INFO fs3_daemon::runner: done kind=summarize subject=crates/daemon/src/answer.rs::crate::roots::RootError::into_failure ms=13 left=1665
2026-08-28T03:57:46.367029Z  INFO fs3_daemon::runner: batch kind="embed" subject=1 x smart jobs=1 ms=0
2026-08-28T03:57:46.371982Z  INFO fs3_daemon::runner: done kind="embed" id=70445 left=1665
2026-08-28T03:57:46.374729Z  INFO fs3_daemon::runner: done kind=summarize subject=crates/daemon/src/auth.rs::require ms=13 left=1664
2026-08-28T03:57:46.397148Z  INFO fs3_daemon::runner: batch kind="embed" subject=1 x smart jobs=1 ms=0
2026-08-28T03:57:46.410753Z  INFO fs3_daemon::runner: done kind="embed" id=70446 left=1664
2026-08-28T03:57:46.414254Z  INFO fs3_daemon::runner: done kind=summarize subject=crates/daemon/src/answer.rs::tests ms=37 left=1663
2026-08-28T03:57:46.422011Z  INFO fs3_daemon::runner: batch kind="embed" subject=1 x smart jobs=1 ms=0
2026-08-28T03:57:46.431902Z  INFO fs3_daemon::runner: done kind="embed" id=70447 left=1663
2026-08-28T03:57:46.437839Z  INFO fs3_daemon::runner: done kind=summarize subject=crates/daemon/src/answer.rs::tests::a_missing_root_is_a_404_whose_fix_names_the_resolved_path ms=22 left=1662
2026-08-28T03:57:46.447306Z  INFO fs3_daemon::runner: batch kind="embed" subject=1 x smart jobs=1 ms=0
2026-08-28T03:57:46.457214Z  INFO fs3_daemon::runner: done kind="embed" id=70448 left=1662
2026-08-28T03:57:46.459128Z  INFO fs3_daemon::runner: done kind=summarize subject=crates/daemon/src/auth.rs::tests ms=18 left=1661
2026-08-28T03:57:46.481346Z  INFO fs3_daemon::runner: batch kind="embed" subject=1 x smart jobs=1 ms=4
2026-08-28T03:57:46.489096Z  INFO fs3_daemon::runner: done kind=summarize subject=crates/daemon/src/answer.rs::tests::a_dimension_mismatch_points_at_the_model_not_the_database ms=25 left=1661
2026-08-28T03:57:46.496135Z  INFO fs3_daemon::runner: done kind="embed" id=70449 left=1660
2026-08-28T03:57:46.511953Z  INFO fs3_daemon::runner: batch kind="embed" subject=1 x smart jobs=1 ms=1
2026-08-28T03:57:46.517751Z  INFO fs3_daemon::runner: done kind="embed" id=70450 left=1660
2026-08-28T03:57:46.521381Z  INFO fs3_daemon::runner: done kind=summarize subject=crates/daemon/src/auth.rs::tests::server ms=17 left=1659
2026-08-28T03:57:46.528564Z  INFO fs3_daemon::runner: batch kind="embed" subject=1 x smart jobs=1 ms=0
2026-08-28T03:57:46.533878Z  INFO fs3_daemon::runner: done kind="embed" id=70451 left=1659
2026-08-28T03:57:46.536788Z  INFO fs3_daemon::runner: done kind=summarize subject=crates/daemon/src/auth.rs::tests::generation_publishes_a_fresh_mode_0600_key ms=14 left=1658
2026-08-28T03:57:46.544972Z  INFO fs3_daemon::runner: batch kind="embed" subject=1 x smart jobs=1 ms=0
2026-08-28T03:57:46.550902Z  INFO fs3_daemon::runner: done kind="embed" id=70452 left=1658
2026-08-28T03:57:46.554406Z  INFO fs3_daemon::runner: done kind=summarize subject=crates/daemon/src/auth.rs::tests::missing_key_is_a_401_envelope_naming_the_key_file ms=15 left=1657
2026-08-28T03:57:46.566212Z  INFO fs3_daemon::runner: batch kind="embed" subject=1 x smart jobs=1 ms=0
2026-08-28T03:57:46.570639Z  INFO fs3_daemon::runner: done kind="embed" id=70453 left=1657
2026-08-28T03:57:46.572529Z  INFO fs3_daemon::runner: done kind=summarize subject=crates/daemon/src/auth.rs::tests::wrong_key_is_rejected ms=12 left=1656
2026-08-28T03:57:46.579760Z  INFO fs3_daemon::runner: batch kind="embed" subject=1 x smart jobs=1 ms=0
2026-08-28T03:57:46.603593Z  INFO fs3_daemon::runner: done kind="embed" id=70454 left=1656
2026-08-28T03:57:46.606758Z  INFO fs3_daemon::runner: done kind=summarize subject=crates/daemon/src/auth.rs::tests::current_key_reaches_the_route ms=31 left=1655
2026-08-28T03:57:46.615647Z  INFO fs3_daemon::runner: batch kind="embed" subject=1 x smart jobs=1 ms=0
2026-08-28T03:57:46.633830Z  INFO fs3_daemon::runner: done kind="embed" id=70455 left=1655
2026-08-28T03:57:46.635722Z  INFO fs3_daemon::runner: done kind=summarize subject=crates/daemon/src/batch.rs::Batch ms=26 left=1654
2026-08-28T03:57:46.642516Z  INFO fs3_daemon::runner: batch kind="embed" subject=1 x smart jobs=1 ms=0
2026-08-28T03:57:46.647153Z  INFO fs3_daemon::runner: done kind="embed" id=70456 left=1654
2026-08-28T03:57:46.649338Z  INFO fs3_daemon::runner: done kind=summarize subject=crates/daemon/src/batch.rs::plan ms=11 left=1653
2026-08-28T03:57:46.658901Z  INFO fs3_daemon::runner: batch kind="embed" subject=1 x smart jobs=1 ms=0
2026-08-28T03:57:46.660982Z  INFO fs3_daemon::runner: done kind=summarize subject=crates/daemon/src/batch.rs::split_to_budget ms=9 left=1653
2026-08-28T03:57:46.700980Z  INFO fs3_daemon::runner: done kind="embed" id=70457 left=1652
2026-08-28T03:57:46.712181Z  INFO fs3_daemon::runner: batch kind="embed" subject=1 x smart jobs=1 ms=0
2026-08-28T03:57:46.718431Z  INFO fs3_daemon::runner: done kind="embed" id=70458 left=1652
2026-08-28T03:57:46.720767Z  INFO fs3_daemon::runner: done kind=summarize subject=crates/daemon/src/batch.rs::tests ms=14 left=1651
2026-08-28T03:57:46.729184Z  INFO fs3_daemon::runner: batch kind="embed" subject=1 x smart jobs=1 ms=1
2026-08-28T03:57:46.735003Z  INFO fs3_daemon::runner: done kind="embed" id=70459 left=1651
2026-08-28T03:57:46.739873Z  INFO fs3_daemon::runner: done kind=summarize subject=crates/daemon/src/batch.rs::tests::job ms=16 left=1650
2026-08-28T03:57:46.746529Z  INFO fs3_daemon::runner: batch kind="embed" subject=1 x smart jobs=1 ms=0
2026-08-28T03:57:46.750595Z  INFO fs3_daemon::runner: done kind=summarize subject=crates/daemon/src/batch.rs::tests::jobs_sharing_a_repo_and_a_kind_ride_together ms=9 left=1650
2026-08-28T03:57:46.752471Z  INFO fs3_daemon::runner: done kind="embed" id=70460 left=1649
2026-08-28T03:57:46.760824Z  INFO fs3_daemon::runner: batch kind="embed" subject=1 x smart jobs=1 ms=0
2026-08-28T03:57:46.788675Z  INFO fs3_daemon::runner: done kind="embed" id=70461 left=1649
2026-08-28T03:57:46.792307Z  INFO fs3_daemon::runner: done kind=summarize subject=crates/daemon/src/bin/migration_guard.rs::main ms=35 left=1648
2026-08-28T03:57:46.805334Z  INFO fs3_daemon::runner: batch kind="embed" subject=1 x smart jobs=1 ms=1
2026-08-28T03:57:46.812053Z  INFO fs3_daemon::runner: done kind="embed" id=70462 left=1648
2026-08-28T03:57:46.818112Z  INFO fs3_daemon::runner: done kind=summarize subject=crates/daemon/src/batch.rs::tests::a_job_on_its_second_attempt_rides_alone ms=22 left=1647
2026-08-28T03:57:46.825132Z  INFO fs3_daemon::runner: batch kind="embed" subject=1 x smart jobs=1 ms=0
2026-08-28T03:57:46.830301Z  INFO fs3_daemon::runner: done kind="embed" id=70463 left=1647
2026-08-28T03:57:46.831547Z  INFO fs3_daemon::runner: done kind=summarize subject=crates/daemon/src/bin/migration_guard.rs::snapshot ms=12 left=1646
2026-08-28T03:57:46.838553Z  INFO fs3_daemon::runner: batch kind="embed" subject=1 x smart jobs=1 ms=0
2026-08-28T03:57:46.841715Z  INFO fs3_daemon::runner: done kind="embed" id=70464 left=1646
2026-08-28T03:57:46.842634Z  INFO fs3_daemon::runner: done kind=summarize subject=crates/daemon/src/batch.rs::tests::a_batch_is_cut_when_the_token_budget_is_spent ms=8 left=1645
2026-08-28T03:57:46.852098Z  INFO fs3_daemon::runner: batch kind="embed" subject=1 x smart jobs=1 ms=0
2026-08-28T03:57:46.854053Z  INFO fs3_daemon::runner: done kind=summarize subject=crates/daemon/src/bin/migration_guard.rs::read_version ms=8 left=1645
2026-08-28T03:57:46.854988Z  INFO fs3_daemon::runner: done kind="embed" id=70465 left=1644
2026-08-28T03:57:46.867613Z  INFO fs3_daemon::runner: batch kind="embed" subject=1 x smart jobs=1 ms=0
2026-08-28T03:57:46.869396Z  INFO fs3_daemon::runner: done kind=summarize subject=crates/daemon/src/batch.rs::tests::one_oversized_item_still_gets_its_own_call ms=9 left=1644
2026-08-28T03:57:46.871091Z  INFO fs3_daemon::runner: done kind="embed" id=70466 left=1643
2026-08-28T03:57:46.881464Z  INFO fs3_daemon::runner: batch kind="embed" subject=1 x smart jobs=1 ms=0
2026-08-28T03:57:46.885930Z  INFO fs3_daemon::runner: done kind="embed" id=70467 left=1643
2026-08-28T03:57:46.887504Z  INFO fs3_daemon::runner: done kind=summarize subject=crates/daemon/src/bin/migration_guard.rs::configured_database_url ms=11 left=1642
2026-08-28T03:57:46.898440Z  INFO fs3_daemon::runner: batch kind="embed" subject=1 x smart jobs=1 ms=0
2026-08-28T03:57:46.900568Z  INFO fs3_daemon::runner: done kind=summarize subject=crates/daemon/src/batch.rs::tests::an_unreadable_payload_is_reported_and_never_batched ms=7 left=1642
2026-08-28T03:57:46.901701Z  INFO fs3_daemon::runner: done kind="embed" id=70468 left=1641
2026-08-28T03:57:46.909837Z  INFO fs3_daemon::runner: batch kind="embed" subject=1 x smart jobs=1 ms=0
2026-08-28T03:57:46.912806Z  INFO fs3_daemon::runner: done kind="embed" id=70469 left=1641
2026-08-28T03:57:46.915341Z  INFO fs3_daemon::runner: done kind=summarize subject=crates/daemon/src/boot.rs::run ms=9 left=1640
2026-08-28T03:57:46.919157Z  INFO fs3_daemon::runner: batch kind="embed" subject=1 x smart jobs=1 ms=0
2026-08-28T03:57:46.923093Z  INFO fs3_daemon::runner: done kind="embed" id=70470 left=1640
2026-08-28T03:57:46.924586Z  INFO fs3_daemon::runner: done kind=summarize subject=crates/daemon/src/boot.rs::refuse_a_defaulted_store_under_test ms=8 left=1639
2026-08-28T03:57:46.932846Z  INFO fs3_daemon::runner: batch kind="embed" subject=1 x smart jobs=1 ms=0
2026-08-28T03:57:46.934045Z  INFO fs3_daemon::runner: done kind=summarize subject=crates/daemon/src/boot.rs::serve ms=7 left=1639
2026-08-28T03:57:46.935768Z  INFO fs3_daemon::runner: done kind="embed" id=70471 left=1638
2026-08-28T03:57:46.945927Z  INFO fs3_daemon::runner: batch kind="embed" subject=1 x smart jobs=1 ms=0
2026-08-28T03:57:46.947056Z  INFO fs3_daemon::runner: done kind=summarize subject=crates/daemon/src/boot.rs::bind_address ms=7 left=1638
2026-08-28T03:57:46.948608Z  INFO fs3_daemon::runner: done kind="embed" id=70472 left=1637
2026-08-28T03:57:46.958873Z  INFO fs3_daemon::runner: batch kind="embed" subject=1 x smart jobs=1 ms=0
2026-08-28T03:57:46.961220Z  INFO fs3_daemon::runner: done kind=summarize subject=crates/daemon/src/boot.rs::split_authority ms=8 left=1637
2026-08-28T03:57:46.962418Z  INFO fs3_daemon::runner: done kind="embed" id=70473 left=1636
2026-08-28T03:57:46.969889Z  INFO fs3_daemon::runner: batch kind="embed" subject=1 x smart jobs=1 ms=0
2026-08-28T03:57:46.981956Z  INFO fs3_daemon::runner: done kind="embed" id=70474 left=1636
2026-08-28T03:57:46.983640Z  INFO fs3_daemon::runner: done kind=summarize subject=crates/daemon/src/boot.rs::tests ms=17 left=1635
2026-08-28T03:57:46.989484Z  INFO fs3_daemon::runner: batch kind="embed" subject=1 x smart jobs=1 ms=0
2026-08-28T03:57:46.992790Z  INFO fs3_daemon::runner: done kind="embed" id=70475 left=1635
2026-08-28T03:57:46.995214Z  INFO fs3_daemon::runner: done kind=summarize subject=crates/daemon/src/config.rs::ConfigError ms=9 left=1634
2026-08-28T03:57:47.002226Z  INFO fs3_daemon::runner: batch kind="embed" subject=1 x smart jobs=1 ms=0
2026-08-28T03:57:47.006777Z  INFO fs3_daemon::runner: done kind="embed" id=70476 left=1634
2026-08-28T03:57:47.117633Z  INFO fs3_daemon::runner: done kind=summarize subject=crates/daemon/src/boot.rs::tests::bind_address_strips_scheme_and_path ms=119 left=1633
