2026-08-28T10:49:46.615700Z  INFO fs3_daemon::runner: done kind=summarize subject=docs/plans/072-sse-multiplexing/tasks/phase-3-priority-consumer-migration/reviews/review.phase-3-priority-consumer-migration.md::Code Review: Phase 3: Priority Consumer Migration::E) Detailed Findings::E.2) Domain Compliance ms=11 left=32657
2026-08-28T10:49:46.628632Z  INFO fs3_daemon::runner: batch kind="embed" subject=1 x smart jobs=1 ms=0
2026-08-28T10:49:46.637335Z  INFO fs3_daemon::runner: done kind="embed" id=662359 left=32656
2026-08-28T10:49:46.716464Z  INFO fs3_daemon::runner: done kind=summarize subject=docs/plans/072-sse-multiplexing/tasks/phase-3-priority-consumer-migration/reviews/review.phase-3-priority-consumer-migration.md::Code Review: Phase 3: Priority Consumer Migration::E) Detailed Findings ms=10 left=32656
2026-08-28T10:49:46.727236Z  INFO fs3_daemon::runner: batch kind="embed" subject=1 x smart jobs=1 ms=0
2026-08-28T10:49:46.736005Z  INFO fs3_daemon::runner: done kind="embed" id=662360 left=32655
2026-08-28T10:49:46.820816Z  INFO fs3_daemon::runner: done kind=summarize subject=docs/plans/072-sse-multiplexing/tasks/phase-3-priority-consumer-migration/reviews/review.phase-3-priority-consumer-migration.md::Code Review: Phase 3: Priority Consumer Migration::D) Findings Table ms=13 left=32655
2026-08-28T10:49:46.837984Z  INFO fs3_daemon::runner: batch kind="embed" subject=1 x smart jobs=1 ms=0
2026-08-28T10:49:46.846642Z  INFO fs3_daemon::runner: done kind="embed" id=662361 left=32654
2026-08-28T10:49:46.934455Z  INFO fs3_daemon::runner: done kind=summarize subject=docs/plans/072-sse-multiplexing/tasks/phase-3-priority-consumer-migration/reviews/review.phase-3-priority-consumer-migration.md::Code Review: Phase 3: Priority Consumer Migration::C) Checklist ms=15 left=32654
2026-08-28T10:49:46.940576Z  INFO fs3_daemon::runner: batch kind="embed" subject=1 x smart jobs=1 ms=1
2026-08-28T10:49:46.948358Z  INFO fs3_daemon::runner: done kind="embed" id=662362 left=32653
2026-08-28T10:49:47.032673Z  INFO fs3_daemon::runner: done kind=summarize subject=docs/plans/072-sse-multiplexing/tasks/phase-3-priority-consumer-migration/reviews/review.phase-3-priority-consumer-migration.md::Code Review: Phase 3: Priority Consumer Migration::A) Verdict ms=11 left=32653
2026-08-28T10:49:47.051623Z  INFO fs3_daemon::runner: batch kind="embed" subject=1 x smart jobs=1 ms=1
2026-08-28T10:49:47.060319Z  INFO fs3_daemon::runner: done kind="embed" id=662363 left=32652
2026-08-28T10:49:47.138239Z  INFO fs3_daemon::runner: done kind=summarize subject=docs/plans/072-sse-multiplexing/tasks/phase-3-priority-consumer-migration/reviews/review.phase-3-priority-consumer-migration.md::Code Review: Phase 3: Priority Consumer Migration ms=8 left=32652
2026-08-28T10:49:47.153900Z  INFO fs3_daemon::runner: batch kind="embed" subject=1 x smart jobs=1 ms=0
2026-08-28T10:49:47.160316Z  INFO fs3_daemon::runner: done kind="embed" id=662364 left=32651
2026-08-28T10:49:47.236517Z  INFO fs3_daemon::runner: done kind=summarize subject=docs/plans/072-sse-multiplexing/tasks/phase-3-priority-consumer-migration/execution.log.md::Execution Log: Phase 3 — Priority Consumer Migration::Summary ms=8 left=32651
2026-08-28T10:49:47.245758Z  INFO fs3_daemon::runner: batch kind="embed" subject=1 x smart jobs=1 ms=0
2026-08-28T10:49:47.253922Z  INFO fs3_daemon::runner: done kind="embed" id=662365 left=32650
2026-08-28T10:49:47.350606Z  INFO fs3_daemon::runner: batch kind="embed" subject=1 x smart jobs=1 ms=0
2026-08-28T10:49:47.358503Z  INFO fs3_daemon::runner: done kind="embed" id=662366 left=32649
2026-08-28T10:49:47.358827Z  INFO fs3_daemon::runner: done kind=summarize subject=docs/plans/072-sse-multiplexing/tasks/phase-3-priority-consumer-migration/execution.log.md::Execution Log: Phase 3 — Priority Consumer Migration::T005: E2E verification (manual) ms=28 left=32650
2026-08-28T10:49:47.447850Z  INFO fs3_daemon::runner: done kind=summarize subject=docs/plans/072-sse-multiplexing/tasks/phase-3-priority-consumer-migration/execution.log.md::Execution Log: Phase 3 — Priority Consumer Migration::T003: Update FileChangeProvider tests ms=17 left=32649
2026-08-28T10:49:47.454615Z  INFO fs3_daemon::runner: batch kind="embed" subject=1 x smart jobs=1 ms=0
2026-08-28T10:49:47.468022Z  INFO fs3_daemon::runner: done kind="embed" id=662367 left=32648
2026-08-28T10:49:47.547669Z  INFO fs3_daemon::runner: done kind=summarize subject=docs/plans/072-sse-multiplexing/tasks/phase-3-priority-consumer-migration/execution.log.md::Execution Log: Phase 3 — Priority Consumer Migration::T002: Migrate FileChangeProvider to useChannelCallback ms=18 left=32648
2026-08-28T10:49:47.551920Z  INFO fs3_daemon::runner: batch kind="embed" subject=1 x smart jobs=1 ms=0
2026-08-28T10:49:47.564478Z  INFO fs3_daemon::runner: done kind="embed" id=662368 left=32647
2026-08-28T10:49:47.647797Z  INFO fs3_daemon::runner: done kind=summarize subject=docs/plans/072-sse-multiplexing/tasks/phase-3-priority-consumer-migration/execution.log.md::Execution Log: Phase 3 — Priority Consumer Migration::T001: Migrate QuestionPopperProvider to useChannelCallback ms=16 left=32647
2026-08-28T10:49:47.654458Z  INFO fs3_daemon::runner: batch kind="embed" subject=1 x smart jobs=1 ms=0
2026-08-28T10:49:47.661926Z  INFO fs3_daemon::runner: done kind="embed" id=662369 left=32646
2026-08-28T10:49:47.745205Z  INFO fs3_daemon::runner: done kind=summarize subject=docs/plans/072-sse-multiplexing/tasks/phase-3-priority-consumer-migration/execution.log.md::Execution Log: Phase 3 — Priority Consumer Migration ms=13 left=32646
2026-08-28T10:49:47.755616Z  INFO fs3_daemon::runner: batch kind="embed" subject=1 x smart jobs=1 ms=0
2026-08-28T10:49:47.763887Z  INFO fs3_daemon::runner: done kind="embed" id=662370 left=32645
2026-08-28T10:49:47.840327Z  INFO fs3_daemon::runner: done kind=summarize subject=docs/plans/072-sse-multiplexing/tasks/phase-2-client-provider-hooks/tasks.md::Phase 2: Client Provider + Hooks — Task Dossier::Directory Layout ms=12 left=32645
2026-08-28T10:49:47.851529Z  INFO fs3_daemon::runner: batch kind="embed" subject=1 x smart jobs=1 ms=1
2026-08-28T10:49:47.857591Z  INFO fs3_daemon::runner: done kind="embed" id=662371 left=32644
2026-08-28T10:49:47.933375Z  INFO fs3_daemon::runner: done kind=summarize subject=docs/plans/072-sse-multiplexing/tasks/phase-2-client-provider-hooks/tasks.md::Phase 2: Client Provider + Hooks — Task Dossier::Discoveries & Learnings ms=9 left=32644
2026-08-28T10:49:47.943848Z  INFO fs3_daemon::runner: batch kind="embed" subject=1 x smart jobs=1 ms=0
2026-08-28T10:49:47.949783Z  INFO fs3_daemon::runner: done kind="embed" id=662372 left=32643
2026-08-28T10:49:48.024753Z  INFO fs3_daemon::runner: done kind=summarize subject=docs/plans/072-sse-multiplexing/tasks/phase-2-client-provider-hooks/tasks.md::Phase 2: Client Provider + Hooks — Task Dossier::Context Brief::Mermaid Sequence Diagram ms=16 left=32643
2026-08-28T10:49:48.026479Z  INFO fs3_daemon::runner: batch kind="embed" subject=1 x smart jobs=1 ms=0
2026-08-28T10:49:48.036324Z  INFO fs3_daemon::runner: done kind="embed" id=662373 left=32642
2026-08-28T10:49:48.110910Z  INFO fs3_daemon::runner: done kind=summarize subject=docs/plans/072-sse-multiplexing/tasks/phase-2-client-provider-hooks/tasks.md::Phase 2: Client Provider + Hooks — Task Dossier::Context Brief::Mermaid Flow Diagram ms=10 left=32642
2026-08-28T10:49:48.125378Z  INFO fs3_daemon::runner: batch kind="embed" subject=1 x smart jobs=1 ms=0
2026-08-28T10:49:48.133280Z  INFO fs3_daemon::runner: done kind="embed" id=662374 left=32641
2026-08-28T10:49:48.213089Z  INFO fs3_daemon::runner: done kind=summarize subject=docs/plans/072-sse-multiplexing/tasks/phase-2-client-provider-hooks/tasks.md::Phase 2: Client Provider + Hooks — Task Dossier::Context Brief::WorkspaceDomain Channel Names (canonical) ms=15 left=32641
2026-08-28T10:49:48.222333Z  INFO fs3_daemon::runner: batch kind="embed" subject=1 x smart jobs=1 ms=0
2026-08-28T10:49:48.232277Z  INFO fs3_daemon::runner: done kind="embed" id=662375 left=32640
2026-08-28T10:49:48.309729Z  INFO fs3_daemon::runner: done kind=summarize subject=docs/plans/072-sse-multiplexing/tasks/phase-2-client-provider-hooks/tasks.md::Phase 2: Client Provider + Hooks — Task Dossier::Context Brief ms=12 left=32640
2026-08-28T10:49:48.354522Z  INFO fs3_daemon::runner: progress phase="working" scanned=61601 scan_left=33 summarized=125481 summarize_left=32606 embedded=204000 embed_left=1 failed=0
2026-08-28T10:49:48.378638Z  INFO fs3_daemon::runner: batch kind="embed" subject=2 x smart jobs=2 ms=0
2026-08-28T10:49:48.385060Z  INFO fs3_daemon::runner: done kind="embed" id=662377 left=32639
2026-08-28T10:49:48.454084Z  INFO fs3_daemon::runner: done kind="embed" id=662376 left=32638
2026-08-28T10:49:48.530467Z  INFO fs3_daemon::runner: done kind=summarize subject=docs/plans/072-sse-multiplexing/tasks/phase-2-client-provider-hooks/tasks.md::Phase 2: Client Provider + Hooks — Task Dossier::Tasks ms=9 left=32638
2026-08-28T10:49:48.569630Z  INFO fs3_daemon::runner: done kind=summarize subject=docs/plans/072-sse-multiplexing/tasks/phase-2-client-provider-hooks/tasks.md::Phase 2: Client Provider + Hooks — Task Dossier::Architecture Map ms=16 left=32638
2026-08-28T10:49:48.571023Z  INFO fs3_daemon::runner: batch kind="embed" subject=1 x smart jobs=1 ms=0
2026-08-28T10:49:48.580498Z  INFO fs3_daemon::runner: done kind="embed" id=662378 left=32637
2026-08-28T10:49:48.660185Z  INFO fs3_daemon::runner: done kind=summarize subject=docs/plans/072-sse-multiplexing/tasks/phase-2-client-provider-hooks/tasks.md::Phase 2: Client Provider + Hooks — Task Dossier::Pre-Implementation Check ms=11 left=32637
2026-08-28T10:49:48.673818Z  INFO fs3_daemon::runner: batch kind="embed" subject=1 x smart jobs=1 ms=0
2026-08-28T10:49:48.680200Z  INFO fs3_daemon::runner: done kind="embed" id=662379 left=32636
2026-08-28T10:49:48.752941Z  INFO fs3_daemon::runner: done kind=summarize subject=docs/plans/072-sse-multiplexing/tasks/phase-2-client-provider-hooks/tasks.md::Phase 2: Client Provider + Hooks — Task Dossier::Prior Phase Context::Phase 1: Server Foundation (COMPLETE) ms=7 left=32636
2026-08-28T10:49:48.764641Z  INFO fs3_daemon::runner: batch kind="embed" subject=1 x smart jobs=1 ms=0
2026-08-28T10:49:48.771015Z  INFO fs3_daemon::runner: done kind="embed" id=662380 left=32635
2026-08-28T10:49:48.875523Z  INFO fs3_daemon::runner: done kind=summarize subject=docs/plans/072-sse-multiplexing/tasks/phase-2-client-provider-hooks/tasks.md::Phase 2: Client Provider + Hooks — Task Dossier::Prior Phase Context ms=23 left=32635
2026-08-28T10:49:48.883044Z  INFO fs3_daemon::runner: batch kind="embed" subject=1 x smart jobs=1 ms=0
2026-08-28T10:49:48.896184Z  INFO fs3_daemon::runner: done kind="embed" id=662381 left=32634
2026-08-28T10:49:48.995371Z  INFO fs3_daemon::runner: done kind=summarize subject=docs/plans/072-sse-multiplexing/tasks/phase-2-client-provider-hooks/tasks.md::Phase 2: Client Provider + Hooks — Task Dossier::Executive Briefing ms=23 left=32634
2026-08-28T10:49:48.996921Z  INFO fs3_daemon::runner: batch kind="embed" subject=1 x smart jobs=1 ms=0
2026-08-28T10:49:49.015641Z  INFO fs3_daemon::runner: done kind="embed" id=662382 left=32633
2026-08-28T10:49:49.101873Z  INFO fs3_daemon::runner: done kind=summarize subject=docs/plans/072-sse-multiplexing/tasks/phase-2-client-provider-hooks/tasks.md::Phase 2: Client Provider + Hooks — Task Dossier ms=23 left=32633
2026-08-28T10:49:49.108958Z  INFO fs3_daemon::runner: batch kind="embed" subject=1 x smart jobs=1 ms=0
2026-08-28T10:49:49.125917Z  INFO fs3_daemon::runner: done kind="embed" id=662383 left=32632
2026-08-28T10:49:49.217796Z  INFO fs3_daemon::runner: done kind=summarize subject=docs/plans/072-sse-multiplexing/tasks/phase-2-client-provider-hooks/tasks.fltplan.md::Flight Plan: Phase 2 — Client Provider + Hooks::Goals & Non-Goals ms=18 left=32632
2026-08-28T10:49:49.225486Z  INFO fs3_daemon::runner: batch kind="embed" subject=1 x smart jobs=1 ms=0
2026-08-28T10:49:49.244693Z  INFO fs3_daemon::runner: done kind="embed" id=662384 left=32631
2026-08-28T10:49:49.352529Z  INFO fs3_daemon::runner: batch kind="embed" subject=1 x smart jobs=1 ms=0
2026-08-28T10:49:49.357276Z  INFO fs3_daemon::runner: done kind=summarize subject=docs/plans/072-sse-multiplexing/tasks/phase-2-client-provider-hooks/tasks.fltplan.md::Flight Plan: Phase 2 — Client Provider + Hooks::Acceptance Criteria ms=38 left=32631
2026-08-28T10:49:49.369671Z  INFO fs3_daemon::runner: done kind="embed" id=662385 left=32630
2026-08-28T10:49:49.471409Z  INFO fs3_daemon::runner: done kind=summarize subject=docs/plans/072-sse-multiplexing/tasks/phase-2-client-provider-hooks/tasks.fltplan.md::Flight Plan: Phase 2 — Client Provider + Hooks::Architecture: Before & After ms=29 left=32630
2026-08-28T10:49:49.479940Z  INFO fs3_daemon::runner: batch kind="embed" subject=1 x smart jobs=1 ms=0
2026-08-28T10:49:49.497464Z  INFO fs3_daemon::runner: done kind="embed" id=662386 left=32629
2026-08-28T10:49:49.594613Z  INFO fs3_daemon::runner: done kind=summarize subject=docs/plans/072-sse-multiplexing/tasks/phase-2-client-provider-hooks/tasks.fltplan.md::Flight Plan: Phase 2 — Client Provider + Hooks::Stages ms=23 left=32629
2026-08-28T10:49:49.596972Z  INFO fs3_daemon::runner: batch kind="embed" subject=1 x smart jobs=1 ms=0
2026-08-28T10:49:49.616297Z  INFO fs3_daemon::runner: done kind="embed" id=662387 left=32628
2026-08-28T10:49:49.713924Z  INFO fs3_daemon::runner: done kind=summarize subject=docs/plans/072-sse-multiplexing/tasks/phase-2-client-provider-hooks/tasks.fltplan.md::Flight Plan: Phase 2 — Client Provider + Hooks::Flight Status ms=24 left=32628
2026-08-28T10:49:49.721013Z  INFO fs3_daemon::runner: batch kind="embed" subject=1 x smart jobs=1 ms=0
2026-08-28T10:49:49.740380Z  INFO fs3_daemon::runner: done kind="embed" id=662388 left=32627
2026-08-28T10:49:49.841443Z  INFO fs3_daemon::runner: batch kind="embed" subject=1 x smart jobs=1 ms=0
2026-08-28T10:49:49.845358Z  INFO fs3_daemon::runner: done kind=summarize subject=docs/plans/072-sse-multiplexing/tasks/phase-2-client-provider-hooks/tasks.fltplan.md::Flight Plan: Phase 2 — Client Provider + Hooks::Domain Context::Domains We Depend On (no changes) ms=30 left=32627
2026-08-28T10:49:49.865837Z  INFO fs3_daemon::runner: done kind="embed" id=662389 left=32626
2026-08-28T10:49:49.969540Z  INFO fs3_daemon::runner: done kind=summarize subject=docs/plans/072-sse-multiplexing/tasks/phase-2-client-provider-hooks/tasks.fltplan.md::Flight Plan: Phase 2 — Client Provider + Hooks::Domain Context ms=28 left=32626
2026-08-28T10:49:49.977733Z  INFO fs3_daemon::runner: batch kind="embed" subject=1 x smart jobs=1 ms=1
2026-08-28T10:49:50.001217Z  INFO fs3_daemon::runner: done kind="embed" id=662390 left=32625
2026-08-28T10:49:50.089651Z  INFO fs3_daemon::runner: done kind=summarize subject=docs/plans/072-sse-multiplexing/tasks/phase-2-client-provider-hooks/tasks.fltplan.md::Flight Plan: Phase 2 — Client Provider + Hooks ms=21 left=32625
2026-08-28T10:49:50.099642Z  INFO fs3_daemon::runner: batch kind="embed" subject=1 x smart jobs=1 ms=1
2026-08-28T10:49:50.123388Z  INFO fs3_daemon::runner: done kind="embed" id=662391 left=32624
2026-08-28T10:49:50.231369Z  INFO fs3_daemon::runner: done kind=summarize subject=docs/plans/072-sse-multiplexing/tasks/phase-2-client-provider-hooks/reviews/review.phase-2-client-provider-hooks.md::Code Review: Phase 2: Client Provider + Hooks::H) Handover Brief::Files Reviewed ms=33 left=32624
2026-08-28T10:49:50.241714Z  INFO fs3_daemon::runner: batch kind="embed" subject=1 x smart jobs=1 ms=2
2026-08-28T10:49:50.256369Z  INFO fs3_daemon::runner: done kind="embed" id=662392 left=32623
2026-08-28T10:49:50.327978Z  INFO fs3_daemon::runner: done kind=summarize subject=docs/plans/072-sse-multiplexing/tasks/phase-2-client-provider-hooks/reviews/review.phase-2-client-provider-hooks.md::Code Review: Phase 2: Client Provider + Hooks::H) Handover Brief ms=7 left=32623
2026-08-28T10:49:50.340774Z  INFO fs3_daemon::runner: batch kind="embed" subject=1 x smart jobs=1 ms=0
2026-08-28T10:49:50.350166Z  INFO fs3_daemon::runner: done kind="embed" id=662393 left=32622
2026-08-28T10:49:50.427884Z  INFO fs3_daemon::runner: done kind=summarize subject=docs/plans/072-sse-multiplexing/tasks/phase-2-client-provider-hooks/reviews/review.phase-2-client-provider-hooks.md::Code Review: Phase 2: Client Provider + Hooks::G) Commands Executed ms=12 left=32622
2026-08-28T10:49:50.433686Z  INFO fs3_daemon::runner: batch kind="embed" subject=1 x smart jobs=1 ms=0
2026-08-28T10:49:50.440600Z  INFO fs3_daemon::runner: done kind="embed" id=662394 left=32621
2026-08-28T10:49:50.524690Z  INFO fs3_daemon::runner: done kind=summarize subject=docs/plans/072-sse-multiplexing/tasks/phase-2-client-provider-hooks/reviews/review.phase-2-client-provider-hooks.md::Code Review: Phase 2: Client Provider + Hooks::F) Coverage Map ms=12 left=32621
2026-08-28T10:49:50.537088Z  INFO fs3_daemon::runner: batch kind="embed" subject=1 x smart jobs=1 ms=0
2026-08-28T10:49:50.544536Z  INFO fs3_daemon::runner: done kind="embed" id=662395 left=32620
2026-08-28T10:49:50.625094Z  INFO fs3_daemon::runner: done kind=summarize subject=docs/plans/072-sse-multiplexing/tasks/phase-2-client-provider-hooks/reviews/review.phase-2-client-provider-hooks.md::Code Review: Phase 2: Client Provider + Hooks::E) Detailed Findings::E.4) Testing & Evidence ms=15 left=32620
2026-08-28T10:49:50.634924Z  INFO fs3_daemon::runner: batch kind="embed" subject=1 x smart jobs=1 ms=0
2026-08-28T10:49:50.646910Z  INFO fs3_daemon::runner: done kind="embed" id=662396 left=32619
2026-08-28T10:49:50.725748Z  INFO fs3_daemon::runner: done kind=summarize subject=docs/plans/072-sse-multiplexing/tasks/phase-2-client-provider-hooks/reviews/review.phase-2-client-provider-hooks.md::Code Review: Phase 2: Client Provider + Hooks::E) Detailed Findings::E.3) Anti-Reinvention ms=16 left=32619
2026-08-28T10:49:50.730824Z  INFO fs3_daemon::runner: batch kind="embed" subject=1 x smart jobs=1 ms=0
2026-08-28T10:49:50.737276Z  INFO fs3_daemon::runner: done kind="embed" id=662397 left=32618
2026-08-28T10:49:50.806021Z  INFO fs3_daemon::runner: done kind=summarize subject=docs/plans/072-sse-multiplexing/tasks/phase-2-client-provider-hooks/reviews/review.phase-2-client-provider-hooks.md::Code Review: Phase 2: Client Provider + Hooks::E) Detailed Findings::E.2) Domain Compliance ms=8 left=32618
2026-08-28T10:49:50.816258Z  INFO fs3_daemon::runner: batch kind="embed" subject=1 x smart jobs=1 ms=0
2026-08-28T10:49:50.826141Z  INFO fs3_daemon::runner: done kind="embed" id=662398 left=32617
2026-08-28T10:49:50.912863Z  INFO fs3_daemon::runner: done kind=summarize subject=docs/plans/072-sse-multiplexing/tasks/phase-2-client-provider-hooks/reviews/review.phase-2-client-provider-hooks.md::Code Review: Phase 2: Client Provider + Hooks::E) Detailed Findings ms=17 left=32617
2026-08-28T10:49:50.918223Z  INFO fs3_daemon::runner: batch kind="embed" subject=1 x smart jobs=1 ms=0
2026-08-28T10:49:50.928475Z  INFO fs3_daemon::runner: done kind="embed" id=662399 left=32616
2026-08-28T10:49:51.009448Z  INFO fs3_daemon::runner: done kind=summarize subject=docs/plans/072-sse-multiplexing/tasks/phase-2-client-provider-hooks/reviews/review.phase-2-client-provider-hooks.md::Code Review: Phase 2: Client Provider + Hooks::D) Findings Table ms=9 left=32616
2026-08-28T10:49:51.021269Z  INFO fs3_daemon::runner: batch kind="embed" subject=1 x smart jobs=1 ms=0
2026-08-28T10:49:51.034717Z  INFO fs3_daemon::runner: done kind="embed" id=662400 left=32615
2026-08-28T10:49:51.115720Z  INFO fs3_daemon::runner: done kind=summarize subject=docs/plans/072-sse-multiplexing/tasks/phase-2-client-provider-hooks/reviews/review.phase-2-client-provider-hooks.md::Code Review: Phase 2: Client Provider + Hooks::C) Checklist ms=13 left=32615
2026-08-28T10:49:51.122518Z  INFO fs3_daemon::runner: batch kind="embed" subject=1 x smart jobs=1 ms=0
2026-08-28T10:49:51.128486Z  INFO fs3_daemon::runner: done kind="embed" id=662401 left=32614
2026-08-28T10:49:51.205337Z  INFO fs3_daemon::runner: done kind=summarize subject=docs/plans/072-sse-multiplexing/tasks/phase-2-client-provider-hooks/reviews/review.phase-2-client-provider-hooks.md::Code Review: Phase 2: Client Provider + Hooks ms=12 left=32614
2026-08-28T10:49:51.217138Z  INFO fs3_daemon::runner: batch kind="embed" subject=1 x smart jobs=1 ms=0
2026-08-28T10:49:51.223806Z  INFO fs3_daemon::runner: done kind="embed" id=662402 left=32613
2026-08-28T10:49:51.301193Z  INFO fs3_daemon::runner: done kind=summarize subject=docs/plans/072-sse-multiplexing/tasks/phase-2-client-provider-hooks/execution.log.md::Execution Log: Phase 2 — Client Provider + Hooks::Summary ms=12 left=32613
2026-08-28T10:49:51.313119Z  INFO fs3_daemon::runner: batch kind="embed" subject=1 x smart jobs=1 ms=0
2026-08-28T10:49:51.320810Z  INFO fs3_daemon::runner: done kind="embed" id=662403 left=32612
2026-08-28T10:49:51.394956Z  INFO fs3_daemon::runner: done kind=summarize subject=docs/plans/072-sse-multiplexing/tasks/phase-2-client-provider-hooks/execution.log.md::Execution Log: Phase 2 — Client Provider + Hooks::T007: Mount MultiplexedSSEProvider in workspace layout ms=12 left=32612
2026-08-28T10:49:51.402701Z  INFO fs3_daemon::runner: batch kind="embed" subject=1 x smart jobs=1 ms=0
2026-08-28T10:49:51.410863Z  INFO fs3_daemon::runner: done kind="embed" id=662404 left=32611
2026-08-28T10:49:51.486960Z  INFO fs3_daemon::runner: done kind=summarize subject=docs/plans/072-sse-multiplexing/tasks/phase-2-client-provider-hooks/execution.log.md::Execution Log: Phase 2 — Client Provider + Hooks::T004 + T005: Create useChannelEvents + useChannelCallback hooks + tests (TDD) ms=10 left=32611
2026-08-28T10:49:51.497570Z  INFO fs3_daemon::runner: batch kind="embed" subject=1 x smart jobs=1 ms=0
2026-08-28T10:49:51.506361Z  INFO fs3_daemon::runner: done kind="embed" id=662405 left=32610
2026-08-28T10:49:51.586081Z  INFO fs3_daemon::runner: done kind=summarize subject=docs/plans/072-sse-multiplexing/tasks/phase-2-client-provider-hooks/execution.log.md::Execution Log: Phase 2 — Client Provider + Hooks::T003: Create MultiplexedSSEProvider + contract tests (TDD) ms=9 left=32610
2026-08-28T10:49:51.598652Z  INFO fs3_daemon::runner: batch kind="embed" subject=1 x smart jobs=1 ms=0
2026-08-28T10:49:51.605030Z  INFO fs3_daemon::runner: done kind="embed" id=662406 left=32609
2026-08-28T10:49:51.678688Z  INFO fs3_daemon::runner: done kind=summarize subject=docs/plans/072-sse-multiplexing/tasks/phase-2-client-provider-hooks/execution.log.md::Execution Log: Phase 2 — Client Provider + Hooks::T002: Create FakeMultiplexedSSE test utility ms=11 left=32609
2026-08-28T10:49:51.687522Z  INFO fs3_daemon::runner: batch kind="embed" subject=1 x smart jobs=1 ms=0
2026-08-28T10:49:51.694817Z  INFO fs3_daemon::runner: done kind="embed" id=662407 left=32608
2026-08-28T10:49:51.779056Z  INFO fs3_daemon::runner: done kind=summarize subject=docs/plans/072-sse-multiplexing/tasks/phase-2-client-provider-hooks/execution.log.md::Execution Log: Phase 2 — Client Provider + Hooks::T001: Define SSE multiplexing contracts in `types.ts` ms=14 left=32608
2026-08-28T10:49:51.790254Z  INFO fs3_daemon::runner: batch kind="embed" subject=1 x smart jobs=1 ms=0
2026-08-28T10:49:51.797910Z  INFO fs3_daemon::runner: done kind="embed" id=662408 left=32607
2026-08-28T10:49:51.879611Z  INFO fs3_daemon::runner: done kind=summarize subject=docs/plans/072-sse-multiplexing/tasks/phase-2-client-provider-hooks/execution.log.md::Execution Log: Phase 2 — Client Provider + Hooks ms=12 left=32607
2026-08-28T10:49:51.891059Z  INFO fs3_daemon::runner: batch kind="embed" subject=1 x smart jobs=1 ms=0
2026-08-28T10:49:51.899887Z  INFO fs3_daemon::runner: done kind="embed" id=662409 left=32606
2026-08-28T10:49:51.997404Z  INFO fs3_daemon::runner: done kind=summarize subject=docs/plans/072-sse-multiplexing/tasks/phase-1-server-foundation/tasks.md::Phase 1: Server Foundation — Tasks::Directory Layout ms=21 left=32606
2026-08-28T10:49:52.005188Z  INFO fs3_daemon::runner: batch kind="embed" subject=1 x smart jobs=1 ms=2
2026-08-28T10:49:52.013429Z  INFO fs3_daemon::runner: done kind="embed" id=662410 left=32605
2026-08-28T10:49:52.096880Z  INFO fs3_daemon::runner: done kind=summarize subject=docs/plans/072-sse-multiplexing/tasks/phase-1-server-foundation/tasks.md::Phase 1: Server Foundation — Tasks::Discoveries & Learnings ms=14 left=32605
2026-08-28T10:49:52.100139Z  INFO fs3_daemon::runner: batch kind="embed" subject=1 x smart jobs=1 ms=0
2026-08-28T10:49:52.110455Z  INFO fs3_daemon::runner: done kind="embed" id=662411 left=32604
2026-08-28T10:49:52.193382Z  INFO fs3_daemon::runner: done kind=summarize subject=docs/plans/072-sse-multiplexing/tasks/phase-1-server-foundation/tasks.md::Phase 1: Server Foundation — Tasks::Context Brief::Sequence: Mux Route Lifecycle ms=13 left=32604
2026-08-28T10:49:52.203428Z  INFO fs3_daemon::runner: batch kind="embed" subject=1 x smart jobs=1 ms=0
2026-08-28T10:49:52.210970Z  INFO fs3_daemon::runner: done kind="embed" id=662412 left=32603
2026-08-28T10:49:52.293341Z  INFO fs3_daemon::runner: done kind=summarize subject=docs/plans/072-sse-multiplexing/tasks/phase-1-server-foundation/tasks.md::Phase 1: Server Foundation — Tasks::Context Brief::System Flow: Mux Route ms=12 left=32603
2026-08-28T10:49:52.301081Z  INFO fs3_daemon::runner: batch kind="embed" subject=1 x smart jobs=1 ms=0
2026-08-28T10:49:52.312553Z  INFO fs3_daemon::runner: done kind="embed" id=662413 left=32602
2026-08-28T10:49:52.392816Z  INFO fs3_daemon::runner: done kind=summarize subject=docs/plans/072-sse-multiplexing/tasks/phase-1-server-foundation/tasks.md::Phase 1: Server Foundation — Tasks::Context Brief ms=13 left=32602
2026-08-28T10:49:52.399797Z  INFO fs3_daemon::runner: batch kind="embed" subject=1 x smart jobs=1 ms=0
2026-08-28T10:49:52.407415Z  INFO fs3_daemon::runner: done kind="embed" id=662414 left=32601
2026-08-28T10:49:52.489013Z  INFO fs3_daemon::runner: done kind=summarize subject=docs/plans/072-sse-multiplexing/tasks/phase-1-server-foundation/tasks.md::Phase 1: Server Foundation — Tasks::Tasks ms=13 left=32601
2026-08-28T10:49:52.497549Z  INFO fs3_daemon::runner: batch kind="embed" subject=1 x smart jobs=1 ms=2
2026-08-28T10:49:52.505397Z  INFO fs3_daemon::runner: done kind="embed" id=662415 left=32600
2026-08-28T10:49:52.582141Z  INFO fs3_daemon::runner: done kind=summarize subject=docs/plans/072-sse-multiplexing/tasks/phase-1-server-foundation/tasks.md::Phase 1: Server Foundation — Tasks::Architecture Map ms=10 left=32600
2026-08-28T10:49:52.594395Z  INFO fs3_daemon::runner: batch kind="embed" subject=1 x smart jobs=1 ms=0
2026-08-28T10:49:52.602519Z  INFO fs3_daemon::runner: done kind="embed" id=662416 left=32599
2026-08-28T10:49:52.683554Z  INFO fs3_daemon::runner: done kind=summarize subject=docs/plans/072-sse-multiplexing/tasks/phase-1-server-foundation/tasks.md::Phase 1: Server Foundation — Tasks::Pre-Implementation Check ms=10 left=32599
2026-08-28T10:49:52.693288Z  INFO fs3_daemon::runner: batch kind="embed" subject=1 x smart jobs=1 ms=0
2026-08-28T10:49:52.702850Z  INFO fs3_daemon::runner: done kind="embed" id=662417 left=32598
2026-08-28T10:49:52.783865Z  INFO fs3_daemon::runner: done kind=summarize subject=docs/plans/072-sse-multiplexing/tasks/phase-1-server-foundation/tasks.md::Phase 1: Server Foundation — Tasks::Executive Briefing ms=13 left=32598
2026-08-28T10:49:52.791278Z  INFO fs3_daemon::runner: batch kind="embed" subject=1 x smart jobs=1 ms=0
2026-08-28T10:49:52.798097Z  INFO fs3_daemon::runner: done kind="embed" id=662418 left=32597
2026-08-28T10:49:52.875136Z  INFO fs3_daemon::runner: done kind=summarize subject=docs/plans/072-sse-multiplexing/tasks/phase-1-server-foundation/tasks.md::Phase 1: Server Foundation — Tasks ms=11 left=32597
2026-08-28T10:49:52.885920Z  INFO fs3_daemon::runner: batch kind="embed" subject=1 x smart jobs=1 ms=0
2026-08-28T10:49:52.896562Z  INFO fs3_daemon::runner: done kind="embed" id=662419 left=32596
2026-08-28T10:49:52.976141Z  INFO fs3_daemon::runner: done kind=summarize subject=docs/plans/072-sse-multiplexing/tasks/phase-1-server-foundation/tasks.fltplan.md::Flight Plan: Phase 1 — Server Foundation::Acceptance Criteria ms=11 left=32596
2026-08-28T10:49:52.993499Z  INFO fs3_daemon::runner: batch kind="embed" subject=1 x smart jobs=1 ms=0
2026-08-28T10:49:53.005223Z  INFO fs3_daemon::runner: done kind="embed" id=662420 left=32595
2026-08-28T10:49:53.083880Z  INFO fs3_daemon::runner: done kind=summarize subject=docs/plans/072-sse-multiplexing/tasks/phase-1-server-foundation/tasks.fltplan.md::Flight Plan: Phase 1 — Server Foundation::Architecture: Before & After ms=14 left=32595
2026-08-28T10:49:53.096483Z  INFO fs3_daemon::runner: batch kind="embed" subject=1 x smart jobs=1 ms=0
2026-08-28T10:49:53.118810Z  INFO fs3_daemon::runner: done kind="embed" id=662421 left=32594
2026-08-28T10:49:53.221937Z  INFO fs3_daemon::runner: done kind=summarize subject=docs/plans/072-sse-multiplexing/tasks/phase-1-server-foundation/tasks.fltplan.md::Flight Plan: Phase 1 — Server Foundation::Stages ms=32 left=32594
2026-08-28T10:49:53.229288Z  INFO fs3_daemon::runner: batch kind="embed" subject=1 x smart jobs=1 ms=0
2026-08-28T10:49:53.250920Z  INFO fs3_daemon::runner: done kind="embed" id=662422 left=32593
2026-08-28T10:49:53.348212Z  INFO fs3_daemon::runner: done kind=summarize subject=docs/plans/072-sse-multiplexing/tasks/phase-1-server-foundation/tasks.fltplan.md::Flight Plan: Phase 1 — Server Foundation::Flight Status ms=26 left=32593
2026-08-28T10:49:53.357361Z  INFO fs3_daemon::runner: batch kind="embed" subject=1 x smart jobs=1 ms=0
2026-08-28T10:49:53.374834Z  INFO fs3_daemon::runner: done kind="embed" id=662423 left=32592
2026-08-28T10:49:53.475886Z  INFO fs3_daemon::watch: re-listed a changed directory directory=/Users/jordanknight/substrate/flowspace/fs3-ddocs-u2/crates/daemon/src events=4 enqueued=2 settled=Quiet
2026-08-28T10:49:53.504907Z  INFO fs3_daemon::runner: progress phase="working" scanned=61601 scan_left=34 summarized=125529 summarize_left=32558 embedded=204048 embed_left=1 failed=0
2026-08-28T10:49:53.535074Z  INFO fs3_daemon::runner: batch kind="embed" subject=1 x smart jobs=1 ms=0
2026-08-28T10:49:53.564540Z  INFO fs3_daemon::runner: done kind="embed" id=662424 left=32592
2026-08-28T10:49:53.692498Z  INFO fs3_daemon::runner: done kind=summarize subject=docs/plans/072-sse-multiplexing/tasks/phase-1-server-foundation/tasks.fltplan.md::Flight Plan: Phase 1 — Server Foundation::Domain Context ms=57 left=32593
2026-08-28T10:49:53.803158Z  INFO fs3_daemon::runner: done kind=scan_file subject=crates/daemon/src/enrich.rs ms=361 left=32593
2026-08-28T10:49:53.907712Z  INFO fs3_daemon::runner: batch kind="embed" subject=16 x raw jobs=1 ms=235
2026-08-28T10:49:53.923285Z  INFO fs3_daemon::runner: done kind="embed" id=662436 left=32592
2026-08-28T10:49:54.016984Z  INFO fs3_daemon::runner: batch kind="embed" subject=1 x smart jobs=1 ms=0
2026-08-28T10:49:54.021086Z  INFO fs3_daemon::runner: batch kind="embed" subject=12 x raw jobs=1 ms=4
2026-08-28T10:49:54.035725Z  INFO fs3_daemon::runner: done kind=summarize subject=docs/plans/072-sse-multiplexing/tasks/phase-1-server-foundation/tasks.fltplan.md::Flight Plan: Phase 1 — Server Foundation ms=51 left=32592
2026-08-28T10:49:54.047583Z  INFO fs3_daemon::runner: done kind="embed" id=662438 left=32591
2026-08-28T10:49:54.138433Z  INFO fs3_daemon::runner: done kind="embed" id=662449 left=32590
2026-08-28T10:49:54.232011Z  INFO fs3_daemon::runner: batch kind="embed" subject=1 x smart jobs=1 ms=0
2026-08-28T10:49:54.247892Z  INFO fs3_daemon::runner: done kind=summarize subject=docs/plans/072-sse-multiplexing/tasks/phase-1-server-foundation/reviews/review.phase-1-server-foundation.md::Code Review: Phase 1: Server Foundation::H) Handover Brief::Required Fixes (if REQUEST_CHANGES) ms=44 left=32590
2026-08-28T10:49:54.263305Z  INFO fs3_daemon::runner: done kind="embed" id=662450 left=32589
2026-08-28T10:49:54.377319Z  INFO fs3_daemon::runner: batch kind="embed" subject=1 x smart jobs=1 ms=0
2026-08-28T10:49:54.393499Z  INFO fs3_daemon::runner: done kind=summarize subject=docs/plans/072-sse-multiplexing/tasks/phase-1-server-foundation/reviews/review.phase-1-server-foundation.md::Code Review: Phase 1: Server Foundation::H) Handover Brief::Files Reviewed ms=51 left=32589
2026-08-28T10:49:54.408915Z  INFO fs3_daemon::runner: done kind="embed" id=662451 left=32588
2026-08-28T10:49:54.519687Z  INFO fs3_daemon::runner: batch kind="embed" subject=1 x smart jobs=1 ms=1
2026-08-28T10:49:54.535851Z  INFO fs3_daemon::runner: done kind=summarize subject=docs/plans/072-sse-multiplexing/tasks/phase-1-server-foundation/reviews/review.phase-1-server-foundation.md::Code Review: Phase 1: Server Foundation::H) Handover Brief ms=46 left=32588
2026-08-28T10:49:54.546808Z  INFO fs3_daemon::runner: done kind="embed" id=662452 left=32587
2026-08-28T10:49:54.662091Z  INFO fs3_daemon::runner: done kind=summarize subject=docs/plans/072-sse-multiplexing/tasks/phase-1-server-foundation/reviews/review.phase-1-server-foundation.md::Code Review: Phase 1: Server Foundation::G) Commands Executed ms=28 left=32587
2026-08-28T10:49:54.671762Z  INFO fs3_daemon::runner: batch kind="embed" subject=1 x smart jobs=1 ms=0
2026-08-28T10:49:54.690609Z  INFO fs3_daemon::runner: done kind="embed" id=662453 left=32586
2026-08-28T10:49:54.774352Z  INFO fs3_daemon::runner: done kind=summarize subject=docs/plans/072-sse-multiplexing/tasks/phase-1-server-foundation/reviews/review.phase-1-server-foundation.md::Code Review: Phase 1: Server Foundation::F) Coverage Map ms=19 left=32586
2026-08-28T10:49:54.779421Z  INFO fs3_daemon::runner: batch kind="embed" subject=1 x smart jobs=1 ms=0
2026-08-28T10:49:54.786940Z  INFO fs3_daemon::runner: done kind="embed" id=662454 left=32585
2026-08-28T10:49:54.864564Z  INFO fs3_daemon::runner: done kind=summarize subject=docs/plans/072-sse-multiplexing/tasks/phase-1-server-foundation/reviews/review.phase-1-server-foundation.md::Code Review: Phase 1: Server Foundation::E) Detailed Findings::E.4) Testing & Evidence ms=9 left=32585
2026-08-28T10:49:54.873425Z  INFO fs3_daemon::runner: batch kind="embed" subject=1 x smart jobs=1 ms=1
2026-08-28T10:49:54.882231Z  INFO fs3_daemon::runner: done kind="embed" id=662455 left=32584
2026-08-28T10:49:54.972613Z  INFO fs3_daemon::runner: done kind=summarize subject=docs/plans/072-sse-multiplexing/tasks/phase-1-server-foundation/reviews/review.phase-1-server-foundation.md::Code Review: Phase 1: Server Foundation::E) Detailed Findings::E.3) Anti-Reinvention ms=15 left=32584
2026-08-28T10:49:54.982223Z  INFO fs3_daemon::runner: batch kind="embed" subject=1 x smart jobs=1 ms=0
2026-08-28T10:49:54.989128Z  INFO fs3_daemon::runner: done kind="embed" id=662456 left=32583
2026-08-28T10:49:55.070494Z  INFO fs3_daemon::runner: done kind=summarize subject=docs/plans/072-sse-multiplexing/tasks/phase-1-server-foundation/reviews/review.phase-1-server-foundation.md::Code Review: Phase 1: Server Foundation::E) Detailed Findings::E.2) Domain Compliance ms=13 left=32583
2026-08-28T10:49:55.080709Z  INFO fs3_daemon::runner: batch kind="embed" subject=1 x smart jobs=1 ms=1
2026-08-28T10:49:55.093532Z  INFO fs3_daemon::runner: done kind="embed" id=662457 left=32582
2026-08-28T10:49:55.171559Z  INFO fs3_daemon::runner: done kind=summarize subject=docs/plans/072-sse-multiplexing/tasks/phase-1-server-foundation/reviews/review.phase-1-server-foundation.md::Code Review: Phase 1: Server Foundation::E) Detailed Findings ms=8 left=32582
2026-08-28T10:49:55.186715Z  INFO fs3_daemon::runner: batch kind="embed" subject=1 x smart jobs=1 ms=0
2026-08-28T10:49:55.195924Z  INFO fs3_daemon::runner: done kind="embed" id=662458 left=32581
2026-08-28T10:49:55.293050Z  INFO fs3_daemon::runner: done kind=summarize subject=docs/plans/072-sse-multiplexing/tasks/phase-1-server-foundation/reviews/review.phase-1-server-foundation.md::Code Review: Phase 1: Server Foundation::D) Findings Table ms=15 left=32581
2026-08-28T10:49:55.300725Z  INFO fs3_daemon::runner: batch kind="embed" subject=1 x smart jobs=1 ms=0
2026-08-28T10:49:55.307510Z  INFO fs3_daemon::runner: done kind="embed" id=662459 left=32580
2026-08-28T10:49:55.381092Z  INFO fs3_daemon::runner: done kind=summarize subject=docs/plans/072-sse-multiplexing/tasks/phase-1-server-foundation/reviews/review.phase-1-server-foundation.md::Code Review: Phase 1: Server Foundation::C) Checklist ms=12 left=32580
2026-08-28T10:49:55.385091Z  INFO fs3_daemon::runner: batch kind="embed" subject=1 x smart jobs=1 ms=0
2026-08-28T10:49:55.394750Z  INFO fs3_daemon::runner: done kind="embed" id=662460 left=32579
2026-08-28T10:49:55.479078Z  INFO fs3_daemon::runner: done kind=summarize subject=docs/plans/072-sse-multiplexing/tasks/phase-1-server-foundation/reviews/review.phase-1-server-foundation.md::Code Review: Phase 1: Server Foundation::A) Verdict ms=10 left=32579
2026-08-28T10:49:55.491142Z  INFO fs3_daemon::runner: batch kind="embed" subject=1 x smart jobs=1 ms=0
2026-08-28T10:49:55.497478Z  INFO fs3_daemon::runner: done kind="embed" id=662461 left=32578
2026-08-28T10:49:55.582486Z  INFO fs3_daemon::runner: done kind=summarize subject=docs/plans/072-sse-multiplexing/tasks/phase-1-server-foundation/reviews/review.phase-1-server-foundation.md::Code Review: Phase 1: Server Foundation ms=12 left=32578
2026-08-28T10:49:55.590569Z  INFO fs3_daemon::runner: batch kind="embed" subject=1 x smart jobs=1 ms=0
2026-08-28T10:49:55.598714Z  INFO fs3_daemon::runner: done kind="embed" id=662462 left=32577
2026-08-28T10:49:55.674068Z  INFO fs3_daemon::runner: done kind=summarize subject=docs/plans/072-sse-multiplexing/tasks/phase-1-server-foundation/reviews/fix-tasks.phase-1-server-foundation.md::Fix Tasks: Phase 1: Server Foundation::Medium / Low Fixes::FT-004: Refresh architecture evidence and reviewability artifacts ms=9 left=32577
2026-08-28T10:49:55.688733Z  INFO fs3_daemon::runner: batch kind="embed" subject=1 x smart jobs=1 ms=1
2026-08-28T10:49:55.698600Z  INFO fs3_daemon::runner: done kind="embed" id=662463 left=32576
2026-08-28T10:49:55.774243Z  INFO fs3_daemon::runner: done kind=summarize subject=docs/plans/072-sse-multiplexing/tasks/phase-1-server-foundation/reviews/fix-tasks.phase-1-server-foundation.md::Fix Tasks: Phase 1: Server Foundation::Medium / Low Fixes::FT-003: Update `_platform/events` and `_platform/state` domain docs for Plan 072 ms=9 left=32576
2026-08-28T10:49:55.784574Z  INFO fs3_daemon::runner: batch kind="embed" subject=1 x smart jobs=1 ms=0
2026-08-28T10:49:55.792003Z  INFO fs3_daemon::runner: done kind="embed" id=662464 left=32575
2026-08-28T10:49:55.882027Z  INFO fs3_daemon::runner: done kind=summarize subject=docs/plans/072-sse-multiplexing/tasks/phase-1-server-foundation/reviews/fix-tasks.phase-1-server-foundation.md::Fix Tasks: Phase 1: Server Foundation::Medium / Low Fixes::FT-002: Align the plan manifest and phase metadata with the `_platform/state` touch ms=14 left=32575
2026-08-28T10:49:55.891596Z  INFO fs3_daemon::runner: batch kind="embed" subject=1 x smart jobs=1 ms=0
2026-08-28T10:49:55.903055Z  INFO fs3_daemon::runner: done kind="embed" id=662465 left=32574
2026-08-28T10:49:55.990683Z  INFO fs3_daemon::runner: done kind=summarize subject=docs/plans/072-sse-multiplexing/tasks/phase-1-server-foundation/reviews/fix-tasks.phase-1-server-foundation.md::Fix Tasks: Phase 1: Server Foundation::Medium / Low Fixes ms=16 left=32574
2026-08-28T10:49:56.003619Z  INFO fs3_daemon::runner: batch kind="embed" subject=1 x smart jobs=1 ms=1
2026-08-28T10:49:56.010725Z  INFO fs3_daemon::runner: done kind="embed" id=662466 left=32573
2026-08-28T10:49:56.090037Z  INFO fs3_daemon::runner: done kind=summarize subject=docs/plans/072-sse-multiplexing/tasks/phase-1-server-foundation/reviews/fix-tasks.phase-1-server-foundation.md::Fix Tasks: Phase 1: Server Foundation::Critical / High Fixes::FT-001: Replace helper-level mux tests with real route-handler coverage ms=12 left=32573
2026-08-28T10:49:56.099488Z  INFO fs3_daemon::runner: batch kind="embed" subject=1 x smart jobs=1 ms=0
2026-08-28T10:49:56.105911Z  INFO fs3_daemon::runner: done kind="embed" id=662467 left=32572
2026-08-28T10:49:56.179194Z  INFO fs3_daemon::runner: done kind=summarize subject=docs/plans/072-sse-multiplexing/tasks/phase-1-server-foundation/reviews/fix-tasks.phase-1-server-foundation.md::Fix Tasks: Phase 1: Server Foundation::Critical / High Fixes ms=14 left=32572
2026-08-28T10:49:56.186086Z  INFO fs3_daemon::runner: batch kind="embed" subject=1 x smart jobs=1 ms=0
2026-08-28T10:49:56.194887Z  INFO fs3_daemon::runner: done kind="embed" id=662468 left=32571
2026-08-28T10:49:56.270685Z  INFO fs3_daemon::runner: done kind=summarize subject=docs/plans/072-sse-multiplexing/tasks/phase-1-server-foundation/reviews/fix-tasks.phase-1-server-foundation.md::Fix Tasks: Phase 1: Server Foundation ms=15 left=32571
2026-08-28T10:49:56.275988Z  INFO fs3_daemon::runner: batch kind="embed" subject=1 x smart jobs=1 ms=0
2026-08-28T10:49:56.284418Z  INFO fs3_daemon::runner: done kind="embed" id=662469 left=32570
2026-08-28T10:49:56.367096Z  INFO fs3_daemon::runner: done kind=summarize subject=docs/plans/072-sse-multiplexing/tasks/phase-1-server-foundation/execution.log.md::Execution Log: Phase 1 — Server Foundation ms=11 left=32570
2026-08-28T10:49:56.375563Z  INFO fs3_daemon::runner: batch kind="embed" subject=1 x smart jobs=1 ms=0
2026-08-28T10:49:56.383152Z  INFO fs3_daemon::runner: done kind="embed" id=662470 left=32569
2026-08-28T10:49:56.460562Z  INFO fs3_daemon::runner: done kind=summarize subject=docs/plans/072-sse-multiplexing/sse-multiplexing-spec.md::SSE Multiplexing::Clarifications::Session 2026-03-08 ms=10 left=32569
2026-08-28T10:49:56.476400Z  INFO fs3_daemon::runner: batch kind="embed" subject=1 x smart jobs=1 ms=0
2026-08-28T10:49:56.490578Z  INFO fs3_daemon::runner: done kind="embed" id=662471 left=32568
2026-08-28T10:49:56.573166Z  INFO fs3_daemon::runner: done kind=summarize subject=docs/plans/072-sse-multiplexing/sse-multiplexing-spec.md::SSE Multiplexing::Clarifications ms=8 left=32568
2026-08-28T10:49:56.586619Z  INFO fs3_daemon::runner: batch kind="embed" subject=1 x smart jobs=1 ms=1
2026-08-28T10:49:56.597762Z  INFO fs3_daemon::runner: done kind="embed" id=662472 left=32567
2026-08-28T10:49:56.666111Z  INFO fs3_daemon::runner: done kind=summarize subject=docs/plans/072-sse-multiplexing/sse-multiplexing-spec.md::SSE Multiplexing::Testing Strategy ms=11 left=32567
2026-08-28T10:49:56.673747Z  INFO fs3_daemon::runner: batch kind="embed" subject=1 x smart jobs=1 ms=0
2026-08-28T10:49:56.680242Z  INFO fs3_daemon::runner: done kind="embed" id=662473 left=32566
2026-08-28T10:49:56.755376Z  INFO fs3_daemon::runner: done kind=summarize subject=docs/plans/072-sse-multiplexing/sse-multiplexing-spec.md::SSE Multiplexing::Open Questions ms=11 left=32566
2026-08-28T10:49:56.762042Z  INFO fs3_daemon::runner: batch kind="embed" subject=1 x smart jobs=1 ms=0
2026-08-28T10:49:56.768817Z  INFO fs3_daemon::runner: done kind="embed" id=662474 left=32565
2026-08-28T10:49:56.846113Z  INFO fs3_daemon::runner: done kind=summarize subject=docs/plans/072-sse-multiplexing/sse-multiplexing-spec.md::SSE Multiplexing::Risks & Assumptions ms=18 left=32565
2026-08-28T10:49:56.854376Z  INFO fs3_daemon::runner: batch kind="embed" subject=1 x smart jobs=1 ms=0
2026-08-28T10:49:56.862383Z  INFO fs3_daemon::runner: done kind="embed" id=662475 left=32564
2026-08-28T10:49:56.950534Z  INFO fs3_daemon::runner: done kind=summarize subject=docs/plans/072-sse-multiplexing/sse-multiplexing-spec.md::SSE Multiplexing::Acceptance Criteria::Client Provider ms=19 left=32564
2026-08-28T10:49:56.953919Z  INFO fs3_daemon::runner: batch kind="embed" subject=1 x smart jobs=1 ms=2
2026-08-28T10:49:56.962875Z  INFO fs3_daemon::runner: done kind="embed" id=662476 left=32563
2026-08-28T10:49:57.046437Z  INFO fs3_daemon::runner: done kind=summarize subject=docs/plans/072-sse-multiplexing/sse-multiplexing-spec.md::SSE Multiplexing::Acceptance Criteria::Server ms=12 left=32563
2026-08-28T10:49:57.056221Z  INFO fs3_daemon::runner: batch kind="embed" subject=1 x smart jobs=1 ms=0
2026-08-28T10:49:57.063525Z  INFO fs3_daemon::runner: done kind="embed" id=662477 left=32562
2026-08-28T10:49:57.133571Z  INFO fs3_daemon::runner: done kind=summarize subject=docs/plans/072-sse-multiplexing/sse-multiplexing-spec.md::SSE Multiplexing::Acceptance Criteria ms=8 left=32562
2026-08-28T10:49:57.147562Z  INFO fs3_daemon::runner: batch kind="embed" subject=1 x smart jobs=1 ms=0
2026-08-28T10:49:57.155533Z  INFO fs3_daemon::runner: done kind="embed" id=662478 left=32561
2026-08-28T10:49:57.231219Z  INFO fs3_daemon::runner: done kind=summarize subject=docs/plans/072-sse-multiplexing/sse-multiplexing-spec.md::SSE Multiplexing::Complexity ms=10 left=32561
2026-08-28T10:49:57.241099Z  INFO fs3_daemon::runner: batch kind="embed" subject=1 x smart jobs=1 ms=0
2026-08-28T10:49:57.252077Z  INFO fs3_daemon::runner: done kind="embed" id=662479 left=32560
2026-08-28T10:49:57.333279Z  INFO fs3_daemon::runner: done kind=summarize subject=docs/plans/072-sse-multiplexing/sse-multiplexing-spec.md::SSE Multiplexing::Research Context ms=9 left=32560
2026-08-28T10:49:57.344190Z  INFO fs3_daemon::runner: batch kind="embed" subject=1 x smart jobs=1 ms=0
2026-08-28T10:49:57.352661Z  INFO fs3_daemon::runner: done kind="embed" id=662480 left=32559
2026-08-28T10:49:57.424034Z  INFO fs3_daemon::runner: done kind=summarize subject=docs/plans/072-sse-multiplexing/sse-multiplexing-spec.md::SSE Multiplexing::Target Domains ms=8 left=32559
2026-08-28T10:49:57.436068Z  INFO fs3_daemon::runner: batch kind="embed" subject=1 x smart jobs=1 ms=0
2026-08-28T10:49:57.444992Z  INFO fs3_daemon::runner: done kind="embed" id=662481 left=32558
2026-08-28T10:49:57.518063Z  INFO fs3_daemon::runner: done kind=summarize subject=docs/plans/072-sse-multiplexing/sse-multiplexing-spec.md::SSE Multiplexing::Goals ms=11 left=32558
2026-08-28T10:49:57.527916Z  INFO fs3_daemon::runner: batch kind="embed" subject=1 x smart jobs=1 ms=0
2026-08-28T10:49:57.536184Z  INFO fs3_daemon::runner: done kind="embed" id=662482 left=32557
2026-08-28T10:49:57.610703Z  INFO fs3_daemon::runner: done kind=summarize subject=docs/plans/072-sse-multiplexing/sse-multiplexing-spec.md::SSE Multiplexing ms=11 left=32557
2026-08-28T10:49:57.621679Z  INFO fs3_daemon::runner: batch kind="embed" subject=1 x smart jobs=1 ms=0
2026-08-28T10:49:57.630779Z  INFO fs3_daemon::runner: done kind="embed" id=662483 left=32556
2026-08-28T10:49:57.730503Z  INFO fs3_daemon::runner: done kind=summarize subject=docs/plans/072-sse-multiplexing/sse-multiplexing-plan.md::SSE Multiplexing Implementation Plan::Risks ms=28 left=32556
2026-08-28T10:49:57.739655Z  INFO fs3_daemon::runner: batch kind="embed" subject=1 x smart jobs=1 ms=0
2026-08-28T10:49:57.757489Z  INFO fs3_daemon::runner: done kind="embed" id=662484 left=32555
2026-08-28T10:49:57.859853Z  INFO fs3_daemon::runner: batch kind="embed" subject=1 x smart jobs=1 ms=0
2026-08-28T10:49:57.873970Z  INFO fs3_daemon::runner: done kind=summarize subject=docs/plans/072-sse-multiplexing/sse-multiplexing-plan.md::SSE Multiplexing Implementation Plan::Phases::Phase 5: Remaining Migrations + Documentation ms=42 left=32555
2026-08-28T10:49:57.888856Z  INFO fs3_daemon::runner: done kind="embed" id=662485 left=32554
2026-08-28T10:49:57.997042Z  INFO fs3_daemon::runner: done kind=summarize subject=docs/plans/072-sse-multiplexing/sse-multiplexing-plan.md::SSE Multiplexing Implementation Plan::Phases::Phase 4: GlobalState Re-enablement ms=34 left=32554
2026-08-28T10:49:58.000745Z  INFO fs3_daemon::runner: batch kind="embed" subject=1 x smart jobs=1 ms=0
2026-08-28T10:49:58.025431Z  INFO fs3_daemon::runner: done kind="embed" id=662486 left=32553
2026-08-28T10:49:58.112356Z  INFO fs3_daemon::runner: done kind=summarize subject=docs/plans/072-sse-multiplexing/sse-multiplexing-plan.md::SSE Multiplexing Implementation Plan::Phases::Acceptance Criteria (Phase 3) ms=23 left=32553
2026-08-28T10:49:58.119875Z  INFO fs3_daemon::runner: batch kind="embed" subject=1 x smart jobs=1 ms=0
2026-08-28T10:49:58.137794Z  INFO fs3_daemon::runner: done kind="embed" id=662487 left=32552
2026-08-28T10:49:58.245462Z  INFO fs3_daemon::runner: batch kind="embed" subject=1 x smart jobs=1 ms=1
2026-08-28T10:49:58.248939Z  INFO fs3_daemon::runner: done kind=summarize subject=docs/plans/072-sse-multiplexing/sse-multiplexing-plan.md::SSE Multiplexing Implementation Plan::Phases::Phase 3: Priority Consumer Migration ms=41 left=32552
2026-08-28T10:49:58.266809Z  INFO fs3_daemon::runner: done kind="embed" id=662488 left=32551
2026-08-28T10:49:58.378954Z  INFO fs3_daemon::runner: batch kind="embed" subject=1 x smart jobs=1 ms=0
2026-08-28T10:49:58.397396Z  INFO fs3_daemon::runner: done kind=summarize subject=docs/plans/072-sse-multiplexing/sse-multiplexing-plan.md::SSE Multiplexing Implementation Plan::Phases::Acceptance Criteria (Phase 2) ms=50 left=32552
2026-08-28T10:49:58.405862Z  INFO fs3_daemon::runner: done kind="embed" id=662489 left=32551
2026-08-28T10:49:58.543639Z  INFO fs3_daemon::runner: batch kind="embed" subject=1 x smart jobs=1 ms=1
2026-08-28T10:49:58.573284Z  INFO fs3_daemon::runner: done kind="embed" id=662490 left=32559
2026-08-28T10:49:58.584251Z  INFO fs3_daemon::runner: done kind=scan_file subject=docs/plans/006-worktree-diff/assets/probes/out/run-20260828T104446Z/p2b-reference-map.txt ms=82 left=32558
2026-08-28T10:49:58.716153Z  INFO fs3_daemon::runner: done kind=scan_file subject=docs/plans/006-worktree-diff/assets/probes/out/run-20260828T104446Z/p3-version-file-blobs.txt ms=60 left=32559
2026-08-28T10:49:58.719469Z  INFO fs3_daemon::runner: progress phase="working" scanned=61603 scan_left=42 summarized=125571 summarize_left=32516 embedded=204093 embed_left=1 failed=0
2026-08-28T10:49:58.746804Z  INFO fs3_daemon::enrich: skipping embeds for content no registered root holds dropped=2 kept=0 kind="raw"
2026-08-28T10:49:58.746828Z  INFO fs3_daemon::runner: batch kind="embed" subject=2 x raw jobs=2 ms=6
2026-08-28T10:49:58.767259Z  INFO fs3_daemon::watch: re-listed a changed directory directory=/Users/jordanknight/substrate/flowspace/fs3-worktree-diff/docs/plans/006-worktree-diff/assets/probes/out/run-20260828T104446Z events=125 enqueued=10 settled=Quiet
2026-08-28T10:49:58.768790Z  INFO fs3_daemon::runner: done kind="embed" id=662499 left=32558
2026-08-28T10:49:58.846787Z  INFO fs3_daemon::runner: done kind="embed" id=662502 left=32557
2026-08-28T10:49:58.980954Z  INFO fs3_daemon::runner: done kind=scan_file subject=docs/plans/006-worktree-diff/assets/probes/out/run-20260828T104446Z/p3-search-flags.txt ms=53 left=32557
2026-08-28T10:49:58.998754Z  INFO fs3_daemon::runner: batch kind="embed" subject=1 x raw jobs=1 ms=0
2026-08-28T10:49:59.014727Z  INFO fs3_daemon::runner: done kind=scan_file subject=docs/plans/006-worktree-diff/assets/probes/out/run-20260828T104446Z/p3-result-fields.txt ms=52 left=32557
2026-08-28T10:49:59.025307Z  INFO fs3_daemon::runner: done kind="embed" id=662503 left=32556
2026-08-28T10:49:59.162890Z  INFO fs3_daemon::runner: batch kind="embed" subject=1 x raw jobs=1 ms=0
2026-08-28T10:49:59.192350Z  INFO fs3_daemon::runner: done kind=scan_file subject=docs/plans/006-worktree-diff/assets/probes/out/run-20260828T104446Z/p3-elements-by-blob.txt ms=75 left=32555
2026-08-28T10:49:59.193129Z  INFO fs3_daemon::runner: done kind="embed" id=662504 left=32555
2026-08-28T10:49:59.292795Z  INFO fs3_daemon::runner: done kind=scan_file subject=docs/plans/006-worktree-diff/assets/probes/out/run-20260828T104446Z/p3-colliding-addresses.txt ms=32 left=32555
2026-08-28T10:49:59.562847Z  INFO fs3_daemon::runner: batch kind="embed" subject=1 x raw jobs=1 ms=278
2026-08-28T10:49:59.572743Z  INFO fs3_daemon::runner: done kind="embed" id=662505 left=32554
2026-08-28T10:49:59.662873Z  INFO fs3_daemon::runner: done kind=scan_file subject=docs/plans/006-worktree-diff/assets/probes/out/run-20260828T104446Z/p2b-paid.txt ms=26 left=32554
2026-08-28T10:49:59.860789Z  INFO fs3_daemon::runner: batch kind="embed" subject=1 x raw jobs=1 ms=198
2026-08-28T10:49:59.870482Z  INFO fs3_daemon::runner: done kind="embed" id=662506 left=32553
2026-08-28T10:49:59.959969Z  INFO fs3_daemon::runner: done kind=scan_file subject=docs/plans/006-worktree-diff/assets/probes/out/run-20260828T104446Z/p2b-jobs.txt ms=27 left=32553
2026-08-28T10:50:00.266993Z  INFO fs3_daemon::runner: batch kind="embed" subject=1 x raw jobs=1 ms=308
2026-08-28T10:50:00.303926Z  INFO fs3_daemon::runner: done kind="embed" id=662507 left=32552
2026-08-28T10:50:00.419798Z  INFO fs3_daemon::runner: done kind=scan_file subject=docs/plans/006-worktree-diff/assets/probes/out/run-20260828T104446Z/p2b-divergent-paths.txt ms=18 left=32552
2026-08-28T10:50:00.723420Z  INFO fs3_daemon::runner: batch kind="embed" subject=1 x raw jobs=1 ms=301
2026-08-28T10:50:00.731042Z  INFO fs3_daemon::runner: done kind="embed" id=662508 left=32551
2026-08-28T10:50:00.823473Z  INFO fs3_daemon::runner: done kind=scan_file subject=docs/plans/006-worktree-diff/assets/probes/out/run-20260828T104446Z/p2b-deltas.txt ms=29 left=32551
2026-08-28T10:50:00.827490Z  INFO fs3_daemon::runner: batch kind="embed" subject=1 x raw jobs=1 ms=0
2026-08-28T10:50:00.838029Z  INFO fs3_daemon::runner: done kind="embed" id=662509 left=32550
2026-08-28T10:50:00.916826Z  INFO fs3_daemon::runner: done kind=summarize subject=docs/plans/072-sse-multiplexing/sse-multiplexing-plan.md::SSE Multiplexing Implementation Plan::Phases::Phase 2: Client Provider + Hooks ms=10 left=32550
2026-08-28T10:50:01.164003Z  INFO fs3_daemon::runner: batch kind="embed" subject=1 x raw jobs=1 ms=234
2026-08-28T10:50:01.175663Z  INFO fs3_daemon::runner: done kind="embed" id=662510 left=32549
2026-08-28T10:50:01.252931Z  INFO fs3_daemon::runner: done kind=summarize subject=docs/plans/072-sse-multiplexing/sse-multiplexing-plan.md::SSE Multiplexing Implementation Plan::Phases::Acceptance Criteria (Phase 1) ms=16 left=32549
2026-08-28T10:50:01.259682Z  INFO fs3_daemon::runner: batch kind="embed" subject=1 x smart jobs=1 ms=0
2026-08-28T10:50:01.269813Z  INFO fs3_daemon::runner: done kind="embed" id=662511 left=32548
2026-08-28T10:50:01.352074Z  INFO fs3_daemon::runner: done kind=summarize subject=docs/plans/072-sse-multiplexing/sse-multiplexing-plan.md::SSE Multiplexing Implementation Plan::Phases::Phase 1: Server Foundation ms=14 left=32548
2026-08-28T10:50:01.363240Z  INFO fs3_daemon::runner: batch kind="embed" subject=1 x smart jobs=1 ms=0
2026-08-28T10:50:01.372954Z  INFO fs3_daemon::runner: done kind="embed" id=662512 left=32547
2026-08-28T10:50:01.451753Z  INFO fs3_daemon::runner: done kind=summarize subject=docs/plans/072-sse-multiplexing/sse-multiplexing-plan.md::SSE Multiplexing Implementation Plan::Phases::Phase Index ms=9 left=32547
2026-08-28T10:50:01.467572Z  INFO fs3_daemon::runner: batch kind="embed" subject=1 x smart jobs=1 ms=1
2026-08-28T10:50:01.479962Z  INFO fs3_daemon::runner: done kind="embed" id=662513 left=32546
2026-08-28T10:50:01.557215Z  INFO fs3_daemon::runner: done kind=summarize subject=docs/plans/072-sse-multiplexing/sse-multiplexing-plan.md::SSE Multiplexing Implementation Plan::Phases ms=8 left=32546
2026-08-28T10:50:01.569179Z  INFO fs3_daemon::runner: batch kind="embed" subject=1 x smart jobs=1 ms=0
2026-08-28T10:50:01.575372Z  INFO fs3_daemon::runner: done kind="embed" id=662514 left=32545
2026-08-28T10:50:01.649764Z  INFO fs3_daemon::runner: done kind=summarize subject=docs/plans/072-sse-multiplexing/sse-multiplexing-plan.md::SSE Multiplexing Implementation Plan::Deviations::DEV-01: New SSE infrastructure lives in `apps/web`, not `packages/shared` ms=9 left=32545
2026-08-28T10:50:01.664957Z  INFO fs3_daemon::runner: batch kind="embed" subject=1 x smart jobs=1 ms=3
2026-08-28T10:50:01.674445Z  INFO fs3_daemon::runner: done kind="embed" id=662515 left=32544
2026-08-28T10:50:01.742052Z  INFO fs3_daemon::runner: done kind=summarize subject=docs/plans/072-sse-multiplexing/sse-multiplexing-plan.md::SSE Multiplexing Implementation Plan::Deviations ms=8 left=32544
2026-08-28T10:50:01.752466Z  INFO fs3_daemon::runner: batch kind="embed" subject=1 x smart jobs=1 ms=0
2026-08-28T10:50:01.762305Z  INFO fs3_daemon::runner: done kind="embed" id=662516 left=32543
2026-08-28T10:50:01.837231Z  INFO fs3_daemon::runner: done kind=summarize subject=docs/plans/072-sse-multiplexing/sse-multiplexing-plan.md::SSE Multiplexing Implementation Plan::Key Findings ms=10 left=32543
2026-08-28T10:50:01.856462Z  INFO fs3_daemon::runner: batch kind="embed" subject=1 x smart jobs=1 ms=2
2026-08-28T10:50:01.868149Z  INFO fs3_daemon::runner: done kind="embed" id=662517 left=32542
2026-08-28T10:50:01.948618Z  INFO fs3_daemon::runner: done kind=summarize subject=docs/plans/072-sse-multiplexing/sse-multiplexing-plan.md::SSE Multiplexing Implementation Plan::Domain Manifest ms=13 left=32542
2026-08-28T10:50:01.970123Z  INFO fs3_daemon::runner: batch kind="embed" subject=1 x smart jobs=1 ms=0
2026-08-28T10:50:01.992285Z  INFO fs3_daemon::runner: done kind="embed" id=662518 left=32541
2026-08-28T10:50:02.095278Z  INFO fs3_daemon::runner: done kind=summarize subject=docs/plans/072-sse-multiplexing/sse-multiplexing-plan.md::SSE Multiplexing Implementation Plan::Target Domains ms=26 left=32541
2026-08-28T10:50:02.102976Z  INFO fs3_daemon::runner: batch kind="embed" subject=1 x smart jobs=1 ms=0
2026-08-28T10:50:02.125789Z  INFO fs3_daemon::runner: done kind="embed" id=662519 left=32540
2026-08-28T10:50:02.229332Z  INFO fs3_daemon::runner: done kind=summarize subject=docs/plans/072-sse-multiplexing/sse-multiplexing-plan.md::SSE Multiplexing Implementation Plan ms=27 left=32540
2026-08-28T10:50:02.236321Z  INFO fs3_daemon::runner: batch kind="embed" subject=1 x smart jobs=1 ms=1
2026-08-28T10:50:02.259039Z  INFO fs3_daemon::runner: done kind="embed" id=662520 left=32539
2026-08-28T10:50:02.363117Z  INFO fs3_daemon::runner: done kind=summarize subject=docs/plans/072-sse-multiplexing/research-dossier.md::Research Dossier: SSE Multiplexing::Next Steps ms=32 left=32539
2026-08-28T10:50:02.371596Z  INFO fs3_daemon::runner: batch kind="embed" subject=1 x smart jobs=1 ms=1
2026-08-28T10:50:02.396784Z  INFO fs3_daemon::runner: done kind="embed" id=662521 left=32538
2026-08-28T10:50:02.507062Z  INFO fs3_daemon::runner: batch kind="embed" subject=1 x smart jobs=1 ms=0
2026-08-28T10:50:02.522573Z  INFO fs3_daemon::runner: done kind=summarize subject=docs/plans/072-sse-multiplexing/research-dossier.md::Research Dossier: SSE Multiplexing::External Research Opportunities::Research Opportunity 1: SSE Multiplexing Patterns in Production ms=46 left=32538
2026-08-28T10:50:02.537312Z  INFO fs3_daemon::runner: done kind="embed" id=662522 left=32537
2026-08-28T10:50:02.642770Z  INFO fs3_daemon::runner: done kind=summarize subject=docs/plans/072-sse-multiplexing/research-dossier.md::Research Dossier: SSE Multiplexing::External Research Opportunities ms=24 left=32537
2026-08-28T10:50:02.649263Z  INFO fs3_daemon::runner: batch kind="embed" subject=1 x smart jobs=1 ms=0
2026-08-28T10:50:02.673896Z  INFO fs3_daemon::runner: done kind="embed" id=662523 left=32536
2026-08-28T10:50:02.787207Z  INFO fs3_daemon::runner: batch kind="embed" subject=1 x smart jobs=1 ms=1
2026-08-28T10:50:02.803669Z  INFO fs3_daemon::runner: done kind=summarize subject=docs/plans/072-sse-multiplexing/research-dossier.md::Research Dossier: SSE Multiplexing::Recommendations::Implementation Phases (Suggested) ms=50 left=32536
2026-08-28T10:50:02.819569Z  INFO fs3_daemon::runner: done kind="embed" id=662524 left=32535
2026-08-28T10:50:02.921003Z  INFO fs3_daemon::runner: batch kind="embed" subject=1 x smart jobs=1 ms=0
2026-08-28T10:50:02.937248Z  INFO fs3_daemon::runner: done kind=summarize subject=docs/plans/072-sse-multiplexing/research-dossier.md::Research Dossier: SSE Multiplexing::Recommendations ms=45 left=32535
2026-08-28T10:50:02.950266Z  INFO fs3_daemon::runner: done kind="embed" id=662525 left=32534
2026-08-28T10:50:03.057303Z  INFO fs3_daemon::runner: batch kind="embed" subject=1 x smart jobs=1 ms=0
2026-08-28T10:50:03.072412Z  INFO fs3_daemon::runner: done kind=summarize subject=docs/plans/072-sse-multiplexing/research-dossier.md::Research Dossier: SSE Multiplexing::Modification Considerations ms=42 left=32534
2026-08-28T10:50:03.087645Z  INFO fs3_daemon::runner: done kind="embed" id=662526 left=32533
2026-08-28T10:50:03.184092Z  INFO fs3_daemon::runner: done kind=summarize subject=docs/plans/072-sse-multiplexing/research-dossier.md::Research Dossier: SSE Multiplexing::Domain Context::Owning Domain: `_platform/events` ms=27 left=32533
2026-08-28T10:50:03.188848Z  INFO fs3_daemon::runner: batch kind="embed" subject=1 x smart jobs=1 ms=1
2026-08-28T10:50:03.212468Z  INFO fs3_daemon::runner: done kind="embed" id=662527 left=32532
2026-08-28T10:50:03.311370Z  INFO fs3_daemon::runner: done kind=summarize subject=docs/plans/072-sse-multiplexing/research-dossier.md::Research Dossier: SSE Multiplexing::Domain Context ms=26 left=32532
2026-08-28T10:50:03.321259Z  INFO fs3_daemon::runner: batch kind="embed" subject=1 x smart jobs=1 ms=0
2026-08-28T10:50:03.339389Z  INFO fs3_daemon::runner: done kind="embed" id=662528 left=32531
2026-08-28T10:50:03.515753Z  INFO fs3_daemon::runner: done kind=summarize subject=docs/plans/072-sse-multiplexing/research-dossier.md::Research Dossier: SSE Multiplexing::Prior Learnings ms=26 left=32531
2026-08-28T10:50:03.525601Z  INFO fs3_daemon::runner: batch kind="embed" subject=1 x smart jobs=1 ms=0
2026-08-28T10:50:03.542923Z  INFO fs3_daemon::runner: done kind="embed" id=662529 left=32530
2026-08-28T10:50:03.624880Z  INFO fs3_daemon::runner: done kind=summarize subject=docs/plans/072-sse-multiplexing/research-dossier.md::Research Dossier: SSE Multiplexing::Quality & Testing::Existing Test Infrastructure ms=13 left=32530
2026-08-28T10:50:03.633702Z  INFO fs3_daemon::runner: batch kind="embed" subject=1 x smart jobs=1 ms=0
2026-08-28T10:50:03.640952Z  INFO fs3_daemon::runner: done kind="embed" id=662530 left=32529
2026-08-28T10:50:03.718760Z  INFO fs3_daemon::runner: done kind=summarize subject=docs/plans/072-sse-multiplexing/research-dossier.md::Research Dossier: SSE Multiplexing::Quality & Testing ms=12 left=32529
2026-08-28T10:50:03.725289Z  INFO fs3_daemon::runner: batch kind="embed" subject=1 x smart jobs=1 ms=0
2026-08-28T10:50:03.733237Z  INFO fs3_daemon::runner: done kind="embed" id=662531 left=32528
2026-08-28T10:50:03.813216Z  INFO fs3_daemon::runner: done kind=summarize subject=docs/plans/072-sse-multiplexing/research-dossier.md::Research Dossier: SSE Multiplexing::Dependencies & Integration::What Depends on This (After Migration) ms=14 left=32528
2026-08-28T10:50:03.866691Z  INFO fs3_daemon::runner: progress phase="working" scanned=61612 scan_left=33 summarized=125593 summarize_left=32494 embedded=204124 embed_left=1 failed=0
2026-08-28T10:50:03.907864Z  INFO fs3_daemon::runner: batch kind="embed" subject=2 x smart jobs=2 ms=0
2026-08-28T10:50:03.915609Z  INFO fs3_daemon::runner: done kind="embed" id=662533 left=32527
2026-08-28T10:50:03.989854Z  INFO fs3_daemon::runner: done kind="embed" id=662532 left=32526
2026-08-28T10:50:04.068998Z  INFO fs3_daemon::runner: done kind=summarize subject=docs/plans/072-sse-multiplexing/research-dossier.md::Research Dossier: SSE Multiplexing::Dependencies & Integration ms=16 left=32526
2026-08-28T10:50:04.088299Z  INFO fs3_daemon::runner: done kind=summarize subject=docs/plans/072-sse-multiplexing/research-dossier.md::Research Dossier: SSE Multiplexing::Architecture & Design::Client-Side Changes Required::2. useChannelEvents — New consumer hook ms=13 left=32526
2026-08-28T10:50:04.094712Z  INFO fs3_daemon::runner: batch kind="embed" subject=1 x smart jobs=1 ms=0
2026-08-28T10:50:04.102182Z  INFO fs3_daemon::runner: done kind="embed" id=662534 left=32525
2026-08-28T10:50:04.192779Z  INFO fs3_daemon::runner: done kind=summarize subject=docs/plans/072-sse-multiplexing/research-dossier.md::Research Dossier: SSE Multiplexing::Architecture & Design::Client-Side Changes Required::1. MultiplexedSSEProvider — New provider ms=13 left=32525
2026-08-28T10:50:04.200522Z  INFO fs3_daemon::runner: batch kind="embed" subject=1 x smart jobs=1 ms=1
2026-08-28T10:50:04.207512Z  INFO fs3_daemon::runner: done kind="embed" id=662535 left=32524
2026-08-28T10:50:04.285808Z  INFO fs3_daemon::runner: done kind=summarize subject=docs/plans/072-sse-multiplexing/research-dossier.md::Research Dossier: SSE Multiplexing::Architecture & Design::Client-Side Changes Required ms=14 left=32524
2026-08-28T10:50:04.293521Z  INFO fs3_daemon::runner: batch kind="embed" subject=1 x smart jobs=1 ms=1
2026-08-28T10:50:04.300905Z  INFO fs3_daemon::runner: done kind="embed" id=662536 left=32523
2026-08-28T10:50:04.387463Z  INFO fs3_daemon::runner: done kind=summarize subject=docs/plans/072-sse-multiplexing/research-dossier.md::Research Dossier: SSE Multiplexing::Architecture & Design::Server-Side Changes Required::2. Multiplexed Route — New endpoint ms=14 left=32523
2026-08-28T10:50:04.393958Z  INFO fs3_daemon::runner: batch kind="embed" subject=1 x smart jobs=1 ms=0
2026-08-28T10:50:04.399835Z  INFO fs3_daemon::runner: done kind="embed" id=662537 left=32522
2026-08-28T10:50:04.487750Z  INFO fs3_daemon::runner: done kind=summarize subject=docs/plans/072-sse-multiplexing/research-dossier.md::Research Dossier: SSE Multiplexing::Architecture & Design::Server-Side Changes Required::1. SSEManager — Add `channel` to payload (1 line) ms=20 left=32522
2026-08-28T10:50:04.492798Z  INFO fs3_daemon::runner: batch kind="embed" subject=1 x smart jobs=1 ms=0
2026-08-28T10:50:04.501103Z  INFO fs3_daemon::runner: done kind="embed" id=662538 left=32521
2026-08-28T10:50:04.576301Z  INFO fs3_daemon::runner: done kind=summarize subject=docs/plans/072-sse-multiplexing/research-dossier.md::Research Dossier: SSE Multiplexing::Architecture & Design::Server-Side Changes Required ms=11 left=32521
2026-08-28T10:50:04.585671Z  INFO fs3_daemon::runner: batch kind="embed" subject=1 x smart jobs=1 ms=0
2026-08-28T10:50:04.595748Z  INFO fs3_daemon::runner: done kind="embed" id=662539 left=32520
2026-08-28T10:50:04.672580Z  INFO fs3_daemon::runner: done kind=summarize subject=docs/plans/072-sse-multiplexing/research-dossier.md::Research Dossier: SSE Multiplexing::Architecture & Design::Optimal Mount Point ms=11 left=32520
2026-08-28T10:50:04.688059Z  INFO fs3_daemon::runner: batch kind="embed" subject=1 x smart jobs=1 ms=0
2026-08-28T10:50:04.700220Z  INFO fs3_daemon::runner: done kind="embed" id=662540 left=32519
2026-08-28T10:50:04.797918Z  INFO fs3_daemon::runner: done kind=summarize subject=docs/plans/072-sse-multiplexing/research-dossier.md::Research Dossier: SSE Multiplexing::Architecture & Design::Component Map: Multiplexed SSE ms=17 left=32519
2026-08-28T10:50:04.805527Z  INFO fs3_daemon::runner: batch kind="embed" subject=1 x smart jobs=1 ms=0
2026-08-28T10:50:04.814162Z  INFO fs3_daemon::runner: done kind="embed" id=662541 left=32518
2026-08-28T10:50:04.888190Z  INFO fs3_daemon::runner: done kind=summarize subject=docs/plans/072-sse-multiplexing/research-dossier.md::Research Dossier: SSE Multiplexing::Architecture & Design ms=11 left=32518
2026-08-28T10:50:04.897015Z  INFO fs3_daemon::runner: batch kind="embed" subject=1 x smart jobs=1 ms=0
2026-08-28T10:50:04.905343Z  INFO fs3_daemon::runner: done kind="embed" id=662542 left=32517
2026-08-28T10:50:04.978483Z  INFO fs3_daemon::runner: done kind=summarize subject=docs/plans/072-sse-multiplexing/research-dossier.md::Research Dossier: SSE Multiplexing::Complete SSE Consumer Inventory ms=9 left=32517
2026-08-28T10:50:04.988571Z  INFO fs3_daemon::runner: batch kind="embed" subject=1 x smart jobs=1 ms=0
2026-08-28T10:50:04.996827Z  INFO fs3_daemon::runner: done kind="embed" id=662543 left=32516
2026-08-28T10:50:05.070856Z  INFO fs3_daemon::runner: done kind=summarize subject=docs/plans/072-sse-multiplexing/research-dossier.md::Research Dossier: SSE Multiplexing::How It Currently Works::Current Payload Format (Missing Channel) ms=12 left=32516
2026-08-28T10:50:05.083637Z  INFO fs3_daemon::runner: batch kind="embed" subject=1 x smart jobs=1 ms=0
2026-08-28T10:50:05.091133Z  INFO fs3_daemon::runner: done kind="embed" id=662544 left=32515
2026-08-28T10:50:05.176585Z  INFO fs3_daemon::runner: done kind=summarize subject=docs/plans/072-sse-multiplexing/research-dossier.md::Research Dossier: SSE Multiplexing::How It Currently Works::Channel Registry ms=17 left=32515
2026-08-28T10:50:05.177824Z  INFO fs3_daemon::runner: batch kind="embed" subject=1 x smart jobs=1 ms=0
2026-08-28T10:50:05.187214Z  INFO fs3_daemon::runner: done kind="embed" id=662545 left=32514
2026-08-28T10:50:05.268012Z  INFO fs3_daemon::runner: done kind=summarize subject=docs/plans/072-sse-multiplexing/research-dossier.md::Research Dossier: SSE Multiplexing::How It Currently Works::DI Container Wiring ms=10 left=32514
2026-08-28T10:50:05.276832Z  INFO fs3_daemon::runner: batch kind="embed" subject=1 x smart jobs=1 ms=0
2026-08-28T10:50:05.288793Z  INFO fs3_daemon::runner: done kind="embed" id=662546 left=32513
2026-08-28T10:50:05.363981Z  INFO fs3_daemon::runner: done kind=summarize subject=docs/plans/072-sse-multiplexing/research-dossier.md::Research Dossier: SSE Multiplexing::How It Currently Works::Entry Points (Server → Client Event Flow) ms=8 left=32513
2026-08-28T10:50:05.376452Z  INFO fs3_daemon::runner: batch kind="embed" subject=1 x smart jobs=1 ms=1
2026-08-28T10:50:05.383910Z  INFO fs3_daemon::runner: done kind="embed" id=662547 left=32512
2026-08-28T10:50:05.459786Z  INFO fs3_daemon::runner: done kind=summarize subject=docs/plans/072-sse-multiplexing/research-dossier.md::Research Dossier: SSE Multiplexing::How It Currently Works ms=9 left=32512
2026-08-28T10:50:05.471276Z  INFO fs3_daemon::runner: batch kind="embed" subject=1 x smart jobs=1 ms=0
2026-08-28T10:50:05.477213Z  INFO fs3_daemon::runner: done kind="embed" id=662548 left=32511
2026-08-28T10:50:05.554787Z  INFO fs3_daemon::runner: done kind=summarize subject=docs/plans/072-sse-multiplexing/research-dossier.md::Research Dossier: SSE Multiplexing::Executive Summary::Quick Stats ms=11 left=32511
2026-08-28T10:50:05.564386Z  INFO fs3_daemon::runner: batch kind="embed" subject=1 x smart jobs=1 ms=1
2026-08-28T10:50:05.571499Z  INFO fs3_daemon::runner: done kind="embed" id=662549 left=32510
2026-08-28T10:50:05.648490Z  INFO fs3_daemon::runner: done kind=summarize subject=docs/plans/072-sse-multiplexing/research-dossier.md::Research Dossier: SSE Multiplexing::Executive Summary ms=12 left=32510
2026-08-28T10:50:05.657315Z  INFO fs3_daemon::runner: batch kind="embed" subject=1 x smart jobs=1 ms=0
2026-08-28T10:50:05.664689Z  INFO fs3_daemon::runner: done kind="embed" id=662550 left=32509
2026-08-28T10:50:05.741651Z  INFO fs3_daemon::runner: done kind=summarize subject=docs/plans/072-sse-multiplexing/research-dossier.md::Research Dossier: SSE Multiplexing ms=10 left=32509
2026-08-28T10:50:05.753569Z  INFO fs3_daemon::runner: batch kind="embed" subject=1 x smart jobs=1 ms=0
2026-08-28T10:50:05.760826Z  INFO fs3_daemon::runner: done kind="embed" id=662551 left=32508
2026-08-28T10:50:05.838390Z  INFO fs3_daemon::runner: done kind=summarize subject=docs/plans/072-sse-multiplexing/fixes/FX001-agent-sse-migration.md::Fix FX001: Migrate Agent Hooks to Multiplexed SSE::Critical Implementation Notes (DYK Pre-Flight) ms=12 left=32508
2026-08-28T10:50:05.845527Z  INFO fs3_daemon::runner: batch kind="embed" subject=1 x smart jobs=1 ms=0
2026-08-28T10:50:05.852745Z  INFO fs3_daemon::runner: done kind="embed" id=662552 left=32507
2026-08-28T10:50:05.924235Z  INFO fs3_daemon::runner: done kind=summarize subject=docs/plans/072-sse-multiplexing/fixes/FX001-agent-sse-migration.md::Fix FX001: Migrate Agent Hooks to Multiplexed SSE::Acceptance ms=11 left=32507
2026-08-28T10:50:05.937333Z  INFO fs3_daemon::runner: batch kind="embed" subject=1 x smart jobs=1 ms=2
2026-08-28T10:50:05.946723Z  INFO fs3_daemon::runner: done kind="embed" id=662553 left=32506
2026-08-28T10:50:06.041749Z  INFO fs3_daemon::runner: done kind=summarize subject=docs/plans/072-sse-multiplexing/fixes/FX001-agent-sse-migration.md::Fix FX001: Migrate Agent Hooks to Multiplexed SSE::Tasks ms=18 left=32506
2026-08-28T10:50:06.045307Z  INFO fs3_daemon::runner: batch kind="embed" subject=1 x smart jobs=1 ms=0
2026-08-28T10:50:06.051108Z  INFO fs3_daemon::runner: done kind="embed" id=662554 left=32505
2026-08-28T10:50:06.127255Z  INFO fs3_daemon::runner: done kind=summarize subject=docs/plans/072-sse-multiplexing/fixes/FX001-agent-sse-migration.md::Fix FX001: Migrate Agent Hooks to Multiplexed SSE ms=11 left=32505
2026-08-28T10:50:06.136210Z  INFO fs3_daemon::runner: batch kind="embed" subject=1 x smart jobs=1 ms=0
2026-08-28T10:50:06.144404Z  INFO fs3_daemon::runner: done kind="embed" id=662555 left=32504
2026-08-28T10:50:06.218867Z  INFO fs3_daemon::runner: done kind=summarize subject=docs/plans/072-sse-multiplexing/fixes/FX001-agent-sse-migration.log.md::Execution Log: Fix FX001 — Migrate Agent Hooks to Multiplexed SSE ms=14 left=32504
2026-08-28T10:50:06.227416Z  INFO fs3_daemon::runner: batch kind="embed" subject=1 x smart jobs=1 ms=0
2026-08-28T10:50:06.234167Z  INFO fs3_daemon::runner: done kind="embed" id=662556 left=32503
2026-08-28T10:50:06.309922Z  INFO fs3_daemon::runner: done kind=summarize subject=docs/plans/072-sse-multiplexing/fixes/FX001-agent-sse-migration.fltplan.md::Flight Plan: Fix FX001 — Migrate Agent Hooks to Multiplexed SSE::Architecture: Before & After ms=14 left=32503
2026-08-28T10:50:06.316059Z  INFO fs3_daemon::runner: batch kind="embed" subject=1 x smart jobs=1 ms=0
2026-08-28T10:50:06.322039Z  INFO fs3_daemon::runner: done kind="embed" id=662557 left=32502
2026-08-28T10:50:06.399585Z  INFO fs3_daemon::runner: done kind=summarize subject=docs/plans/072-sse-multiplexing/fixes/FX001-agent-sse-migration.fltplan.md::Flight Plan: Fix FX001 — Migrate Agent Hooks to Multiplexed SSE::Flight Status ms=11 left=32502
2026-08-28T10:50:06.412621Z  INFO fs3_daemon::runner: batch kind="embed" subject=1 x smart jobs=1 ms=3
2026-08-28T10:50:06.423987Z  INFO fs3_daemon::runner: done kind="embed" id=662558 left=32501
2026-08-28T10:50:06.526815Z  INFO fs3_daemon::runner: done kind=summarize subject=docs/plans/072-sse-multiplexing/fixes/FX001-agent-sse-migration.fltplan.md::Flight Plan: Fix FX001 — Migrate Agent Hooks to Multiplexed SSE ms=21 left=32501
2026-08-28T10:50:06.534769Z  INFO fs3_daemon::runner: batch kind="embed" subject=1 x smart jobs=1 ms=0
2026-08-28T10:50:06.563746Z  INFO fs3_daemon::runner: done kind="embed" id=662559 left=32500
2026-08-28T10:50:06.667417Z  INFO fs3_daemon::runner: done kind=summarize subject=docs/plans/071-pr-view/workshops/001-ui-design-github-inspired.md::Workshop: UI Design — PR View & File Notes (GitHub-Inspired)::Implementation Checklist ms=28 left=32500
2026-08-28T10:50:06.676744Z  INFO fs3_daemon::runner: batch kind="embed" subject=1 x smart jobs=1 ms=0
2026-08-28T10:50:06.697322Z  INFO fs3_daemon::runner: done kind="embed" id=662560 left=32499
2026-08-28T10:50:06.790827Z  INFO fs3_daemon::runner: done kind=summarize subject=docs/plans/071-pr-view/workshops/001-ui-design-github-inspired.md::Workshop: UI Design — PR View & File Notes (GitHub-Inspired)::Open Questions ms=19 left=32499
2026-08-28T10:50:06.798503Z  INFO fs3_daemon::runner: batch kind="embed" subject=1 x smart jobs=1 ms=0
2026-08-28T10:50:06.819943Z  INFO fs3_daemon::runner: done kind="embed" id=662561 left=32498
2026-08-28T10:50:06.940081Z  INFO fs3_daemon::runner: batch kind="embed" subject=1 x smart jobs=1 ms=0
2026-08-28T10:50:06.961107Z  INFO fs3_daemon::runner: done kind=summarize subject=docs/plans/071-pr-view/workshops/001-ui-design-github-inspired.md::Workshop: UI Design — PR View & File Notes (GitHub-Inspired)::10. Responsive Behavior ms=54 left=32498
2026-08-28T10:50:06.974383Z  INFO fs3_daemon::runner: done kind="embed" id=662562 left=32497
2026-08-28T10:50:07.085570Z  INFO fs3_daemon::runner: done kind=summarize subject=docs/plans/071-pr-view/workshops/001-ui-design-github-inspired.md::Workshop: UI Design — PR View & File Notes (GitHub-Inspired)::9. Keyboard Shortcuts ms=28 left=32497
2026-08-28T10:50:07.090550Z  INFO fs3_daemon::runner: batch kind="embed" subject=1 x smart jobs=1 ms=0
2026-08-28T10:50:07.101530Z  INFO fs3_daemon::runner: done kind="embed" id=662563 left=32496
2026-08-28T10:50:07.211425Z  INFO fs3_daemon::runner: batch kind="embed" subject=1 x smart jobs=1 ms=1
2026-08-28T10:50:07.228628Z  INFO fs3_daemon::runner: done kind=summarize subject=docs/plans/071-pr-view/workshops/001-ui-design-github-inspired.md::Workshop: UI Design — PR View & File Notes (GitHub-Inspired)::8. Visual Design Tokens::Spacing ms=47 left=32496
2026-08-28T10:50:07.243424Z  INFO fs3_daemon::runner: done kind="embed" id=662564 left=32495
2026-08-28T10:50:07.345855Z  INFO fs3_daemon::runner: done kind=summarize subject=docs/plans/071-pr-view/workshops/001-ui-design-github-inspired.md::Workshop: UI Design — PR View & File Notes (GitHub-Inspired)::8. Visual Design Tokens::Typography ms=26 left=32495
2026-08-28T10:50:07.354537Z  INFO fs3_daemon::runner: batch kind="embed" subject=1 x smart jobs=1 ms=0
2026-08-28T10:50:07.375702Z  INFO fs3_daemon::runner: done kind="embed" id=662565 left=32494
2026-08-28T10:50:07.481718Z  INFO fs3_daemon::runner: done kind=summarize subject=docs/plans/071-pr-view/workshops/001-ui-design-github-inspired.md::Workshop: UI Design — PR View & File Notes (GitHub-Inspired)::8. Visual Design Tokens::Colors (Consistent with Existing Codebase) ms=30 left=32494
2026-08-28T10:50:07.490936Z  INFO fs3_daemon::runner: batch kind="embed" subject=1 x smart jobs=1 ms=0
2026-08-28T10:50:07.513406Z  INFO fs3_daemon::runner: done kind="embed" id=662566 left=32493
2026-08-28T10:50:07.625342Z  INFO fs3_daemon::runner: done kind=summarize subject=docs/plans/071-pr-view/workshops/001-ui-design-github-inspired.md::Workshop: UI Design — PR View & File Notes (GitHub-Inspired)::8. Visual Design Tokens ms=32 left=32493
2026-08-28T10:50:07.632785Z  INFO fs3_daemon::runner: batch kind="embed" subject=1 x smart jobs=1 ms=0
2026-08-28T10:50:07.646129Z  INFO fs3_daemon::runner: done kind="embed" id=662567 left=32492
2026-08-28T10:50:07.753273Z  INFO fs3_daemon::runner: done kind=summarize subject=docs/plans/071-pr-view/workshops/001-ui-design-github-inspired.md::Workshop: UI Design — PR View & File Notes (GitHub-Inspired)::7. State Management::Note Indicator State ms=31 left=32492
2026-08-28T10:50:07.761856Z  INFO fs3_daemon::runner: batch kind="embed" subject=1 x smart jobs=1 ms=0
2026-08-28T10:50:07.787584Z  INFO fs3_daemon::runner: done kind="embed" id=662568 left=32491
2026-08-28T10:50:07.892033Z  INFO fs3_daemon::runner: done kind=summarize subject=docs/plans/071-pr-view/workshops/001-ui-design-github-inspired.md::Workshop: UI Design — PR View & File Notes (GitHub-Inspired)::7. State Management::File Notes State ms=26 left=32491
2026-08-28T10:50:07.900682Z  INFO fs3_daemon::runner: batch kind="embed" subject=1 x smart jobs=1 ms=0
2026-08-28T10:50:07.919623Z  INFO fs3_daemon::runner: done kind="embed" id=662569 left=32490
2026-08-28T10:50:08.022821Z  INFO fs3_daemon::runner: done kind=summarize subject=docs/plans/071-pr-view/workshops/001-ui-design-github-inspired.md::Workshop: UI Design — PR View & File Notes (GitHub-Inspired)::7. State Management::PR View State ms=28 left=32490
2026-08-28T10:50:08.031454Z  INFO fs3_daemon::runner: batch kind="embed" subject=1 x smart jobs=1 ms=0
2026-08-28T10:50:08.055903Z  INFO fs3_daemon::runner: done kind="embed" id=662570 left=32489
2026-08-28T10:50:08.135073Z  INFO fs3_daemon::runner: done kind=summarize subject=docs/plans/071-pr-view/workshops/001-ui-design-github-inspired.md::Workshop: UI Design — PR View & File Notes (GitHub-Inspired)::7. State Management ms=14 left=32489
2026-08-28T10:50:08.141352Z  INFO fs3_daemon::runner: batch kind="embed" subject=1 x smart jobs=1 ms=0
2026-08-28T10:50:08.150544Z  INFO fs3_daemon::runner: done kind="embed" id=662571 left=32488
2026-08-28T10:50:08.231397Z  INFO fs3_daemon::runner: done kind=summarize subject=docs/plans/071-pr-view/workshops/001-ui-design-github-inspired.md::Workshop: UI Design — PR View & File Notes (GitHub-Inspired)::6. Interaction Flows::Flow 5: CLI Note Interactions ms=13 left=32488
2026-08-28T10:50:08.237144Z  INFO fs3_daemon::runner: batch kind="embed" subject=1 x smart jobs=1 ms=0
2026-08-28T10:50:08.244851Z  INFO fs3_daemon::runner: done kind="embed" id=662572 left=32487
2026-08-28T10:50:08.327011Z  INFO fs3_daemon::runner: done kind=summarize subject=docs/plans/071-pr-view/workshops/001-ui-design-github-inspired.md::Workshop: UI Design — PR View & File Notes (GitHub-Inspired)::6. Interaction Flows::Flow 4: Bulk Delete Notes ms=13 left=32487
2026-08-28T10:50:08.337232Z  INFO fs3_daemon::runner: batch kind="embed" subject=1 x smart jobs=1 ms=0
2026-08-28T10:50:08.348120Z  INFO fs3_daemon::runner: done kind="embed" id=662573 left=32486
2026-08-28T10:50:08.429421Z  INFO fs3_daemon::runner: done kind=summarize subject=docs/plans/071-pr-view/workshops/001-ui-design-github-inspired.md::Workshop: UI Design — PR View & File Notes (GitHub-Inspired)::6. Interaction Flows::Flow 3: Review Notes from Overlay ms=14 left=32486
2026-08-28T10:50:08.437143Z  INFO fs3_daemon::runner: batch kind="embed" subject=1 x smart jobs=1 ms=0
2026-08-28T10:50:08.445689Z  INFO fs3_daemon::runner: done kind="embed" id=662574 left=32485
2026-08-28T10:50:08.530036Z  INFO fs3_daemon::runner: done kind=summarize subject=docs/plans/071-pr-view/workshops/001-ui-design-github-inspired.md::Workshop: UI Design — PR View & File Notes (GitHub-Inspired)::6. Interaction Flows::Flow 2: Add a Note to a File ms=12 left=32485
2026-08-28T10:50:08.543312Z  INFO fs3_daemon::runner: batch kind="embed" subject=1 x smart jobs=1 ms=2
2026-08-28T10:50:08.552960Z  INFO fs3_daemon::runner: done kind="embed" id=662575 left=32484
2026-08-28T10:50:08.627639Z  INFO fs3_daemon::runner: done kind=summarize subject=docs/plans/071-pr-view/workshops/001-ui-design-github-inspired.md::Workshop: UI Design — PR View & File Notes (GitHub-Inspired)::6. Interaction Flows::Flow 1: Open PR View and Review Files ms=8 left=32484
2026-08-28T10:50:08.643748Z  INFO fs3_daemon::runner: batch kind="embed" subject=1 x smart jobs=1 ms=0
2026-08-28T10:50:08.652395Z  INFO fs3_daemon::runner: done kind="embed" id=662576 left=32483
2026-08-28T10:50:08.734783Z  INFO fs3_daemon::runner: done kind=summarize subject=docs/plans/071-pr-view/workshops/001-ui-design-github-inspired.md::Workshop: UI Design — PR View & File Notes (GitHub-Inspired)::6. Interaction Flows ms=16 left=32483
2026-08-28T10:50:08.740297Z  INFO fs3_daemon::runner: batch kind="embed" subject=1 x smart jobs=1 ms=1
2026-08-28T10:50:08.747077Z  INFO fs3_daemon::runner: done kind="embed" id=662577 left=32482
2026-08-28T10:50:08.824939Z  INFO fs3_daemon::runner: done kind=summarize subject=docs/plans/071-pr-view/workshops/001-ui-design-github-inspired.md::Workshop: UI Design — PR View & File Notes (GitHub-Inspired)::5. Sidebar & ExplorerPanel Buttons::ExplorerPanel Additions ms=10 left=32482
2026-08-28T10:50:08.834784Z  INFO fs3_daemon::runner: batch kind="embed" subject=1 x smart jobs=1 ms=0
2026-08-28T10:50:08.841950Z  INFO fs3_daemon::runner: done kind="embed" id=662578 left=32481
2026-08-28T10:50:08.925498Z  INFO fs3_daemon::runner: done kind=summarize subject=docs/plans/071-pr-view/workshops/001-ui-design-github-inspired.md::Workshop: UI Design — PR View & File Notes (GitHub-Inspired)::5. Sidebar & ExplorerPanel Buttons::Sidebar Additions ms=13 left=32481
2026-08-28T10:50:08.975717Z  INFO fs3_daemon::runner: progress phase="working" scanned=61612 scan_left=33 summarized=125640 summarize_left=32447 embedded=204171 embed_left=1 failed=0
2026-08-28T10:50:08.997273Z  INFO fs3_daemon::runner: batch kind="embed" subject=2 x smart jobs=2 ms=0
2026-08-28T10:50:09.007981Z  INFO fs3_daemon::runner: done kind="embed" id=662580 left=32480
2026-08-28T10:50:09.075223Z  INFO fs3_daemon::runner: done kind="embed" id=662579 left=32479
2026-08-28T10:50:09.152889Z  INFO fs3_daemon::runner: done kind=summarize subject=docs/plans/071-pr-view/workshops/001-ui-design-github-inspired.md::Workshop: UI Design — PR View & File Notes (GitHub-Inspired)::5. Sidebar & ExplorerPanel Buttons ms=11 left=32479
2026-08-28T10:50:09.184414Z  INFO fs3_daemon::runner: done kind=summarize subject=docs/plans/071-pr-view/workshops/001-ui-design-github-inspired.md::Workshop: UI Design — PR View & File Notes (GitHub-Inspired)::4. File Notes — Detailed Component Specs::4.5 BulkDeleteDialog (Type-to-Confirm) ms=18 left=32479
2026-08-28T10:50:09.185379Z  INFO fs3_daemon::runner: batch kind="embed" subject=1 x smart jobs=1 ms=0
2026-08-28T10:50:09.195113Z  INFO fs3_daemon::runner: done kind="embed" id=662581 left=32478
2026-08-28T10:50:09.266449Z  INFO fs3_daemon::runner: done kind=summarize subject=docs/plans/071-pr-view/workshops/001-ui-design-github-inspired.md::Workshop: UI Design — PR View & File Notes (GitHub-Inspired)::4. File Notes — Detailed Component Specs::4.4 NoteCard ms=9 left=32478
2026-08-28T10:50:09.277543Z  INFO fs3_daemon::runner: batch kind="embed" subject=1 x smart jobs=1 ms=0
2026-08-28T10:50:09.284821Z  INFO fs3_daemon::runner: done kind="embed" id=662582 left=32477
2026-08-28T10:50:09.364036Z  INFO fs3_daemon::runner: done kind=summarize subject=docs/plans/071-pr-view/workshops/001-ui-design-github-inspired.md::Workshop: UI Design — PR View & File Notes (GitHub-Inspired)::4. File Notes — Detailed Component Specs::4.3 NotesOverlayPanel ms=14 left=32477
2026-08-28T10:50:09.368067Z  INFO fs3_daemon::runner: batch kind="embed" subject=1 x smart jobs=1 ms=0
2026-08-28T10:50:09.374659Z  INFO fs3_daemon::runner: done kind="embed" id=662583 left=32476
2026-08-28T10:50:09.457609Z  INFO fs3_daemon::runner: done kind=summarize subject=docs/plans/071-pr-view/workshops/001-ui-design-github-inspired.md::Workshop: UI Design — PR View & File Notes (GitHub-Inspired)::4. File Notes — Detailed Component Specs::4.2 NoteIndicatorDot (Tree Decoration) ms=14 left=32476
2026-08-28T10:50:09.462542Z  INFO fs3_daemon::runner: batch kind="embed" subject=1 x smart jobs=1 ms=0
2026-08-28T10:50:09.469233Z  INFO fs3_daemon::runner: done kind="embed" id=662584 left=32475
2026-08-28T10:50:09.552726Z  INFO fs3_daemon::runner: done kind=summarize subject=docs/plans/071-pr-view/workshops/001-ui-design-github-inspired.md::Workshop: UI Design — PR View & File Notes (GitHub-Inspired)::4. File Notes — Detailed Component Specs::4.1 NoteModal (Add/Edit Note) ms=14 left=32475
2026-08-28T10:50:09.560484Z  INFO fs3_daemon::runner: batch kind="embed" subject=1 x smart jobs=1 ms=0
2026-08-28T10:50:09.567836Z  INFO fs3_daemon::runner: done kind="embed" id=662585 left=32474
2026-08-28T10:50:09.644834Z  INFO fs3_daemon::runner: done kind=summarize subject=docs/plans/071-pr-view/workshops/001-ui-design-github-inspired.md::Workshop: UI Design — PR View & File Notes (GitHub-Inspired)::4. File Notes — Detailed Component Specs ms=9 left=32474
2026-08-28T10:50:09.655305Z  INFO fs3_daemon::runner: batch kind="embed" subject=1 x smart jobs=1 ms=1
2026-08-28T10:50:09.667135Z  INFO fs3_daemon::runner: done kind="embed" id=662586 left=32473
2026-08-28T10:50:09.738375Z  INFO fs3_daemon::runner: done kind=summarize subject=docs/plans/071-pr-view/workshops/001-ui-design-github-inspired.md::Workshop: UI Design — PR View & File Notes (GitHub-Inspired)::3. PR View — Detailed Component Specs::3.5 PRViewDiffArea (Scrollable Right Column) ms=13 left=32473
2026-08-28T10:50:09.745890Z  INFO fs3_daemon::runner: batch kind="embed" subject=1 x smart jobs=1 ms=0
2026-08-28T10:50:09.752954Z  INFO fs3_daemon::runner: done kind="embed" id=662587 left=32472
2026-08-28T10:50:09.836334Z  INFO fs3_daemon::runner: done kind=summarize subject=docs/plans/071-pr-view/workshops/001-ui-design-github-inspired.md::Workshop: UI Design — PR View & File Notes (GitHub-Inspired)::3. PR View — Detailed Component Specs::3.4 PRViewDiffSection (One Per File) ms=14 left=32472
2026-08-28T10:50:09.844537Z  INFO fs3_daemon::runner: batch kind="embed" subject=1 x smart jobs=1 ms=0
2026-08-28T10:50:09.851895Z  INFO fs3_daemon::runner: done kind="embed" id=662588 left=32471
2026-08-28T10:50:09.930692Z  INFO fs3_daemon::runner: done kind=summarize subject=docs/plans/071-pr-view/workshops/001-ui-design-github-inspired.md::Workshop: UI Design — PR View & File Notes (GitHub-Inspired)::3. PR View — Detailed Component Specs::3.3 PRViewFileList (Left Column) ms=8 left=32471
2026-08-28T10:50:09.942486Z  INFO fs3_daemon::runner: batch kind="embed" subject=1 x smart jobs=1 ms=0
2026-08-28T10:50:09.949269Z  INFO fs3_daemon::runner: done kind="embed" id=662589 left=32470
2026-08-28T10:50:10.029552Z  INFO fs3_daemon::runner: done kind=summarize subject=docs/plans/071-pr-view/workshops/001-ui-design-github-inspired.md::Workshop: UI Design — PR View & File Notes (GitHub-Inspired)::3. PR View — Detailed Component Specs::3.2 PRViewHeader ms=16 left=32470
2026-08-28T10:50:10.036836Z  INFO fs3_daemon::runner: batch kind="embed" subject=1 x smart jobs=1 ms=0
2026-08-28T10:50:10.045473Z  INFO fs3_daemon::runner: done kind="embed" id=662590 left=32469
2026-08-28T10:50:10.126433Z  INFO fs3_daemon::runner: done kind=summarize subject=docs/plans/071-pr-view/workshops/001-ui-design-github-inspired.md::Workshop: UI Design — PR View & File Notes (GitHub-Inspired)::3. PR View — Detailed Component Specs::3.1 PRViewOverlayPanel ms=17 left=32469
2026-08-28T10:50:10.130022Z  INFO fs3_daemon::runner: batch kind="embed" subject=1 x smart jobs=1 ms=1
2026-08-28T10:50:10.136485Z  INFO fs3_daemon::runner: done kind="embed" id=662591 left=32468
2026-08-28T10:50:10.222263Z  INFO fs3_daemon::runner: done kind=summarize subject=docs/plans/071-pr-view/workshops/001-ui-design-github-inspired.md::Workshop: UI Design — PR View & File Notes (GitHub-Inspired)::3. PR View — Detailed Component Specs ms=13 left=32468
2026-08-28T10:50:10.231460Z  INFO fs3_daemon::runner: batch kind="embed" subject=1 x smart jobs=1 ms=1
2026-08-28T10:50:10.239216Z  INFO fs3_daemon::runner: done kind="embed" id=662592 left=32467
2026-08-28T10:50:10.321453Z  INFO fs3_daemon::runner: done kind=summarize subject=docs/plans/071-pr-view/workshops/001-ui-design-github-inspired.md::Workshop: UI Design — PR View & File Notes (GitHub-Inspired)::2. Component Hierarchy::Integration Points (Where Notes Touch Other Domains) ms=14 left=32467
2026-08-28T10:50:10.327626Z  INFO fs3_daemon::runner: batch kind="embed" subject=1 x smart jobs=1 ms=0
2026-08-28T10:50:10.339303Z  INFO fs3_daemon::runner: done kind="embed" id=662593 left=32466
2026-08-28T10:50:10.421501Z  INFO fs3_daemon::runner: done kind=summarize subject=docs/plans/071-pr-view/workshops/001-ui-design-github-inspired.md::Workshop: UI Design — PR View & File Notes (GitHub-Inspired)::2. Component Hierarchy::File Notes Component Tree ms=15 left=32466
2026-08-28T10:50:10.430559Z  INFO fs3_daemon::runner: batch kind="embed" subject=1 x smart jobs=1 ms=0
2026-08-28T10:50:10.439357Z  INFO fs3_daemon::runner: done kind="embed" id=662594 left=32465
2026-08-28T10:50:10.515151Z  INFO fs3_daemon::runner: done kind=summarize subject=docs/plans/071-pr-view/workshops/001-ui-design-github-inspired.md::Workshop: UI Design — PR View & File Notes (GitHub-Inspired)::2. Component Hierarchy::PR View Component Tree ms=9 left=32465
2026-08-28T10:50:10.533428Z  INFO fs3_daemon::runner: batch kind="embed" subject=1 x smart jobs=1 ms=0
2026-08-28T10:50:10.540102Z  INFO fs3_daemon::runner: done kind="embed" id=662595 left=32464
2026-08-28T10:50:10.609780Z  INFO fs3_daemon::runner: done kind=summarize subject=docs/plans/071-pr-view/workshops/001-ui-design-github-inspired.md::Workshop: UI Design — PR View & File Notes (GitHub-Inspired)::2. Component Hierarchy ms=8 left=32464
2026-08-28T10:50:10.622732Z  INFO fs3_daemon::runner: batch kind="embed" subject=1 x smart jobs=1 ms=0
2026-08-28T10:50:10.628958Z  INFO fs3_daemon::runner: done kind="embed" id=662596 left=32463
2026-08-28T10:50:10.712320Z  INFO fs3_daemon::runner: done kind=summarize subject=docs/plans/071-pr-view/workshops/001-ui-design-github-inspired.md::Workshop: UI Design — PR View & File Notes (GitHub-Inspired)::1. Layout Overview::Notes Overlay — Layout ms=9 left=32463
2026-08-28T10:50:10.720926Z  INFO fs3_daemon::runner: batch kind="embed" subject=1 x smart jobs=1 ms=0
2026-08-28T10:50:10.727130Z  INFO fs3_daemon::runner: done kind="embed" id=662597 left=32462
2026-08-28T10:50:10.803049Z  INFO fs3_daemon::runner: done kind=summarize subject=docs/plans/071-pr-view/workshops/001-ui-design-github-inspired.md::Workshop: UI Design — PR View & File Notes (GitHub-Inspired)::1. Layout Overview::PR View Overlay — Internal Layout ms=10 left=32462
2026-08-28T10:50:10.811941Z  INFO fs3_daemon::runner: batch kind="embed" subject=1 x smart jobs=1 ms=0
2026-08-28T10:50:10.821716Z  INFO fs3_daemon::runner: done kind="embed" id=662598 left=32461
2026-08-28T10:50:10.904826Z  INFO fs3_daemon::runner: done kind=summarize subject=docs/plans/071-pr-view/workshops/001-ui-design-github-inspired.md::Workshop: UI Design — PR View & File Notes (GitHub-Inspired)::1. Layout Overview::The Overlay System ms=9 left=32461
2026-08-28T10:50:10.916358Z  INFO fs3_daemon::runner: batch kind="embed" subject=1 x smart jobs=1 ms=0
2026-08-28T10:50:10.923481Z  INFO fs3_daemon::runner: done kind="embed" id=662599 left=32460
2026-08-28T10:50:11.005808Z  INFO fs3_daemon::runner: done kind=summarize subject=docs/plans/071-pr-view/workshops/001-ui-design-github-inspired.md::Workshop: UI Design — PR View & File Notes (GitHub-Inspired)::1. Layout Overview ms=14 left=32460
2026-08-28T10:50:11.017429Z  INFO fs3_daemon::runner: batch kind="embed" subject=1 x smart jobs=1 ms=1
2026-08-28T10:50:11.028733Z  INFO fs3_daemon::runner: done kind="embed" id=662600 left=32459
2026-08-28T10:50:11.141659Z  INFO fs3_daemon::runner: done kind=summarize subject=docs/plans/071-pr-view/workshops/001-ui-design-github-inspired.md::Workshop: UI Design — PR View & File Notes (GitHub-Inspired)::Key Questions Addressed ms=37 left=32459
2026-08-28T10:50:11.148398Z  INFO fs3_daemon::runner: batch kind="embed" subject=1 x smart jobs=1 ms=0
2026-08-28T10:50:11.165547Z  INFO fs3_daemon::runner: done kind="embed" id=662601 left=32458
2026-08-28T10:50:11.271671Z  INFO fs3_daemon::runner: batch kind="embed" subject=1 x smart jobs=1 ms=0
2026-08-28T10:50:11.287355Z  INFO fs3_daemon::runner: done kind=summarize subject=docs/plans/071-pr-view/workshops/001-ui-design-github-inspired.md::Workshop: UI Design — PR View & File Notes (GitHub-Inspired) ms=43 left=32458
2026-08-28T10:50:11.302659Z  INFO fs3_daemon::runner: done kind="embed" id=662602 left=32457
2026-08-28T10:50:11.409542Z  INFO fs3_daemon::runner: done kind=summarize subject=docs/plans/071-pr-view/tasks/phase-8-documentation-polish/tasks.md::Phase 8: Documentation + Polish — Tasks Dossier::Directory Layout ms=27 left=32457
2026-08-28T10:50:11.418585Z  INFO fs3_daemon::runner: batch kind="embed" subject=1 x smart jobs=1 ms=0
2026-08-28T10:50:11.440392Z  INFO fs3_daemon::runner: done kind="embed" id=662603 left=32456
2026-08-28T10:50:11.537982Z  INFO fs3_daemon::runner: batch kind="embed" subject=1 x smart jobs=1 ms=0
2026-08-28T10:50:11.552967Z  INFO fs3_daemon::runner: done kind=summarize subject=docs/plans/071-pr-view/tasks/phase-8-documentation-polish/tasks.md::Phase 8: Documentation + Polish — Tasks Dossier::Context Brief::Mermaid flow diagram (documentation coverage) ms=38 left=32456
2026-08-28T10:50:11.563669Z  INFO fs3_daemon::runner: done kind="embed" id=662604 left=32455
2026-08-28T10:50:11.662897Z  INFO fs3_daemon::runner: done kind=summarize subject=docs/plans/071-pr-view/tasks/phase-8-documentation-polish/tasks.md::Phase 8: Documentation + Polish — Tasks Dossier::Context Brief ms=28 left=32455
2026-08-28T10:50:11.672494Z  INFO fs3_daemon::runner: batch kind="embed" subject=1 x smart jobs=1 ms=1
2026-08-28T10:50:11.685938Z  INFO fs3_daemon::runner: done kind="embed" id=662605 left=32454
2026-08-28T10:50:11.796797Z  INFO fs3_daemon::runner: done kind=summarize subject=docs/plans/071-pr-view/tasks/phase-8-documentation-polish/tasks.md::Phase 8: Documentation + Polish — Tasks Dossier::Tasks ms=29 left=32454
2026-08-28T10:50:11.804785Z  INFO fs3_daemon::runner: batch kind="embed" subject=1 x smart jobs=1 ms=0
2026-08-28T10:50:11.823784Z  INFO fs3_daemon::runner: done kind="embed" id=662606 left=32453
2026-08-28T10:50:11.917101Z  INFO fs3_daemon::runner: done kind=summarize subject=docs/plans/071-pr-view/tasks/phase-8-documentation-polish/tasks.md::Phase 8: Documentation + Polish — Tasks Dossier::Architecture Map ms=28 left=32453
2026-08-28T10:50:11.925556Z  INFO fs3_daemon::runner: batch kind="embed" subject=1 x smart jobs=1 ms=0
2026-08-28T10:50:11.947823Z  INFO fs3_daemon::runner: done kind="embed" id=662607 left=32452
2026-08-28T10:50:12.056613Z  INFO fs3_daemon::runner: done kind=summarize subject=docs/plans/071-pr-view/tasks/phase-8-documentation-polish/tasks.md::Phase 8: Documentation + Polish — Tasks Dossier::Pre-Implementation Check ms=29 left=32452
2026-08-28T10:50:12.065610Z  INFO fs3_daemon::runner: batch kind="embed" subject=1 x smart jobs=1 ms=0
2026-08-28T10:50:12.088801Z  INFO fs3_daemon::runner: done kind="embed" id=662608 left=32451
2026-08-28T10:50:12.183759Z  INFO fs3_daemon::runner: done kind=summarize subject=docs/plans/071-pr-view/tasks/phase-8-documentation-polish/tasks.md::Phase 8: Documentation + Polish — Tasks Dossier::Prior Phase Context (Summary) ms=26 left=32451
2026-08-28T10:50:12.193407Z  INFO fs3_daemon::runner: batch kind="embed" subject=1 x smart jobs=1 ms=1
2026-08-28T10:50:12.213439Z  INFO fs3_daemon::runner: done kind="embed" id=662609 left=32450
2026-08-28T10:50:12.323184Z  INFO fs3_daemon::runner: batch kind="embed" subject=1 x smart jobs=1 ms=1
2026-08-28T10:50:12.340714Z  INFO fs3_daemon::runner: done kind=summarize subject=docs/plans/071-pr-view/tasks/phase-8-documentation-polish/tasks.md::Phase 8: Documentation + Polish — Tasks Dossier ms=51 left=32450
2026-08-28T10:50:12.354081Z  INFO fs3_daemon::runner: done kind="embed" id=662610 left=32449
2026-08-28T10:50:12.454526Z  INFO fs3_daemon::runner: done kind=summarize subject=docs/plans/071-pr-view/tasks/phase-8-documentation-polish/tasks.fltplan.md::Flight Plan: Phase 8 — Documentation + Polish::Goals & Non-Goals ms=26 left=32449
2026-08-28T10:50:12.460266Z  INFO fs3_daemon::runner: batch kind="embed" subject=1 x smart jobs=1 ms=0
2026-08-28T10:50:12.478153Z  INFO fs3_daemon::runner: done kind="embed" id=662611 left=32448
2026-08-28T10:50:12.579216Z  INFO fs3_daemon::runner: done kind=summarize subject=docs/plans/071-pr-view/tasks/phase-8-documentation-polish/tasks.fltplan.md::Flight Plan: Phase 8 — Documentation + Polish::Architecture: Before & After ms=30 left=32448
2026-08-28T10:50:12.588481Z  INFO fs3_daemon::runner: batch kind="embed" subject=1 x smart jobs=1 ms=2
2026-08-28T10:50:12.605381Z  INFO fs3_daemon::runner: done kind="embed" id=662612 left=32447
2026-08-28T10:50:12.679251Z  INFO fs3_daemon::runner: done kind=summarize subject=docs/plans/071-pr-view/tasks/phase-8-documentation-polish/tasks.fltplan.md::Flight Plan: Phase 8 — Documentation + Polish::Stages ms=9 left=32447
2026-08-28T10:50:12.691664Z  INFO fs3_daemon::runner: batch kind="embed" subject=1 x smart jobs=1 ms=0
2026-08-28T10:50:12.703124Z  INFO fs3_daemon::runner: done kind="embed" id=662613 left=32446
2026-08-28T10:50:12.798089Z  INFO fs3_daemon::runner: done kind=summarize subject=docs/plans/071-pr-view/tasks/phase-8-documentation-polish/tasks.fltplan.md::Flight Plan: Phase 8 — Documentation + Polish::Flight Status ms=17 left=32446
2026-08-28T10:50:12.802820Z  INFO fs3_daemon::runner: batch kind="embed" subject=1 x smart jobs=1 ms=0
2026-08-28T10:50:12.814575Z  INFO fs3_daemon::runner: done kind="embed" id=662614 left=32445
2026-08-28T10:50:12.896542Z  INFO fs3_daemon::runner: done kind=summarize subject=docs/plans/071-pr-view/tasks/phase-8-documentation-polish/tasks.fltplan.md::Flight Plan: Phase 8 — Documentation + Polish::Domain Context ms=15 left=32445
2026-08-28T10:50:12.907404Z  INFO fs3_daemon::runner: batch kind="embed" subject=1 x smart jobs=1 ms=0
2026-08-28T10:50:12.914280Z  INFO fs3_daemon::runner: done kind="embed" id=662615 left=32444
2026-08-28T10:50:12.992069Z  INFO fs3_daemon::runner: done kind=summarize subject=docs/plans/071-pr-view/tasks/phase-8-documentation-polish/tasks.fltplan.md::Flight Plan: Phase 8 — Documentation + Polish ms=12 left=32444
2026-08-28T10:50:13.000441Z  INFO fs3_daemon::runner: batch kind="embed" subject=1 x smart jobs=1 ms=1
2026-08-28T10:50:13.007766Z  INFO fs3_daemon::runner: done kind="embed" id=662616 left=32443
2026-08-28T10:50:13.079080Z  INFO fs3_daemon::runner: done kind=summarize subject=docs/plans/071-pr-view/tasks/phase-8-documentation-polish/reviews/review.phase-8-documentation-polish.md::Code Review: Phase 8: Documentation + Polish::H) Handover Brief::Files Reviewed ms=7 left=32443
2026-08-28T10:50:13.093495Z  INFO fs3_daemon::runner: batch kind="embed" subject=1 x smart jobs=1 ms=0
2026-08-28T10:50:13.102897Z  INFO fs3_daemon::runner: done kind="embed" id=662617 left=32442
2026-08-28T10:50:13.181829Z  INFO fs3_daemon::runner: done kind=summarize subject=docs/plans/071-pr-view/tasks/phase-7-cross-domain-integration/tasks.md::Phase 7: Cross-Domain Integration — Tasks Dossier::Directory Layout ms=10 left=32442
2026-08-28T10:50:13.193439Z  INFO fs3_daemon::runner: batch kind="embed" subject=1 x smart jobs=1 ms=1
2026-08-28T10:50:13.201888Z  INFO fs3_daemon::runner: done kind="embed" id=662618 left=32441
2026-08-28T10:50:13.289493Z  INFO fs3_daemon::runner: done kind=summarize subject=docs/plans/071-pr-view/tasks/phase-8-documentation-polish/reviews/review.phase-8-documentation-polish.md::Code Review: Phase 8: Documentation + Polish::H) Handover Brief ms=13 left=32441
2026-08-28T10:50:13.307803Z  INFO fs3_daemon::runner: batch kind="embed" subject=1 x smart jobs=1 ms=0
2026-08-28T10:50:13.324383Z  INFO fs3_daemon::runner: done kind="embed" id=662619 left=32440
2026-08-28T10:50:13.414412Z  INFO fs3_daemon::runner: done kind=summarize subject=docs/plans/071-pr-view/tasks/phase-7-cross-domain-integration/tasks.md::Phase 7: Cross-Domain Integration — Tasks Dossier::DYK Decisions (Pre-Implementation) ms=17 left=32440
2026-08-28T10:50:13.422656Z  INFO fs3_daemon::runner: batch kind="embed" subject=1 x smart jobs=1 ms=0
2026-08-28T10:50:13.430569Z  INFO fs3_daemon::watch: re-listed a changed directory directory=/Users/jordanknight/substrate/flowspace/fs3-ddocs-u2/crates/daemon/src events=2 enqueued=1 settled=Quiet
2026-08-28T10:50:13.432581Z  INFO fs3_daemon::runner: done kind="embed" id=662620 left=32439
2026-08-28T10:50:13.512613Z  INFO fs3_daemon::runner: done kind=summarize subject=docs/plans/071-pr-view/tasks/phase-8-documentation-polish/reviews/review.phase-8-documentation-polish.md::Code Review: Phase 8: Documentation + Polish::F) Coverage Map ms=9 left=32439
2026-08-28T10:50:13.527009Z  INFO fs3_daemon::runner: batch kind="embed" subject=1 x smart jobs=1 ms=0
2026-08-28T10:50:13.538077Z  INFO fs3_daemon::runner: done kind="embed" id=662622 left=32438
2026-08-28T10:50:13.631011Z  INFO fs3_daemon::runner: done kind=summarize subject=docs/plans/071-pr-view/tasks/phase-7-cross-domain-integration/tasks.md::Phase 7: Cross-Domain Integration — Tasks Dossier::Context Brief::Mermaid sequence diagram (Add Note from tree context menu) ms=22 left=32438
2026-08-28T10:50:13.633223Z  INFO fs3_daemon::runner: batch kind="embed" subject=1 x smart jobs=1 ms=0
2026-08-28T10:50:13.638943Z  INFO fs3_daemon::runner: done kind="embed" id=662623 left=32437
2026-08-28T10:50:13.711477Z  INFO fs3_daemon::runner: done kind=summarize subject=docs/plans/071-pr-view/tasks/phase-8-documentation-polish/reviews/review.phase-8-documentation-polish.md::Code Review: Phase 8: Documentation + Polish::E) Detailed Findings::E.4) Testing & Evidence ms=9 left=32437
2026-08-28T10:50:13.723511Z  INFO fs3_daemon::runner: batch kind="embed" subject=1 x smart jobs=1 ms=0
2026-08-28T10:50:13.731508Z  INFO fs3_daemon::runner: done kind="embed" id=662624 left=32436
2026-08-28T10:50:13.815698Z  INFO fs3_daemon::runner: done kind=summarize subject=docs/plans/071-pr-view/tasks/phase-7-cross-domain-integration/tasks.md::Phase 7: Cross-Domain Integration — Tasks Dossier::Context Brief::Mermaid flow diagram (data flow for note indicators) ms=11 left=32436
2026-08-28T10:50:13.831510Z  INFO fs3_daemon::runner: batch kind="embed" subject=1 x smart jobs=1 ms=1
2026-08-28T10:50:13.843938Z  INFO fs3_daemon::runner: done kind="embed" id=662625 left=32435
2026-08-28T10:50:13.919021Z  INFO fs3_daemon::runner: done kind=summarize subject=docs/plans/071-pr-view/tasks/phase-8-documentation-polish/reviews/review.phase-8-documentation-polish.md::Code Review: Phase 8: Documentation + Polish::E) Detailed Findings::E.2) Domain Compliance ms=10 left=32435
2026-08-28T10:50:13.931363Z  INFO fs3_daemon::runner: batch kind="embed" subject=1 x smart jobs=1 ms=0
2026-08-28T10:50:13.943987Z  INFO fs3_daemon::runner: done kind="embed" id=662626 left=32434
2026-08-28T10:50:14.027471Z  INFO fs3_daemon::runner: done kind=summarize subject=docs/plans/071-pr-view/tasks/phase-7-cross-domain-integration/tasks.md::Phase 7: Cross-Domain Integration — Tasks Dossier::Context Brief::Reusable from prior phases ms=12 left=32434
2026-08-28T10:50:14.078624Z  INFO fs3_daemon::runner: progress phase="working" scanned=61612 scan_left=33 summarized=125687 summarize_left=32400 embedded=204218 embed_left=1 failed=0
2026-08-28T10:50:14.097989Z  INFO fs3_daemon::runner: batch kind="embed" subject=2 x smart jobs=2 ms=0
2026-08-28T10:50:14.104618Z  INFO fs3_daemon::runner: done kind="embed" id=662627 left=32433
2026-08-28T10:50:14.176982Z  INFO fs3_daemon::runner: done kind="embed" id=662628 left=32432
2026-08-28T10:50:14.259238Z  INFO fs3_daemon::runner: done kind=summarize subject=docs/plans/071-pr-view/tasks/phase-8-documentation-polish/reviews/review.phase-8-documentation-polish.md::Code Review: Phase 8: Documentation + Polish::E) Detailed Findings ms=17 left=32432
2026-08-28T10:50:14.279481Z  INFO fs3_daemon::runner: done kind=summarize subject=docs/plans/071-pr-view/tasks/phase-8-documentation-polish/reviews/review.phase-8-documentation-polish.md::Code Review: Phase 8: Documentation + Polish::C) Checklist ms=16 left=32432
2026-08-28T10:50:14.292816Z  INFO fs3_daemon::runner: batch kind="embed" subject=1 x smart jobs=1 ms=0
2026-08-28T10:50:14.302077Z  INFO fs3_daemon::runner: done kind="embed" id=662629 left=32431
2026-08-28T10:50:14.381682Z  INFO fs3_daemon::runner: done kind=summarize subject=docs/plans/071-pr-view/tasks/phase-7-cross-domain-integration/tasks.md::Phase 7: Cross-Domain Integration — Tasks Dossier::Context Brief::Domain dependencies (concepts and contracts this phase consumes) ms=9 left=32431
2026-08-28T10:50:14.393916Z  INFO fs3_daemon::runner: batch kind="embed" subject=1 x smart jobs=1 ms=0
2026-08-28T10:50:14.402275Z  INFO fs3_daemon::runner: done kind="embed" id=662630 left=32430
2026-08-28T10:50:14.480695Z  INFO fs3_daemon::runner: done kind=summarize subject=docs/plans/071-pr-view/tasks/phase-8-documentation-polish/reviews/review.phase-8-documentation-polish.md::Code Review: Phase 8: Documentation + Polish ms=9 left=32430
2026-08-28T10:50:14.493303Z  INFO fs3_daemon::runner: batch kind="embed" subject=1 x smart jobs=1 ms=2
2026-08-28T10:50:14.504792Z  INFO fs3_daemon::runner: done kind="embed" id=662631 left=32429
2026-08-28T10:50:14.591562Z  INFO fs3_daemon::runner: done kind=summarize subject=docs/plans/071-pr-view/tasks/phase-7-cross-domain-integration/tasks.md::Phase 7: Cross-Domain Integration — Tasks Dossier::Context Brief ms=13 left=32429
2026-08-28T10:50:14.605021Z  INFO fs3_daemon::runner: batch kind="embed" subject=1 x smart jobs=1 ms=0
2026-08-28T10:50:14.612410Z  INFO fs3_daemon::runner: done kind="embed" id=662632 left=32428
2026-08-28T10:50:14.698624Z  INFO fs3_daemon::runner: done kind=summarize subject=docs/plans/071-pr-view/tasks/phase-7-cross-domain-integration/tasks.md::Phase 7: Cross-Domain Integration — Tasks Dossier::Tasks ms=17 left=32428
2026-08-28T10:50:14.706283Z  INFO fs3_daemon::runner: batch kind="embed" subject=1 x smart jobs=1 ms=0
2026-08-28T10:50:14.712385Z  INFO fs3_daemon::runner: done kind="embed" id=662633 left=32427
2026-08-28T10:50:14.798450Z  INFO fs3_daemon::runner: done kind=summarize subject=docs/plans/071-pr-view/tasks/phase-7-cross-domain-integration/tasks.md::Phase 7: Cross-Domain Integration — Tasks Dossier::Architecture Map ms=15 left=32427
2026-08-28T10:50:14.803888Z  INFO fs3_daemon::runner: batch kind="embed" subject=1 x smart jobs=1 ms=0
2026-08-28T10:50:14.817575Z  INFO fs3_daemon::runner: done kind="embed" id=662634 left=32426
2026-08-28T10:50:14.901157Z  INFO fs3_daemon::runner: done kind=summarize subject=docs/plans/071-pr-view/tasks/phase-7-cross-domain-integration/tasks.md::Phase 7: Cross-Domain Integration — Tasks Dossier::Pre-Implementation Check ms=16 left=32426
2026-08-28T10:50:14.904903Z  INFO fs3_daemon::runner: batch kind="embed" subject=1 x smart jobs=1 ms=0
2026-08-28T10:50:14.912202Z  INFO fs3_daemon::runner: done kind="embed" id=662635 left=32425
2026-08-28T10:50:14.985789Z  INFO fs3_daemon::runner: done kind=summarize subject=docs/plans/071-pr-view/tasks/phase-7-cross-domain-integration/tasks.md::Phase 7: Cross-Domain Integration — Tasks Dossier::Prior Phase Context::Phase 6 (PR View Live Updates) ms=10 left=32425
2026-08-28T10:50:15.002208Z  INFO fs3_daemon::runner: batch kind="embed" subject=1 x smart jobs=1 ms=0
2026-08-28T10:50:15.009571Z  INFO fs3_daemon::runner: done kind="embed" id=662636 left=32424
2026-08-28T10:50:15.085378Z  INFO fs3_daemon::runner: done kind=summarize subject=docs/plans/071-pr-view/tasks/phase-7-cross-domain-integration/tasks.md::Phase 7: Cross-Domain Integration — Tasks Dossier::Prior Phase Context::Phase 5 (PR View Overlay) ms=8 left=32424
2026-08-28T10:50:15.099394Z  INFO fs3_daemon::runner: batch kind="embed" subject=1 x smart jobs=1 ms=0
2026-08-28T10:50:15.106780Z  INFO fs3_daemon::runner: done kind="embed" id=662637 left=32423
2026-08-28T10:50:15.184288Z  INFO fs3_daemon::runner: done kind=summarize subject=docs/plans/071-pr-view/tasks/phase-7-cross-domain-integration/tasks.md::Phase 7: Cross-Domain Integration — Tasks Dossier::Prior Phase Context::Phase 2 (File Notes Web UI) ms=11 left=32423
2026-08-28T10:50:15.194232Z  INFO fs3_daemon::runner: batch kind="embed" subject=1 x smart jobs=1 ms=0
2026-08-28T10:50:15.201025Z  INFO fs3_daemon::runner: done kind="embed" id=662638 left=32422
2026-08-28T10:50:15.285115Z  INFO fs3_daemon::runner: done kind=summarize subject=docs/plans/071-pr-view/tasks/phase-7-cross-domain-integration/tasks.md::Phase 7: Cross-Domain Integration — Tasks Dossier::Prior Phase Context::Phase 1 (File Notes Data Layer) ms=16 left=32422
2026-08-28T10:50:15.293452Z  INFO fs3_daemon::runner: batch kind="embed" subject=1 x smart jobs=1 ms=0
2026-08-28T10:50:15.302910Z  INFO fs3_daemon::runner: done kind="embed" id=662639 left=32421
2026-08-28T10:50:15.387155Z  INFO fs3_daemon::runner: done kind=summarize subject=docs/plans/071-pr-view/tasks/phase-7-cross-domain-integration/tasks.fltplan.md::Flight Plan: Phase 7 — Cross-Domain Integration::Goals & Non-Goals ms=16 left=32421
2026-08-28T10:50:15.395118Z  INFO fs3_daemon::runner: batch kind="embed" subject=1 x smart jobs=1 ms=1
2026-08-28T10:50:15.406570Z  INFO fs3_daemon::runner: done kind="embed" id=662640 left=32420
2026-08-28T10:50:15.488766Z  INFO fs3_daemon::runner: done kind=summarize subject=docs/plans/071-pr-view/tasks/phase-7-cross-domain-integration/tasks.md::Phase 7: Cross-Domain Integration — Tasks Dossier::Prior Phase Context ms=16 left=32420
2026-08-28T10:50:15.492922Z  INFO fs3_daemon::runner: batch kind="embed" subject=1 x smart jobs=1 ms=0
2026-08-28T10:50:15.502076Z  INFO fs3_daemon::runner: done kind="embed" id=662641 left=32419
2026-08-28T10:50:15.598112Z  INFO fs3_daemon::runner: done kind=summarize subject=docs/plans/071-pr-view/tasks/phase-7-cross-domain-integration/tasks.fltplan.md::Flight Plan: Phase 7 — Cross-Domain Integration::Architecture: Before & After ms=25 left=32419
2026-08-28T10:50:15.610282Z  INFO fs3_daemon::runner: batch kind="embed" subject=1 x smart jobs=1 ms=3
2026-08-28T10:50:15.629511Z  INFO fs3_daemon::runner: done kind="embed" id=662642 left=32418
2026-08-28T10:50:15.745993Z  INFO fs3_daemon::runner: done kind=summarize subject=docs/plans/071-pr-view/tasks/phase-7-cross-domain-integration/tasks.md::Phase 7: Cross-Domain Integration — Tasks Dossier ms=28 left=32418
2026-08-28T10:50:15.757721Z  INFO fs3_daemon::runner: batch kind="embed" subject=1 x smart jobs=1 ms=0
2026-08-28T10:50:15.777874Z  INFO fs3_daemon::runner: done kind="embed" id=662643 left=32417
2026-08-28T10:50:15.889177Z  INFO fs3_daemon::runner: batch kind="embed" subject=1 x smart jobs=1 ms=0
2026-08-28T10:50:15.905244Z  INFO fs3_daemon::runner: done kind=summarize subject=docs/plans/071-pr-view/tasks/phase-7-cross-domain-integration/tasks.fltplan.md::Flight Plan: Phase 7 — Cross-Domain Integration::Stages ms=46 left=32417
2026-08-28T10:50:15.921017Z  INFO fs3_daemon::runner: done kind="embed" id=662644 left=32416
2026-08-28T10:50:16.027787Z  INFO fs3_daemon::runner: done kind=summarize subject=docs/plans/071-pr-view/tasks/phase-7-cross-domain-integration/tasks.fltplan.md::Flight Plan: Phase 7 — Cross-Domain Integration::Flight Status ms=35 left=32416
2026-08-28T10:50:16.035021Z  INFO fs3_daemon::runner: batch kind="embed" subject=1 x smart jobs=1 ms=0
2026-08-28T10:50:16.055979Z  INFO fs3_daemon::runner: done kind="embed" id=662645 left=32415
2026-08-28T10:50:16.151706Z  INFO fs3_daemon::runner: done kind=summarize subject=docs/plans/071-pr-view/tasks/phase-7-cross-domain-integration/reviews/review.phase-7-cross-domain-integration.md::Code Review: Phase 7: Cross-Domain Integration::H) Handover Brief::Required Fixes (if REQUEST_CHANGES) ms=31 left=32415
2026-08-28T10:50:16.154910Z  INFO fs3_daemon::runner: batch kind="embed" subject=1 x smart jobs=1 ms=0
2026-08-28T10:50:16.172107Z  INFO fs3_daemon::runner: done kind="embed" id=662646 left=32414
2026-08-28T10:50:16.273440Z  INFO fs3_daemon::runner: done kind=summarize subject=docs/plans/071-pr-view/tasks/phase-7-cross-domain-integration/tasks.fltplan.md::Flight Plan: Phase 7 — Cross-Domain Integration::Domain Context::Domains We Depend On (no changes) ms=27 left=32414
2026-08-28T10:50:16.277201Z  INFO fs3_daemon::runner: batch kind="embed" subject=1 x smart jobs=1 ms=0
2026-08-28T10:50:16.297554Z  INFO fs3_daemon::runner: done kind="embed" id=662647 left=32413
2026-08-28T10:50:16.401645Z  INFO fs3_daemon::runner: done kind=summarize subject=docs/plans/071-pr-view/tasks/phase-7-cross-domain-integration/reviews/review.phase-7-cross-domain-integration.md::Code Review: Phase 7: Cross-Domain Integration::H) Handover Brief::Files Reviewed ms=30 left=32413
2026-08-28T10:50:16.403234Z  INFO fs3_daemon::runner: batch kind="embed" subject=1 x smart jobs=1 ms=1
2026-08-28T10:50:16.424707Z  INFO fs3_daemon::runner: done kind="embed" id=662648 left=32412
2026-08-28T10:50:16.525859Z  INFO fs3_daemon::runner: done kind=summarize subject=docs/plans/071-pr-view/tasks/phase-7-cross-domain-integration/tasks.fltplan.md::Flight Plan: Phase 7 — Cross-Domain Integration::Domain Context ms=29 left=32412
2026-08-28T10:50:16.535440Z  INFO fs3_daemon::runner: batch kind="embed" subject=1 x smart jobs=1 ms=0
2026-08-28T10:50:16.554435Z  INFO fs3_daemon::runner: done kind="embed" id=662649 left=32411
2026-08-28T10:50:16.657781Z  INFO fs3_daemon::runner: done kind=summarize subject=docs/plans/071-pr-view/tasks/phase-7-cross-domain-integration/tasks.fltplan.md::Flight Plan: Phase 7 — Cross-Domain Integration ms=28 left=32411
2026-08-28T10:50:16.666456Z  INFO fs3_daemon::runner: batch kind="embed" subject=1 x smart jobs=1 ms=1
2026-08-28T10:50:16.687630Z  INFO fs3_daemon::runner: done kind="embed" id=662650 left=32410
2026-08-28T10:50:16.794235Z  INFO fs3_daemon::runner: done kind=summarize subject=docs/plans/071-pr-view/tasks/phase-7-cross-domain-integration/reviews/review.phase-7-cross-domain-integration.md::Code Review: Phase 7: Cross-Domain Integration::H) Handover Brief ms=26 left=32410
2026-08-28T10:50:16.802312Z  INFO fs3_daemon::runner: batch kind="embed" subject=1 x smart jobs=1 ms=0
2026-08-28T10:50:16.817877Z  INFO fs3_daemon::runner: done kind="embed" id=662651 left=32409
2026-08-28T10:50:16.928973Z  INFO fs3_daemon::runner: done kind=summarize subject=docs/plans/071-pr-view/tasks/phase-7-cross-domain-integration/reviews/review.phase-7-cross-domain-integration.md::Code Review: Phase 7: Cross-Domain Integration::G) Commands Executed ms=29 left=32409
2026-08-28T10:50:16.939518Z  INFO fs3_daemon::runner: batch kind="embed" subject=1 x smart jobs=1 ms=1
2026-08-28T10:50:16.971083Z  INFO fs3_daemon::runner: done kind="embed" id=662652 left=32408
2026-08-28T10:50:17.077337Z  INFO fs3_daemon::runner: done kind=summarize subject=docs/plans/071-pr-view/tasks/phase-7-cross-domain-integration/reviews/review.phase-7-cross-domain-integration.md::Code Review: Phase 7: Cross-Domain Integration::F) Coverage Map ms=29 left=32408
2026-08-28T10:50:17.082462Z  INFO fs3_daemon::runner: batch kind="embed" subject=1 x smart jobs=1 ms=1
2026-08-28T10:50:17.106504Z  INFO fs3_daemon::runner: done kind="embed" id=662653 left=32407
2026-08-28T10:50:17.191149Z  INFO fs3_daemon::runner: done kind=summarize subject=docs/plans/071-pr-view/tasks/phase-7-cross-domain-integration/reviews/review.phase-7-cross-domain-integration.md::Code Review: Phase 7: Cross-Domain Integration::E) Detailed Findings::E.4) Testing & Evidence ms=15 left=32407
2026-08-28T10:50:17.195021Z  INFO fs3_daemon::runner: batch kind="embed" subject=1 x smart jobs=1 ms=0
2026-08-28T10:50:17.202189Z  INFO fs3_daemon::runner: done kind="embed" id=662654 left=32406
2026-08-28T10:50:17.287819Z  INFO fs3_daemon::runner: done kind=summarize subject=docs/plans/071-pr-view/tasks/phase-7-cross-domain-integration/reviews/review.phase-7-cross-domain-integration.md::Code Review: Phase 7: Cross-Domain Integration::E) Detailed Findings::E.3) Anti-Reinvention ms=13 left=32406
2026-08-28T10:50:17.298320Z  INFO fs3_daemon::runner: batch kind="embed" subject=1 x smart jobs=1 ms=0
2026-08-28T10:50:17.306639Z  INFO fs3_daemon::runner: done kind="embed" id=662655 left=32405
2026-08-28T10:50:17.387289Z  INFO fs3_daemon::runner: done kind=summarize subject=docs/plans/071-pr-view/tasks/phase-7-cross-domain-integration/reviews/review.phase-7-cross-domain-integration.md::Code Review: Phase 7: Cross-Domain Integration::E) Detailed Findings::E.2) Domain Compliance ms=15 left=32405
2026-08-28T10:50:17.399259Z  INFO fs3_daemon::runner: batch kind="embed" subject=1 x smart jobs=1 ms=1
2026-08-28T10:50:17.409948Z  INFO fs3_daemon::runner: done kind="embed" id=662656 left=32404
2026-08-28T10:50:17.489704Z  INFO fs3_daemon::runner: done kind=summarize subject=docs/plans/071-pr-view/tasks/phase-7-cross-domain-integration/reviews/review.phase-7-cross-domain-integration.md::Code Review: Phase 7: Cross-Domain Integration::E) Detailed Findings ms=13 left=32404
2026-08-28T10:50:17.495092Z  INFO fs3_daemon::runner: batch kind="embed" subject=1 x smart jobs=1 ms=0
2026-08-28T10:50:17.503727Z  INFO fs3_daemon::runner: done kind="embed" id=662657 left=32403
2026-08-28T10:50:17.600811Z  INFO fs3_daemon::runner: done kind=summarize subject=docs/plans/071-pr-view/tasks/phase-7-cross-domain-integration/reviews/review.phase-7-cross-domain-integration.md::Code Review: Phase 7: Cross-Domain Integration::D) Findings Table ms=20 left=32403
2026-08-28T10:50:17.601948Z  INFO fs3_daemon::runner: batch kind="embed" subject=1 x smart jobs=1 ms=0
2026-08-28T10:50:17.608563Z  INFO fs3_daemon::runner: done kind="embed" id=662658 left=32402
2026-08-28T10:50:17.679451Z  INFO fs3_daemon::runner: done kind=summarize subject=docs/plans/071-pr-view/tasks/phase-7-cross-domain-integration/reviews/review.phase-7-cross-domain-integration.md::Code Review: Phase 7: Cross-Domain Integration::C) Checklist ms=9 left=32402
2026-08-28T10:50:17.691241Z  INFO fs3_daemon::runner: batch kind="embed" subject=1 x smart jobs=1 ms=0
2026-08-28T10:50:17.700820Z  INFO fs3_daemon::runner: done kind="embed" id=662659 left=32401
2026-08-28T10:50:17.780974Z  INFO fs3_daemon::runner: done kind=summarize subject=docs/plans/071-pr-view/tasks/phase-7-cross-domain-integration/reviews/review.phase-7-cross-domain-integration.md::Code Review: Phase 7: Cross-Domain Integration::A) Verdict ms=12 left=32401
2026-08-28T10:50:17.794166Z  INFO fs3_daemon::runner: batch kind="embed" subject=1 x smart jobs=1 ms=0
2026-08-28T10:50:17.803797Z  INFO fs3_daemon::runner: done kind="embed" id=662660 left=32400
2026-08-28T10:50:17.896247Z  INFO fs3_daemon::runner: done kind=summarize subject=docs/plans/071-pr-view/tasks/phase-7-cross-domain-integration/reviews/review.phase-7-cross-domain-integration.md::Code Review: Phase 7: Cross-Domain Integration ms=15 left=32400
2026-08-28T10:50:17.906170Z  INFO fs3_daemon::runner: batch kind="embed" subject=1 x smart jobs=1 ms=0
2026-08-28T10:50:17.917354Z  INFO fs3_daemon::runner: done kind="embed" id=662661 left=32399
2026-08-28T10:50:18.005544Z  INFO fs3_daemon::runner: done kind=summarize subject=docs/plans/071-pr-view/tasks/phase-7-cross-domain-integration/reviews/fix-tasks.phase-7-cross-domain-integration.md::Fix Tasks: Phase 7: Cross-Domain Integration::Medium / Low Fixes::FT-007: Remove or explain the generated next-env drift ms=16 left=32399
2026-08-28T10:50:18.009307Z  INFO fs3_daemon::runner: batch kind="embed" subject=1 x smart jobs=1 ms=0
2026-08-28T10:50:18.018585Z  INFO fs3_daemon::runner: done kind="embed" id=662662 left=32398
2026-08-28T10:50:18.103876Z  INFO fs3_daemon::runner: done kind=summarize subject=docs/plans/071-pr-view/tasks/phase-7-cross-domain-integration/reviews/fix-tasks.phase-7-cross-domain-integration.md::Fix Tasks: Phase 7: Cross-Domain Integration::Medium / Low Fixes::FT-006: Use the file-notes public barrel for cross-domain imports ms=12 left=32398
2026-08-28T10:50:18.114623Z  INFO fs3_daemon::runner: batch kind="embed" subject=1 x smart jobs=1 ms=0
2026-08-28T10:50:18.123541Z  INFO fs3_daemon::runner: done kind="embed" id=662663 left=32397
2026-08-28T10:50:18.199758Z  INFO fs3_daemon::runner: done kind=summarize subject=docs/plans/071-pr-view/tasks/phase-7-cross-domain-integration/reviews/fix-tasks.phase-7-cross-domain-integration.md::Fix Tasks: Phase 7: Cross-Domain Integration::Medium / Low Fixes::FT-005: Sync domain docs and the domain map with Phase 7 contracts ms=12 left=32397
2026-08-28T10:50:18.212215Z  INFO fs3_daemon::runner: batch kind="embed" subject=1 x smart jobs=1 ms=3
2026-08-28T10:50:18.219923Z  INFO fs3_daemon::runner: done kind="embed" id=662664 left=32396
2026-08-28T10:50:18.305044Z  INFO fs3_daemon::runner: done kind=summarize subject=docs/plans/071-pr-view/tasks/phase-7-cross-domain-integration/reviews/fix-tasks.phase-7-cross-domain-integration.md::Fix Tasks: Phase 7: Cross-Domain Integration::Medium / Low Fixes::FT-004: Add targeted tests for the new helper and integration paths ms=15 left=32396
2026-08-28T10:50:18.318885Z  INFO fs3_daemon::runner: batch kind="embed" subject=1 x smart jobs=1 ms=0
2026-08-28T10:50:18.326027Z  INFO fs3_daemon::runner: done kind="embed" id=662665 left=32395
2026-08-28T10:50:18.405979Z  INFO fs3_daemon::runner: done kind=summarize subject=docs/plans/071-pr-view/tasks/phase-7-cross-domain-integration/reviews/fix-tasks.phase-7-cross-domain-integration.md::Fix Tasks: Phase 7: Cross-Domain Integration::Medium / Low Fixes::FT-003: Write the missing Phase 7 execution log ms=12 left=32395
2026-08-28T10:50:18.419601Z  INFO fs3_daemon::runner: batch kind="embed" subject=1 x smart jobs=1 ms=0
2026-08-28T10:50:18.432956Z  INFO fs3_daemon::runner: done kind="embed" id=662666 left=32394
2026-08-28T10:50:18.514825Z  INFO fs3_daemon::runner: done kind=summarize subject=docs/plans/071-pr-view/tasks/phase-7-cross-domain-integration/reviews/fix-tasks.phase-7-cross-domain-integration.md::Fix Tasks: Phase 7: Cross-Domain Integration::Medium / Low Fixes::FT-002: Preserve a way out of the active has-notes filter ms=11 left=32394
2026-08-28T10:50:18.525958Z  INFO fs3_daemon::runner: batch kind="embed" subject=1 x smart jobs=1 ms=0
2026-08-28T10:50:18.532236Z  INFO fs3_daemon::runner: done kind="embed" id=662667 left=32393
2026-08-28T10:50:18.609825Z  INFO fs3_daemon::runner: done kind=summarize subject=docs/plans/071-pr-view/tasks/phase-7-cross-domain-integration/reviews/fix-tasks.phase-7-cross-domain-integration.md::Fix Tasks: Phase 7: Cross-Domain Integration::Medium / Low Fixes ms=12 left=32393
2026-08-28T10:50:18.623982Z  INFO fs3_daemon::runner: batch kind="embed" subject=1 x smart jobs=1 ms=0
2026-08-28T10:50:18.631513Z  INFO fs3_daemon::runner: done kind="embed" id=662668 left=32392
2026-08-28T10:50:18.707959Z  INFO fs3_daemon::runner: done kind=summarize subject=docs/plans/071-pr-view/tasks/phase-7-cross-domain-integration/reviews/fix-tasks.phase-7-cross-domain-integration.md::Fix Tasks: Phase 7: Cross-Domain Integration::Critical / High Fixes::FT-001: Make deleted-file badging match the displayed note groups ms=13 left=32392
2026-08-28T10:50:18.717881Z  INFO fs3_daemon::runner: batch kind="embed" subject=1 x smart jobs=1 ms=0
2026-08-28T10:50:18.724956Z  INFO fs3_daemon::runner: done kind="embed" id=662669 left=32391
2026-08-28T10:50:18.801267Z  INFO fs3_daemon::runner: done kind=summarize subject=docs/plans/071-pr-view/tasks/phase-7-cross-domain-integration/reviews/fix-tasks.phase-7-cross-domain-integration.md::Fix Tasks: Phase 7: Cross-Domain Integration::Critical / High Fixes ms=11 left=32391
2026-08-28T10:50:18.808001Z  INFO fs3_daemon::runner: batch kind="embed" subject=1 x smart jobs=1 ms=0
2026-08-28T10:50:18.815100Z  INFO fs3_daemon::runner: done kind="embed" id=662670 left=32390
2026-08-28T10:50:18.891359Z  INFO fs3_daemon::runner: done kind=summarize subject=docs/plans/071-pr-view/tasks/phase-7-cross-domain-integration/reviews/fix-tasks.phase-7-cross-domain-integration.md::Fix Tasks: Phase 7: Cross-Domain Integration ms=12 left=32390
2026-08-28T10:50:18.900613Z  INFO fs3_daemon::runner: batch kind="embed" subject=1 x smart jobs=1 ms=0
2026-08-28T10:50:18.908355Z  INFO fs3_daemon::runner: done kind="embed" id=662671 left=32389
2026-08-28T10:50:18.986790Z  INFO fs3_daemon::runner: done kind=summarize subject=docs/plans/071-pr-view/tasks/phase-7-cross-domain-integration/execution.log.md::Phase 7 Execution Log::Bug Fixes Applied During Phase 7 ms=15 left=32389
2026-08-28T10:50:18.990710Z  INFO fs3_daemon::runner: batch kind="embed" subject=1 x smart jobs=1 ms=0
2026-08-28T10:50:18.996701Z  INFO fs3_daemon::runner: done kind="embed" id=662672 left=32388
2026-08-28T10:50:19.075551Z  INFO fs3_daemon::runner: done kind=summarize subject=docs/plans/071-pr-view/tasks/phase-7-cross-domain-integration/execution.log.md::Phase 7 Execution Log::Acceptance Criteria Evidence ms=14 left=32388
2026-08-28T10:50:19.086126Z  INFO fs3_daemon::runner: batch kind="embed" subject=1 x smart jobs=1 ms=1
2026-08-28T10:50:19.092327Z  INFO fs3_daemon::runner: done kind="embed" id=662673 left=32387
2026-08-28T10:50:19.179547Z  INFO fs3_daemon::runner: done kind=summarize subject=docs/plans/071-pr-view/tasks/phase-7-cross-domain-integration/execution.log.md::Phase 7 Execution Log::Task Evidence ms=20 left=32387
2026-08-28T10:50:19.221136Z  INFO fs3_daemon::runner: progress phase="working" scanned=61612 scan_left=33 summarized=125734 summarize_left=32353 embedded=204265 embed_left=1 failed=0
2026-08-28T10:50:19.245323Z  INFO fs3_daemon::runner: batch kind="embed" subject=2 x smart jobs=2 ms=0
2026-08-28T10:50:19.253563Z  INFO fs3_daemon::runner: done kind="embed" id=662674 left=32386
2026-08-28T10:50:19.319095Z  INFO fs3_daemon::runner: done kind="embed" id=662675 left=32385
2026-08-28T10:50:19.401806Z  INFO fs3_daemon::runner: done kind=summarize subject=docs/plans/071-pr-view/tasks/phase-7-cross-domain-integration/execution.log.md::Phase 7 Execution Log ms=18 left=32385
2026-08-28T10:50:19.423328Z  INFO fs3_daemon::runner: done kind=summarize subject=docs/plans/071-pr-view/tasks/phase-6-pr-view-live-updates/tasks.md::Phase 6: PR View Live Updates + Branch Mode — Tasks Dossier::Directory Layout ms=18 left=32385
2026-08-28T10:50:19.429296Z  INFO fs3_daemon::runner: batch kind="embed" subject=1 x smart jobs=1 ms=0
2026-08-28T10:50:19.436712Z  INFO fs3_daemon::runner: done kind="embed" id=662676 left=32384
2026-08-28T10:50:19.530453Z  INFO fs3_daemon::runner: done kind=summarize subject=docs/plans/071-pr-view/tasks/phase-6-pr-view-live-updates/tasks.md::Phase 6: PR View Live Updates + Branch Mode — Tasks Dossier::DYK Insights (Pre-Implementation) ms=18 left=32384
2026-08-28T10:50:19.532626Z  INFO fs3_daemon::runner: batch kind="embed" subject=1 x smart jobs=1 ms=0
2026-08-28T10:50:19.539282Z  INFO fs3_daemon::runner: done kind="embed" id=662677 left=32383
2026-08-28T10:50:19.617193Z  INFO fs3_daemon::runner: done kind=summarize subject=docs/plans/071-pr-view/tasks/phase-6-pr-view-live-updates/tasks.md::Phase 6: PR View Live Updates + Branch Mode — Tasks Dossier::Context Brief::Component Interaction ms=11 left=32383
2026-08-28T10:50:19.627228Z  INFO fs3_daemon::runner: batch kind="embed" subject=1 x smart jobs=1 ms=0
2026-08-28T10:50:19.641396Z  INFO fs3_daemon::runner: done kind="embed" id=662678 left=32382
2026-08-28T10:50:19.726993Z  INFO fs3_daemon::runner: done kind=summarize subject=docs/plans/071-pr-view/tasks/phase-6-pr-view-live-updates/tasks.md::Phase 6: PR View Live Updates + Branch Mode — Tasks Dossier::Context Brief::Data Flow ms=16 left=32382
2026-08-28T10:50:19.738310Z  INFO fs3_daemon::runner: batch kind="embed" subject=1 x smart jobs=1 ms=0
2026-08-28T10:50:19.751989Z  INFO fs3_daemon::runner: done kind="embed" id=662679 left=32381
2026-08-28T10:50:19.818031Z  INFO fs3_daemon::runner: done kind=summarize subject=docs/plans/071-pr-view/tasks/phase-6-pr-view-live-updates/tasks.md::Phase 6: PR View Live Updates + Branch Mode — Tasks Dossier::Context Brief ms=8 left=32381
2026-08-28T10:50:19.830594Z  INFO fs3_daemon::runner: batch kind="embed" subject=1 x smart jobs=1 ms=1
2026-08-28T10:50:19.845033Z  INFO fs3_daemon::runner: done kind="embed" id=662680 left=32380
2026-08-28T10:50:19.924057Z  INFO fs3_daemon::runner: done kind=summarize subject=docs/plans/071-pr-view/tasks/phase-6-pr-view-live-updates/tasks.md::Phase 6: PR View Live Updates + Branch Mode — Tasks Dossier::Tasks ms=12 left=32380
2026-08-28T10:50:19.932560Z  INFO fs3_daemon::runner: batch kind="embed" subject=1 x smart jobs=1 ms=0
2026-08-28T10:50:19.939475Z  INFO fs3_daemon::runner: done kind="embed" id=662681 left=32379
2026-08-28T10:50:20.012580Z  INFO fs3_daemon::runner: done kind=summarize subject=docs/plans/071-pr-view/tasks/phase-6-pr-view-live-updates/tasks.md::Phase 6: PR View Live Updates + Branch Mode — Tasks Dossier::Architecture Map ms=8 left=32379
2026-08-28T10:50:20.024850Z  INFO fs3_daemon::runner: batch kind="embed" subject=1 x smart jobs=1 ms=0
2026-08-28T10:50:20.032498Z  INFO fs3_daemon::runner: done kind="embed" id=662682 left=32378
2026-08-28T10:50:20.125030Z  INFO fs3_daemon::runner: batch kind="embed" subject=1 x smart jobs=1 ms=0
2026-08-28T10:50:20.141198Z  INFO fs3_daemon::runner: done kind=summarize subject=docs/plans/071-pr-view/tasks/phase-6-pr-view-live-updates/tasks.md::Phase 6: PR View Live Updates + Branch Mode — Tasks Dossier::Pre-Implementation Check ms=44 left=32378
2026-08-28T10:50:20.150911Z  INFO fs3_daemon::runner: done kind="embed" id=662683 left=32377
2026-08-28T10:50:20.251123Z  INFO fs3_daemon::runner: done kind=summarize subject=docs/plans/071-pr-view/tasks/phase-6-pr-view-live-updates/tasks.md::Phase 6: PR View Live Updates + Branch Mode — Tasks Dossier::Prior Phase Context::Phase 5: PR View Overlay (Complete — 13 tests) ms=28 left=32377
2026-08-28T10:50:20.261821Z  INFO fs3_daemon::runner: batch kind="embed" subject=1 x smart jobs=1 ms=0
2026-08-28T10:50:20.283388Z  INFO fs3_daemon::runner: done kind="embed" id=662684 left=32376
2026-08-28T10:50:20.383099Z  INFO fs3_daemon::runner: done kind=summarize subject=docs/plans/071-pr-view/tasks/phase-6-pr-view-live-updates/tasks.md::Phase 6: PR View Live Updates + Branch Mode — Tasks Dossier::Prior Phase Context::Phase 4: PR View Data Layer (Complete — 49 tests) ms=30 left=32376
2026-08-28T10:50:20.391884Z  INFO fs3_daemon::runner: batch kind="embed" subject=1 x smart jobs=1 ms=0
2026-08-28T10:50:20.407381Z  INFO fs3_daemon::runner: done kind="embed" id=662685 left=32375
2026-08-28T10:50:20.510048Z  INFO fs3_daemon::runner: done kind=summarize subject=docs/plans/071-pr-view/tasks/phase-6-pr-view-live-updates/tasks.md::Phase 6: PR View Live Updates + Branch Mode — Tasks Dossier::Prior Phase Context ms=29 left=32375
2026-08-28T10:50:20.519313Z  INFO fs3_daemon::runner: batch kind="embed" subject=1 x smart jobs=1 ms=0
2026-08-28T10:50:20.536576Z  INFO fs3_daemon::runner: done kind="embed" id=662686 left=32374
2026-08-28T10:50:20.633168Z  INFO fs3_daemon::runner: batch kind="embed" subject=1 x smart jobs=1 ms=0
2026-08-28T10:50:20.650878Z  INFO fs3_daemon::runner: done kind=summarize subject=docs/plans/071-pr-view/tasks/phase-6-pr-view-live-updates/tasks.md::Phase 6: PR View Live Updates + Branch Mode — Tasks Dossier::Executive Briefing ms=43 left=32374
2026-08-28T10:50:20.665938Z  INFO fs3_daemon::runner: done kind="embed" id=662687 left=32373
2026-08-28T10:50:20.772142Z  INFO fs3_daemon::runner: done kind=summarize subject=docs/plans/071-pr-view/tasks/phase-6-pr-view-live-updates/tasks.md::Phase 6: PR View Live Updates + Branch Mode — Tasks Dossier ms=30 left=32373
2026-08-28T10:50:20.778181Z  INFO fs3_daemon::runner: batch kind="embed" subject=1 x smart jobs=1 ms=1
2026-08-28T10:50:20.800292Z  INFO fs3_daemon::runner: done kind="embed" id=662688 left=32372
2026-08-28T10:50:20.900365Z  INFO fs3_daemon::runner: done kind=summarize subject=docs/plans/071-pr-view/tasks/phase-6-pr-view-live-updates/tasks.fltplan.md::Flight Plan: Phase 6 — PR View Live Updates + Branch Mode::Goals & Non-Goals ms=28 left=32372
2026-08-28T10:50:20.908651Z  INFO fs3_daemon::runner: batch kind="embed" subject=1 x smart jobs=1 ms=0
2026-08-28T10:50:20.934181Z  INFO fs3_daemon::runner: done kind="embed" id=662689 left=32371
2026-08-28T10:50:21.046084Z  INFO fs3_daemon::runner: done kind=summarize subject=docs/plans/071-pr-view/tasks/phase-6-pr-view-live-updates/tasks.fltplan.md::Flight Plan: Phase 6 — PR View Live Updates + Branch Mode::Architecture: Before & After ms=32 left=32371
2026-08-28T10:50:21.054311Z  INFO fs3_daemon::runner: batch kind="embed" subject=1 x smart jobs=1 ms=3
2026-08-28T10:50:21.071809Z  INFO fs3_daemon::runner: done kind="embed" id=662690 left=32370
2026-08-28T10:50:21.168412Z  INFO fs3_daemon::runner: done kind=summarize subject=docs/plans/071-pr-view/tasks/phase-6-pr-view-live-updates/tasks.fltplan.md::Flight Plan: Phase 6 — PR View Live Updates + Branch Mode::Stages ms=29 left=32370
2026-08-28T10:50:21.178303Z  INFO fs3_daemon::runner: batch kind="embed" subject=1 x smart jobs=1 ms=1
2026-08-28T10:50:21.191697Z  INFO fs3_daemon::runner: done kind="embed" id=662691 left=32369
2026-08-28T10:50:21.294796Z  INFO fs3_daemon::runner: done kind=summarize subject=docs/plans/071-pr-view/tasks/phase-6-pr-view-live-updates/tasks.fltplan.md::Flight Plan: Phase 6 — PR View Live Updates + Branch Mode::Flight Status ms=27 left=32369
2026-08-28T10:50:21.303595Z  INFO fs3_daemon::runner: batch kind="embed" subject=1 x smart jobs=1 ms=0
2026-08-28T10:50:21.327509Z  INFO fs3_daemon::runner: done kind="embed" id=662692 left=32368
2026-08-28T10:50:21.432171Z  INFO fs3_daemon::runner: done kind=summarize subject=docs/plans/071-pr-view/tasks/phase-6-pr-view-live-updates/tasks.fltplan.md::Flight Plan: Phase 6 — PR View Live Updates + Branch Mode::Domain Context::Domains We Depend On (no changes) ms=29 left=32368
2026-08-28T10:50:21.442406Z  INFO fs3_daemon::runner: batch kind="embed" subject=1 x smart jobs=1 ms=0
2026-08-28T10:50:21.462456Z  INFO fs3_daemon::runner: done kind="embed" id=662693 left=32367
2026-08-28T10:50:21.571646Z  INFO fs3_daemon::runner: done kind=summarize subject=docs/plans/071-pr-view/tasks/phase-6-pr-view-live-updates/tasks.fltplan.md::Flight Plan: Phase 6 — PR View Live Updates + Branch Mode::Domain Context ms=30 left=32367
2026-08-28T10:50:21.580335Z  INFO fs3_daemon::runner: batch kind="embed" subject=1 x smart jobs=1 ms=1
2026-08-28T10:50:21.605804Z  INFO fs3_daemon::runner: done kind="embed" id=662694 left=32366
2026-08-28T10:50:21.699792Z  INFO fs3_daemon::runner: done kind=summarize subject=docs/plans/071-pr-view/tasks/phase-6-pr-view-live-updates/tasks.fltplan.md::Flight Plan: Phase 6 — PR View Live Updates + Branch Mode ms=29 left=32366
2026-08-28T10:50:21.701865Z  INFO fs3_daemon::runner: batch kind="embed" subject=1 x smart jobs=1 ms=1
2026-08-28T10:50:21.712068Z  INFO fs3_daemon::runner: done kind="embed" id=662695 left=32365
2026-08-28T10:50:21.797097Z  INFO fs3_daemon::runner: batch kind="embed" subject=1 x smart jobs=1 ms=0
2026-08-28T10:50:21.800237Z  INFO fs3_daemon::runner: done kind=summarize subject=docs/plans/071-pr-view/tasks/phase-6-pr-view-live-updates/reviews/review.phase-6-pr-view-live-updates.md::Code Review: Phase 6: PR View Live Updates + Branch Mode::H) Handover Brief::Required Fixes (if REQUEST_CHANGES) ms=21 left=32365
2026-08-28T10:50:21.806418Z  INFO fs3_daemon::runner: done kind="embed" id=662696 left=32364
2026-08-28T10:50:21.890324Z  INFO fs3_daemon::runner: done kind=summarize subject=docs/plans/071-pr-view/tasks/phase-6-pr-view-live-updates/reviews/review.phase-6-pr-view-live-updates.md::Code Review: Phase 6: PR View Live Updates + Branch Mode::H) Handover Brief::Files Reviewed ms=12 left=32364
2026-08-28T10:50:21.895052Z  INFO fs3_daemon::runner: batch kind="embed" subject=1 x smart jobs=1 ms=0
2026-08-28T10:50:21.905896Z  INFO fs3_daemon::runner: done kind="embed" id=662697 left=32363
2026-08-28T10:50:21.985390Z  INFO fs3_daemon::runner: done kind=summarize subject=docs/plans/071-pr-view/tasks/phase-6-pr-view-live-updates/reviews/review.phase-6-pr-view-live-updates.md::Code Review: Phase 6: PR View Live Updates + Branch Mode::H) Handover Brief ms=11 left=32363
2026-08-28T10:50:21.997364Z  INFO fs3_daemon::runner: batch kind="embed" subject=1 x smart jobs=1 ms=0
2026-08-28T10:50:22.005798Z  INFO fs3_daemon::runner: done kind="embed" id=662698 left=32362
2026-08-28T10:50:22.086822Z  INFO fs3_daemon::runner: done kind=summarize subject=docs/plans/071-pr-view/tasks/phase-6-pr-view-live-updates/reviews/review.phase-6-pr-view-live-updates.md::Code Review: Phase 6: PR View Live Updates + Branch Mode::G) Commands Executed ms=11 left=32362
2026-08-28T10:50:22.099080Z  INFO fs3_daemon::runner: batch kind="embed" subject=1 x smart jobs=1 ms=0
2026-08-28T10:50:22.111636Z  INFO fs3_daemon::runner: done kind="embed" id=662699 left=32361
2026-08-28T10:50:22.183817Z  INFO fs3_daemon::runner: done kind=summarize subject=docs/plans/071-pr-view/tasks/phase-6-pr-view-live-updates/reviews/review.phase-6-pr-view-live-updates.md::Code Review: Phase 6: PR View Live Updates + Branch Mode::F) Coverage Map ms=11 left=32361
2026-08-28T10:50:22.194446Z  INFO fs3_daemon::runner: batch kind="embed" subject=1 x smart jobs=1 ms=0
2026-08-28T10:50:22.202121Z  INFO fs3_daemon::runner: done kind="embed" id=662700 left=32360
2026-08-28T10:50:22.279795Z  INFO fs3_daemon::runner: done kind=summarize subject=docs/plans/071-pr-view/tasks/phase-6-pr-view-live-updates/reviews/review.phase-6-pr-view-live-updates.md::Code Review: Phase 6: PR View Live Updates + Branch Mode::E) Detailed Findings::E.4) Testing & Evidence ms=12 left=32360
2026-08-28T10:50:22.291332Z  INFO fs3_daemon::runner: batch kind="embed" subject=1 x smart jobs=1 ms=0
2026-08-28T10:50:22.299604Z  INFO fs3_daemon::runner: done kind="embed" id=662701 left=32359
2026-08-28T10:50:22.378437Z  INFO fs3_daemon::runner: done kind=summarize subject=docs/plans/071-pr-view/tasks/phase-6-pr-view-live-updates/reviews/review.phase-6-pr-view-live-updates.md::Code Review: Phase 6: PR View Live Updates + Branch Mode::E) Detailed Findings::E.2) Domain Compliance ms=13 left=32359
2026-08-28T10:50:22.386802Z  INFO fs3_daemon::runner: batch kind="embed" subject=1 x smart jobs=1 ms=1
2026-08-28T10:50:22.394777Z  INFO fs3_daemon::runner: done kind="embed" id=662702 left=32358
2026-08-28T10:50:22.474808Z  INFO fs3_daemon::runner: done kind=summarize subject=docs/plans/071-pr-view/tasks/phase-6-pr-view-live-updates/reviews/review.phase-6-pr-view-live-updates.md::Code Review: Phase 6: PR View Live Updates + Branch Mode::E) Detailed Findings ms=15 left=32358
2026-08-28T10:50:22.477224Z  INFO fs3_daemon::runner: batch kind="embed" subject=1 x smart jobs=1 ms=0
2026-08-28T10:50:22.483304Z  INFO fs3_daemon::runner: done kind="embed" id=662703 left=32357
2026-08-28T10:50:22.563157Z  INFO fs3_daemon::runner: done kind=summarize subject=docs/plans/071-pr-view/tasks/phase-6-pr-view-live-updates/reviews/review.phase-6-pr-view-live-updates.md::Code Review: Phase 6: PR View Live Updates + Branch Mode::D) Findings Table ms=18 left=32357
2026-08-28T10:50:22.569277Z  INFO fs3_daemon::runner: batch kind="embed" subject=1 x smart jobs=1 ms=1
2026-08-28T10:50:22.578218Z  INFO fs3_daemon::runner: done kind="embed" id=662704 left=32356
2026-08-28T10:50:22.655407Z  INFO fs3_daemon::runner: done kind=summarize subject=docs/plans/071-pr-view/tasks/phase-6-pr-view-live-updates/reviews/review.phase-6-pr-view-live-updates.md::Code Review: Phase 6: PR View Live Updates + Branch Mode::C) Checklist ms=12 left=32356
2026-08-28T10:50:22.662236Z  INFO fs3_daemon::runner: batch kind="embed" subject=1 x smart jobs=1 ms=0
2026-08-28T10:50:22.669381Z  INFO fs3_daemon::runner: done kind="embed" id=662705 left=32355
2026-08-28T10:50:22.741743Z  INFO fs3_daemon::runner: done kind=summarize subject=docs/plans/071-pr-view/tasks/phase-6-pr-view-live-updates/reviews/review.phase-6-pr-view-live-updates.md::Code Review: Phase 6: PR View Live Updates + Branch Mode::A) Verdict ms=10 left=32355
2026-08-28T10:50:22.754100Z  INFO fs3_daemon::runner: batch kind="embed" subject=1 x smart jobs=1 ms=1
2026-08-28T10:50:22.763471Z  INFO fs3_daemon::runner: done kind="embed" id=662706 left=32354
2026-08-28T10:50:22.839015Z  INFO fs3_daemon::runner: done kind=summarize subject=docs/plans/071-pr-view/tasks/phase-6-pr-view-live-updates/reviews/review.phase-6-pr-view-live-updates.md::Code Review: Phase 6: PR View Live Updates + Branch Mode ms=9 left=32354
2026-08-28T10:50:22.852103Z  INFO fs3_daemon::runner: batch kind="embed" subject=1 x smart jobs=1 ms=1
2026-08-28T10:50:22.857783Z  INFO fs3_daemon::runner: done kind="embed" id=662707 left=32353
2026-08-28T10:50:22.927570Z  INFO fs3_daemon::runner: done kind=summarize subject=docs/plans/071-pr-view/tasks/phase-6-pr-view-live-updates/reviews/fix-tasks.phase-6-pr-view-live-updates.md::Fix Tasks: Phase 6: PR View Live Updates + Branch Mode::Medium / Low Fixes::FT-005: Consolidate or explicitly accept duplicate FileChangeProvider placement ms=11 left=32353
2026-08-28T10:50:22.938805Z  INFO fs3_daemon::runner: batch kind="embed" subject=1 x smart jobs=1 ms=0
2026-08-28T10:50:22.946986Z  INFO fs3_daemon::runner: done kind="embed" id=662708 left=32352
2026-08-28T10:50:23.033361Z  INFO fs3_daemon::runner: done kind=summarize subject=docs/plans/071-pr-view/tasks/phase-6-pr-view-live-updates/reviews/fix-tasks.phase-6-pr-view-live-updates.md::Fix Tasks: Phase 6: PR View Live Updates + Branch Mode::Medium / Low Fixes::FT-004: Correct PR View and Events domain documentation ms=14 left=32352
2026-08-28T10:50:23.043792Z  INFO fs3_daemon::runner: batch kind="embed" subject=1 x smart jobs=1 ms=0
2026-08-28T10:50:23.052511Z  INFO fs3_daemon::runner: done kind="embed" id=662709 left=32351
2026-08-28T10:50:23.135795Z  INFO fs3_daemon::runner: done kind=summarize subject=docs/plans/071-pr-view/tasks/phase-6-pr-view-live-updates/reviews/fix-tasks.phase-6-pr-view-live-updates.md::Fix Tasks: Phase 6: PR View Live Updates + Branch Mode::Medium / Low Fixes::FT-003: Update the domain map for the new events dependency ms=15 left=32351
2026-08-28T10:50:23.145254Z  INFO fs3_daemon::runner: batch kind="embed" subject=1 x smart jobs=1 ms=1
2026-08-28T10:50:23.155637Z  INFO fs3_daemon::runner: done kind="embed" id=662710 left=32350
2026-08-28T10:50:23.241478Z  INFO fs3_daemon::runner: done kind=summarize subject=docs/plans/071-pr-view/tasks/phase-6-pr-view-live-updates/reviews/fix-tasks.phase-6-pr-view-live-updates.md::Fix Tasks: Phase 6: PR View Live Updates + Branch Mode::Medium / Low Fixes ms=16 left=32350
2026-08-28T10:50:23.244050Z  INFO fs3_daemon::runner: batch kind="embed" subject=1 x smart jobs=1 ms=0
2026-08-28T10:50:23.250709Z  INFO fs3_daemon::runner: done kind="embed" id=662711 left=32349
2026-08-28T10:50:23.330234Z  INFO fs3_daemon::runner: done kind=summarize subject=docs/plans/071-pr-view/tasks/phase-6-pr-view-live-updates/reviews/fix-tasks.phase-6-pr-view-live-updates.md::Fix Tasks: Phase 6: PR View Live Updates + Branch Mode::Critical / High Fixes::FT-002: Replace synthetic Phase 6 tests with behavioral coverage ms=14 left=32349
2026-08-28T10:50:23.340508Z  INFO fs3_daemon::runner: batch kind="embed" subject=1 x smart jobs=1 ms=0
2026-08-28T10:50:23.346676Z  INFO fs3_daemon::runner: done kind="embed" id=662712 left=32348
2026-08-28T10:50:23.424187Z  INFO fs3_daemon::runner: done kind=summarize subject=docs/plans/071-pr-view/tasks/phase-6-pr-view-live-updates/reviews/fix-tasks.phase-6-pr-view-live-updates.md::Fix Tasks: Phase 6: PR View Live Updates + Branch Mode::Critical / High Fixes::FT-001: Always re-fetch on mode switch ms=14 left=32348
2026-08-28T10:50:23.429058Z  INFO fs3_daemon::runner: batch kind="embed" subject=1 x smart jobs=1 ms=0
2026-08-28T10:50:23.436739Z  INFO fs3_daemon::runner: done kind="embed" id=662713 left=32347
2026-08-28T10:50:23.519097Z  INFO fs3_daemon::runner: done kind=summarize subject=docs/plans/071-pr-view/tasks/phase-6-pr-view-live-updates/reviews/fix-tasks.phase-6-pr-view-live-updates.md::Fix Tasks: Phase 6: PR View Live Updates + Branch Mode::Critical / High Fixes ms=13 left=32347
2026-08-28T10:50:23.526271Z  INFO fs3_daemon::runner: batch kind="embed" subject=1 x smart jobs=1 ms=0
2026-08-28T10:50:23.534446Z  INFO fs3_daemon::runner: done kind="embed" id=662714 left=32346
2026-08-28T10:50:23.608615Z  INFO fs3_daemon::runner: done kind=summarize subject=docs/plans/071-pr-view/tasks/phase-6-pr-view-live-updates/reviews/fix-tasks.phase-6-pr-view-live-updates.md::Fix Tasks: Phase 6: PR View Live Updates + Branch Mode ms=16 left=32346
2026-08-28T10:50:23.617343Z  INFO fs3_daemon::runner: batch kind="embed" subject=1 x smart jobs=1 ms=1
2026-08-28T10:50:23.626215Z  INFO fs3_daemon::runner: done kind="embed" id=662715 left=32345
2026-08-28T10:50:23.701091Z  INFO fs3_daemon::runner: done kind=summarize subject=docs/plans/071-pr-view/tasks/phase-6-pr-view-live-updates/execution.log.md::Execution Log — Phase 6: PR View Live Updates + Branch Mode::T004: Smart refresh on file changes ms=8 left=32345
2026-08-28T10:50:23.712875Z  INFO fs3_daemon::runner: batch kind="embed" subject=1 x smart jobs=1 ms=0
2026-08-28T10:50:23.719998Z  INFO fs3_daemon::runner: done kind="embed" id=662716 left=32344
2026-08-28T10:50:23.802378Z  INFO fs3_daemon::runner: done kind=summarize subject=docs/plans/071-pr-view/tasks/phase-6-pr-view-live-updates/execution.log.md::Execution Log — Phase 6: PR View Live Updates + Branch Mode::T003: SSE subscription ms=12 left=32344
2026-08-28T10:50:23.811305Z  INFO fs3_daemon::runner: batch kind="embed" subject=1 x smart jobs=1 ms=1
2026-08-28T10:50:23.818620Z  INFO fs3_daemon::runner: done kind="embed" id=662717 left=32343
2026-08-28T10:50:23.901728Z  INFO fs3_daemon::runner: done kind=summarize subject=docs/plans/071-pr-view/tasks/phase-6-pr-view-live-updates/execution.log.md::Execution Log — Phase 6: PR View Live Updates + Branch Mode::T002: Wire header toggle ms=17 left=32343
2026-08-28T10:50:23.904036Z  INFO fs3_daemon::runner: batch kind="embed" subject=1 x smart jobs=1 ms=0
2026-08-28T10:50:23.910917Z  INFO fs3_daemon::runner: done kind="embed" id=662718 left=32342
2026-08-28T10:50:23.996337Z  INFO fs3_daemon::runner: done kind=summarize subject=docs/plans/071-pr-view/tasks/phase-6-pr-view-live-updates/execution.log.md::Execution Log — Phase 6: PR View Live Updates + Branch Mode::T001: Wire mode state + switchMode ms=17 left=32342
2026-08-28T10:50:24.002587Z  INFO fs3_daemon::runner: batch kind="embed" subject=1 x smart jobs=1 ms=0
2026-08-28T10:50:24.009958Z  INFO fs3_daemon::runner: done kind="embed" id=662719 left=32341
2026-08-28T10:50:24.091004Z  INFO fs3_daemon::runner: done kind=summarize subject=docs/plans/071-pr-view/tasks/phase-6-pr-view-live-updates/execution.log.md::Execution Log — Phase 6: PR View Live Updates + Branch Mode ms=13 left=32341
2026-08-28T10:50:24.102342Z  INFO fs3_daemon::runner: batch kind="embed" subject=1 x smart jobs=1 ms=0
2026-08-28T10:50:24.109827Z  INFO fs3_daemon::runner: done kind="embed" id=662720 left=32340
2026-08-28T10:50:24.196493Z  INFO fs3_daemon::runner: done kind=summarize subject=docs/plans/071-pr-view/tasks/phase-5-pr-view-overlay/tasks.md::Phase 5: PR View Overlay — Tasks Dossier::Directory Layout ms=14 left=32340
2026-08-28T10:50:24.207943Z  INFO fs3_daemon::runner: batch kind="embed" subject=1 x smart jobs=1 ms=0
2026-08-28T10:50:24.215423Z  INFO fs3_daemon::runner: done kind="embed" id=662721 left=32339
2026-08-28T10:50:24.300724Z  INFO fs3_daemon::runner: done kind=summarize subject=docs/plans/071-pr-view/tasks/phase-5-pr-view-overlay/tasks.md::Phase 5: PR View Overlay — Tasks Dossier::Discoveries & Learnings ms=12 left=32339
2026-08-28T10:50:24.362911Z  INFO fs3_daemon::runner: progress phase="working" scanned=61612 scan_left=33 summarized=125782 summarize_left=32305 embedded=204313 embed_left=1 failed=0
2026-08-28T10:50:24.381440Z  INFO fs3_daemon::runner: batch kind="embed" subject=2 x smart jobs=2 ms=0
2026-08-28T10:50:24.387959Z  INFO fs3_daemon::runner: done kind="embed" id=662723 left=32338
2026-08-28T10:50:24.459249Z  INFO fs3_daemon::runner: done kind="embed" id=662722 left=32337
2026-08-28T10:50:24.544434Z  INFO fs3_daemon::runner: done kind=summarize subject=docs/plans/071-pr-view/tasks/phase-5-pr-view-overlay/tasks.md::Phase 5: PR View Overlay — Tasks Dossier::DYK Insights (Pre-Implementation) ms=17 left=32337
2026-08-28T10:50:24.563979Z  INFO fs3_daemon::runner: done kind=summarize subject=docs/plans/071-pr-view/tasks/phase-5-pr-view-overlay/tasks.md::Phase 5: PR View Overlay — Tasks Dossier::Context Brief::Component Interaction ms=13 left=32337
2026-08-28T10:50:24.579448Z  INFO fs3_daemon::runner: batch kind="embed" subject=1 x smart jobs=1 ms=0
2026-08-28T10:50:24.596199Z  INFO fs3_daemon::runner: done kind="embed" id=662724 left=32336
2026-08-28T10:50:24.706482Z  INFO fs3_daemon::runner: done kind=summarize subject=docs/plans/071-pr-view/tasks/phase-5-pr-view-overlay/tasks.md::Phase 5: PR View Overlay — Tasks Dossier::Context Brief::Data Flow ms=29 left=32336
2026-08-28T10:50:24.715233Z  INFO fs3_daemon::runner: batch kind="embed" subject=1 x smart jobs=1 ms=0
2026-08-28T10:50:24.735584Z  INFO fs3_daemon::runner: done kind="embed" id=662725 left=32335
2026-08-28T10:50:24.841491Z  INFO fs3_daemon::runner: done kind=summarize subject=docs/plans/071-pr-view/tasks/phase-5-pr-view-overlay/tasks.md::Phase 5: PR View Overlay — Tasks Dossier::Context Brief ms=27 left=32335
2026-08-28T10:50:24.851256Z  INFO fs3_daemon::runner: batch kind="embed" subject=1 x smart jobs=1 ms=0
2026-08-28T10:50:24.874031Z  INFO fs3_daemon::runner: done kind="embed" id=662726 left=32334
2026-08-28T10:50:24.981011Z  INFO fs3_daemon::runner: done kind=summarize subject=docs/plans/071-pr-view/tasks/phase-5-pr-view-overlay/tasks.md::Phase 5: PR View Overlay — Tasks Dossier::Tasks ms=31 left=32334
2026-08-28T10:50:24.989679Z  INFO fs3_daemon::runner: batch kind="embed" subject=1 x smart jobs=1 ms=0
2026-08-28T10:50:25.007015Z  INFO fs3_daemon::runner: done kind="embed" id=662727 left=32333
2026-08-28T10:50:25.108628Z  INFO fs3_daemon::runner: done kind=summarize subject=docs/plans/071-pr-view/tasks/phase-5-pr-view-overlay/tasks.md::Phase 5: PR View Overlay — Tasks Dossier::Architecture Map ms=22 left=32333
2026-08-28T10:50:25.119578Z  INFO fs3_daemon::runner: batch kind="embed" subject=1 x smart jobs=1 ms=0
2026-08-28T10:50:25.135957Z  INFO fs3_daemon::runner: done kind="embed" id=662728 left=32332
2026-08-28T10:50:25.237429Z  INFO fs3_daemon::runner: done kind=summarize subject=docs/plans/071-pr-view/tasks/phase-5-pr-view-overlay/tasks.md::Phase 5: PR View Overlay — Tasks Dossier::Pre-Implementation Check ms=29 left=32332
2026-08-28T10:50:25.246220Z  INFO fs3_daemon::runner: batch kind="embed" subject=1 x smart jobs=1 ms=0
2026-08-28T10:50:25.268215Z  INFO fs3_daemon::runner: done kind="embed" id=662729 left=32331
2026-08-28T10:50:25.372025Z  INFO fs3_daemon::runner: done kind=summarize subject=docs/plans/071-pr-view/tasks/phase-5-pr-view-overlay/tasks.md::Phase 5: PR View Overlay — Tasks Dossier::Prior Phase Context::Phase 4: PR View Data Layer (Complete) ms=23 left=32331
2026-08-28T10:50:25.379725Z  INFO fs3_daemon::runner: batch kind="embed" subject=1 x smart jobs=1 ms=0
2026-08-28T10:50:25.405667Z  INFO fs3_daemon::runner: done kind="embed" id=662730 left=32330
2026-08-28T10:50:25.509930Z  INFO fs3_daemon::runner: done kind=summarize subject=docs/plans/071-pr-view/tasks/phase-5-pr-view-overlay/tasks.md::Phase 5: PR View Overlay — Tasks Dossier::Prior Phase Context::Phase 2: File Notes Web UI (Complete) ms=30 left=32330
2026-08-28T10:50:25.520416Z  INFO fs3_daemon::runner: batch kind="embed" subject=1 x smart jobs=1 ms=0
2026-08-28T10:50:25.536286Z  INFO fs3_daemon::runner: done kind="embed" id=662731 left=32329
2026-08-28T10:50:25.635656Z  INFO fs3_daemon::runner: done kind=summarize subject=docs/plans/071-pr-view/tasks/phase-5-pr-view-overlay/tasks.md::Phase 5: PR View Overlay — Tasks Dossier::Prior Phase Context::Phase 1: File Notes Data Layer (Complete) ms=30 left=32329
2026-08-28T10:50:25.647331Z  INFO fs3_daemon::runner: batch kind="embed" subject=1 x smart jobs=1 ms=3
2026-08-28T10:50:25.669813Z  INFO fs3_daemon::runner: done kind="embed" id=662732 left=32328
2026-08-28T10:50:25.775433Z  INFO fs3_daemon::runner: done kind=summarize subject=docs/plans/071-pr-view/tasks/phase-5-pr-view-overlay/tasks.md::Phase 5: PR View Overlay — Tasks Dossier::Prior Phase Context ms=26 left=32328
2026-08-28T10:50:25.783615Z  INFO fs3_daemon::runner: batch kind="embed" subject=1 x smart jobs=1 ms=0
2026-08-28T10:50:25.809669Z  INFO fs3_daemon::runner: done kind="embed" id=662733 left=32327
2026-08-28T10:50:25.895833Z  INFO fs3_daemon::runner: done kind=summarize subject=docs/plans/071-pr-view/tasks/phase-5-pr-view-overlay/tasks.md::Phase 5: PR View Overlay — Tasks Dossier::Executive Briefing ms=12 left=32327
2026-08-28T10:50:25.906343Z  INFO fs3_daemon::runner: batch kind="embed" subject=1 x smart jobs=1 ms=0
2026-08-28T10:50:25.915515Z  INFO fs3_daemon::runner: done kind="embed" id=662734 left=32326
2026-08-28T10:50:26.002456Z  INFO fs3_daemon::runner: done kind=summarize subject=docs/plans/071-pr-view/tasks/phase-5-pr-view-overlay/tasks.md::Phase 5: PR View Overlay — Tasks Dossier ms=23 left=32326
2026-08-28T10:50:26.003453Z  INFO fs3_daemon::runner: batch kind="embed" subject=1 x smart jobs=1 ms=0
2026-08-28T10:50:26.014639Z  INFO fs3_daemon::runner: done kind="embed" id=662735 left=32325
2026-08-28T10:50:26.121710Z  INFO fs3_daemon::runner: done kind=summarize subject=docs/plans/071-pr-view/tasks/phase-5-pr-view-overlay/tasks.fltplan.md::Flight Plan: Phase 5 — PR View Overlay::Checklist ms=21 left=32325
2026-08-28T10:50:26.126725Z  INFO fs3_daemon::runner: batch kind="embed" subject=1 x smart jobs=1 ms=1
2026-08-28T10:50:26.133992Z  INFO fs3_daemon::runner: done kind="embed" id=662736 left=32324
2026-08-28T10:50:26.231450Z  INFO fs3_daemon::runner: done kind=summarize subject=docs/plans/071-pr-view/tasks/phase-5-pr-view-overlay/tasks.fltplan.md::Flight Plan: Phase 5 — PR View Overlay::Goals & Non-Goals ms=28 left=32324
2026-08-28T10:50:26.240167Z  INFO fs3_daemon::runner: batch kind="embed" subject=1 x smart jobs=1 ms=0
2026-08-28T10:50:26.262871Z  INFO fs3_daemon::runner: done kind="embed" id=662737 left=32323
2026-08-28T10:50:26.364575Z  INFO fs3_daemon::runner: done kind=summarize subject=docs/plans/071-pr-view/tasks/phase-5-pr-view-overlay/tasks.fltplan.md::Flight Plan: Phase 5 — PR View Overlay::Acceptance Criteria ms=28 left=32323
2026-08-28T10:50:26.373963Z  INFO fs3_daemon::runner: batch kind="embed" subject=1 x smart jobs=1 ms=0
2026-08-28T10:50:26.396387Z  INFO fs3_daemon::runner: done kind="embed" id=662738 left=32322
2026-08-28T10:50:26.475733Z  INFO fs3_daemon::runner: done kind=summarize subject=docs/plans/071-pr-view/tasks/phase-5-pr-view-overlay/tasks.fltplan.md::Flight Plan: Phase 5 — PR View Overlay::Architecture: Before & After ms=12 left=32322
2026-08-28T10:50:26.485247Z  INFO fs3_daemon::runner: batch kind="embed" subject=1 x smart jobs=1 ms=1
2026-08-28T10:50:26.492635Z  INFO fs3_daemon::runner: done kind="embed" id=662739 left=32321
2026-08-28T10:50:26.563387Z  INFO fs3_daemon::runner: done kind=summarize subject=docs/plans/071-pr-view/tasks/phase-5-pr-view-overlay/tasks.fltplan.md::Flight Plan: Phase 5 — PR View Overlay::Stages ms=12 left=32321
2026-08-28T10:50:26.569268Z  INFO fs3_daemon::runner: batch kind="embed" subject=1 x smart jobs=1 ms=0
2026-08-28T10:50:26.577596Z  INFO fs3_daemon::runner: done kind="embed" id=662740 left=32320
2026-08-28T10:50:26.654674Z  INFO fs3_daemon::runner: done kind=summarize subject=docs/plans/071-pr-view/tasks/phase-5-pr-view-overlay/tasks.fltplan.md::Flight Plan: Phase 5 — PR View Overlay::Flight Status ms=13 left=32320
2026-08-28T10:50:26.664348Z  INFO fs3_daemon::runner: batch kind="embed" subject=1 x smart jobs=1 ms=0
2026-08-28T10:50:26.677273Z  INFO fs3_daemon::runner: done kind="embed" id=662741 left=32319
2026-08-28T10:50:26.762633Z  INFO fs3_daemon::runner: done kind=summarize subject=docs/plans/071-pr-view/tasks/phase-5-pr-view-overlay/tasks.fltplan.md::Flight Plan: Phase 5 — PR View Overlay::Domain Context::Cross-Domain Files Modified ms=13 left=32319
2026-08-28T10:50:26.771312Z  INFO fs3_daemon::runner: batch kind="embed" subject=1 x smart jobs=1 ms=0
2026-08-28T10:50:26.778623Z  INFO fs3_daemon::runner: done kind="embed" id=662742 left=32318
2026-08-28T10:50:26.856381Z  INFO fs3_daemon::runner: done kind=summarize subject=docs/plans/071-pr-view/tasks/phase-5-pr-view-overlay/tasks.fltplan.md::Flight Plan: Phase 5 — PR View Overlay::Domain Context::Domains We Depend On (no changes) ms=12 left=32318
2026-08-28T10:50:26.867180Z  INFO fs3_daemon::runner: batch kind="embed" subject=1 x smart jobs=1 ms=1
2026-08-28T10:50:26.878361Z  INFO fs3_daemon::runner: done kind="embed" id=662743 left=32317
2026-08-28T10:50:26.958324Z  INFO fs3_daemon::runner: done kind=summarize subject=docs/plans/071-pr-view/tasks/phase-5-pr-view-overlay/tasks.fltplan.md::Flight Plan: Phase 5 — PR View Overlay::Domain Context ms=13 left=32317
2026-08-28T10:50:26.965603Z  INFO fs3_daemon::runner: batch kind="embed" subject=1 x smart jobs=1 ms=1
2026-08-28T10:50:26.974179Z  INFO fs3_daemon::runner: done kind="embed" id=662744 left=32316
2026-08-28T10:50:27.057268Z  INFO fs3_daemon::runner: done kind=summarize subject=docs/plans/071-pr-view/tasks/phase-5-pr-view-overlay/tasks.fltplan.md::Flight Plan: Phase 5 — PR View Overlay ms=16 left=32316
2026-08-28T10:50:27.061373Z  INFO fs3_daemon::runner: batch kind="embed" subject=1 x smart jobs=1 ms=0
2026-08-28T10:50:27.071264Z  INFO fs3_daemon::runner: done kind="embed" id=662745 left=32315
2026-08-28T10:50:27.158271Z  INFO fs3_daemon::runner: done kind=summarize subject=docs/plans/071-pr-view/tasks/phase-5-pr-view-overlay/reviews/review.phase-5-pr-view-overlay.md::Code Review: Phase 5: PR View Overlay::H) Handover Brief::Required Fixes (if REQUEST_CHANGES) ms=14 left=32315
2026-08-28T10:50:27.162339Z  INFO fs3_daemon::runner: batch kind="embed" subject=1 x smart jobs=1 ms=1
2026-08-28T10:50:27.173515Z  INFO fs3_daemon::runner: done kind="embed" id=662746 left=32314
2026-08-28T10:50:27.240669Z  INFO fs3_daemon::runner: done kind=summarize subject=docs/plans/071-pr-view/tasks/phase-5-pr-view-overlay/reviews/review.phase-5-pr-view-overlay.md::Code Review: Phase 5: PR View Overlay::H) Handover Brief::Files Reviewed ms=10 left=32314
2026-08-28T10:50:27.251649Z  INFO fs3_daemon::runner: batch kind="embed" subject=1 x smart jobs=1 ms=0
2026-08-28T10:50:27.259783Z  INFO fs3_daemon::runner: done kind="embed" id=662747 left=32313
2026-08-28T10:50:27.342797Z  INFO fs3_daemon::runner: done kind=summarize subject=docs/plans/071-pr-view/tasks/phase-5-pr-view-overlay/reviews/review.phase-5-pr-view-overlay.md::Code Review: Phase 5: PR View Overlay::H) Handover Brief ms=13 left=32313
2026-08-28T10:50:27.351342Z  INFO fs3_daemon::runner: batch kind="embed" subject=1 x smart jobs=1 ms=0
2026-08-28T10:50:27.361127Z  INFO fs3_daemon::runner: done kind="embed" id=662748 left=32312
2026-08-28T10:50:27.437096Z  INFO fs3_daemon::runner: done kind=summarize subject=docs/plans/071-pr-view/tasks/phase-5-pr-view-overlay/reviews/review.phase-5-pr-view-overlay.md::Code Review: Phase 5: PR View Overlay::G) Commands Executed ms=8 left=32312
2026-08-28T10:50:27.447298Z  INFO fs3_daemon::runner: batch kind="embed" subject=1 x smart jobs=1 ms=0
2026-08-28T10:50:27.452715Z  INFO fs3_daemon::runner: done kind="embed" id=662749 left=32311
2026-08-28T10:50:27.533341Z  INFO fs3_daemon::runner: done kind=summarize subject=docs/plans/071-pr-view/tasks/phase-5-pr-view-overlay/reviews/review.phase-5-pr-view-overlay.md::Code Review: Phase 5: PR View Overlay::F) Coverage Map ms=11 left=32311
2026-08-28T10:50:27.541727Z  INFO fs3_daemon::runner: batch kind="embed" subject=1 x smart jobs=1 ms=0
2026-08-28T10:50:27.549998Z  INFO fs3_daemon::runner: done kind="embed" id=662750 left=32310
2026-08-28T10:50:27.631549Z  INFO fs3_daemon::runner: done kind=summarize subject=docs/plans/071-pr-view/tasks/phase-5-pr-view-overlay/reviews/review.phase-5-pr-view-overlay.md::Code Review: Phase 5: PR View Overlay::E) Detailed Findings::E.4) Testing & Evidence ms=13 left=32310
2026-08-28T10:50:27.640104Z  INFO fs3_daemon::runner: batch kind="embed" subject=1 x smart jobs=1 ms=0
2026-08-28T10:50:27.649186Z  INFO fs3_daemon::runner: done kind="embed" id=662751 left=32309
2026-08-28T10:50:27.730242Z  INFO fs3_daemon::runner: done kind=summarize subject=docs/plans/071-pr-view/tasks/phase-5-pr-view-overlay/reviews/review.phase-5-pr-view-overlay.md::Code Review: Phase 5: PR View Overlay::E) Detailed Findings::E.3) Anti-Reinvention ms=12 left=32309
2026-08-28T10:50:27.739240Z  INFO fs3_daemon::runner: batch kind="embed" subject=1 x smart jobs=1 ms=0
2026-08-28T10:50:27.746929Z  INFO fs3_daemon::runner: done kind="embed" id=662752 left=32308
2026-08-28T10:50:27.833974Z  INFO fs3_daemon::runner: done kind=summarize subject=docs/plans/071-pr-view/tasks/phase-5-pr-view-overlay/reviews/review.phase-5-pr-view-overlay.md::Code Review: Phase 5: PR View Overlay::E) Detailed Findings::E.2) Domain Compliance ms=17 left=32308
2026-08-28T10:50:27.838300Z  INFO fs3_daemon::runner: batch kind="embed" subject=1 x smart jobs=1 ms=0
2026-08-28T10:50:27.844782Z  INFO fs3_daemon::runner: done kind="embed" id=662753 left=32307
2026-08-28T10:50:27.923504Z  INFO fs3_daemon::runner: done kind=summarize subject=docs/plans/071-pr-view/tasks/phase-5-pr-view-overlay/reviews/review.phase-5-pr-view-overlay.md::Code Review: Phase 5: PR View Overlay::E) Detailed Findings ms=13 left=32307
2026-08-28T10:50:27.934308Z  INFO fs3_daemon::runner: batch kind="embed" subject=1 x smart jobs=1 ms=1
2026-08-28T10:50:27.943851Z  INFO fs3_daemon::runner: done kind="embed" id=662754 left=32306
2026-08-28T10:50:28.018914Z  INFO fs3_daemon::runner: done kind=summarize subject=docs/plans/071-pr-view/tasks/phase-5-pr-view-overlay/reviews/review.phase-5-pr-view-overlay.md::Code Review: Phase 5: PR View Overlay::D) Findings Table ms=12 left=32306
2026-08-28T10:50:28.028139Z  INFO fs3_daemon::runner: batch kind="embed" subject=1 x smart jobs=1 ms=0
2026-08-28T10:50:28.036202Z  INFO fs3_daemon::runner: done kind="embed" id=662755 left=32305
2026-08-28T10:50:28.112899Z  INFO fs3_daemon::runner: done kind=summarize subject=docs/plans/071-pr-view/tasks/phase-5-pr-view-overlay/reviews/review.phase-5-pr-view-overlay.md::Code Review: Phase 5: PR View Overlay::C) Checklist ms=10 left=32305
2026-08-28T10:50:28.121790Z  INFO fs3_daemon::runner: batch kind="embed" subject=1 x smart jobs=1 ms=0
2026-08-28T10:50:28.128692Z  INFO fs3_daemon::runner: done kind="embed" id=662756 left=32304
2026-08-28T10:50:28.216237Z  INFO fs3_daemon::runner: done kind=summarize subject=docs/plans/071-pr-view/tasks/phase-5-pr-view-overlay/reviews/review.phase-5-pr-view-overlay.md::Code Review: Phase 5: PR View Overlay::A) Verdict ms=14 left=32304
2026-08-28T10:50:28.228669Z  INFO fs3_daemon::runner: batch kind="embed" subject=1 x smart jobs=1 ms=0
2026-08-28T10:50:28.236700Z  INFO fs3_daemon::runner: done kind="embed" id=662757 left=32303
2026-08-28T10:50:28.319263Z  INFO fs3_daemon::runner: done kind=summarize subject=docs/plans/071-pr-view/tasks/phase-5-pr-view-overlay/reviews/review.phase-5-pr-view-overlay.md::Code Review: Phase 5: PR View Overlay ms=15 left=32303
2026-08-28T10:50:28.321792Z  INFO fs3_daemon::runner: batch kind="embed" subject=1 x smart jobs=1 ms=0
2026-08-28T10:50:28.328352Z  INFO fs3_daemon::runner: done kind="embed" id=662758 left=32302
2026-08-28T10:50:28.403390Z  INFO fs3_daemon::runner: done kind=summarize subject=docs/plans/071-pr-view/tasks/phase-5-pr-view-overlay/reviews/fix-tasks.phase-5-pr-view-overlay.md::Fix Tasks: Phase 5: PR View Overlay::Medium / Low Fixes::FT-006: Clear the phase-scoped Biome failure ms=11 left=32302
2026-08-28T10:50:28.415206Z  INFO fs3_daemon::runner: batch kind="embed" subject=1 x smart jobs=1 ms=0
2026-08-28T10:50:28.423406Z  INFO fs3_daemon::runner: done kind="embed" id=662759 left=32301
2026-08-28T10:50:28.507137Z  INFO fs3_daemon::runner: done kind=summarize subject=docs/plans/071-pr-view/tasks/phase-5-pr-view-overlay/reviews/fix-tasks.phase-5-pr-view-overlay.md::Fix Tasks: Phase 5: PR View Overlay::Medium / Low Fixes::FT-005: Synchronize the Phase 5 domain artifacts with the shipped code ms=15 left=32301
2026-08-28T10:50:28.517400Z  INFO fs3_daemon::runner: batch kind="embed" subject=1 x smart jobs=1 ms=0
2026-08-28T10:50:28.529123Z  INFO fs3_daemon::runner: done kind="embed" id=662760 left=32300
2026-08-28T10:50:28.616004Z  INFO fs3_daemon::runner: done kind=summarize subject=docs/plans/071-pr-view/tasks/phase-5-pr-view-overlay/reviews/fix-tasks.phase-5-pr-view-overlay.md::Fix Tasks: Phase 5: PR View Overlay::Medium / Low Fixes::FT-004: Consume `DiffViewer` through the viewer public barrel ms=12 left=32300
2026-08-28T10:50:28.623126Z  INFO fs3_daemon::runner: batch kind="embed" subject=1 x smart jobs=1 ms=0
2026-08-28T10:50:28.629505Z  INFO fs3_daemon::runner: done kind="embed" id=662761 left=32299
2026-08-28T10:50:28.717992Z  INFO fs3_daemon::runner: done kind=summarize subject=docs/plans/071-pr-view/tasks/phase-5-pr-view-overlay/reviews/fix-tasks.phase-5-pr-view-overlay.md::Fix Tasks: Phase 5: PR View Overlay::Medium / Low Fixes::FT-003: Ship the Phase 5 placeholder Working/Branch toggle described by T004 ms=20 left=32299
2026-08-28T10:50:28.719554Z  INFO fs3_daemon::runner: batch kind="embed" subject=1 x smart jobs=1 ms=0
2026-08-28T10:50:28.727382Z  INFO fs3_daemon::runner: done kind="embed" id=662762 left=32298
2026-08-28T10:50:28.809332Z  INFO fs3_daemon::runner: done kind=summarize subject=docs/plans/071-pr-view/tasks/phase-5-pr-view-overlay/reviews/fix-tasks.phase-5-pr-view-overlay.md::Fix Tasks: Phase 5: PR View Overlay::Medium / Low Fixes ms=13 left=32298
2026-08-28T10:50:28.816144Z  INFO fs3_daemon::runner: batch kind="embed" subject=1 x smart jobs=1 ms=1
2026-08-28T10:50:28.822328Z  INFO fs3_daemon::runner: done kind="embed" id=662763 left=32297
2026-08-28T10:50:28.893290Z  INFO fs3_daemon::runner: done kind=summarize subject=docs/plans/071-pr-view/tasks/phase-5-pr-view-overlay/reviews/fix-tasks.phase-5-pr-view-overlay.md::Fix Tasks: Phase 5: PR View Overlay::Critical / High Fixes::FT-002: Move SDK domain-registration composition out of the `_platform/sdk` source tree ms=9 left=32297
2026-08-28T10:50:28.903767Z  INFO fs3_daemon::runner: batch kind="embed" subject=1 x smart jobs=1 ms=0
2026-08-28T10:50:28.911866Z  INFO fs3_daemon::runner: done kind="embed" id=662764 left=32296
2026-08-28T10:50:28.990649Z  INFO fs3_daemon::runner: done kind=summarize subject=docs/plans/071-pr-view/tasks/phase-5-pr-view-overlay/reviews/fix-tasks.phase-5-pr-view-overlay.md::Fix Tasks: Phase 5: PR View Overlay::Critical / High Fixes::FT-001: Add lightweight validation for the Phase 5 overlay behaviors ms=12 left=32296
2026-08-28T10:50:29.003204Z  INFO fs3_daemon::runner: batch kind="embed" subject=1 x smart jobs=1 ms=0
2026-08-28T10:50:29.013836Z  INFO fs3_daemon::runner: done kind="embed" id=662765 left=32295
2026-08-28T10:50:29.088696Z  INFO fs3_daemon::runner: done kind=summarize subject=docs/plans/071-pr-view/tasks/phase-5-pr-view-overlay/reviews/fix-tasks.phase-5-pr-view-overlay.md::Fix Tasks: Phase 5: PR View Overlay::Critical / High Fixes ms=9 left=32295
2026-08-28T10:50:29.104188Z  INFO fs3_daemon::runner: batch kind="embed" subject=1 x smart jobs=1 ms=0
2026-08-28T10:50:29.111102Z  INFO fs3_daemon::runner: done kind="embed" id=662766 left=32294
2026-08-28T10:50:29.186730Z  INFO fs3_daemon::runner: done kind=summarize subject=docs/plans/071-pr-view/tasks/phase-5-pr-view-overlay/reviews/fix-tasks.phase-5-pr-view-overlay.md::Fix Tasks: Phase 5: PR View Overlay ms=11 left=32294
2026-08-28T10:50:29.195209Z  INFO fs3_daemon::runner: batch kind="embed" subject=1 x smart jobs=1 ms=0
2026-08-28T10:50:29.202891Z  INFO fs3_daemon::runner: done kind="embed" id=662767 left=32293
2026-08-28T10:50:29.280416Z  INFO fs3_daemon::runner: done kind=summarize subject=docs/plans/071-pr-view/tasks/phase-5-pr-view-overlay/execution.log.md::Execution Log — Phase 5: PR View Overlay::T011: Barrel Exports ms=8 left=32293
2026-08-28T10:50:29.294283Z  INFO fs3_daemon::runner: batch kind="embed" subject=1 x smart jobs=1 ms=1
2026-08-28T10:50:29.307359Z  INFO fs3_daemon::runner: done kind="embed" id=662768 left=32292
2026-08-28T10:50:29.413055Z  INFO fs3_daemon::runner: done kind=summarize subject=docs/plans/071-pr-view/tasks/phase-5-pr-view-overlay/execution.log.md::Execution Log — Phase 5: PR View Overlay::T009: Sidebar Button ms=32 left=32292
2026-08-28T10:50:29.447124Z  INFO fs3_daemon::runner: progress phase="working" scanned=61612 scan_left=33 summarized=125829 summarize_left=32258 embedded=204360 embed_left=1 failed=0
2026-08-28T10:50:29.487648Z  INFO fs3_daemon::runner: batch kind="embed" subject=2 x smart jobs=2 ms=0
2026-08-28T10:50:29.502825Z  INFO fs3_daemon::runner: done kind="embed" id=662769 left=32291
2026-08-28T10:50:29.582060Z  INFO fs3_daemon::runner: done kind="embed" id=662770 left=32290
2026-08-28T10:50:29.680615Z  INFO fs3_daemon::runner: done kind=summarize subject=docs/plans/071-pr-view/tasks/phase-5-pr-view-overlay/execution.log.md::Execution Log — Phase 5: PR View Overlay::T007: Diff Area + Scroll Sync ms=28 left=32290
2026-08-28T10:50:29.724308Z  INFO fs3_daemon::runner: done kind=summarize subject=docs/plans/071-pr-view/tasks/phase-5-pr-view-overlay/execution.log.md::Execution Log — Phase 5: PR View Overlay::T006: Diff Section ms=37 left=32290
2026-08-28T10:50:29.730065Z  INFO fs3_daemon::runner: batch kind="embed" subject=1 x smart jobs=1 ms=0
2026-08-28T10:50:29.749613Z  INFO fs3_daemon::runner: done kind="embed" id=662771 left=32289
2026-08-28T10:50:29.853035Z  INFO fs3_daemon::runner: done kind=summarize subject=docs/plans/071-pr-view/tasks/phase-5-pr-view-overlay/execution.log.md::Execution Log — Phase 5: PR View Overlay::T005: File List ms=28 left=32289
2026-08-28T10:50:29.861642Z  INFO fs3_daemon::runner: batch kind="embed" subject=1 x smart jobs=1 ms=0
2026-08-28T10:50:29.886266Z  INFO fs3_daemon::runner: done kind="embed" id=662772 left=32288
2026-08-28T10:50:29.983196Z  INFO fs3_daemon::runner: done kind=summarize subject=docs/plans/071-pr-view/tasks/phase-5-pr-view-overlay/execution.log.md::Execution Log — Phase 5: PR View Overlay::T003: Overlay Panel ms=24 left=32288
2026-08-28T10:50:29.987061Z  INFO fs3_daemon::runner: batch kind="embed" subject=1 x smart jobs=1 ms=0
2026-08-28T10:50:30.007659Z  INFO fs3_daemon::runner: done kind="embed" id=662773 left=32287
2026-08-28T10:50:30.093492Z  INFO fs3_daemon::runner: done kind=summarize subject=docs/plans/071-pr-view/tasks/phase-5-pr-view-overlay/execution.log.md::Execution Log — Phase 5: PR View Overlay::T002: Data Hook ms=19 left=32287
2026-08-28T10:50:30.100355Z  INFO fs3_daemon::runner: batch kind="embed" subject=1 x smart jobs=1 ms=0
2026-08-28T10:50:30.112648Z  INFO fs3_daemon::runner: done kind="embed" id=662774 left=32286
2026-08-28T10:50:30.212088Z  INFO fs3_daemon::runner: done kind=summarize subject=docs/plans/071-pr-view/tasks/phase-5-pr-view-overlay/execution.log.md::Execution Log — Phase 5: PR View Overlay::T001: Overlay Provider ms=25 left=32286
2026-08-28T10:50:30.220568Z  INFO fs3_daemon::runner: batch kind="embed" subject=1 x smart jobs=1 ms=0
2026-08-28T10:50:30.240739Z  INFO fs3_daemon::runner: done kind="embed" id=662775 left=32285
2026-08-28T10:50:30.352692Z  INFO fs3_daemon::runner: done kind=summarize subject=docs/plans/071-pr-view/tasks/phase-5-pr-view-overlay/execution.log.md::Execution Log — Phase 5: PR View Overlay ms=34 left=32285
2026-08-28T10:50:30.359591Z  INFO fs3_daemon::runner: batch kind="embed" subject=1 x smart jobs=1 ms=0
2026-08-28T10:50:30.380552Z  INFO fs3_daemon::runner: done kind="embed" id=662776 left=32284
2026-08-28T10:50:30.486551Z  INFO fs3_daemon::runner: done kind=summarize subject=docs/plans/071-pr-view/tasks/phase-4-pr-view-data-layer/tasks.md::Phase 4: PR View Data Layer — Tasks::Critical Insights (2026-03-09) ms=31 left=32284
2026-08-28T10:50:30.500904Z  INFO fs3_daemon::runner: batch kind="embed" subject=1 x smart jobs=1 ms=0
2026-08-28T10:50:30.520435Z  INFO fs3_daemon::runner: done kind="embed" id=662777 left=32283
2026-08-28T10:50:30.623576Z  INFO fs3_daemon::runner: done kind=summarize subject=docs/plans/071-pr-view/tasks/phase-4-pr-view-data-layer/tasks.md::Phase 4: PR View Data Layer — Tasks::Directory Layout ms=33 left=32283
2026-08-28T10:50:30.632366Z  INFO fs3_daemon::runner: batch kind="embed" subject=1 x smart jobs=1 ms=0
2026-08-28T10:50:30.649668Z  INFO fs3_daemon::runner: done kind="embed" id=662778 left=32282
2026-08-28T10:50:30.755350Z  INFO fs3_daemon::runner: batch kind="embed" subject=1 x smart jobs=1 ms=0
2026-08-28T10:50:30.770990Z  INFO fs3_daemon::runner: done kind=summarize subject=docs/plans/071-pr-view/tasks/phase-4-pr-view-data-layer/tasks.md::Phase 4: PR View Data Layer — Tasks::Context Brief::Comparison mode sequence ms=43 left=32282
2026-08-28T10:50:30.783588Z  INFO fs3_daemon::runner: done kind="embed" id=662779 left=32281
2026-08-28T10:50:30.882677Z  INFO fs3_daemon::runner: done kind=summarize subject=docs/plans/071-pr-view/tasks/phase-4-pr-view-data-layer/tasks.md::Phase 4: PR View Data Layer — Tasks::Context Brief::Worktree data flow ms=29 left=32281
2026-08-28T10:50:30.889566Z  INFO fs3_daemon::runner: batch kind="embed" subject=1 x smart jobs=1 ms=0
2026-08-28T10:50:30.905337Z  INFO fs3_daemon::runner: done kind="embed" id=662780 left=32280
2026-08-28T10:50:31.001298Z  INFO fs3_daemon::runner: done kind=summarize subject=docs/plans/071-pr-view/tasks/phase-4-pr-view-data-layer/tasks.md::Phase 4: PR View Data Layer — Tasks::Context Brief::Reusable from prior phases ms=30 left=32280
2026-08-28T10:50:31.004804Z  INFO fs3_daemon::runner: batch kind="embed" subject=1 x smart jobs=1 ms=0
2026-08-28T10:50:31.020367Z  INFO fs3_daemon::runner: done kind="embed" id=662781 left=32279
2026-08-28T10:50:31.107154Z  INFO fs3_daemon::runner: done kind=summarize subject=docs/plans/071-pr-view/tasks/phase-4-pr-view-data-layer/tasks.md::Phase 4: PR View Data Layer — Tasks::Context Brief ms=13 left=32279
2026-08-28T10:50:31.113374Z  INFO fs3_daemon::runner: batch kind="embed" subject=1 x smart jobs=1 ms=0
2026-08-28T10:50:31.121688Z  INFO fs3_daemon::runner: done kind="embed" id=662782 left=32278
2026-08-28T10:50:31.203450Z  INFO fs3_daemon::runner: done kind=summarize subject=docs/plans/071-pr-view/tasks/phase-4-pr-view-data-layer/tasks.md::Phase 4: PR View Data Layer — Tasks::Tasks ms=12 left=32278
2026-08-28T10:50:31.209176Z  INFO fs3_daemon::runner: batch kind="embed" subject=1 x smart jobs=1 ms=0
2026-08-28T10:50:31.217308Z  INFO fs3_daemon::runner: done kind="embed" id=662783 left=32277
2026-08-28T10:50:31.288470Z  INFO fs3_daemon::runner: done kind=summarize subject=docs/plans/071-pr-view/tasks/phase-4-pr-view-data-layer/tasks.md::Phase 4: PR View Data Layer — Tasks::Architecture Map ms=13 left=32277
2026-08-28T10:50:31.298041Z  INFO fs3_daemon::runner: batch kind="embed" subject=1 x smart jobs=1 ms=0
2026-08-28T10:50:31.304961Z  INFO fs3_daemon::runner: done kind="embed" id=662784 left=32276
2026-08-28T10:50:31.392389Z  INFO fs3_daemon::runner: done kind=summarize subject=docs/plans/071-pr-view/tasks/phase-4-pr-view-data-layer/tasks.md::Phase 4: PR View Data Layer — Tasks::Pre-Implementation Check ms=16 left=32276
2026-08-28T10:50:31.399900Z  INFO fs3_daemon::runner: batch kind="embed" subject=1 x smart jobs=1 ms=0
2026-08-28T10:50:31.408371Z  INFO fs3_daemon::runner: done kind="embed" id=662785 left=32275
2026-08-28T10:50:31.489511Z  INFO fs3_daemon::runner: done kind=summarize subject=docs/plans/071-pr-view/tasks/phase-4-pr-view-data-layer/tasks.md::Phase 4: PR View Data Layer — Tasks::Prior Phase Context::Phase 3: File Notes CLI — Completed ms=14 left=32275
2026-08-28T10:50:31.495956Z  INFO fs3_daemon::runner: batch kind="embed" subject=1 x smart jobs=1 ms=1
2026-08-28T10:50:31.502483Z  INFO fs3_daemon::runner: done kind="embed" id=662786 left=32274
2026-08-28T10:50:31.581861Z  INFO fs3_daemon::runner: done kind=summarize subject=docs/plans/071-pr-view/tasks/phase-4-pr-view-data-layer/tasks.md::Phase 4: PR View Data Layer — Tasks::Prior Phase Context::Phase 2: File Notes Web UI — Completed ms=11 left=32274
2026-08-28T10:50:31.589694Z  INFO fs3_daemon::runner: batch kind="embed" subject=1 x smart jobs=1 ms=0
2026-08-28T10:50:31.597668Z  INFO fs3_daemon::runner: done kind="embed" id=662787 left=32273
2026-08-28T10:50:31.674561Z  INFO fs3_daemon::runner: done kind=summarize subject=docs/plans/071-pr-view/tasks/phase-4-pr-view-data-layer/tasks.md::Phase 4: PR View Data Layer — Tasks::Prior Phase Context::Phase 1: File Notes Data Layer — Completed ms=13 left=32273
2026-08-28T10:50:31.683425Z  INFO fs3_daemon::runner: batch kind="embed" subject=1 x smart jobs=1 ms=0
2026-08-28T10:50:31.690914Z  INFO fs3_daemon::runner: done kind="embed" id=662788 left=32272
2026-08-28T10:50:31.759283Z  INFO fs3_daemon::runner: done kind=summarize subject=docs/plans/071-pr-view/tasks/phase-4-pr-view-data-layer/tasks.md::Phase 4: PR View Data Layer — Tasks::Prior Phase Context ms=11 left=32272
2026-08-28T10:50:31.767741Z  INFO fs3_daemon::runner: batch kind="embed" subject=1 x smart jobs=1 ms=0
2026-08-28T10:50:31.774717Z  INFO fs3_daemon::runner: done kind="embed" id=662789 left=32271
2026-08-28T10:50:31.857407Z  INFO fs3_daemon::runner: done kind=summarize subject=docs/plans/071-pr-view/tasks/phase-4-pr-view-data-layer/tasks.md::Phase 4: PR View Data Layer — Tasks::Executive Briefing ms=13 left=32271
2026-08-28T10:50:31.864528Z  INFO fs3_daemon::runner: batch kind="embed" subject=1 x smart jobs=1 ms=0
2026-08-28T10:50:31.872495Z  INFO fs3_daemon::runner: done kind="embed" id=662790 left=32270
2026-08-28T10:50:31.948576Z  INFO fs3_daemon::runner: done kind=summarize subject=docs/plans/071-pr-view/tasks/phase-4-pr-view-data-layer/tasks.md::Phase 4: PR View Data Layer — Tasks ms=9 left=32270
2026-08-28T10:50:31.960220Z  INFO fs3_daemon::runner: batch kind="embed" subject=1 x smart jobs=1 ms=1
2026-08-28T10:50:31.967082Z  INFO fs3_daemon::runner: done kind="embed" id=662791 left=32269
2026-08-28T10:50:32.052184Z  INFO fs3_daemon::runner: done kind=summarize subject=docs/plans/071-pr-view/tasks/phase-4-pr-view-data-layer/tasks.fltplan.md::Flight Plan: Phase 4 — PR View Data Layer::Checklist ms=15 left=32269
2026-08-28T10:50:32.063201Z  INFO fs3_daemon::runner: batch kind="embed" subject=1 x smart jobs=1 ms=1
2026-08-28T10:50:32.071071Z  INFO fs3_daemon::runner: done kind="embed" id=662792 left=32268
2026-08-28T10:50:32.157886Z  INFO fs3_daemon::runner: done kind=summarize subject=docs/plans/071-pr-view/tasks/phase-4-pr-view-data-layer/tasks.fltplan.md::Flight Plan: Phase 4 — PR View Data Layer::Goals & Non-Goals ms=16 left=32268
2026-08-28T10:50:32.168519Z  INFO fs3_daemon::runner: batch kind="embed" subject=1 x smart jobs=1 ms=0
2026-08-28T10:50:32.178736Z  INFO fs3_daemon::runner: done kind="embed" id=662793 left=32267
2026-08-28T10:50:32.258960Z  INFO fs3_daemon::runner: done kind=summarize subject=docs/plans/071-pr-view/tasks/phase-4-pr-view-data-layer/tasks.fltplan.md::Flight Plan: Phase 4 — PR View Data Layer::Architecture: Before & After ms=12 left=32267
2026-08-28T10:50:32.263750Z  INFO fs3_daemon::runner: batch kind="embed" subject=1 x smart jobs=1 ms=0
2026-08-28T10:50:32.271241Z  INFO fs3_daemon::runner: done kind="embed" id=662794 left=32266
2026-08-28T10:50:32.352151Z  INFO fs3_daemon::runner: done kind=summarize subject=docs/plans/071-pr-view/tasks/phase-4-pr-view-data-layer/tasks.fltplan.md::Flight Plan: Phase 4 — PR View Data Layer::Stages ms=10 left=32266
2026-08-28T10:50:32.363254Z  INFO fs3_daemon::runner: batch kind="embed" subject=1 x smart jobs=1 ms=0
2026-08-28T10:50:32.377281Z  INFO fs3_daemon::runner: done kind="embed" id=662795 left=32265
2026-08-28T10:50:32.454739Z  INFO fs3_daemon::runner: done kind=summarize subject=docs/plans/071-pr-view/tasks/phase-4-pr-view-data-layer/tasks.fltplan.md::Flight Plan: Phase 4 — PR View Data Layer::Flight Status ms=12 left=32265
2026-08-28T10:50:32.467873Z  INFO fs3_daemon::runner: batch kind="embed" subject=1 x smart jobs=1 ms=0
2026-08-28T10:50:32.478145Z  INFO fs3_daemon::runner: done kind="embed" id=662796 left=32264
2026-08-28T10:50:32.549360Z  INFO fs3_daemon::runner: done kind=summarize subject=docs/plans/071-pr-view/tasks/phase-4-pr-view-data-layer/tasks.fltplan.md::Flight Plan: Phase 4 — PR View Data Layer::Domain Context::Domains We Depend On (no changes) ms=12 left=32264
2026-08-28T10:50:32.558019Z  INFO fs3_daemon::runner: batch kind="embed" subject=1 x smart jobs=1 ms=0
2026-08-28T10:50:32.564561Z  INFO fs3_daemon::runner: done kind="embed" id=662797 left=32263
2026-08-28T10:50:32.644030Z  INFO fs3_daemon::runner: done kind=summarize subject=docs/plans/071-pr-view/tasks/phase-4-pr-view-data-layer/tasks.fltplan.md::Flight Plan: Phase 4 — PR View Data Layer::Domain Context ms=10 left=32263
2026-08-28T10:50:32.655984Z  INFO fs3_daemon::runner: batch kind="embed" subject=1 x smart jobs=1 ms=1
2026-08-28T10:50:32.662040Z  INFO fs3_daemon::runner: done kind="embed" id=662798 left=32262
2026-08-28T10:50:32.737818Z  INFO fs3_daemon::runner: done kind=summarize subject=docs/plans/071-pr-view/tasks/phase-4-pr-view-data-layer/tasks.fltplan.md::Flight Plan: Phase 4 — PR View Data Layer ms=12 left=32262
2026-08-28T10:50:32.748005Z  INFO fs3_daemon::runner: batch kind="embed" subject=1 x smart jobs=1 ms=0
2026-08-28T10:50:32.760431Z  INFO fs3_daemon::runner: done kind="embed" id=662799 left=32261
2026-08-28T10:50:32.840233Z  INFO fs3_daemon::runner: done kind=summarize subject=docs/plans/071-pr-view/tasks/phase-4-pr-view-data-layer/reviews/review.phase-4-pr-view-data-layer.md::Code Review: Phase 4: PR View Data Layer::H) Handover Brief::Domain Artifacts to Update (if any) ms=13 left=32261
2026-08-28T10:50:32.853130Z  INFO fs3_daemon::runner: batch kind="embed" subject=1 x smart jobs=1 ms=0
2026-08-28T10:50:32.860534Z  INFO fs3_daemon::runner: done kind="embed" id=662800 left=32260
2026-08-28T10:50:32.937043Z  INFO fs3_daemon::runner: done kind=summarize subject=docs/plans/071-pr-view/tasks/phase-4-pr-view-data-layer/reviews/review.phase-4-pr-view-data-layer.md::Code Review: Phase 4: PR View Data Layer::H) Handover Brief::Required Fixes (if REQUEST_CHANGES) ms=10 left=32260
2026-08-28T10:50:32.947331Z  INFO fs3_daemon::runner: batch kind="embed" subject=1 x smart jobs=1 ms=0
2026-08-28T10:50:32.954994Z  INFO fs3_daemon::runner: done kind="embed" id=662801 left=32259
2026-08-28T10:50:33.033634Z  INFO fs3_daemon::runner: done kind=summarize subject=docs/plans/071-pr-view/tasks/phase-4-pr-view-data-layer/reviews/review.phase-4-pr-view-data-layer.md::Code Review: Phase 4: PR View Data Layer::H) Handover Brief::Files Reviewed ms=14 left=32259
2026-08-28T10:50:33.038784Z  INFO fs3_daemon::runner: batch kind="embed" subject=1 x smart jobs=1 ms=0
2026-08-28T10:50:33.046080Z  INFO fs3_daemon::runner: done kind="embed" id=662802 left=32258
2026-08-28T10:50:33.117521Z  INFO fs3_daemon::runner: done kind=summarize subject=docs/plans/071-pr-view/tasks/phase-4-pr-view-data-layer/reviews/review.phase-4-pr-view-data-layer.md::Code Review: Phase 4: PR View Data Layer::H) Handover Brief ms=10 left=32258
2026-08-28T10:50:33.126163Z  INFO fs3_daemon::runner: batch kind="embed" subject=1 x smart jobs=1 ms=0
2026-08-28T10:50:33.134782Z  INFO fs3_daemon::runner: done kind="embed" id=662803 left=32257
2026-08-28T10:50:33.213933Z  INFO fs3_daemon::runner: done kind=summarize subject=docs/plans/071-pr-view/tasks/phase-4-pr-view-data-layer/reviews/review.phase-4-pr-view-data-layer.md::Code Review: Phase 4: PR View Data Layer::G) Commands Executed ms=15 left=32257
2026-08-28T10:50:33.217724Z  INFO fs3_daemon::runner: batch kind="embed" subject=1 x smart jobs=1 ms=1
2026-08-28T10:50:33.226484Z  INFO fs3_daemon::runner: done kind="embed" id=662804 left=32256
2026-08-28T10:50:33.301831Z  INFO fs3_daemon::runner: done kind=summarize subject=docs/plans/071-pr-view/tasks/phase-4-pr-view-data-layer/reviews/review.phase-4-pr-view-data-layer.md::Code Review: Phase 4: PR View Data Layer::F) Coverage Map ms=9 left=32256
2026-08-28T10:50:33.314591Z  INFO fs3_daemon::runner: batch kind="embed" subject=1 x smart jobs=1 ms=0
2026-08-28T10:50:33.327503Z  INFO fs3_daemon::runner: done kind="embed" id=662805 left=32255
2026-08-28T10:50:33.483569Z  INFO fs3_daemon::runner: done kind=summarize subject=docs/plans/071-pr-view/tasks/phase-4-pr-view-data-layer/reviews/review.phase-4-pr-view-data-layer.md::Code Review: Phase 4: PR View Data Layer::E) Detailed Findings::E.4) Testing & Evidence ms=16 left=32255
2026-08-28T10:50:33.490200Z  INFO fs3_daemon::runner: batch kind="embed" subject=1 x smart jobs=1 ms=0
2026-08-28T10:50:33.496850Z  INFO fs3_daemon::runner: done kind="embed" id=662806 left=32254
2026-08-28T10:50:33.587521Z  INFO fs3_daemon::runner: done kind=summarize subject=docs/plans/071-pr-view/tasks/phase-4-pr-view-data-layer/reviews/review.phase-4-pr-view-data-layer.md::Code Review: Phase 4: PR View Data Layer::E) Detailed Findings::E.3) Anti-Reinvention ms=13 left=32254
2026-08-28T10:50:33.593965Z  INFO fs3_daemon::runner: batch kind="embed" subject=1 x smart jobs=1 ms=0
2026-08-28T10:50:33.609366Z  INFO fs3_daemon::runner: done kind="embed" id=662807 left=32253
2026-08-28T10:50:33.686896Z  INFO fs3_daemon::runner: done kind=summarize subject=docs/plans/071-pr-view/tasks/phase-4-pr-view-data-layer/reviews/review.phase-4-pr-view-data-layer.md::Code Review: Phase 4: PR View Data Layer::E) Detailed Findings::E.2) Domain Compliance ms=8 left=32253
2026-08-28T10:50:33.709864Z  INFO fs3_daemon::runner: batch kind="embed" subject=1 x smart jobs=1 ms=0
2026-08-28T10:50:33.721407Z  INFO fs3_daemon::runner: done kind="embed" id=662808 left=32252
2026-08-28T10:50:33.796022Z  INFO fs3_daemon::runner: done kind=summarize subject=docs/plans/071-pr-view/tasks/phase-4-pr-view-data-layer/reviews/review.phase-4-pr-view-data-layer.md::Code Review: Phase 4: PR View Data Layer::E) Detailed Findings ms=12 left=32252
2026-08-28T10:50:33.825658Z  INFO fs3_daemon::runner: batch kind="embed" subject=1 x smart jobs=1 ms=0
2026-08-28T10:50:33.842769Z  INFO fs3_daemon::runner: done kind="embed" id=662809 left=32251
2026-08-28T10:50:33.970477Z  INFO fs3_daemon::runner: done kind=summarize subject=docs/plans/071-pr-view/tasks/phase-4-pr-view-data-layer/reviews/review.phase-4-pr-view-data-layer.md::Code Review: Phase 4: PR View Data Layer::D) Findings Table ms=44 left=32251
2026-08-28T10:50:33.979587Z  INFO fs3_daemon::runner: batch kind="embed" subject=1 x smart jobs=1 ms=0
2026-08-28T10:50:34.001947Z  INFO fs3_daemon::runner: done kind="embed" id=662810 left=32250
2026-08-28T10:50:34.109899Z  INFO fs3_daemon::runner: done kind=summarize subject=docs/plans/071-pr-view/tasks/phase-4-pr-view-data-layer/reviews/review.phase-4-pr-view-data-layer.md::Code Review: Phase 4: PR View Data Layer::C) Checklist ms=34 left=32250
2026-08-28T10:50:34.119192Z  INFO fs3_daemon::runner: batch kind="embed" subject=1 x smart jobs=1 ms=0
2026-08-28T10:50:34.134613Z  INFO fs3_daemon::runner: done kind="embed" id=662811 left=32249
2026-08-28T10:50:34.240584Z  INFO fs3_daemon::runner: done kind=summarize subject=docs/plans/071-pr-view/tasks/phase-4-pr-view-data-layer/reviews/review.phase-4-pr-view-data-layer.md::Code Review: Phase 4: PR View Data Layer::A) Verdict ms=34 left=32249
2026-08-28T10:50:34.243388Z  INFO fs3_daemon::runner: batch kind="embed" subject=1 x smart jobs=1 ms=0
2026-08-28T10:50:34.269212Z  INFO fs3_daemon::runner: done kind="embed" id=662812 left=32248
2026-08-28T10:50:34.333629Z  INFO fs3_daemon::worktrees: unregistered a vanished git worktree root=/Users/jordanknight/substrate/flowspace/poctest-wtdiff-20260828T104446Z
2026-08-28T10:50:34.390492Z  INFO fs3_daemon::runner: done kind=summarize subject=docs/plans/071-pr-view/tasks/phase-4-pr-view-data-layer/reviews/review.phase-4-pr-view-data-layer.md::Code Review: Phase 4: PR View Data Layer ms=31 left=32248
2026-08-28T10:50:34.399750Z  INFO fs3_daemon::runner: batch kind="embed" subject=1 x smart jobs=1 ms=0
2026-08-28T10:50:34.421744Z  INFO fs3_daemon::runner: done kind="embed" id=662813 left=32247
2026-08-28T10:50:34.535117Z  INFO fs3_daemon::runner: done kind=summarize subject=docs/plans/071-pr-view/tasks/phase-4-pr-view-data-layer/reviews/fix-tasks.phase-4-pr-view-data-layer.md::Fix Tasks: Phase 4: PR View Data Layer::Medium / Low Fixes::FT-007: Keep the PR View L3 diagram internal-only ms=27 left=32247
2026-08-28T10:50:34.572942Z  INFO fs3_daemon::runner: progress phase="working" scanned=61612 scan_left=33 summarized=125874 summarize_left=32213 embedded=204405 embed_left=1 failed=0
2026-08-28T10:50:34.621694Z  INFO fs3_daemon::runner: batch kind="embed" subject=2 x smart jobs=2 ms=0
2026-08-28T10:50:34.638315Z  INFO fs3_daemon::runner: done kind="embed" id=662814 left=32246
2026-08-28T10:50:34.714681Z  INFO fs3_daemon::runner: done kind="embed" id=662815 left=32245
2026-08-28T10:50:34.812844Z  INFO fs3_daemon::runner: done kind=summarize subject=docs/plans/071-pr-view/tasks/phase-4-pr-view-data-layer/reviews/fix-tasks.phase-4-pr-view-data-layer.md::Fix Tasks: Phase 4: PR View Data Layer::Medium / Low Fixes::FT-006: Replace the internal `file-browser` import with a published contract ms=25 left=32245
2026-08-28T10:50:34.861505Z  INFO fs3_daemon::runner: done kind=summarize subject=docs/plans/071-pr-view/tasks/phase-4-pr-view-data-layer/reviews/fix-tasks.phase-4-pr-view-data-layer.md::Fix Tasks: Phase 4: PR View Data Layer::Medium / Low Fixes::FT-005: Activate stale-entry pruning in live mutation paths ms=35 left=32245
2026-08-28T10:50:34.868290Z  INFO fs3_daemon::runner: batch kind="embed" subject=1 x smart jobs=1 ms=0
2026-08-28T10:50:34.883972Z  INFO fs3_daemon::runner: done kind="embed" id=662816 left=32244
2026-08-28T10:50:34.982032Z  INFO fs3_daemon::runner: done kind=summarize subject=docs/plans/071-pr-view/tasks/phase-4-pr-view-data-layer/reviews/fix-tasks.phase-4-pr-view-data-layer.md::Fix Tasks: Phase 4: PR View Data Layer::Medium / Low Fixes ms=27 left=32244
2026-08-28T10:50:34.994030Z  INFO fs3_daemon::runner: batch kind="embed" subject=1 x smart jobs=1 ms=4
2026-08-28T10:50:35.014480Z  INFO fs3_daemon::runner: done kind="embed" id=662817 left=32243
2026-08-28T10:50:35.121556Z  INFO fs3_daemon::runner: done kind=summarize subject=docs/plans/071-pr-view/tasks/phase-4-pr-view-data-layer/reviews/fix-tasks.phase-4-pr-view-data-layer.md::Fix Tasks: Phase 4: PR View Data Layer::Critical / High Fixes::FT-004: Fix aggregate invalidation and prove it with integration tests ms=30 left=32243
2026-08-28T10:50:35.128409Z  INFO fs3_daemon::runner: batch kind="embed" subject=1 x smart jobs=1 ms=0
2026-08-28T10:50:35.150599Z  INFO fs3_daemon::runner: done kind="embed" id=662818 left=32242
2026-08-28T10:50:35.251901Z  INFO fs3_daemon::runner: done kind=summarize subject=docs/plans/071-pr-view/tasks/phase-4-pr-view-data-layer/reviews/fix-tasks.phase-4-pr-view-data-layer.md::Fix Tasks: Phase 4: PR View Data Layer::Critical / High Fixes::FT-003: Add request-contract tests for PR View route/actions ms=29 left=32242
2026-08-28T10:50:35.260154Z  INFO fs3_daemon::runner: batch kind="embed" subject=1 x smart jobs=1 ms=3
2026-08-28T10:50:35.286364Z  INFO fs3_daemon::runner: done kind="embed" id=662819 left=32241
2026-08-28T10:50:35.394536Z  INFO fs3_daemon::runner: done kind=summarize subject=docs/plans/071-pr-view/tasks/phase-4-pr-view-data-layer/reviews/fix-tasks.phase-4-pr-view-data-layer.md::Fix Tasks: Phase 4: PR View Data Layer::Critical / High Fixes::FT-002: Return real payloads for untracked files in working mode ms=33 left=32241
2026-08-28T10:50:35.402900Z  INFO fs3_daemon::runner: batch kind="embed" subject=1 x smart jobs=1 ms=1
2026-08-28T10:50:35.424473Z  INFO fs3_daemon::runner: done kind="embed" id=662820 left=32240
2026-08-28T10:50:35.502731Z  INFO fs3_daemon::runner: done kind=summarize subject=docs/plans/071-pr-view/tasks/phase-4-pr-view-data-layer/reviews/fix-tasks.phase-4-pr-view-data-layer.md::Fix Tasks: Phase 4: PR View Data Layer::Critical / High Fixes::FT-001: Validate hashed paths against the selected worktree ms=11 left=32240
2026-08-28T10:50:35.522887Z  INFO fs3_daemon::runner: batch kind="embed" subject=1 x smart jobs=1 ms=0
2026-08-28T10:50:35.529391Z  INFO fs3_daemon::runner: done kind="embed" id=662821 left=32239
2026-08-28T10:50:35.605983Z  INFO fs3_daemon::runner: done kind=summarize subject=docs/plans/071-pr-view/tasks/phase-4-pr-view-data-layer/reviews/fix-tasks.phase-4-pr-view-data-layer.md::Fix Tasks: Phase 4: PR View Data Layer::Critical / High Fixes ms=8 left=32239
2026-08-28T10:50:35.616764Z  INFO fs3_daemon::runner: batch kind="embed" subject=1 x smart jobs=1 ms=0
2026-08-28T10:50:35.623044Z  INFO fs3_daemon::runner: done kind="embed" id=662822 left=32238
2026-08-28T10:50:35.701779Z  INFO fs3_daemon::runner: done kind=summarize subject=docs/plans/071-pr-view/tasks/phase-4-pr-view-data-layer/reviews/fix-tasks.phase-4-pr-view-data-layer.md::Fix Tasks: Phase 4: PR View Data Layer ms=10 left=32238
2026-08-28T10:50:35.712182Z  INFO fs3_daemon::runner: batch kind="embed" subject=1 x smart jobs=1 ms=1
2026-08-28T10:50:35.722642Z  INFO fs3_daemon::runner: done kind="embed" id=662823 left=32237
2026-08-28T10:50:35.802731Z  INFO fs3_daemon::runner: done kind=summarize subject=docs/plans/071-pr-view/tasks/phase-4-pr-view-data-layer/execution.log.md::Execution Log: Phase 4 — PR View Data Layer::Task Log ms=9 left=32237
2026-08-28T10:50:35.817190Z  INFO fs3_daemon::runner: batch kind="embed" subject=1 x smart jobs=1 ms=0
2026-08-28T10:50:35.823908Z  INFO fs3_daemon::runner: done kind="embed" id=662824 left=32236
2026-08-28T10:50:35.903572Z  INFO fs3_daemon::runner: done kind=summarize subject=docs/plans/071-pr-view/tasks/phase-3-file-notes-cli/tasks.md::Phase 3: File Notes CLI — Tasks::Directory Layout ms=11 left=32236
2026-08-28T10:50:35.916944Z  INFO fs3_daemon::runner: batch kind="embed" subject=1 x smart jobs=1 ms=0
2026-08-28T10:50:35.926639Z  INFO fs3_daemon::runner: done kind="embed" id=662825 left=32235
2026-08-28T10:50:36.030626Z  INFO fs3_daemon::runner: batch kind="embed" subject=1 x smart jobs=1 ms=0
2026-08-28T10:50:36.039698Z  INFO fs3_daemon::runner: done kind="embed" id=662826 left=32234
2026-08-28T10:50:36.039837Z  INFO fs3_daemon::runner: done kind=summarize subject=docs/plans/071-pr-view/tasks/phase-4-pr-view-data-layer/execution.log.md::Execution Log: Phase 4 — PR View Data Layer ms=27 left=32235
2026-08-28T10:50:36.136088Z  INFO fs3_daemon::runner: done kind=summarize subject=docs/plans/071-pr-view/tasks/phase-3-file-notes-cli/tasks.md::Phase 3: File Notes CLI — Tasks::Context Brief::Command interaction flow ms=17 left=32234
2026-08-28T10:50:36.140999Z  INFO fs3_daemon::runner: batch kind="embed" subject=1 x smart jobs=1 ms=1
2026-08-28T10:50:36.151308Z  INFO fs3_daemon::runner: done kind="embed" id=662827 left=32233
2026-08-28T10:50:36.226519Z  INFO fs3_daemon::runner: done kind=summarize subject=docs/plans/071-pr-view/tasks/phase-3-file-notes-cli/tasks.md::Phase 3: File Notes CLI — Tasks::Context Brief::Worktree resolution flow ms=13 left=32233
2026-08-28T10:50:36.235146Z  INFO fs3_daemon::runner: batch kind="embed" subject=1 x smart jobs=1 ms=1
2026-08-28T10:50:36.242547Z  INFO fs3_daemon::runner: done kind="embed" id=662828 left=32232
2026-08-28T10:50:36.323110Z  INFO fs3_daemon::runner: done kind=summarize subject=docs/plans/071-pr-view/tasks/phase-3-file-notes-cli/tasks.md::Phase 3: File Notes CLI — Tasks::Context Brief ms=11 left=32232
2026-08-28T10:50:36.333153Z  INFO fs3_daemon::runner: batch kind="embed" subject=1 x smart jobs=1 ms=0
2026-08-28T10:50:36.341627Z  INFO fs3_daemon::runner: done kind="embed" id=662829 left=32231
2026-08-28T10:50:36.423116Z  INFO fs3_daemon::runner: done kind=summarize subject=docs/plans/071-pr-view/tasks/phase-3-file-notes-cli/tasks.md::Phase 3: File Notes CLI — Tasks::Tasks ms=13 left=32231
2026-08-28T10:50:36.431185Z  INFO fs3_daemon::runner: batch kind="embed" subject=1 x smart jobs=1 ms=1
2026-08-28T10:50:36.438835Z  INFO fs3_daemon::runner: done kind="embed" id=662830 left=32230
2026-08-28T10:50:36.521421Z  INFO fs3_daemon::runner: done kind=summarize subject=docs/plans/071-pr-view/tasks/phase-3-file-notes-cli/tasks.md::Phase 3: File Notes CLI — Tasks::Architecture Map ms=12 left=32230
2026-08-28T10:50:36.534169Z  INFO fs3_daemon::runner: batch kind="embed" subject=1 x smart jobs=1 ms=1
2026-08-28T10:50:36.543285Z  INFO fs3_daemon::runner: done kind="embed" id=662831 left=32229
2026-08-28T10:50:36.621724Z  INFO fs3_daemon::runner: done kind=summarize subject=docs/plans/071-pr-view/tasks/phase-3-file-notes-cli/tasks.md::Phase 3: File Notes CLI — Tasks::Pre-Implementation Check ms=10 left=32229
2026-08-28T10:50:36.630800Z  INFO fs3_daemon::runner: batch kind="embed" subject=1 x smart jobs=1 ms=0
2026-08-28T10:50:36.637950Z  INFO fs3_daemon::runner: done kind="embed" id=662832 left=32228
2026-08-28T10:50:36.722512Z  INFO fs3_daemon::runner: done kind=summarize subject=docs/plans/071-pr-view/tasks/phase-3-file-notes-cli/tasks.md::Phase 3: File Notes CLI — Tasks::Prior Phase Context::Phase 2: File Notes Web UI — Completed ms=14 left=32228
2026-08-28T10:50:36.730739Z  INFO fs3_daemon::runner: batch kind="embed" subject=1 x smart jobs=1 ms=0
2026-08-28T10:50:36.741171Z  INFO fs3_daemon::runner: done kind="embed" id=662833 left=32227
2026-08-28T10:50:36.824383Z  INFO fs3_daemon::runner: done kind=summarize subject=docs/plans/071-pr-view/tasks/phase-3-file-notes-cli/tasks.md::Phase 3: File Notes CLI — Tasks::Prior Phase Context::Phase 1: File Notes Data Layer — Completed ms=12 left=32227
2026-08-28T10:50:36.833015Z  INFO fs3_daemon::runner: batch kind="embed" subject=1 x smart jobs=1 ms=1
2026-08-28T10:50:36.840038Z  INFO fs3_daemon::runner: done kind="embed" id=662834 left=32226
2026-08-28T10:50:36.924030Z  INFO fs3_daemon::runner: done kind=summarize subject=docs/plans/071-pr-view/tasks/phase-3-file-notes-cli/tasks.md::Phase 3: File Notes CLI — Tasks::Prior Phase Context ms=20 left=32226
2026-08-28T10:50:36.925801Z  INFO fs3_daemon::runner: batch kind="embed" subject=1 x smart jobs=1 ms=0
2026-08-28T10:50:36.933465Z  INFO fs3_daemon::runner: done kind="embed" id=662835 left=32225
2026-08-28T10:50:37.009322Z  INFO fs3_daemon::runner: done kind=summarize subject=docs/plans/071-pr-view/tasks/phase-3-file-notes-cli/tasks.fltplan.md::Flight Plan: Phase 3 — File Notes CLI::Checklist ms=11 left=32225
2026-08-28T10:50:37.023977Z  INFO fs3_daemon::runner: batch kind="embed" subject=1 x smart jobs=1 ms=1
2026-08-28T10:50:37.032795Z  INFO fs3_daemon::runner: done kind="embed" id=662836 left=32224
2026-08-28T10:50:37.119410Z  INFO fs3_daemon::runner: done kind=summarize subject=docs/plans/071-pr-view/tasks/phase-3-file-notes-cli/tasks.md::Phase 3: File Notes CLI — Tasks::Executive Briefing ms=15 left=32224
2026-08-28T10:50:37.126204Z  INFO fs3_daemon::runner: batch kind="embed" subject=1 x smart jobs=1 ms=0
2026-08-28T10:50:37.134971Z  INFO fs3_daemon::runner: done kind="embed" id=662837 left=32223
2026-08-28T10:50:37.211448Z  INFO fs3_daemon::runner: done kind=summarize subject=docs/plans/071-pr-view/tasks/phase-3-file-notes-cli/tasks.fltplan.md::Flight Plan: Phase 3 — File Notes CLI::Goals & Non-Goals ms=9 left=32223
2026-08-28T10:50:37.224088Z  INFO fs3_daemon::runner: batch kind="embed" subject=1 x smart jobs=1 ms=0
2026-08-28T10:50:37.232599Z  INFO fs3_daemon::runner: done kind="embed" id=662838 left=32222
2026-08-28T10:50:37.308803Z  INFO fs3_daemon::runner: done kind=summarize subject=docs/plans/071-pr-view/tasks/phase-3-file-notes-cli/tasks.md::Phase 3: File Notes CLI — Tasks ms=14 left=32222
2026-08-28T10:50:37.316067Z  INFO fs3_daemon::runner: batch kind="embed" subject=1 x smart jobs=1 ms=0
2026-08-28T10:50:37.324465Z  INFO fs3_daemon::runner: done kind="embed" id=662839 left=32221
2026-08-28T10:50:37.408302Z  INFO fs3_daemon::runner: done kind=summarize subject=docs/plans/071-pr-view/tasks/phase-3-file-notes-cli/tasks.fltplan.md::Flight Plan: Phase 3 — File Notes CLI::Architecture: Before & After ms=16 left=32221
2026-08-28T10:50:37.416010Z  INFO fs3_daemon::runner: batch kind="embed" subject=1 x smart jobs=1 ms=0
2026-08-28T10:50:37.423695Z  INFO fs3_daemon::runner: done kind="embed" id=662840 left=32220
2026-08-28T10:50:37.512251Z  INFO fs3_daemon::runner: done kind=summarize subject=docs/plans/071-pr-view/tasks/phase-3-file-notes-cli/reviews/review.phase-3-file-notes-cli.md::Code Review: Phase 3: File Notes CLI::H) Handover Brief::Files Reviewed ms=15 left=32220
2026-08-28T10:50:37.518415Z  INFO fs3_daemon::runner: batch kind="embed" subject=1 x smart jobs=1 ms=0
2026-08-28T10:50:37.528888Z  INFO fs3_daemon::runner: done kind="embed" id=662841 left=32219
2026-08-28T10:50:37.619363Z  INFO fs3_daemon::runner: done kind=summarize subject=docs/plans/071-pr-view/tasks/phase-3-file-notes-cli/tasks.fltplan.md::Flight Plan: Phase 3 — File Notes CLI::Stages ms=16 left=32219
2026-08-28T10:50:37.621975Z  INFO fs3_daemon::runner: batch kind="embed" subject=1 x smart jobs=1 ms=0
2026-08-28T10:50:37.632382Z  INFO fs3_daemon::runner: done kind="embed" id=662842 left=32218
2026-08-28T10:50:37.716330Z  INFO fs3_daemon::runner: done kind=summarize subject=docs/plans/071-pr-view/tasks/phase-3-file-notes-cli/reviews/review.phase-3-file-notes-cli.md::Code Review: Phase 3: File Notes CLI::H) Handover Brief ms=17 left=32218
2026-08-28T10:50:37.720747Z  INFO fs3_daemon::runner: batch kind="embed" subject=1 x smart jobs=1 ms=0
2026-08-28T10:50:37.727178Z  INFO fs3_daemon::runner: done kind="embed" id=662843 left=32217
2026-08-28T10:50:37.814135Z  INFO fs3_daemon::runner: done kind=summarize subject=docs/plans/071-pr-view/tasks/phase-3-file-notes-cli/tasks.fltplan.md::Flight Plan: Phase 3 — File Notes CLI::Flight Status ms=17 left=32217
2026-08-28T10:50:37.818022Z  INFO fs3_daemon::runner: batch kind="embed" subject=1 x smart jobs=1 ms=2
2026-08-28T10:50:37.826073Z  INFO fs3_daemon::runner: done kind="embed" id=662844 left=32216
2026-08-28T10:50:37.905977Z  INFO fs3_daemon::runner: done kind=summarize subject=docs/plans/071-pr-view/tasks/phase-3-file-notes-cli/reviews/review.phase-3-file-notes-cli.md::Code Review: Phase 3: File Notes CLI::G) Commands Executed ms=13 left=32216
2026-08-28T10:50:37.913267Z  INFO fs3_daemon::runner: batch kind="embed" subject=1 x smart jobs=1 ms=0
2026-08-28T10:50:37.920839Z  INFO fs3_daemon::runner: done kind="embed" id=662845 left=32215
2026-08-28T10:50:37.995277Z  INFO fs3_daemon::runner: done kind=summarize subject=docs/plans/071-pr-view/tasks/phase-3-file-notes-cli/tasks.fltplan.md::Flight Plan: Phase 3 — File Notes CLI::Domain Context ms=8 left=32215
2026-08-28T10:50:38.008711Z  INFO fs3_daemon::runner: batch kind="embed" subject=1 x smart jobs=1 ms=0
2026-08-28T10:50:38.016799Z  INFO fs3_daemon::runner: done kind="embed" id=662846 left=32214
2026-08-28T10:50:38.098305Z  INFO fs3_daemon::runner: done kind=summarize subject=docs/plans/071-pr-view/tasks/phase-3-file-notes-cli/tasks.fltplan.md::Flight Plan: Phase 3 — File Notes CLI ms=13 left=32214
2026-08-28T10:50:38.109465Z  INFO fs3_daemon::runner: batch kind="embed" subject=1 x smart jobs=1 ms=0
2026-08-28T10:50:38.116443Z  INFO fs3_daemon::runner: done kind="embed" id=662847 left=32213
2026-08-28T10:50:38.186307Z  INFO fs3_daemon::runner: done kind=summarize subject=docs/plans/071-pr-view/tasks/phase-3-file-notes-cli/reviews/review.phase-3-file-notes-cli.md::Code Review: Phase 3: File Notes CLI::F) Coverage Map ms=14 left=32213
2026-08-28T10:50:38.196256Z  INFO fs3_daemon::runner: batch kind="embed" subject=1 x smart jobs=1 ms=0
2026-08-28T10:50:38.203758Z  INFO fs3_daemon::runner: done kind="embed" id=662848 left=32212
2026-08-28T10:50:38.280659Z  INFO fs3_daemon::runner: done kind=summarize subject=docs/plans/071-pr-view/tasks/phase-3-file-notes-cli/reviews/review.phase-3-file-notes-cli.md::Code Review: Phase 3: File Notes CLI::E) Detailed Findings::E.5) Doctrine Compliance::F002 — The CLI bypasses the declared NOTE_SERVICE seam and constructs `JsonlNoteService` directly, which leaves the token unused and forced the new CLI tests into module mocking. ms=11 left=32212
2026-08-28T10:50:38.291034Z  INFO fs3_daemon::runner: batch kind="embed" subject=1 x smart jobs=1 ms=0
2026-08-28T10:50:38.301020Z  INFO fs3_daemon::runner: done kind="embed" id=662849 left=32211
2026-08-28T10:50:38.363078Z  INFO fs3_daemon::watch: no longer watching root=/Users/jordanknight/substrate/flowspace/poctest-wtdiff-20260828T104446Z dropped_pending=0
2026-08-28T10:50:38.381946Z  INFO fs3_daemon::runner: done kind=summarize subject=docs/plans/071-pr-view/tasks/phase-3-file-notes-cli/reviews/review.phase-3-file-notes-cli.md::Code Review: Phase 3: File Notes CLI::E) Detailed Findings::E.5) Doctrine Compliance ms=10 left=32212
2026-08-28T10:50:38.395144Z  INFO fs3_daemon::runner: batch kind="embed" subject=1 x smart jobs=1 ms=2
2026-08-28T10:50:38.404615Z  INFO fs3_daemon::runner: done kind="embed" id=662850 left=32211
2026-08-28T10:50:38.451511Z  INFO fs3_daemon::watch: re-listed a changed directory directory=/Users/jordanknight/substrate/flowspace/fs3-ddocs-u2/crates/daemon/src events=4 enqueued=2 settled=Quiet
2026-08-28T10:50:38.527008Z  INFO fs3_daemon::runner: batch kind="embed" subject=1 x smart jobs=1 ms=0
2026-08-28T10:50:38.553067Z  INFO fs3_daemon::runner: done kind="embed" id=662853 left=32210
2026-08-28T10:50:38.694651Z  INFO fs3_daemon::runner: done kind=summarize subject=docs/plans/071-pr-view/tasks/phase-3-file-notes-cli/reviews/review.phase-3-file-notes-cli.md::Code Review: Phase 3: File Notes CLI::E) Detailed Findings::E.4) Testing & Evidence ms=61 left=32210
2026-08-28T10:50:38.717462Z  INFO fs3_daemon::runner: batch kind="embed" subject=1 x smart jobs=1 ms=0
2026-08-28T10:50:38.739145Z  INFO fs3_daemon::runner: done kind=summarize subject=docs/plans/071-pr-view/tasks/phase-3-file-notes-cli/reviews/review.phase-3-file-notes-cli.md::Code Review: Phase 3: File Notes CLI::E) Detailed Findings::E.3) Anti-Reinvention ms=63 left=32210
2026-08-28T10:50:38.750964Z  INFO fs3_daemon::runner: done kind="embed" id=662859 left=32209
2026-08-28T10:50:38.872215Z  INFO fs3_daemon::runner: batch kind="embed" subject=1 x smart jobs=1 ms=1
2026-08-28T10:50:38.875683Z  INFO fs3_daemon::runner: batch kind="embed" subject=16 x raw jobs=1 ms=4
2026-08-28T10:50:38.888466Z  INFO fs3_daemon::runner: done kind=summarize subject=docs/plans/071-pr-view/tasks/phase-3-file-notes-cli/reviews/review.phase-3-file-notes-cli.md::Code Review: Phase 3: File Notes CLI::E) Detailed Findings::E.2) Domain Compliance ms=52 left=32210
2026-08-28T10:50:38.899107Z  INFO fs3_daemon::runner: done kind="embed" id=662865 left=32209
2026-08-28T10:50:38.988344Z  INFO fs3_daemon::runner: done kind="embed" id=662861 left=32209
2026-08-28T10:50:39.008620Z  INFO fs3_daemon::runner: done kind=scan_file subject=crates/daemon/src/enrich.rs ms=524 left=32210
2026-08-28T10:50:39.089423Z  INFO fs3_daemon::runner: batch kind="embed" subject=1 x smart jobs=1 ms=1
2026-08-28T10:50:39.401941Z  INFO fs3_daemon::runner: batch kind="embed" subject=13 x raw jobs=1 ms=313
2026-08-28T10:50:39.433553Z  INFO fs3_daemon::runner: done kind="embed" id=662879 left=32209
2026-08-28T10:50:39.531948Z  INFO fs3_daemon::runner: done kind="embed" id=662869 left=32208
2026-08-28T10:50:39.691941Z  INFO fs3_daemon::runner: progress phase="working" scanned=61613 scan_left=33 summarized=125914 summarize_left=32175 embedded=204448 embed_left=0 failed=0
2026-08-28T10:50:39.786519Z  INFO fs3_daemon::runner: done kind=summarize subject=docs/plans/071-pr-view/tasks/phase-3-file-notes-cli/reviews/review.phase-3-file-notes-cli.md::Code Review: Phase 3: File Notes CLI::E) Detailed Findings::E.1) Implementation Quality::F001 — `listFilesWithNotes()` returns every open target, so `cg notes files` can surface workflow/agent-run targets instead of only file paths. ms=56 left=32208
2026-08-28T10:50:39.809877Z  INFO fs3_daemon::runner: batch kind="embed" subject=1 x smart jobs=1 ms=1
2026-08-28T10:50:39.828225Z  INFO fs3_daemon::runner: done kind=summarize subject=docs/plans/071-pr-view/tasks/phase-3-file-notes-cli/reviews/review.phase-3-file-notes-cli.md::Code Review: Phase 3: File Notes CLI::E) Detailed Findings::E.1) Implementation Quality ms=60 left=32208
2026-08-28T10:50:39.847772Z  INFO fs3_daemon::runner: done kind="embed" id=662880 left=32207
2026-08-28T10:50:39.968227Z  INFO fs3_daemon::runner: batch kind="embed" subject=1 x smart jobs=1 ms=0
2026-08-28T10:50:39.997065Z  INFO fs3_daemon::runner: done kind="embed" id=662881 left=32206
2026-08-28T10:50:39.997340Z  INFO fs3_daemon::runner: done kind=summarize subject=docs/plans/071-pr-view/tasks/phase-3-file-notes-cli/reviews/review.phase-3-file-notes-cli.md::Code Review: Phase 3: File Notes CLI::E) Detailed Findings ms=56 left=32206
2026-08-28T10:50:40.132088Z  INFO fs3_daemon::runner: batch kind="embed" subject=1 x smart jobs=1 ms=0
2026-08-28T10:50:40.148267Z  INFO fs3_daemon::runner: done kind=summarize subject=docs/plans/071-pr-view/tasks/phase-3-file-notes-cli/reviews/review.phase-3-file-notes-cli.md::Code Review: Phase 3: File Notes CLI::C) Checklist ms=51 left=32206
2026-08-28T10:50:40.163021Z  INFO fs3_daemon::runner: done kind="embed" id=662882 left=32205
2026-08-28T10:50:40.275271Z  INFO fs3_daemon::runner: done kind=summarize subject=docs/plans/071-pr-view/tasks/phase-3-file-notes-cli/reviews/review.phase-3-file-notes-cli.md::Code Review: Phase 3: File Notes CLI::A) Verdict ms=31 left=32205
2026-08-28T10:50:40.284383Z  INFO fs3_daemon::runner: batch kind="embed" subject=1 x smart jobs=1 ms=2
2026-08-28T10:50:40.305052Z  INFO fs3_daemon::runner: done kind="embed" id=662883 left=32204
2026-08-28T10:50:40.431372Z  INFO fs3_daemon::runner: done kind=summarize subject=docs/plans/071-pr-view/tasks/phase-3-file-notes-cli/reviews/review.phase-3-file-notes-cli.md::Code Review: Phase 3: File Notes CLI ms=36 left=32204
2026-08-28T10:50:40.441264Z  INFO fs3_daemon::runner: batch kind="embed" subject=1 x smart jobs=1 ms=0
2026-08-28T10:50:40.457010Z  INFO fs3_daemon::runner: done kind="embed" id=662884 left=32203
2026-08-28T10:50:40.543706Z  INFO fs3_daemon::runner: batch kind="embed" subject=1 x smart jobs=1 ms=0
2026-08-28T10:50:40.543782Z  INFO fs3_daemon::runner: done kind=summarize subject=docs/plans/071-pr-view/tasks/phase-3-file-notes-cli/reviews/fix-tasks.phase-3-file-notes-cli.md::Fix Tasks: Phase 3: File Notes CLI::Medium / Low Fixes::FT-004: Sync file-notes architecture docs with the shipped CLI integration ms=19 left=32203
2026-08-28T10:50:40.552228Z  INFO fs3_daemon::runner: done kind="embed" id=662885 left=32202
2026-08-28T10:50:40.653960Z  INFO fs3_daemon::runner: done kind=summarize subject=docs/plans/071-pr-view/tasks/phase-3-file-notes-cli/reviews/fix-tasks.phase-3-file-notes-cli.md::Fix Tasks: Phase 3: File Notes CLI::Medium / Low Fixes::FT-003: Record a verification command that actually covers the Phase 3 CLI surface ms=11 left=32202
2026-08-28T10:50:40.668928Z  INFO fs3_daemon::runner: batch kind="embed" subject=1 x smart jobs=1 ms=0
2026-08-28T10:50:40.684976Z  INFO fs3_daemon::runner: done kind="embed" id=662886 left=32201
2026-08-28T10:50:40.775470Z  INFO fs3_daemon::runner: done kind=summarize subject=docs/plans/071-pr-view/tasks/phase-3-file-notes-cli/reviews/fix-tasks.phase-3-file-notes-cli.md::Fix Tasks: Phase 3: File Notes CLI::Medium / Low Fixes::FT-002: Restore a runtime note-service DI seam and remove mock-based CLI tests ms=16 left=32201
2026-08-28T10:50:40.776588Z  INFO fs3_daemon::runner: batch kind="embed" subject=1 x smart jobs=1 ms=0
2026-08-28T10:50:40.784106Z  INFO fs3_daemon::runner: done kind="embed" id=662887 left=32200
2026-08-28T10:50:40.866244Z  INFO fs3_daemon::runner: done kind=summarize subject=docs/plans/071-pr-view/tasks/phase-3-file-notes-cli/reviews/fix-tasks.phase-3-file-notes-cli.md::Fix Tasks: Phase 3: File Notes CLI::Medium / Low Fixes ms=9 left=32200
2026-08-28T10:50:40.879883Z  INFO fs3_daemon::runner: batch kind="embed" subject=1 x smart jobs=1 ms=1
2026-08-28T10:50:40.890176Z  INFO fs3_daemon::runner: done kind="embed" id=662888 left=32199
2026-08-28T10:50:40.921194Z  INFO fs3_daemon::runner: done kind=summarize subject=crates/daemon/src/enrich.rs::tests::empty_structural_container_has_no_raw_vector_while_its_row_does ms=1856 left=32199
2026-08-28T10:50:40.982286Z  INFO fs3_daemon::runner: done kind=summarize subject=docs/plans/071-pr-view/tasks/phase-3-file-notes-cli/reviews/fix-tasks.phase-3-file-notes-cli.md::Fix Tasks: Phase 3: File Notes CLI::Critical / High Fixes::FT-001: Restrict file listings to file-linked notes only ms=17 left=32199
2026-08-28T10:50:41.006979Z  INFO fs3_daemon::runner: batch kind="embed" subject=1 x smart jobs=1 ms=1
2026-08-28T10:50:41.346329Z  INFO fs3_daemon::runner: batch kind="embed" subject=1 x smart jobs=1 ms=340
2026-08-28T10:50:41.356328Z  INFO fs3_daemon::runner: done kind="embed" id=662890 left=32198
2026-08-28T10:50:41.431608Z  INFO fs3_daemon::runner: done kind="embed" id=662889 left=32197
2026-08-28T10:50:41.521206Z  INFO fs3_daemon::runner: done kind=summarize subject=docs/plans/071-pr-view/tasks/phase-3-file-notes-cli/reviews/fix-tasks.phase-3-file-notes-cli.md::Fix Tasks: Phase 3: File Notes CLI::Critical / High Fixes ms=16 left=32197
2026-08-28T10:50:41.533863Z  INFO fs3_daemon::runner: batch kind="embed" subject=1 x smart jobs=1 ms=0
2026-08-28T10:50:41.541715Z  INFO fs3_daemon::runner: done kind="embed" id=662891 left=32196
2026-08-28T10:50:41.628613Z  INFO fs3_daemon::runner: done kind=summarize subject=docs/plans/071-pr-view/tasks/phase-3-file-notes-cli/reviews/fix-tasks.phase-3-file-notes-cli.md::Fix Tasks: Phase 3: File Notes CLI ms=13 left=32196
2026-08-28T10:50:41.641046Z  INFO fs3_daemon::runner: batch kind="embed" subject=1 x smart jobs=1 ms=1
2026-08-28T10:50:41.652681Z  INFO fs3_daemon::runner: done kind="embed" id=662892 left=32195
2026-08-28T10:50:41.738109Z  INFO fs3_daemon::runner: done kind=summarize subject=docs/plans/071-pr-view/tasks/phase-3-file-notes-cli/execution.log.md::Execution Log: Phase 3 — File Notes CLI::Task Log::T003: Improve noContextError + create notes.command.ts with list — DONE ms=17 left=32195
2026-08-28T10:50:41.743072Z  INFO fs3_daemon::runner: batch kind="embed" subject=1 x smart jobs=1 ms=0
2026-08-28T10:50:41.752007Z  INFO fs3_daemon::runner: done kind="embed" id=662893 left=32194
2026-08-28T10:50:41.830842Z  INFO fs3_daemon::runner: done kind=summarize subject=docs/plans/071-pr-view/tasks/phase-3-file-notes-cli/execution.log.md::Execution Log: Phase 3 — File Notes CLI::Task Log::T002: Move JsonlNoteService to shared + DI token — DONE ms=14 left=32194
2026-08-28T10:50:41.840901Z  INFO fs3_daemon::runner: batch kind="embed" subject=1 x smart jobs=1 ms=1
2026-08-28T10:50:41.850182Z  INFO fs3_daemon::runner: done kind="embed" id=662894 left=32193
2026-08-28T10:50:41.935873Z  INFO fs3_daemon::runner: done kind=summarize subject=docs/plans/071-pr-view/tasks/phase-3-file-notes-cli/execution.log.md::Execution Log: Phase 3 — File Notes CLI::Task Log::T001: Move writer/reader to shared — DONE ms=14 left=32193
2026-08-28T10:50:41.946195Z  INFO fs3_daemon::runner: batch kind="embed" subject=1 x smart jobs=1 ms=0
2026-08-28T10:50:41.955722Z  INFO fs3_daemon::runner: done kind="embed" id=662895 left=32192
2026-08-28T10:50:42.003420Z  INFO fs3_daemon::runner: done kind=summarize subject=crates/daemon/src/enrich.rs::tests ms=2365 left=32192
2026-08-28T10:50:42.057738Z  INFO fs3_daemon::runner: done kind=summarize subject=docs/plans/071-pr-view/tasks/phase-3-file-notes-cli/execution.log.md::Execution Log: Phase 3 — File Notes CLI::Task Log ms=21 left=32192
2026-08-28T10:50:42.066237Z  INFO fs3_daemon::runner: batch kind="embed" subject=1 x smart jobs=1 ms=0
2026-08-28T10:50:42.324516Z  INFO fs3_daemon::runner: batch kind="embed" subject=1 x smart jobs=1 ms=258
2026-08-28T10:50:42.331684Z  INFO fs3_daemon::runner: done kind="embed" id=662897 left=32191
2026-08-28T10:50:42.402451Z  INFO fs3_daemon::runner: done kind="embed" id=662896 left=32190
2026-08-28T10:50:42.489373Z  INFO fs3_daemon::runner: done kind=summarize subject=docs/plans/071-pr-view/tasks/phase-3-file-notes-cli/execution.log.md::Execution Log: Phase 3 — File Notes CLI ms=12 left=32190
2026-08-28T10:50:42.499102Z  INFO fs3_daemon::runner: batch kind="embed" subject=1 x smart jobs=1 ms=3
2026-08-28T10:50:42.510674Z  INFO fs3_daemon::runner: done kind="embed" id=662898 left=32189
2026-08-28T10:50:42.592367Z  INFO fs3_daemon::runner: done kind=summarize subject=docs/plans/071-pr-view/tasks/phase-2-file-notes-web-ui/tasks.md::Phase 2: File Notes Web UI — Tasks::Directory Layout ms=13 left=32189
2026-08-28T10:50:42.603134Z  INFO fs3_daemon::runner: batch kind="embed" subject=1 x smart jobs=1 ms=1
2026-08-28T10:50:42.615072Z  INFO fs3_daemon::runner: done kind="embed" id=662899 left=32188
2026-08-28T10:50:42.698381Z  INFO fs3_daemon::runner: done kind=summarize subject=docs/plans/071-pr-view/tasks/phase-2-file-notes-web-ui/tasks.md::Phase 2: File Notes Web UI — Tasks::Discoveries & Learnings ms=11 left=32188
2026-08-28T10:50:42.704456Z  INFO fs3_daemon::runner: batch kind="embed" subject=1 x smart jobs=1 ms=0
2026-08-28T10:50:42.710865Z  INFO fs3_daemon::runner: done kind="embed" id=662900 left=32187
2026-08-28T10:50:42.804770Z  INFO fs3_daemon::runner: done kind=summarize subject=docs/plans/071-pr-view/tasks/phase-2-file-notes-web-ui/tasks.md::Phase 2: File Notes Web UI — Tasks::Context Brief::Note modal interaction flow ms=18 left=32187
2026-08-28T10:50:42.809293Z  INFO fs3_daemon::runner: batch kind="embed" subject=1 x smart jobs=1 ms=0
2026-08-28T10:50:42.818314Z  INFO fs3_daemon::runner: done kind="embed" id=662901 left=32186
2026-08-28T10:50:42.906916Z  INFO fs3_daemon::runner: done kind=summarize subject=docs/plans/071-pr-view/tasks/phase-2-file-notes-web-ui/tasks.md::Phase 2: File Notes Web UI — Tasks::Context Brief::Overlay provider flow ms=15 left=32186
2026-08-28T10:50:42.922428Z  INFO fs3_daemon::runner: batch kind="embed" subject=1 x smart jobs=1 ms=0
2026-08-28T10:50:42.931671Z  INFO fs3_daemon::runner: done kind="embed" id=662902 left=32185
2026-08-28T10:50:43.012543Z  INFO fs3_daemon::runner: done kind=summarize subject=docs/plans/071-pr-view/tasks/phase-2-file-notes-web-ui/tasks.md::Phase 2: File Notes Web UI — Tasks::Context Brief ms=10 left=32185
2026-08-28T10:50:43.022752Z  INFO fs3_daemon::runner: batch kind="embed" subject=1 x smart jobs=1 ms=2
2026-08-28T10:50:43.029880Z  INFO fs3_daemon::runner: done kind="embed" id=662903 left=32184
2026-08-28T10:50:43.115635Z  INFO fs3_daemon::runner: done kind=summarize subject=docs/plans/071-pr-view/tasks/phase-2-file-notes-web-ui/tasks.md::Phase 2: File Notes Web UI — Tasks::Tasks ms=22 left=32184
2026-08-28T10:50:43.120490Z  INFO fs3_daemon::runner: batch kind="embed" subject=1 x smart jobs=1 ms=0
2026-08-28T10:50:43.132183Z  INFO fs3_daemon::runner: done kind="embed" id=662904 left=32183
2026-08-28T10:50:43.220124Z  INFO fs3_daemon::runner: done kind=summarize subject=docs/plans/071-pr-view/tasks/phase-2-file-notes-web-ui/tasks.md::Phase 2: File Notes Web UI — Tasks::Architecture Map ms=13 left=32183
2026-08-28T10:50:43.231977Z  INFO fs3_daemon::runner: batch kind="embed" subject=1 x smart jobs=1 ms=0
2026-08-28T10:50:43.242130Z  INFO fs3_daemon::runner: done kind="embed" id=662905 left=32182
2026-08-28T10:50:43.318326Z  INFO fs3_daemon::runner: done kind=summarize subject=docs/plans/071-pr-view/tasks/phase-2-file-notes-web-ui/tasks.md::Phase 2: File Notes Web UI — Tasks::Pre-Implementation Check ms=8 left=32182
2026-08-28T10:50:43.331489Z  INFO fs3_daemon::runner: batch kind="embed" subject=1 x smart jobs=1 ms=0
2026-08-28T10:50:43.339174Z  INFO fs3_daemon::runner: done kind="embed" id=662906 left=32181
2026-08-28T10:50:43.417317Z  INFO fs3_daemon::runner: done kind=summarize subject=docs/plans/071-pr-view/tasks/phase-2-file-notes-web-ui/tasks.md::Phase 2: File Notes Web UI — Tasks::Prior Phase Context::Phase 1: File Notes Data Layer — Completed ms=8 left=32181
2026-08-28T10:50:43.428234Z  INFO fs3_daemon::runner: batch kind="embed" subject=1 x smart jobs=1 ms=0
2026-08-28T10:50:43.437459Z  INFO fs3_daemon::runner: done kind="embed" id=662907 left=32180
2026-08-28T10:50:43.533116Z  INFO fs3_daemon::runner: batch kind="embed" subject=1 x smart jobs=1 ms=0
2026-08-28T10:50:43.545079Z  INFO fs3_daemon::runner: done kind=summarize subject=docs/plans/071-pr-view/tasks/phase-2-file-notes-web-ui/tasks.md::Phase 2: File Notes Web UI — Tasks::Prior Phase Context ms=42 left=32180
2026-08-28T10:50:43.559600Z  INFO fs3_daemon::runner: done kind="embed" id=662908 left=32179
2026-08-28T10:50:43.663959Z  INFO fs3_daemon::runner: batch kind="embed" subject=1 x smart jobs=1 ms=0
2026-08-28T10:50:43.680230Z  INFO fs3_daemon::runner: done kind=summarize subject=docs/plans/071-pr-view/tasks/phase-2-file-notes-web-ui/tasks.md::Phase 2: File Notes Web UI — Tasks::Executive Briefing ms=50 left=32179
2026-08-28T10:50:43.685661Z  INFO fs3_daemon::runner: done kind="embed" id=662909 left=32178
2026-08-28T10:50:43.792766Z  INFO fs3_daemon::runner: batch kind="embed" subject=1 x smart jobs=1 ms=0
2026-08-28T10:50:43.808231Z  INFO fs3_daemon::runner: done kind=summarize subject=docs/plans/071-pr-view/tasks/phase-2-file-notes-web-ui/tasks.md::Phase 2: File Notes Web UI — Tasks ms=45 left=32178
2026-08-28T10:50:43.821975Z  INFO fs3_daemon::runner: done kind="embed" id=662910 left=32177
2026-08-28T10:50:43.923450Z  INFO fs3_daemon::runner: done kind=summarize subject=docs/plans/071-pr-view/tasks/phase-2-file-notes-web-ui/tasks.fltplan.md::Flight Plan: Phase 2 — File Notes Web UI::Checklist ms=29 left=32177
2026-08-28T10:50:43.932000Z  INFO fs3_daemon::runner: batch kind="embed" subject=1 x smart jobs=1 ms=0
2026-08-28T10:50:43.959192Z  INFO fs3_daemon::runner: done kind="embed" id=662911 left=32176
2026-08-28T10:50:44.076853Z  INFO fs3_daemon::runner: batch kind="embed" subject=1 x smart jobs=1 ms=0
2026-08-28T10:50:44.093023Z  INFO fs3_daemon::runner: done kind=summarize subject=docs/plans/071-pr-view/tasks/phase-2-file-notes-web-ui/tasks.fltplan.md::Flight Plan: Phase 2 — File Notes Web UI::Goals & Non-Goals ms=46 left=32176
2026-08-28T10:50:44.109506Z  INFO fs3_daemon::runner: done kind="embed" id=662912 left=32175
2026-08-28T10:50:44.251232Z  INFO fs3_daemon::runner: batch kind="embed" subject=1 x smart jobs=1 ms=0
2026-08-28T10:50:44.269022Z  INFO fs3_daemon::runner: done kind=summarize subject=docs/plans/071-pr-view/tasks/phase-2-file-notes-web-ui/tasks.fltplan.md::Flight Plan: Phase 2 — File Notes Web UI::Acceptance Criteria ms=48 left=32175
2026-08-28T10:50:44.282483Z  INFO fs3_daemon::runner: done kind="embed" id=662913 left=32174
2026-08-28T10:50:44.388826Z  INFO fs3_daemon::runner: done kind=summarize subject=docs/plans/071-pr-view/tasks/phase-2-file-notes-web-ui/tasks.fltplan.md::Flight Plan: Phase 2 — File Notes Web UI::Architecture: Before & After ms=31 left=32174
2026-08-28T10:50:44.400399Z  INFO fs3_daemon::runner: batch kind="embed" subject=1 x smart jobs=1 ms=0
2026-08-28T10:50:44.421813Z  INFO fs3_daemon::runner: done kind="embed" id=662914 left=32173
2026-08-28T10:50:44.530132Z  INFO fs3_daemon::runner: done kind=summarize subject=docs/plans/071-pr-view/tasks/phase-2-file-notes-web-ui/tasks.fltplan.md::Flight Plan: Phase 2 — File Notes Web UI::Stages ms=34 left=32173
2026-08-28T10:50:44.545367Z  INFO fs3_daemon::runner: batch kind="embed" subject=1 x smart jobs=1 ms=1
2026-08-28T10:50:44.567443Z  INFO fs3_daemon::runner: done kind="embed" id=662915 left=32172
2026-08-28T10:50:44.676202Z  INFO fs3_daemon::runner: done kind=summarize subject=docs/plans/071-pr-view/tasks/phase-2-file-notes-web-ui/tasks.fltplan.md::Flight Plan: Phase 2 — File Notes Web UI::Flight Status ms=32 left=32172
2026-08-28T10:50:44.687133Z  INFO fs3_daemon::runner: batch kind="embed" subject=1 x smart jobs=1 ms=0
2026-08-28T10:50:44.710673Z  INFO fs3_daemon::runner: done kind="embed" id=662916 left=32171
2026-08-28T10:50:44.841492Z  INFO fs3_daemon::runner: done kind=summarize subject=docs/plans/071-pr-view/tasks/phase-2-file-notes-web-ui/tasks.fltplan.md::Flight Plan: Phase 2 — File Notes Web UI::Domain Context::Domains We Depend On (no changes) ms=42 left=32171
2026-08-28T10:50:44.858552Z  INFO fs3_daemon::runner: progress phase="working" scanned=61613 scan_left=33 summarized=125952 summarize_left=32137 embedded=204485 embed_left=1 failed=0
2026-08-28T10:50:44.886093Z  INFO fs3_daemon::runner: batch kind="embed" subject=2 x smart jobs=2 ms=0
2026-08-28T10:50:44.905537Z  INFO fs3_daemon::runner: done kind="embed" id=662917 left=32170
2026-08-28T10:50:44.992172Z  INFO fs3_daemon::runner: done kind="embed" id=662918 left=32169
2026-08-28T10:50:45.106257Z  INFO fs3_daemon::runner: done kind=summarize subject=docs/plans/071-pr-view/tasks/phase-2-file-notes-web-ui/tasks.fltplan.md::Flight Plan: Phase 2 — File Notes Web UI::Domain Context ms=35 left=32169
2026-08-28T10:50:45.149135Z  INFO fs3_daemon::runner: done kind=summarize subject=docs/plans/071-pr-view/tasks/phase-2-file-notes-web-ui/tasks.fltplan.md::Flight Plan: Phase 2 — File Notes Web UI ms=32 left=32169
2026-08-28T10:50:45.156775Z  INFO fs3_daemon::runner: batch kind="embed" subject=1 x smart jobs=1 ms=0
2026-08-28T10:50:45.183897Z  INFO fs3_daemon::runner: done kind="embed" id=662919 left=32168
2026-08-28T10:50:45.277540Z  INFO fs3_daemon::runner: done kind=summarize subject=docs/plans/071-pr-view/tasks/phase-2-file-notes-web-ui/reviews/review.phase-2-file-notes-web-ui.md::Code Review: Phase 2: File Notes Web UI::H) Handover Brief::Required Fixes (if REQUEST_CHANGES) ms=13 left=32168
2026-08-28T10:50:45.288059Z  INFO fs3_daemon::runner: batch kind="embed" subject=1 x smart jobs=1 ms=0
2026-08-28T10:50:45.295052Z  INFO fs3_daemon::runner: done kind="embed" id=662920 left=32167
2026-08-28T10:50:45.380803Z  INFO fs3_daemon::runner: done kind=summarize subject=docs/plans/071-pr-view/tasks/phase-2-file-notes-web-ui/reviews/review.phase-2-file-notes-web-ui.md::Code Review: Phase 2: File Notes Web UI::H) Handover Brief::Files Reviewed ms=11 left=32167
2026-08-28T10:50:45.389388Z  INFO fs3_daemon::runner: batch kind="embed" subject=1 x smart jobs=1 ms=0
2026-08-28T10:50:45.400609Z  INFO fs3_daemon::runner: done kind="embed" id=662921 left=32166
2026-08-28T10:50:45.480034Z  INFO fs3_daemon::runner: done kind=summarize subject=docs/plans/071-pr-view/tasks/phase-2-file-notes-web-ui/reviews/review.phase-2-file-notes-web-ui.md::Code Review: Phase 2: File Notes Web UI::H) Handover Brief ms=14 left=32166
2026-08-28T10:50:45.487004Z  INFO fs3_daemon::runner: batch kind="embed" subject=1 x smart jobs=1 ms=1
2026-08-28T10:50:45.494344Z  INFO fs3_daemon::runner: done kind="embed" id=662922 left=32165
2026-08-28T10:50:45.568000Z  INFO fs3_daemon::runner: done kind=summarize subject=docs/plans/071-pr-view/tasks/phase-2-file-notes-web-ui/reviews/review.phase-2-file-notes-web-ui.md::Code Review: Phase 2: File Notes Web UI::G) Commands Executed ms=12 left=32165
2026-08-28T10:50:45.578740Z  INFO fs3_daemon::runner: batch kind="embed" subject=1 x smart jobs=1 ms=0
2026-08-28T10:50:45.590904Z  INFO fs3_daemon::runner: done kind="embed" id=662923 left=32164
2026-08-28T10:50:45.661902Z  INFO fs3_daemon::runner: done kind=summarize subject=docs/plans/071-pr-view/tasks/phase-2-file-notes-web-ui/reviews/review.phase-2-file-notes-web-ui.md::Code Review: Phase 2: File Notes Web UI::F) Coverage Map ms=8 left=32164
2026-08-28T10:50:45.673747Z  INFO fs3_daemon::runner: batch kind="embed" subject=1 x smart jobs=1 ms=0
2026-08-28T10:50:45.679787Z  INFO fs3_daemon::runner: done kind="embed" id=662924 left=32163
2026-08-28T10:50:45.760563Z  INFO fs3_daemon::runner: done kind=summarize subject=docs/plans/071-pr-view/tasks/phase-2-file-notes-web-ui/reviews/review.phase-2-file-notes-web-ui.md::Code Review: Phase 2: File Notes Web UI::E) Detailed Findings::E.5) Doctrine Compliance ms=12 left=32163
2026-08-28T10:50:45.771084Z  INFO fs3_daemon::runner: batch kind="embed" subject=1 x smart jobs=1 ms=2
2026-08-28T10:50:45.782116Z  INFO fs3_daemon::runner: done kind="embed" id=662925 left=32162
2026-08-28T10:50:45.860681Z  INFO fs3_daemon::runner: done kind=summarize subject=docs/plans/071-pr-view/tasks/phase-2-file-notes-web-ui/reviews/review.phase-2-file-notes-web-ui.md::Code Review: Phase 2: File Notes Web UI::E) Detailed Findings::E.4) Testing & Evidence ms=9 left=32162
2026-08-28T10:50:45.873026Z  INFO fs3_daemon::runner: batch kind="embed" subject=1 x smart jobs=1 ms=0
2026-08-28T10:50:45.882220Z  INFO fs3_daemon::runner: done kind="embed" id=662926 left=32161
2026-08-28T10:50:45.968967Z  INFO fs3_daemon::runner: done kind=summarize subject=docs/plans/071-pr-view/tasks/phase-2-file-notes-web-ui/reviews/review.phase-2-file-notes-web-ui.md::Code Review: Phase 2: File Notes Web UI::E) Detailed Findings::E.3) Anti-Reinvention ms=16 left=32161
2026-08-28T10:50:45.978348Z  INFO fs3_daemon::runner: batch kind="embed" subject=1 x smart jobs=1 ms=0
2026-08-28T10:50:45.985481Z  INFO fs3_daemon::runner: done kind="embed" id=662927 left=32160
2026-08-28T10:50:46.060106Z  INFO fs3_daemon::runner: done kind=summarize subject=docs/plans/071-pr-view/tasks/phase-2-file-notes-web-ui/reviews/review.phase-2-file-notes-web-ui.md::Code Review: Phase 2: File Notes Web UI::E) Detailed Findings::E.2) Domain Compliance ms=14 left=32160
2026-08-28T10:50:46.072028Z  INFO fs3_daemon::runner: batch kind="embed" subject=1 x smart jobs=1 ms=0
2026-08-28T10:50:46.082731Z  INFO fs3_daemon::runner: done kind="embed" id=662928 left=32159
2026-08-28T10:50:46.172346Z  INFO fs3_daemon::runner: done kind=summarize subject=docs/plans/071-pr-view/tasks/phase-2-file-notes-web-ui/reviews/review.phase-2-file-notes-web-ui.md::Code Review: Phase 2: File Notes Web UI::E) Detailed Findings::E.1) Implementation Quality ms=14 left=32159
2026-08-28T10:50:46.175938Z  INFO fs3_daemon::runner: batch kind="embed" subject=1 x smart jobs=1 ms=0
2026-08-28T10:50:46.183796Z  INFO fs3_daemon::runner: done kind="embed" id=662929 left=32158
2026-08-28T10:50:46.289487Z  INFO fs3_daemon::runner: done kind=summarize subject=docs/plans/071-pr-view/tasks/phase-2-file-notes-web-ui/reviews/review.phase-2-file-notes-web-ui.md::Code Review: Phase 2: File Notes Web UI::E) Detailed Findings ms=18 left=32158
2026-08-28T10:50:46.299713Z  INFO fs3_daemon::runner: batch kind="embed" subject=1 x smart jobs=1 ms=0
2026-08-28T10:50:46.310705Z  INFO fs3_daemon::runner: done kind="embed" id=662930 left=32157
2026-08-28T10:50:46.418516Z  INFO fs3_daemon::runner: done kind=summarize subject=docs/plans/071-pr-view/tasks/phase-2-file-notes-web-ui/reviews/review.phase-2-file-notes-web-ui.md::Code Review: Phase 2: File Notes Web UI::D) Findings Table ms=22 left=32157
2026-08-28T10:50:46.447039Z  INFO fs3_daemon::runner: batch kind="embed" subject=1 x smart jobs=1 ms=1
2026-08-28T10:50:46.456209Z  INFO fs3_daemon::runner: done kind="embed" id=662931 left=32156
2026-08-28T10:50:46.542675Z  INFO fs3_daemon::runner: done kind=summarize subject=docs/plans/071-pr-view/tasks/phase-2-file-notes-web-ui/reviews/review.phase-2-file-notes-web-ui.md::Code Review: Phase 2: File Notes Web UI::A) Verdict ms=11 left=32156
2026-08-28T10:50:46.553789Z  INFO fs3_daemon::runner: batch kind="embed" subject=1 x smart jobs=1 ms=0
2026-08-28T10:50:46.561626Z  INFO fs3_daemon::runner: done kind="embed" id=662932 left=32155
2026-08-28T10:50:46.640999Z  INFO fs3_daemon::runner: done kind=summarize subject=docs/plans/071-pr-view/tasks/phase-2-file-notes-web-ui/reviews/review.phase-2-file-notes-web-ui.md::Code Review: Phase 2: File Notes Web UI ms=13 left=32155
2026-08-28T10:50:46.647746Z  INFO fs3_daemon::runner: batch kind="embed" subject=1 x smart jobs=1 ms=1
2026-08-28T10:50:46.657452Z  INFO fs3_daemon::runner: done kind="embed" id=662933 left=32154
2026-08-28T10:50:46.744834Z  INFO fs3_daemon::runner: done kind=summarize subject=docs/plans/071-pr-view/tasks/phase-2-file-notes-web-ui/reviews/fix-tasks.phase-2-file-notes-web-ui.md::Fix Tasks: Phase 2: File Notes Web UI::Medium / Low Fixes::FT-006: Separate server-only exports and clear Biome violations ms=11 left=32154
2026-08-28T10:50:46.754073Z  INFO fs3_daemon::runner: batch kind="embed" subject=1 x smart jobs=1 ms=0
2026-08-28T10:50:46.761602Z  INFO fs3_daemon::runner: done kind="embed" id=662934 left=32153
2026-08-28T10:50:46.845077Z  INFO fs3_daemon::runner: done kind=summarize subject=docs/plans/071-pr-view/tasks/phase-2-file-notes-web-ui/reviews/fix-tasks.phase-2-file-notes-web-ui.md::Fix Tasks: Phase 2: File Notes Web UI::Medium / Low Fixes::FT-005: Sync domain artifacts with the shipped Phase 2 surface ms=10 left=32153
2026-08-28T10:50:46.865556Z  INFO fs3_daemon::runner: batch kind="embed" subject=1 x smart jobs=1 ms=0
2026-08-28T10:50:46.874453Z  INFO fs3_daemon::runner: done kind="embed" id=662935 left=32152
2026-08-28T10:50:46.961184Z  INFO fs3_daemon::runner: done kind=summarize subject=docs/plans/071-pr-view/tasks/phase-2-file-notes-web-ui/reviews/fix-tasks.phase-2-file-notes-web-ui.md::Fix Tasks: Phase 2: File Notes Web UI::Medium / Low Fixes::FT-004: Complete or defer link-type filtering explicitly ms=15 left=32152
2026-08-28T10:50:46.975863Z  INFO fs3_daemon::runner: batch kind="embed" subject=1 x smart jobs=1 ms=0
2026-08-28T10:50:46.985725Z  INFO fs3_daemon::runner: done kind="embed" id=662936 left=32151
2026-08-28T10:50:47.077650Z  INFO fs3_daemon::runner: batch kind="embed" subject=1 x smart jobs=1 ms=0
2026-08-28T10:50:47.084322Z  INFO fs3_daemon::runner: done kind=summarize subject=docs/plans/071-pr-view/tasks/phase-2-file-notes-web-ui/reviews/fix-tasks.phase-2-file-notes-web-ui.md::Fix Tasks: Phase 2: File Notes Web UI::Medium / Low Fixes ms=25 left=32151
2026-08-28T10:50:47.091928Z  INFO fs3_daemon::runner: done kind="embed" id=662937 left=32150
2026-08-28T10:50:47.174646Z  INFO fs3_daemon::runner: done kind=summarize subject=docs/plans/071-pr-view/tasks/phase-2-file-notes-web-ui/reviews/fix-tasks.phase-2-file-notes-web-ui.md::Fix Tasks: Phase 2: File Notes Web UI::Critical / High Fixes::FT-003: Add lightweight verification with concrete evidence ms=16 left=32150
2026-08-28T10:50:47.179767Z  INFO fs3_daemon::runner: batch kind="embed" subject=1 x smart jobs=1 ms=0
2026-08-28T10:50:47.188689Z  INFO fs3_daemon::runner: done kind="embed" id=662938 left=32149
2026-08-28T10:50:47.268893Z  INFO fs3_daemon::runner: done kind=summarize subject=docs/plans/071-pr-view/tasks/phase-2-file-notes-web-ui/reviews/fix-tasks.phase-2-file-notes-web-ui.md::Fix Tasks: Phase 2: File Notes Web UI::Critical / High Fixes::FT-002: Restore SDK boundary ownership ms=14 left=32149
2026-08-28T10:50:47.277021Z  INFO fs3_daemon::runner: batch kind="embed" subject=1 x smart jobs=1 ms=0
2026-08-28T10:50:47.284496Z  INFO fs3_daemon::runner: done kind="embed" id=662939 left=32148
2026-08-28T10:50:47.378380Z  INFO fs3_daemon::runner: done kind=summarize subject=docs/plans/071-pr-view/tasks/phase-2-file-notes-web-ui/reviews/fix-tasks.phase-2-file-notes-web-ui.md::Fix Tasks: Phase 2: File Notes Web UI::Critical / High Fixes::FT-001: Correct unfiltered note totals ms=20 left=32148
2026-08-28T10:50:47.380854Z  INFO fs3_daemon::runner: batch kind="embed" subject=1 x smart jobs=1 ms=1
2026-08-28T10:50:47.389753Z  INFO fs3_daemon::runner: done kind="embed" id=662940 left=32147
2026-08-28T10:50:47.485215Z  INFO fs3_daemon::runner: done kind=summarize subject=docs/plans/071-pr-view/tasks/phase-2-file-notes-web-ui/reviews/fix-tasks.phase-2-file-notes-web-ui.md::Fix Tasks: Phase 2: File Notes Web UI::Critical / High Fixes ms=20 left=32147
2026-08-28T10:50:47.485623Z  INFO fs3_daemon::runner: batch kind="embed" subject=1 x smart jobs=1 ms=0
2026-08-28T10:50:47.498788Z  INFO fs3_daemon::runner: done kind="embed" id=662941 left=32146
2026-08-28T10:50:47.572931Z  INFO fs3_daemon::runner: done kind=summarize subject=docs/plans/071-pr-view/tasks/phase-2-file-notes-web-ui/reviews/fix-tasks.phase-2-file-notes-web-ui.md::Fix Tasks: Phase 2: File Notes Web UI ms=13 left=32146
2026-08-28T10:50:47.582846Z  INFO fs3_daemon::runner: batch kind="embed" subject=1 x smart jobs=1 ms=3
2026-08-28T10:50:47.590478Z  INFO fs3_daemon::runner: done kind="embed" id=662942 left=32145
2026-08-28T10:50:47.668441Z  INFO fs3_daemon::runner: done kind=summarize subject=docs/plans/071-pr-view/tasks/phase-2-file-notes-web-ui/execution.log.md::Phase 2: File Notes Web UI — Execution Log::Post-Review Fix Log ms=13 left=32145
2026-08-28T10:50:47.675959Z  INFO fs3_daemon::runner: batch kind="embed" subject=1 x smart jobs=1 ms=1
2026-08-28T10:50:47.684903Z  INFO fs3_daemon::runner: done kind="embed" id=662943 left=32144
2026-08-28T10:50:47.763735Z  INFO fs3_daemon::runner: done kind=summarize subject=docs/plans/071-pr-view/tasks/phase-2-file-notes-web-ui/execution.log.md::Phase 2: File Notes Web UI — Execution Log::Task Log ms=11 left=32144
2026-08-28T10:50:47.771935Z  INFO fs3_daemon::runner: batch kind="embed" subject=1 x smart jobs=1 ms=0
2026-08-28T10:50:47.782178Z  INFO fs3_daemon::runner: done kind="embed" id=662944 left=32143
2026-08-28T10:50:47.859776Z  INFO fs3_daemon::runner: done kind=summarize subject=docs/plans/071-pr-view/tasks/phase-2-file-notes-web-ui/execution.log.md::Phase 2: File Notes Web UI — Execution Log ms=12 left=32143
2026-08-28T10:50:47.874418Z  INFO fs3_daemon::runner: batch kind="embed" subject=1 x smart jobs=1 ms=0
2026-08-28T10:50:47.882483Z  INFO fs3_daemon::runner: done kind="embed" id=662945 left=32142
2026-08-28T10:50:47.956316Z  INFO fs3_daemon::runner: done kind=summarize subject=docs/plans/071-pr-view/tasks/phase-1-file-notes-data-layer/tasks.md::Phase 1: File Notes Data Layer — Tasks::Directory Layout ms=16 left=32142
2026-08-28T10:50:47.963556Z  INFO fs3_daemon::runner: batch kind="embed" subject=1 x smart jobs=1 ms=0
2026-08-28T10:50:47.970245Z  INFO fs3_daemon::runner: done kind="embed" id=662946 left=32141
2026-08-28T10:50:48.043822Z  INFO fs3_daemon::runner: done kind=summarize subject=docs/plans/071-pr-view/tasks/phase-1-file-notes-data-layer/tasks.md::Phase 1: File Notes Data Layer — Tasks::Context Brief::Edit flow ms=11 left=32141
2026-08-28T10:50:48.052351Z  INFO fs3_daemon::runner: batch kind="embed" subject=1 x smart jobs=1 ms=0
2026-08-28T10:50:48.059035Z  INFO fs3_daemon::runner: done kind="embed" id=662947 left=32140
2026-08-28T10:50:48.134328Z  INFO fs3_daemon::runner: done kind=summarize subject=docs/plans/071-pr-view/tasks/phase-1-file-notes-data-layer/tasks.md::Phase 1: File Notes Data Layer — Tasks::Context Brief::Data flow diagram ms=10 left=32140
2026-08-28T10:50:48.143735Z  INFO fs3_daemon::runner: batch kind="embed" subject=1 x smart jobs=1 ms=0
2026-08-28T10:50:48.149974Z  INFO fs3_daemon::runner: done kind="embed" id=662948 left=32139
2026-08-28T10:50:48.234226Z  INFO fs3_daemon::runner: done kind=summarize subject=docs/plans/071-pr-view/tasks/phase-1-file-notes-data-layer/tasks.md::Phase 1: File Notes Data Layer — Tasks::Context Brief ms=15 left=32139
2026-08-28T10:50:48.240011Z  INFO fs3_daemon::runner: batch kind="embed" subject=1 x smart jobs=1 ms=0
2026-08-28T10:50:48.247459Z  INFO fs3_daemon::runner: done kind="embed" id=662949 left=32138
2026-08-28T10:50:48.351358Z  INFO fs3_daemon::runner: done kind=summarize subject=docs/plans/071-pr-view/tasks/phase-1-file-notes-data-layer/tasks.md::Phase 1: File Notes Data Layer — Tasks::Tasks ms=27 left=32138
2026-08-28T10:50:48.362354Z  INFO fs3_daemon::runner: batch kind="embed" subject=1 x smart jobs=1 ms=0
2026-08-28T10:50:48.394560Z  INFO fs3_daemon::runner: done kind="embed" id=662950 left=32137
2026-08-28T10:50:48.498012Z  INFO fs3_daemon::runner: done kind=summarize subject=docs/plans/071-pr-view/tasks/phase-1-file-notes-data-layer/tasks.md::Phase 1: File Notes Data Layer — Tasks::Architecture Map ms=29 left=32137
2026-08-28T10:50:48.508377Z  INFO fs3_daemon::runner: batch kind="embed" subject=1 x smart jobs=1 ms=0
2026-08-28T10:50:48.535129Z  INFO fs3_daemon::runner: done kind="embed" id=662951 left=32136
2026-08-28T10:50:48.644339Z  INFO fs3_daemon::runner: batch kind="embed" subject=1 x smart jobs=1 ms=0
2026-08-28T10:50:48.655670Z  INFO fs3_daemon::runner: done kind=summarize subject=docs/plans/071-pr-view/tasks/phase-1-file-notes-data-layer/tasks.md::Phase 1: File Notes Data Layer — Tasks::Pre-Implementation Check ms=42 left=32136
2026-08-28T10:50:48.668166Z  INFO fs3_daemon::runner: done kind="embed" id=662952 left=32135
2026-08-28T10:50:48.767837Z  INFO fs3_daemon::runner: done kind=summarize subject=docs/plans/071-pr-view/tasks/phase-1-file-notes-data-layer/tasks.md::Phase 1: File Notes Data Layer — Tasks::Executive Briefing ms=29 left=32135
2026-08-28T10:50:48.778105Z  INFO fs3_daemon::runner: batch kind="embed" subject=1 x smart jobs=1 ms=3
2026-08-28T10:50:48.795816Z  INFO fs3_daemon::runner: done kind="embed" id=662953 left=32134
2026-08-28T10:50:48.902083Z  INFO fs3_daemon::runner: batch kind="embed" subject=1 x smart jobs=1 ms=0
2026-08-28T10:50:48.917805Z  INFO fs3_daemon::runner: done kind=summarize subject=docs/plans/071-pr-view/tasks/phase-1-file-notes-data-layer/tasks.md::Phase 1: File Notes Data Layer — Tasks ms=45 left=32134
2026-08-28T10:50:48.927786Z  INFO fs3_daemon::runner: done kind="embed" id=662954 left=32133
2026-08-28T10:50:49.035516Z  INFO fs3_daemon::runner: done kind=summarize subject=docs/plans/071-pr-view/tasks/phase-1-file-notes-data-layer/tasks.fltplan.md::Flight Plan: Phase 1 — File Notes Data Layer::Checklist ms=30 left=32133
2026-08-28T10:50:49.046200Z  INFO fs3_daemon::runner: batch kind="embed" subject=1 x smart jobs=1 ms=0
2026-08-28T10:50:49.062342Z  INFO fs3_daemon::runner: done kind="embed" id=662955 left=32132
2026-08-28T10:50:49.172597Z  INFO fs3_daemon::runner: done kind=summarize subject=docs/plans/071-pr-view/tasks/phase-1-file-notes-data-layer/tasks.fltplan.md::Flight Plan: Phase 1 — File Notes Data Layer::Goals & Non-Goals ms=28 left=32132
2026-08-28T10:50:49.180522Z  INFO fs3_daemon::runner: batch kind="embed" subject=1 x smart jobs=1 ms=0
2026-08-28T10:50:49.200597Z  INFO fs3_daemon::runner: done kind="embed" id=662956 left=32131
2026-08-28T10:50:49.306637Z  INFO fs3_daemon::runner: done kind=summarize subject=docs/plans/071-pr-view/tasks/phase-1-file-notes-data-layer/tasks.fltplan.md::Flight Plan: Phase 1 — File Notes Data Layer::Architecture: Before & After ms=30 left=32131
2026-08-28T10:50:49.318016Z  INFO fs3_daemon::runner: batch kind="embed" subject=1 x smart jobs=1 ms=3
2026-08-28T10:50:49.341525Z  INFO fs3_daemon::runner: done kind="embed" id=662957 left=32130
2026-08-28T10:50:49.439413Z  INFO fs3_daemon::runner: done kind=summarize subject=docs/plans/071-pr-view/tasks/phase-1-file-notes-data-layer/tasks.fltplan.md::Flight Plan: Phase 1 — File Notes Data Layer::Stages ms=27 left=32130
2026-08-28T10:50:49.448475Z  INFO fs3_daemon::runner: batch kind="embed" subject=1 x smart jobs=1 ms=0
2026-08-28T10:50:49.475027Z  INFO fs3_daemon::runner: done kind="embed" id=662958 left=32129
2026-08-28T10:50:49.598441Z  INFO fs3_daemon::runner: done kind=summarize subject=docs/plans/071-pr-view/tasks/phase-1-file-notes-data-layer/tasks.fltplan.md::Flight Plan: Phase 1 — File Notes Data Layer::Flight Status ms=35 left=32129
2026-08-28T10:50:49.607817Z  INFO fs3_daemon::runner: batch kind="embed" subject=1 x smart jobs=1 ms=0
2026-08-28T10:50:49.625387Z  INFO fs3_daemon::runner: done kind="embed" id=662959 left=32128
2026-08-28T10:50:49.728435Z  INFO fs3_daemon::runner: done kind=summarize subject=docs/plans/071-pr-view/tasks/phase-1-file-notes-data-layer/tasks.fltplan.md::Flight Plan: Phase 1 — File Notes Data Layer::Domain Context ms=23 left=32128
2026-08-28T10:50:49.735306Z  INFO fs3_daemon::runner: batch kind="embed" subject=1 x smart jobs=1 ms=0
2026-08-28T10:50:49.755857Z  INFO fs3_daemon::runner: done kind="embed" id=662960 left=32127
2026-08-28T10:50:49.868521Z  INFO fs3_daemon::runner: done kind=summarize subject=docs/plans/071-pr-view/tasks/phase-1-file-notes-data-layer/tasks.fltplan.md::Flight Plan: Phase 1 — File Notes Data Layer ms=32 left=32127
2026-08-28T10:50:49.872518Z  INFO fs3_daemon::runner: batch kind="embed" subject=1 x smart jobs=1 ms=0
2026-08-28T10:50:49.880204Z  INFO fs3_daemon::runner: done kind="embed" id=662961 left=32126
2026-08-28T10:50:49.970210Z  INFO fs3_daemon::runner: done kind=summarize subject=docs/plans/071-pr-view/tasks/phase-1-file-notes-data-layer/reviews/review.phase-1-file-notes-data-layer.md::Code Review: Phase 1: File Notes Data Layer::H) Handover Brief::Domain Artifacts to Update (if any) ms=14 left=32126
2026-08-28T10:50:50.020321Z  INFO fs3_daemon::runner: progress phase="working" scanned=61613 scan_left=33 summarized=125997 summarize_left=32092 embedded=204530 embed_left=1 failed=0
2026-08-28T10:50:50.039634Z  INFO fs3_daemon::runner: batch kind="embed" subject=2 x smart jobs=2 ms=0
2026-08-28T10:50:50.046934Z  INFO fs3_daemon::runner: done kind="embed" id=662962 left=32125
2026-08-28T10:50:50.116565Z  INFO fs3_daemon::runner: done kind="embed" id=662963 left=32124
2026-08-28T10:50:50.193079Z  INFO fs3_daemon::runner: done kind=summarize subject=docs/plans/071-pr-view/tasks/phase-1-file-notes-data-layer/reviews/review.phase-1-file-notes-data-layer.md::Code Review: Phase 1: File Notes Data Layer::H) Handover Brief::Required Fixes (if REQUEST_CHANGES) ms=13 left=32124
2026-08-28T10:50:50.221390Z  INFO fs3_daemon::runner: done kind=summarize subject=docs/plans/071-pr-view/tasks/phase-1-file-notes-data-layer/reviews/review.phase-1-file-notes-data-layer.md::Code Review: Phase 1: File Notes Data Layer::H) Handover Brief::Files Reviewed ms=19 left=32124
2026-08-28T10:50:50.235105Z  INFO fs3_daemon::runner: batch kind="embed" subject=1 x smart jobs=1 ms=0
2026-08-28T10:50:50.245032Z  INFO fs3_daemon::runner: done kind="embed" id=662964 left=32123
2026-08-28T10:50:50.331366Z  INFO fs3_daemon::runner: done kind=summarize subject=docs/plans/071-pr-view/tasks/phase-1-file-notes-data-layer/reviews/review.phase-1-file-notes-data-layer.md::Code Review: Phase 1: File Notes Data Layer::H) Handover Brief ms=18 left=32123
2026-08-28T10:50:50.336252Z  INFO fs3_daemon::runner: batch kind="embed" subject=1 x smart jobs=1 ms=0
2026-08-28T10:50:50.343305Z  INFO fs3_daemon::runner: done kind="embed" id=662965 left=32122
2026-08-28T10:50:50.426449Z  INFO fs3_daemon::runner: done kind=summarize subject=docs/plans/071-pr-view/tasks/phase-1-file-notes-data-layer/reviews/review.phase-1-file-notes-data-layer.md::Code Review: Phase 1: File Notes Data Layer::G) Commands Executed ms=13 left=32122
2026-08-28T10:50:50.435999Z  INFO fs3_daemon::runner: batch kind="embed" subject=1 x smart jobs=1 ms=1
2026-08-28T10:50:50.444479Z  INFO fs3_daemon::runner: done kind="embed" id=662966 left=32121
2026-08-28T10:50:50.529768Z  INFO fs3_daemon::runner: done kind=summarize subject=docs/plans/071-pr-view/tasks/phase-1-file-notes-data-layer/reviews/review.phase-1-file-notes-data-layer.md::Code Review: Phase 1: File Notes Data Layer::F) Coverage Map ms=10 left=32121
2026-08-28T10:50:50.539259Z  INFO fs3_daemon::runner: batch kind="embed" subject=1 x smart jobs=1 ms=0
2026-08-28T10:50:50.547028Z  INFO fs3_daemon::runner: done kind="embed" id=662967 left=32120
2026-08-28T10:50:50.637581Z  INFO fs3_daemon::runner: done kind=summarize subject=docs/plans/071-pr-view/tasks/phase-1-file-notes-data-layer/reviews/review.phase-1-file-notes-data-layer.md::Code Review: Phase 1: File Notes Data Layer::E) Detailed Findings::E.4) Testing & Evidence ms=12 left=32120
2026-08-28T10:50:50.646912Z  INFO fs3_daemon::runner: batch kind="embed" subject=1 x smart jobs=1 ms=1
2026-08-28T10:50:50.653657Z  INFO fs3_daemon::runner: done kind="embed" id=662968 left=32119
2026-08-28T10:50:50.729399Z  INFO fs3_daemon::runner: done kind=summarize subject=docs/plans/071-pr-view/tasks/phase-1-file-notes-data-layer/reviews/review.phase-1-file-notes-data-layer.md::Code Review: Phase 1: File Notes Data Layer::E) Detailed Findings::E.3) Anti-Reinvention ms=11 left=32119
2026-08-28T10:50:50.741082Z  INFO fs3_daemon::runner: batch kind="embed" subject=1 x smart jobs=1 ms=1
2026-08-28T10:50:50.749127Z  INFO fs3_daemon::runner: done kind="embed" id=662969 left=32118
2026-08-28T10:50:50.831067Z  INFO fs3_daemon::runner: done kind=summarize subject=docs/plans/071-pr-view/tasks/phase-1-file-notes-data-layer/reviews/review.phase-1-file-notes-data-layer.md::Code Review: Phase 1: File Notes Data Layer::E) Detailed Findings::E.2) Domain Compliance ms=15 left=32118
2026-08-28T10:50:50.833357Z  INFO fs3_daemon::runner: batch kind="embed" subject=1 x smart jobs=1 ms=0
2026-08-28T10:50:50.839962Z  INFO fs3_daemon::runner: done kind="embed" id=662970 left=32117
2026-08-28T10:50:50.915300Z  INFO fs3_daemon::runner: done kind=summarize subject=docs/plans/071-pr-view/tasks/phase-1-file-notes-data-layer/reviews/review.phase-1-file-notes-data-layer.md::Code Review: Phase 1: File Notes Data Layer::E) Detailed Findings ms=9 left=32117
2026-08-28T10:50:50.929073Z  INFO fs3_daemon::runner: batch kind="embed" subject=1 x smart jobs=1 ms=0
2026-08-28T10:50:50.935522Z  INFO fs3_daemon::runner: done kind="embed" id=662971 left=32116
2026-08-28T10:50:51.017676Z  INFO fs3_daemon::runner: done kind=summarize subject=docs/plans/071-pr-view/tasks/phase-1-file-notes-data-layer/reviews/review.phase-1-file-notes-data-layer.md::Code Review: Phase 1: File Notes Data Layer::D) Findings Table ms=14 left=32116
2026-08-28T10:50:51.027253Z  INFO fs3_daemon::runner: batch kind="embed" subject=1 x smart jobs=1 ms=0
2026-08-28T10:50:51.034815Z  INFO fs3_daemon::runner: done kind="embed" id=662972 left=32115
2026-08-28T10:50:51.107578Z  INFO fs3_daemon::runner: done kind=summarize subject=docs/plans/071-pr-view/tasks/phase-1-file-notes-data-layer/reviews/review.phase-1-file-notes-data-layer.md::Code Review: Phase 1: File Notes Data Layer::C) Checklist ms=14 left=32115
2026-08-28T10:50:51.120794Z  INFO fs3_daemon::runner: batch kind="embed" subject=1 x smart jobs=1 ms=0
2026-08-28T10:50:51.133763Z  INFO fs3_daemon::runner: done kind="embed" id=662973 left=32114
2026-08-28T10:50:51.210637Z  INFO fs3_daemon::runner: done kind=summarize subject=docs/plans/071-pr-view/tasks/phase-1-file-notes-data-layer/reviews/review.phase-1-file-notes-data-layer.md::Code Review: Phase 1: File Notes Data Layer::A) Verdict ms=11 left=32114
2026-08-28T10:50:51.218892Z  INFO fs3_daemon::runner: batch kind="embed" subject=1 x smart jobs=1 ms=0
2026-08-28T10:50:51.228163Z  INFO fs3_daemon::runner: done kind="embed" id=662974 left=32113
2026-08-28T10:50:51.302397Z  INFO fs3_daemon::runner: done kind=summarize subject=docs/plans/071-pr-view/tasks/phase-1-file-notes-data-layer/reviews/review.phase-1-file-notes-data-layer.md::Code Review: Phase 1: File Notes Data Layer ms=9 left=32113
2026-08-28T10:50:51.313975Z  INFO fs3_daemon::runner: batch kind="embed" subject=1 x smart jobs=1 ms=0
2026-08-28T10:50:51.323537Z  INFO fs3_daemon::runner: done kind="embed" id=662975 left=32112
2026-08-28T10:50:51.408687Z  INFO fs3_daemon::runner: done kind=summarize subject=docs/plans/071-pr-view/tasks/phase-1-file-notes-data-layer/reviews/fix-tasks.phase-1-file-notes-data-layer.md::Fix Tasks: Phase 1: File Notes Data Layer::Medium / Low Fixes::FT-007: Add the missing C4 component artifact for `file-notes` ms=14 left=32112
2026-08-28T10:50:51.417392Z  INFO fs3_daemon::runner: batch kind="embed" subject=1 x smart jobs=1 ms=0
2026-08-28T10:50:51.424528Z  INFO fs3_daemon::runner: done kind="embed" id=662976 left=32111
2026-08-28T10:50:51.501237Z  INFO fs3_daemon::runner: done kind=summarize subject=docs/plans/071-pr-view/tasks/phase-1-file-notes-data-layer/reviews/fix-tasks.phase-1-file-notes-data-layer.md::Fix Tasks: Phase 1: File Notes Data Layer::Medium / Low Fixes::FT-006: Add per-test Test Docs and align phase artifacts ms=10 left=32111
2026-08-28T10:50:51.514087Z  INFO fs3_daemon::runner: batch kind="embed" subject=1 x smart jobs=1 ms=2
2026-08-28T10:50:51.527229Z  INFO fs3_daemon::runner: done kind="embed" id=662977 left=32110
2026-08-28T10:50:51.603491Z  INFO fs3_daemon::runner: done kind=summarize subject=docs/plans/071-pr-view/tasks/phase-1-file-notes-data-layer/reviews/fix-tasks.phase-1-file-notes-data-layer.md::Fix Tasks: Phase 1: File Notes Data Layer::Medium / Low Fixes::FT-005: Surface read failures and clarify file-list semantics ms=12 left=32110
2026-08-28T10:50:51.611853Z  INFO fs3_daemon::runner: batch kind="embed" subject=1 x smart jobs=1 ms=0
2026-08-28T10:50:51.618519Z  INFO fs3_daemon::runner: done kind="embed" id=662978 left=32109
2026-08-28T10:50:51.706838Z  INFO fs3_daemon::runner: done kind=summarize subject=docs/plans/071-pr-view/tasks/phase-1-file-notes-data-layer/reviews/fix-tasks.phase-1-file-notes-data-layer.md::Fix Tasks: Phase 1: File Notes Data Layer::Medium / Low Fixes ms=21 left=32109
2026-08-28T10:50:51.717504Z  INFO fs3_daemon::runner: batch kind="embed" subject=1 x smart jobs=1 ms=0
2026-08-28T10:50:51.725076Z  INFO fs3_daemon::runner: done kind="embed" id=662979 left=32108
2026-08-28T10:50:51.803906Z  INFO fs3_daemon::runner: done kind=summarize subject=docs/plans/071-pr-view/tasks/phase-1-file-notes-data-layer/reviews/fix-tasks.phase-1-file-notes-data-layer.md::Fix Tasks: Phase 1: File Notes Data Layer::Critical / High Fixes::FT-004: Bring domain-map.md up to date for `file-notes` ms=12 left=32108
2026-08-28T10:50:51.812028Z  INFO fs3_daemon::runner: batch kind="embed" subject=1 x smart jobs=1 ms=1
2026-08-28T10:50:51.820495Z  INFO fs3_daemon::runner: done kind="embed" id=662980 left=32107
2026-08-28T10:50:51.903924Z  INFO fs3_daemon::runner: done kind=summarize subject=docs/plans/071-pr-view/tasks/phase-1-file-notes-data-layer/reviews/fix-tasks.phase-1-file-notes-data-layer.md::Fix Tasks: Phase 1: File Notes Data Layer::Critical / High Fixes::FT-003: Add API route validation and TDD coverage ms=15 left=32107
2026-08-28T10:50:51.909062Z  INFO fs3_daemon::runner: batch kind="embed" subject=1 x smart jobs=1 ms=1
2026-08-28T10:50:51.916423Z  INFO fs3_daemon::runner: done kind="embed" id=662981 left=32106
2026-08-28T10:50:51.994426Z  INFO fs3_daemon::runner: done kind=summarize subject=docs/plans/071-pr-view/tasks/phase-1-file-notes-data-layer/reviews/fix-tasks.phase-1-file-notes-data-layer.md::Fix Tasks: Phase 1: File Notes Data Layer::Critical / High Fixes::FT-002: Add `INoteService` parity tests (and a real implementation/factory) ms=13 left=32106
2026-08-28T10:50:52.001064Z  INFO fs3_daemon::runner: batch kind="embed" subject=1 x smart jobs=1 ms=0
2026-08-28T10:50:52.014615Z  INFO fs3_daemon::runner: done kind="embed" id=662982 left=32105
2026-08-28T10:50:52.098470Z  INFO fs3_daemon::runner: done kind=summarize subject=docs/plans/071-pr-view/tasks/phase-1-file-notes-data-layer/reviews/fix-tasks.phase-1-file-notes-data-layer.md::Fix Tasks: Phase 1: File Notes Data Layer::Critical / High Fixes::FT-001: Enforce link-type-specific `targetMeta` ms=10 left=32105
2026-08-28T10:50:52.111445Z  INFO fs3_daemon::runner: batch kind="embed" subject=1 x smart jobs=1 ms=0
2026-08-28T10:50:52.119878Z  INFO fs3_daemon::runner: done kind="embed" id=662983 left=32104
2026-08-28T10:50:52.199174Z  INFO fs3_daemon::runner: done kind=summarize subject=docs/plans/071-pr-view/tasks/phase-1-file-notes-data-layer/reviews/fix-tasks.phase-1-file-notes-data-layer.md::Fix Tasks: Phase 1: File Notes Data Layer::Critical / High Fixes ms=13 left=32104
2026-08-28T10:50:52.208689Z  INFO fs3_daemon::runner: batch kind="embed" subject=1 x smart jobs=1 ms=0
2026-08-28T10:50:52.215972Z  INFO fs3_daemon::runner: done kind="embed" id=662984 left=32103
2026-08-28T10:50:52.285490Z  INFO fs3_daemon::runner: done kind=summarize subject=docs/plans/071-pr-view/tasks/phase-1-file-notes-data-layer/reviews/fix-tasks.phase-1-file-notes-data-layer.md::Fix Tasks: Phase 1: File Notes Data Layer ms=10 left=32103
2026-08-28T10:50:52.297378Z  INFO fs3_daemon::runner: batch kind="embed" subject=1 x smart jobs=1 ms=0
2026-08-28T10:50:52.304204Z  INFO fs3_daemon::runner: done kind="embed" id=662985 left=32102
2026-08-28T10:50:52.383521Z  INFO fs3_daemon::runner: done kind=summarize subject=docs/plans/071-pr-view/tasks/phase-1-file-notes-data-layer/execution.log.md::Phase 1: File Notes Data Layer — Execution Log::Task Log ms=13 left=32102
2026-08-28T10:50:52.391115Z  INFO fs3_daemon::runner: batch kind="embed" subject=1 x smart jobs=1 ms=0
2026-08-28T10:50:52.403013Z  INFO fs3_daemon::runner: done kind="embed" id=662986 left=32101
2026-08-28T10:50:52.481082Z  INFO fs3_daemon::runner: done kind=summarize subject=docs/plans/071-pr-view/tasks/phase-1-file-notes-data-layer/execution.log.md::Phase 1: File Notes Data Layer — Execution Log ms=13 left=32101
2026-08-28T10:50:52.490003Z  INFO fs3_daemon::runner: batch kind="embed" subject=1 x smart jobs=1 ms=0
2026-08-28T10:50:52.496794Z  INFO fs3_daemon::runner: done kind="embed" id=662987 left=32100
2026-08-28T10:50:52.573439Z  INFO fs3_daemon::runner: done kind=summarize subject=docs/plans/071-pr-view/research-dossier.md::Research Report: PR View & File Notes::Appendix: File Inventory::Exemplar Files (Copy-Adapt) ms=13 left=32100
2026-08-28T10:50:52.577704Z  INFO fs3_daemon::runner: batch kind="embed" subject=1 x smart jobs=1 ms=0
2026-08-28T10:50:52.583891Z  INFO fs3_daemon::runner: done kind="embed" id=662988 left=32099
2026-08-28T10:50:52.660199Z  INFO fs3_daemon::runner: done kind=summarize subject=docs/plans/071-pr-view/research-dossier.md::Research Report: PR View & File Notes::Appendix: File Inventory ms=8 left=32099
2026-08-28T10:50:52.671756Z  INFO fs3_daemon::runner: batch kind="embed" subject=1 x smart jobs=1 ms=1
2026-08-28T10:50:52.679143Z  INFO fs3_daemon::runner: done kind="embed" id=662989 left=32098
2026-08-28T10:50:52.781812Z  INFO fs3_daemon::runner: done kind=summarize subject=docs/plans/071-pr-view/research-dossier.md::Research Report: PR View & File Notes::Recommendations ms=31 left=32098
2026-08-28T10:50:52.793417Z  INFO fs3_daemon::runner: batch kind="embed" subject=1 x smart jobs=1 ms=0
2026-08-28T10:50:52.815456Z  INFO fs3_daemon::runner: done kind="embed" id=662990 left=32097
2026-08-28T10:50:52.922012Z  INFO fs3_daemon::runner: done kind=summarize subject=docs/plans/071-pr-view/research-dossier.md::Research Report: PR View & File Notes::Supporting Documentation::Key Code References ms=30 left=32097
2026-08-28T10:50:52.931169Z  INFO fs3_daemon::runner: batch kind="embed" subject=1 x smart jobs=1 ms=0
2026-08-28T10:50:52.949623Z  INFO fs3_daemon::runner: done kind="embed" id=662991 left=32096
2026-08-28T10:50:53.054415Z  INFO fs3_daemon::runner: batch kind="embed" subject=1 x smart jobs=1 ms=0
2026-08-28T10:50:53.070246Z  INFO fs3_daemon::runner: done kind=summarize subject=docs/plans/071-pr-view/research-dossier.md::Research Report: PR View & File Notes::Supporting Documentation ms=45 left=32096
2026-08-28T10:50:53.083860Z  INFO fs3_daemon::runner: done kind="embed" id=662992 left=32095
2026-08-28T10:50:53.182994Z  INFO fs3_daemon::runner: done kind=summarize subject=docs/plans/071-pr-view/research-dossier.md::Research Report: PR View & File Notes::Critical Discoveries ms=28 left=32095
2026-08-28T10:50:53.192505Z  INFO fs3_daemon::runner: batch kind="embed" subject=1 x smart jobs=1 ms=0
2026-08-28T10:50:53.220381Z  INFO fs3_daemon::runner: done kind="embed" id=662993 left=32094
2026-08-28T10:50:53.318300Z  INFO fs3_daemon::runner: done kind=summarize subject=docs/plans/071-pr-view/research-dossier.md::Research Report: PR View & File Notes::Domain Context::Existing Domains Relevant to This Research ms=27 left=32094
2026-08-28T10:50:53.323777Z  INFO fs3_daemon::runner: batch kind="embed" subject=1 x smart jobs=1 ms=1
2026-08-28T10:50:53.343687Z  INFO fs3_daemon::runner: done kind="embed" id=662994 left=32093
2026-08-28T10:50:53.436200Z  INFO fs3_daemon::runner: done kind=summarize subject=docs/plans/071-pr-view/research-dossier.md::Research Report: PR View & File Notes::Domain Context ms=27 left=32093
2026-08-28T10:50:53.445358Z  INFO fs3_daemon::runner: batch kind="embed" subject=1 x smart jobs=1 ms=0
2026-08-28T10:50:53.463411Z  INFO fs3_daemon::runner: done kind="embed" id=662995 left=32092
2026-08-28T10:50:53.566556Z  INFO fs3_daemon::runner: batch kind="embed" subject=1 x smart jobs=1 ms=0
2026-08-28T10:50:53.584201Z  INFO fs3_daemon::runner: done kind=summarize subject=docs/plans/071-pr-view/research-dossier.md::Research Report: PR View & File Notes::Prior Learnings (From Previous Implementations)::Prior Learnings Summary ms=52 left=32092
2026-08-28T10:50:53.597844Z  INFO fs3_daemon::runner: done kind="embed" id=662996 left=32091
2026-08-28T10:50:53.711340Z  INFO fs3_daemon::runner: done kind=summarize subject=docs/plans/071-pr-view/research-dossier.md::Research Report: PR View & File Notes::Prior Learnings (From Previous Implementations) ms=33 left=32091
2026-08-28T10:50:53.723046Z  INFO fs3_daemon::runner: batch kind="embed" subject=1 x smart jobs=1 ms=4
2026-08-28T10:50:53.742988Z  INFO fs3_daemon::runner: done kind="embed" id=662997 left=32090
2026-08-28T10:50:53.851982Z  INFO fs3_daemon::runner: batch kind="embed" subject=1 x smart jobs=1 ms=1
2026-08-28T10:50:53.868476Z  INFO fs3_daemon::runner: done kind=summarize subject=docs/plans/071-pr-view/research-dossier.md::Research Report: PR View & File Notes::Modification Considerations ms=51 left=32090
2026-08-28T10:50:53.880204Z  INFO fs3_daemon::runner: done kind="embed" id=662998 left=32089
2026-08-28T10:50:53.986072Z  INFO fs3_daemon::runner: done kind=summarize subject=docs/plans/071-pr-view/research-dossier.md::Research Report: PR View & File Notes::Quality & Testing::Recommended Test Files ms=30 left=32089
2026-08-28T10:50:53.998072Z  INFO fs3_daemon::runner: batch kind="embed" subject=1 x smart jobs=1 ms=2
2026-08-28T10:50:54.011529Z  INFO fs3_daemon::runner: done kind="embed" id=662999 left=32088
2026-08-28T10:50:54.118769Z  INFO fs3_daemon::runner: done kind=summarize subject=docs/plans/071-pr-view/research-dossier.md::Research Report: PR View & File Notes::Quality & Testing::Testing Strategy (from QT findings) ms=35 left=32088
2026-08-28T10:50:54.130926Z  INFO fs3_daemon::runner: batch kind="embed" subject=1 x smart jobs=1 ms=1
2026-08-28T10:50:54.157008Z  INFO fs3_daemon::runner: done kind="embed" id=663000 left=32087
2026-08-28T10:50:54.272408Z  INFO fs3_daemon::runner: batch kind="embed" subject=1 x smart jobs=1 ms=0
2026-08-28T10:50:54.289233Z  INFO fs3_daemon::runner: done kind=summarize subject=docs/plans/071-pr-view/research-dossier.md::Research Report: PR View & File Notes::Quality & Testing ms=49 left=32087
2026-08-28T10:50:54.302140Z  INFO fs3_daemon::runner: done kind="embed" id=663001 left=32086
2026-08-28T10:50:54.390757Z  INFO fs3_daemon::runner: done kind=summarize subject=docs/plans/071-pr-view/research-dossier.md::Research Report: PR View & File Notes::Dependencies & Integration::File Notes Link Type System ms=9 left=32086
2026-08-28T10:50:54.406651Z  INFO fs3_daemon::runner: batch kind="embed" subject=1 x smart jobs=1 ms=0
2026-08-28T10:50:54.414826Z  INFO fs3_daemon::runner: done kind="embed" id=663002 left=32085
2026-08-28T10:50:54.492213Z  INFO fs3_daemon::runner: done kind=summarize subject=docs/plans/071-pr-view/research-dossier.md::Research Report: PR View & File Notes::Dependencies & Integration::Integration Architecture — Overlay Group ms=13 left=32085
2026-08-28T10:50:54.501606Z  INFO fs3_daemon::runner: batch kind="embed" subject=1 x smart jobs=1 ms=0
2026-08-28T10:50:54.509342Z  INFO fs3_daemon::runner: done kind="embed" id=663003 left=32084
2026-08-28T10:50:54.589311Z  INFO fs3_daemon::runner: done kind=summarize subject=docs/plans/071-pr-view/research-dossier.md::Research Report: PR View & File Notes::Dependencies & Integration::File Notes Dependencies ms=14 left=32084
2026-08-28T10:50:54.597975Z  INFO fs3_daemon::runner: batch kind="embed" subject=1 x smart jobs=1 ms=0
2026-08-28T10:50:54.605372Z  INFO fs3_daemon::runner: done kind="embed" id=663004 left=32083
2026-08-28T10:50:54.686103Z  INFO fs3_daemon::runner: done kind=summarize subject=docs/plans/071-pr-view/research-dossier.md::Research Report: PR View & File Notes::Dependencies & Integration::PR View Dependencies ms=13 left=32083
2026-08-28T10:50:54.693143Z  INFO fs3_daemon::runner: batch kind="embed" subject=1 x smart jobs=1 ms=0
2026-08-28T10:50:54.707344Z  INFO fs3_daemon::runner: done kind="embed" id=663005 left=32082
2026-08-28T10:50:54.791793Z  INFO fs3_daemon::runner: done kind=summarize subject=docs/plans/071-pr-view/research-dossier.md::Research Report: PR View & File Notes::Dependencies & Integration ms=11 left=32082
2026-08-28T10:50:54.804795Z  INFO fs3_daemon::runner: batch kind="embed" subject=1 x smart jobs=1 ms=0
2026-08-28T10:50:54.813647Z  INFO fs3_daemon::runner: done kind="embed" id=663006 left=32081
2026-08-28T10:50:54.881107Z  INFO fs3_daemon::runner: done kind=summarize subject=docs/plans/071-pr-view/research-dossier.md::Research Report: PR View & File Notes::Architecture & Design::Design Patterns Identified ms=10 left=32081
2026-08-28T10:50:54.897084Z  INFO fs3_daemon::runner: batch kind="embed" subject=1 x smart jobs=1 ms=0
2026-08-28T10:50:54.904162Z  INFO fs3_daemon::runner: done kind="embed" id=663007 left=32080
2026-08-28T10:50:54.984553Z  INFO fs3_daemon::runner: done kind=summarize subject=docs/plans/071-pr-view/research-dossier.md::Research Report: PR View & File Notes::Architecture & Design::Component Map — File Notes ms=13 left=32080
2026-08-28T10:50:54.992848Z  INFO fs3_daemon::runner: batch kind="embed" subject=1 x smart jobs=1 ms=0
2026-08-28T10:50:54.999661Z  INFO fs3_daemon::runner: done kind="embed" id=663008 left=32079
2026-08-28T10:50:55.076981Z  INFO fs3_daemon::runner: done kind=summarize subject=docs/plans/071-pr-view/research-dossier.md::Research Report: PR View & File Notes::Architecture & Design::Component Map — PR View ms=17 left=32079
2026-08-28T10:50:55.122965Z  INFO fs3_daemon::runner: progress phase="working" scanned=61613 scan_left=33 summarized=126044 summarize_left=32045 embedded=204577 embed_left=1 failed=0
2026-08-28T10:50:55.142501Z  INFO fs3_daemon::runner: batch kind="embed" subject=2 x smart jobs=2 ms=0
2026-08-28T10:50:55.148559Z  INFO fs3_daemon::runner: done kind="embed" id=663010 left=32078
2026-08-28T10:50:55.216787Z  INFO fs3_daemon::runner: done kind="embed" id=663009 left=32077
2026-08-28T10:50:55.283222Z  INFO fs3_daemon::runner: done kind=summarize subject=docs/plans/071-pr-view/research-dossier.md::Research Report: PR View & File Notes::Architecture & Design ms=10 left=32077
2026-08-28T10:50:55.316467Z  INFO fs3_daemon::runner: done kind=summarize subject=docs/plans/071-pr-view/research-dossier.md::Research Report: PR View & File Notes::How It Currently Works::Data Flow — Per-Worktree JSONL Persistence ms=12 left=32077
2026-08-28T10:50:55.328167Z  INFO fs3_daemon::runner: batch kind="embed" subject=1 x smart jobs=1 ms=0
2026-08-28T10:50:55.336128Z  INFO fs3_daemon::runner: done kind="embed" id=663011 left=32076
2026-08-28T10:50:55.413570Z  INFO fs3_daemon::runner: done kind=summarize subject=docs/plans/071-pr-view/research-dossier.md::Research Report: PR View & File Notes::How It Currently Works::Entry Points (Relevant Existing Code) ms=13 left=32076
2026-08-28T10:50:55.436877Z  INFO fs3_daemon::runner: batch kind="embed" subject=1 x smart jobs=1 ms=3
2026-08-28T10:50:55.446023Z  INFO fs3_daemon::runner: done kind="embed" id=663012 left=32075
2026-08-28T10:50:55.527309Z  INFO fs3_daemon::runner: done kind=summarize subject=docs/plans/071-pr-view/research-dossier.md::Research Report: PR View & File Notes::How It Currently Works ms=13 left=32075
2026-08-28T10:50:55.531913Z  INFO fs3_daemon::runner: batch kind="embed" subject=1 x smart jobs=1 ms=0
2026-08-28T10:50:55.539151Z  INFO fs3_daemon::runner: done kind="embed" id=663013 left=32074
2026-08-28T10:50:55.615577Z  INFO fs3_daemon::runner: done kind=summarize subject=docs/plans/071-pr-view/research-dossier.md::Research Report: PR View & File Notes::Executive Summary ms=10 left=32074
2026-08-28T10:50:55.631964Z  INFO fs3_daemon::runner: batch kind="embed" subject=1 x smart jobs=1 ms=0
2026-08-28T10:50:55.643904Z  INFO fs3_daemon::runner: done kind="embed" id=663014 left=32073
2026-08-28T10:50:55.718730Z  INFO fs3_daemon::runner: done kind=summarize subject=docs/plans/071-pr-view/research-dossier.md::Research Report: PR View & File Notes ms=9 left=32073
2026-08-28T10:50:55.732085Z  INFO fs3_daemon::runner: batch kind="embed" subject=1 x smart jobs=1 ms=0
2026-08-28T10:50:55.738247Z  INFO fs3_daemon::runner: done kind="embed" id=663015 left=32072
2026-08-28T10:50:55.818367Z  INFO fs3_daemon::runner: done kind=summarize subject=docs/plans/071-pr-view/pr-view-spec.md::PR View & File Notes::Documentation Strategy ms=12 left=32072
2026-08-28T10:50:55.829949Z  INFO fs3_daemon::runner: batch kind="embed" subject=1 x smart jobs=1 ms=1
2026-08-28T10:50:55.836128Z  INFO fs3_daemon::runner: done kind="embed" id=663016 left=32071
2026-08-28T10:50:55.924649Z  INFO fs3_daemon::runner: done kind=summarize subject=docs/plans/071-pr-view/pr-view-spec.md::PR View & File Notes::Testing Strategy ms=15 left=32071
2026-08-28T10:50:55.932094Z  INFO fs3_daemon::runner: batch kind="embed" subject=1 x smart jobs=1 ms=3
2026-08-28T10:50:55.941498Z  INFO fs3_daemon::runner: done kind="embed" id=663017 left=32070
2026-08-28T10:50:56.021954Z  INFO fs3_daemon::runner: done kind=summarize subject=docs/plans/071-pr-view/pr-view-spec.md::PR View & File Notes::Risks & Assumptions::Risks ms=11 left=32070
2026-08-28T10:50:56.031961Z  INFO fs3_daemon::runner: batch kind="embed" subject=1 x smart jobs=1 ms=0
2026-08-28T10:50:56.038669Z  INFO fs3_daemon::runner: done kind="embed" id=663018 left=32069
2026-08-28T10:50:56.119568Z  INFO fs3_daemon::runner: done kind=summarize subject=docs/plans/071-pr-view/pr-view-spec.md::PR View & File Notes::Risks & Assumptions ms=12 left=32069
2026-08-28T10:50:56.134840Z  INFO fs3_daemon::runner: batch kind="embed" subject=1 x smart jobs=1 ms=0
2026-08-28T10:50:56.149607Z  INFO fs3_daemon::runner: done kind="embed" id=663019 left=32068
2026-08-28T10:50:56.229010Z  INFO fs3_daemon::runner: done kind=summarize subject=docs/plans/071-pr-view/pr-view-spec.md::PR View & File Notes::Acceptance Criteria::File Notes ms=10 left=32068
2026-08-28T10:50:56.241887Z  INFO fs3_daemon::runner: batch kind="embed" subject=1 x smart jobs=1 ms=0
2026-08-28T10:50:56.249823Z  INFO fs3_daemon::runner: done kind="embed" id=663020 left=32067
2026-08-28T10:50:56.332104Z  INFO fs3_daemon::runner: done kind=summarize subject=docs/plans/071-pr-view/pr-view-spec.md::PR View & File Notes::Acceptance Criteria::PR View ms=9 left=32067
2026-08-28T10:50:56.344465Z  INFO fs3_daemon::runner: batch kind="embed" subject=1 x smart jobs=1 ms=0
2026-08-28T10:50:56.354394Z  INFO fs3_daemon::runner: done kind="embed" id=663021 left=32066
2026-08-28T10:50:56.441045Z  INFO fs3_daemon::runner: done kind=summarize subject=docs/plans/071-pr-view/pr-view-spec.md::PR View & File Notes::Acceptance Criteria ms=14 left=32066
2026-08-28T10:50:56.458851Z  INFO fs3_daemon::runner: batch kind="embed" subject=1 x smart jobs=1 ms=0
2026-08-28T10:50:56.468547Z  INFO fs3_daemon::runner: done kind="embed" id=663022 left=32065
2026-08-28T10:50:56.582676Z  INFO fs3_daemon::runner: done kind=summarize subject=docs/plans/071-pr-view/pr-view-spec.md::PR View & File Notes::Complexity ms=15 left=32065
2026-08-28T10:50:56.598062Z  INFO fs3_daemon::runner: batch kind="embed" subject=1 x smart jobs=1 ms=0
2026-08-28T10:50:56.613649Z  INFO fs3_daemon::runner: done kind="embed" id=663023 left=32064
2026-08-28T10:50:56.709271Z  INFO fs3_daemon::runner: done kind=summarize subject=docs/plans/071-pr-view/pr-view-spec.md::PR View & File Notes::Target Domains::New Domain Sketches ms=11 left=32064
2026-08-28T10:50:56.724172Z  INFO fs3_daemon::runner: batch kind="embed" subject=1 x smart jobs=1 ms=0
2026-08-28T10:50:56.733385Z  INFO fs3_daemon::runner: done kind="embed" id=663024 left=32063
2026-08-28T10:50:56.846226Z  INFO fs3_daemon::runner: done kind=summarize subject=docs/plans/071-pr-view/pr-view-spec.md::PR View & File Notes::Target Domains ms=18 left=32063
2026-08-28T10:50:56.855132Z  INFO fs3_daemon::runner: batch kind="embed" subject=1 x smart jobs=1 ms=1
2026-08-28T10:50:56.864776Z  INFO fs3_daemon::runner: done kind="embed" id=663025 left=32062
2026-08-28T10:50:56.967893Z  INFO fs3_daemon::runner: done kind=summarize subject=docs/plans/071-pr-view/pr-view-spec.md::PR View & File Notes::Non-Goals ms=12 left=32062
2026-08-28T10:50:56.982044Z  INFO fs3_daemon::runner: batch kind="embed" subject=1 x smart jobs=1 ms=0
2026-08-28T10:50:56.992711Z  INFO fs3_daemon::runner: done kind="embed" id=663026 left=32061
2026-08-28T10:50:57.100466Z  INFO fs3_daemon::runner: done kind=summarize subject=docs/plans/071-pr-view/pr-view-spec.md::PR View & File Notes::Goals ms=17 left=32061
2026-08-28T10:50:57.121040Z  INFO fs3_daemon::runner: batch kind="embed" subject=1 x smart jobs=1 ms=1
2026-08-28T10:50:57.135396Z  INFO fs3_daemon::runner: done kind="embed" id=663027 left=32060
2026-08-28T10:50:57.259939Z  INFO fs3_daemon::runner: done kind=summarize subject=docs/plans/071-pr-view/pr-view-spec.md::PR View & File Notes::Summary ms=14 left=32060
2026-08-28T10:50:57.271906Z  INFO fs3_daemon::runner: batch kind="embed" subject=1 x smart jobs=1 ms=0
2026-08-28T10:50:57.281386Z  INFO fs3_daemon::runner: done kind="embed" id=663028 left=32059
2026-08-28T10:50:57.395214Z  INFO fs3_daemon::runner: done kind=summarize subject=docs/plans/071-pr-view/pr-view-spec.md::PR View & File Notes ms=15 left=32059
2026-08-28T10:50:57.409680Z  INFO fs3_daemon::runner: batch kind="embed" subject=1 x smart jobs=1 ms=0
2026-08-28T10:50:57.418155Z  INFO fs3_daemon::runner: done kind="embed" id=663029 left=32058
2026-08-28T10:50:57.517665Z  INFO fs3_daemon::runner: done kind=summarize subject=docs/plans/071-pr-view/pr-view-plan.md::PR View & File Notes Implementation Plan::Phases::Phase 8: Documentation + Polish ms=15 left=32058
2026-08-28T10:50:57.531655Z  INFO fs3_daemon::runner: batch kind="embed" subject=1 x smart jobs=1 ms=2
2026-08-28T10:50:57.552417Z  INFO fs3_daemon::runner: done kind="embed" id=663030 left=32057
2026-08-28T10:50:57.686754Z  INFO fs3_daemon::runner: done kind=summarize subject=docs/plans/071-pr-view/pr-view-plan.md::PR View & File Notes Implementation Plan::Phases::Phase 7: Cross-Domain Integration ms=29 left=32057
2026-08-28T10:50:57.691974Z  INFO fs3_daemon::runner: batch kind="embed" subject=1 x smart jobs=1 ms=0
2026-08-28T10:50:57.713717Z  INFO fs3_daemon::runner: done kind="embed" id=663031 left=32056
2026-08-28T10:50:57.837391Z  INFO fs3_daemon::runner: done kind=summarize subject=docs/plans/071-pr-view/pr-view-plan.md::PR View & File Notes Implementation Plan::Phases::Phase 6: PR View Live Updates + Branch Mode ms=31 left=32056
2026-08-28T10:50:57.844762Z  INFO fs3_daemon::runner: batch kind="embed" subject=1 x smart jobs=1 ms=0
2026-08-28T10:50:57.872504Z  INFO fs3_daemon::runner: done kind="embed" id=663032 left=32055
2026-08-28T10:50:58.034040Z  INFO fs3_daemon::runner: done kind=summarize subject=docs/plans/071-pr-view/pr-view-plan.md::PR View & File Notes Implementation Plan::Phases::Acceptance Criteria (Phase 5) ms=36 left=32055
2026-08-28T10:50:58.039851Z  INFO fs3_daemon::runner: batch kind="embed" subject=1 x smart jobs=1 ms=0
2026-08-28T10:50:58.068816Z  INFO fs3_daemon::runner: done kind="embed" id=663033 left=32054
2026-08-28T10:50:58.249934Z  INFO fs3_daemon::runner: done kind=summarize subject=docs/plans/071-pr-view/pr-view-plan.md::PR View & File Notes Implementation Plan::Phases::Phase 5: PR View Overlay ms=42 left=32054
2026-08-28T10:50:58.259887Z  INFO fs3_daemon::runner: batch kind="embed" subject=1 x smart jobs=1 ms=4
2026-08-28T10:50:58.293279Z  INFO fs3_daemon::runner: done kind="embed" id=663034 left=32053
2026-08-28T10:50:58.431235Z  INFO fs3_daemon::runner: done kind=summarize subject=docs/plans/071-pr-view/pr-view-plan.md::PR View & File Notes Implementation Plan::Phases::Phase 4: PR View Data Layer ms=35 left=32053
2026-08-28T10:50:58.443531Z  INFO fs3_daemon::runner: batch kind="embed" subject=1 x smart jobs=1 ms=2
2026-08-28T10:50:58.474286Z  INFO fs3_daemon::runner: done kind="embed" id=663035 left=32052
2026-08-28T10:50:58.607556Z  INFO fs3_daemon::runner: done kind=summarize subject=docs/plans/071-pr-view/pr-view-plan.md::PR View & File Notes Implementation Plan::Phases::Acceptance Criteria (Phase 3) ms=42 left=32052
2026-08-28T10:50:58.617508Z  INFO fs3_daemon::runner: batch kind="embed" subject=1 x smart jobs=1 ms=2
2026-08-28T10:50:58.658090Z  INFO fs3_daemon::runner: done kind="embed" id=663036 left=32051
2026-08-28T10:50:58.773854Z  INFO fs3_daemon::runner: done kind=summarize subject=docs/plans/071-pr-view/pr-view-plan.md::PR View & File Notes Implementation Plan::Phases::Phase 3: File Notes CLI ms=33 left=32051
2026-08-28T10:50:58.786031Z  INFO fs3_daemon::runner: batch kind="embed" subject=1 x smart jobs=1 ms=0
2026-08-28T10:50:58.824635Z  INFO fs3_daemon::runner: done kind="embed" id=663037 left=32050
2026-08-28T10:50:58.932397Z  INFO fs3_daemon::runner: done kind=summarize subject=docs/plans/071-pr-view/pr-view-plan.md::PR View & File Notes Implementation Plan::Phases::Acceptance Criteria (Phase 2) ms=31 left=32050
2026-08-28T10:50:58.944993Z  INFO fs3_daemon::runner: batch kind="embed" subject=1 x smart jobs=1 ms=0
2026-08-28T10:50:58.966176Z  INFO fs3_daemon::runner: done kind="embed" id=663038 left=32049
2026-08-28T10:50:59.098745Z  INFO fs3_daemon::runner: batch kind="embed" subject=1 x smart jobs=1 ms=0
2026-08-28T10:50:59.120999Z  INFO fs3_daemon::runner: done kind=summarize subject=docs/plans/071-pr-view/pr-view-plan.md::PR View & File Notes Implementation Plan::Phases::Phase 2: File Notes Web UI ms=59 left=32049
2026-08-28T10:50:59.136251Z  INFO fs3_daemon::runner: done kind="embed" id=663039 left=32048
2026-08-28T10:50:59.263492Z  INFO fs3_daemon::runner: batch kind="embed" subject=1 x smart jobs=1 ms=1
2026-08-28T10:50:59.284887Z  INFO fs3_daemon::runner: done kind=summarize subject=docs/plans/071-pr-view/pr-view-plan.md::PR View & File Notes Implementation Plan::Phases::Phase 1: File Notes Data Layer ms=56 left=32048
2026-08-28T10:50:59.305736Z  INFO fs3_daemon::runner: done kind="embed" id=663040 left=32047
2026-08-28T10:50:59.422496Z  INFO fs3_daemon::runner: done kind=summarize subject=docs/plans/071-pr-view/pr-view-plan.md::PR View & File Notes Implementation Plan::Phases::Phase Index ms=33 left=32047
2026-08-28T10:50:59.437807Z  INFO fs3_daemon::runner: batch kind="embed" subject=1 x smart jobs=1 ms=6
2026-08-28T10:50:59.454664Z  INFO fs3_daemon::runner: done kind="embed" id=663041 left=32046
2026-08-28T10:50:59.568116Z  INFO fs3_daemon::runner: done kind=summarize subject=docs/plans/071-pr-view/pr-view-plan.md::PR View & File Notes Implementation Plan::Phases ms=33 left=32046
2026-08-28T10:50:59.575460Z  INFO fs3_daemon::runner: batch kind="embed" subject=1 x smart jobs=1 ms=2
2026-08-28T10:50:59.585823Z  INFO fs3_daemon::runner: done kind="embed" id=663042 left=32045
2026-08-28T10:50:59.687174Z  INFO fs3_daemon::runner: done kind=summarize subject=docs/plans/071-pr-view/pr-view-plan.md::PR View & File Notes Implementation Plan::Constitution Compliance ms=15 left=32045
2026-08-28T10:50:59.693869Z  INFO fs3_daemon::runner: batch kind="embed" subject=1 x smart jobs=1 ms=0
2026-08-28T10:50:59.709082Z  INFO fs3_daemon::runner: done kind="embed" id=663043 left=32044
2026-08-28T10:50:59.807456Z  INFO fs3_daemon::runner: done kind=summarize subject=docs/plans/071-pr-view/pr-view-plan.md::PR View & File Notes Implementation Plan::Key Findings ms=21 left=32044
2026-08-28T10:50:59.816246Z  INFO fs3_daemon::runner: batch kind="embed" subject=1 x smart jobs=1 ms=1
2026-08-28T10:50:59.834674Z  INFO fs3_daemon::runner: done kind="embed" id=663044 left=32043
2026-08-28T10:50:59.946787Z  INFO fs3_daemon::runner: batch kind="embed" subject=1 x smart jobs=1 ms=0
2026-08-28T10:50:59.954041Z  INFO fs3_daemon::runner: done kind=summarize subject=docs/plans/071-pr-view/pr-view-plan.md::PR View & File Notes Implementation Plan::Domain Manifest ms=29 left=32043
2026-08-28T10:50:59.960716Z  INFO fs3_daemon::runner: done kind="embed" id=663045 left=32042
2026-08-28T10:51:00.062549Z  INFO fs3_daemon::runner: done kind=summarize subject=docs/plans/071-pr-view/pr-view-plan.md::PR View & File Notes Implementation Plan::Target Domains ms=17 left=32042
2026-08-28T10:51:00.067335Z  INFO fs3_daemon::runner: batch kind="embed" subject=1 x smart jobs=1 ms=0
2026-08-28T10:51:00.125126Z  INFO fs3_daemon::runner: done kind="embed" id=663046 left=32041
2026-08-28T10:51:00.277334Z  INFO fs3_daemon::runner: done kind=summarize subject=docs/plans/071-pr-view/pr-view-plan.md::PR View & File Notes Implementation Plan ms=33 left=32041
2026-08-28T10:51:00.391137Z  INFO fs3_daemon::runner: progress phase="working" scanned=61613 scan_left=33 summarized=126082 summarize_left=32007 embedded=204615 embed_left=1 failed=0
2026-08-28T10:51:00.444468Z  INFO fs3_daemon::runner: batch kind="embed" subject=2 x smart jobs=2 ms=1
2026-08-28T10:51:00.464378Z  INFO fs3_daemon::runner: done kind="embed" id=663047 left=32040
2026-08-28T10:51:00.562901Z  INFO fs3_daemon::runner: done kind="embed" id=663048 left=32039
2026-08-28T10:51:00.684688Z  INFO fs3_daemon::runner: done kind=summarize subject=docs/plans/071-pr-view/merge/2026-03-11/merge-plan.md::Merge Plan: Integrating Upstream Changes::Human Approval Required::Risk Acknowledgment ms=33 left=32039
2026-08-28T10:51:00.705128Z  INFO fs3_daemon::runner: done kind=summarize subject=docs/plans/071-pr-view/merge/2026-03-11/merge-plan.md::Merge Plan: Integrating Upstream Changes::Human Approval Required ms=23 left=32039
2026-08-28T10:51:00.719347Z  INFO fs3_daemon::runner: batch kind="embed" subject=1 x smart jobs=1 ms=0
2026-08-28T10:51:00.733578Z  INFO fs3_daemon::runner: done kind="embed" id=663049 left=32038
2026-08-28T10:51:00.849572Z  INFO fs3_daemon::runner: done kind=summarize subject=docs/plans/071-pr-view/merge/2026-03-11/merge-plan.md::Merge Plan: Integrating Upstream Changes::Merge Execution Plan::Phase 3: Resolve Conflicts (per-file) ms=30 left=32038
2026-08-28T10:51:00.852181Z  INFO fs3_daemon::runner: batch kind="embed" subject=1 x smart jobs=1 ms=0
2026-08-28T10:51:00.864489Z  INFO fs3_daemon::runner: done kind="embed" id=663050 left=32037
2026-08-28T10:51:00.999552Z  INFO fs3_daemon::runner: done kind=summarize subject=docs/plans/071-pr-view/merge/2026-03-11/merge-plan.md::Merge Plan: Integrating Upstream Changes::Merge Execution Plan ms=36 left=32037
2026-08-28T10:51:01.012855Z  INFO fs3_daemon::runner: batch kind="embed" subject=1 x smart jobs=1 ms=0
2026-08-28T10:51:01.028612Z  INFO fs3_daemon::runner: done kind="embed" id=663051 left=32036
2026-08-28T10:51:01.163581Z  INFO fs3_daemon::runner: done kind=summarize subject=docs/plans/071-pr-view/merge/2026-03-11/merge-plan.md::Merge Plan: Integrating Upstream Changes::Regression Risk Analysis ms=29 left=32036
2026-08-28T10:51:01.188428Z  INFO fs3_daemon::runner: batch kind="embed" subject=1 x smart jobs=1 ms=0
2026-08-28T10:51:01.205458Z  INFO fs3_daemon::runner: done kind="embed" id=663052 left=32035
2026-08-28T10:51:01.359774Z  INFO fs3_daemon::runner: done kind=summarize subject=docs/plans/071-pr-view/merge/2026-03-11/merge-plan.md::Merge Plan: Integrating Upstream Changes::Conflict Analysis::Conflict 4: `apps/web/.../layout.tsx` ms=33 left=32035
2026-08-28T10:51:01.435267Z  INFO fs3_daemon::runner: batch kind="embed" subject=1 x smart jobs=1 ms=13
2026-08-28T10:51:01.451721Z  INFO fs3_daemon::runner: done kind="embed" id=663053 left=32034
2026-08-28T10:51:01.632284Z  INFO fs3_daemon::runner: batch kind="embed" subject=1 x smart jobs=1 ms=6
2026-08-28T10:51:01.671003Z  INFO fs3_daemon::runner: done kind=summarize subject=docs/plans/071-pr-view/merge/2026-03-11/merge-plan.md::Merge Plan: Integrating Upstream Changes::Conflict Analysis::Conflict 3: `apps/web/.../browser-client.tsx` ms=113 left=32033
2026-08-28T10:51:01.671084Z  INFO fs3_daemon::runner: done kind="embed" id=663054 left=32034
2026-08-28T10:51:01.816545Z  INFO fs3_daemon::runner: done kind=summarize subject=docs/plans/071-pr-view/merge/2026-03-11/merge-plan.md::Merge Plan: Integrating Upstream Changes::Conflict Analysis ms=45 left=32033
2026-08-28T10:51:01.841303Z  INFO fs3_daemon::runner: batch kind="embed" subject=1 x smart jobs=1 ms=1
2026-08-28T10:51:01.867433Z  INFO fs3_daemon::runner: done kind="embed" id=663055 left=32032
2026-08-28T10:51:01.981564Z  INFO fs3_daemon::runner: done kind=summarize subject=docs/plans/071-pr-view/merge/2026-03-11/merge-plan.md::Merge Plan: Integrating Upstream Changes::Executive Summary::What Happened While You Worked ms=26 left=32032
2026-08-28T10:51:01.988915Z  INFO fs3_daemon::runner: batch kind="embed" subject=1 x smart jobs=1 ms=1
2026-08-28T10:51:01.998604Z  INFO fs3_daemon::runner: done kind="embed" id=663056 left=32031
2026-08-28T10:51:02.229470Z  INFO fs3_daemon::runner: batch kind="embed" subject=1 x smart jobs=1 ms=0
2026-08-28T10:51:02.237404Z  INFO fs3_daemon::runner: done kind=summarize subject=docs/plans/071-pr-view/merge/2026-03-11/merge-plan.md::Merge Plan: Integrating Upstream Changes::Executive Summary ms=123 left=32031
2026-08-28T10:51:02.248206Z  INFO fs3_daemon::runner: done kind="embed" id=663057 left=32030
2026-08-28T10:51:02.416769Z  INFO fs3_daemon::runner: done kind=summarize subject=docs/plans/071-pr-view/merge/2026-03-11/merge-plan.md::Merge Plan: Integrating Upstream Changes ms=20 left=32030
2026-08-28T10:51:02.441165Z  INFO fs3_daemon::runner: batch kind="embed" subject=1 x smart jobs=1 ms=2
2026-08-28T10:51:02.483177Z  INFO fs3_daemon::runner: done kind="embed" id=663058 left=32029
2026-08-28T10:51:02.669390Z  INFO fs3_daemon::runner: batch kind="embed" subject=1 x smart jobs=1 ms=0
2026-08-28T10:51:02.671834Z  INFO fs3_daemon::runner: done kind=summarize subject=docs/plans/071-pr-view/merge/2026-03-11-b/merge-plan.md::Merge Plan: Integrating Upstream Changes (Round 2)::Human Approval Required::Risk Acknowledgment ms=30 left=32029
2026-08-28T10:51:02.694771Z  INFO fs3_daemon::runner: done kind="embed" id=663059 left=32028
2026-08-28T10:51:02.818038Z  INFO fs3_daemon::runner: done kind=summarize subject=docs/plans/071-pr-view/merge/2026-03-11-b/merge-plan.md::Merge Plan: Integrating Upstream Changes (Round 2)::Human Approval Required ms=21 left=32028
2026-08-28T10:51:02.836580Z  INFO fs3_daemon::runner: batch kind="embed" subject=1 x smart jobs=1 ms=0
2026-08-28T10:51:02.848128Z  INFO fs3_daemon::runner: done kind="embed" id=663060 left=32027
2026-08-28T10:51:02.967070Z  INFO fs3_daemon::runner: done kind=summarize subject=docs/plans/071-pr-view/merge/2026-03-11-b/merge-plan.md::Merge Plan: Integrating Upstream Changes (Round 2)::Merge Execution Plan::Phase 4: Validation ms=28 left=32027
2026-08-28T10:51:02.978857Z  INFO fs3_daemon::runner: batch kind="embed" subject=1 x smart jobs=1 ms=0
2026-08-28T10:51:02.993234Z  INFO fs3_daemon::runner: done kind="embed" id=663061 left=32026
2026-08-28T10:51:03.108384Z  INFO fs3_daemon::runner: done kind=summarize subject=docs/plans/071-pr-view/merge/2026-03-11-b/merge-plan.md::Merge Plan: Integrating Upstream Changes (Round 2)::Merge Execution Plan::Phase 1: Backup + Merge ms=29 left=32026
2026-08-28T10:51:03.114588Z  INFO fs3_daemon::runner: batch kind="embed" subject=1 x smart jobs=1 ms=0
2026-08-28T10:51:03.128330Z  INFO fs3_daemon::runner: done kind="embed" id=663062 left=32025
2026-08-28T10:51:03.241232Z  INFO fs3_daemon::runner: done kind=summarize subject=docs/plans/071-pr-view/merge/2026-03-11-b/merge-plan.md::Merge Plan: Integrating Upstream Changes (Round 2)::Merge Execution Plan ms=23 left=32025
2026-08-28T10:51:03.250680Z  INFO fs3_daemon::runner: batch kind="embed" subject=1 x smart jobs=1 ms=2
2026-08-28T10:51:03.263493Z  INFO fs3_daemon::runner: done kind="embed" id=663063 left=32024
2026-08-28T10:51:03.369778Z  INFO fs3_daemon::runner: done kind=summarize subject=docs/plans/071-pr-view/merge/2026-03-11-b/merge-plan.md::Merge Plan: Integrating Upstream Changes (Round 2)::Regression Risk Analysis ms=19 left=32024
2026-08-28T10:51:03.374705Z  INFO fs3_daemon::runner: batch kind="embed" subject=1 x smart jobs=1 ms=0
2026-08-28T10:51:03.703611Z  INFO fs3_daemon::runner: done kind="embed" id=663064 left=32023
2026-08-28T10:51:03.807486Z  INFO fs3_daemon::runner: done kind=summarize subject=docs/plans/071-pr-view/merge/2026-03-11-b/merge-plan.md::Merge Plan: Integrating Upstream Changes (Round 2)::Conflict Analysis::Conflict 2: browser-client.tsx (AUTO-MERGEABLE) ms=23 left=32023
2026-08-28T10:51:03.822377Z  INFO fs3_daemon::runner: batch kind="embed" subject=1 x smart jobs=1 ms=0
2026-08-28T10:51:03.834063Z  INFO fs3_daemon::runner: done kind="embed" id=663065 left=32022
2026-08-28T10:51:03.941084Z  INFO fs3_daemon::runner: done kind=summarize subject=docs/plans/071-pr-view/merge/2026-03-11-b/merge-plan.md::Merge Plan: Integrating Upstream Changes (Round 2)::Conflict Analysis::Conflict 1: file-tree.tsx (MANUAL RESOLUTION REQUIRED) ms=21 left=32022
2026-08-28T10:51:03.968575Z  INFO fs3_daemon::runner: batch kind="embed" subject=1 x smart jobs=1 ms=0
2026-08-28T10:51:03.984682Z  INFO fs3_daemon::runner: done kind="embed" id=663066 left=32021
2026-08-28T10:51:04.093592Z  INFO fs3_daemon::runner: done kind=summarize subject=docs/plans/071-pr-view/merge/2026-03-11-b/merge-plan.md::Merge Plan: Integrating Upstream Changes (Round 2)::Conflict Analysis ms=22 left=32021
2026-08-28T10:51:04.120242Z  INFO fs3_daemon::runner: batch kind="embed" subject=1 x smart jobs=1 ms=2
2026-08-28T10:51:04.140571Z  INFO fs3_daemon::runner: done kind="embed" id=663067 left=32020
2026-08-28T10:51:04.293602Z  INFO fs3_daemon::runner: done kind=summarize subject=docs/plans/070-harness-agent-runner/workshops/004-harness-feedback-loop-philosophy.md::Workshop: The Harness Feedback Loop — Agents Improving the Product::Open Questions ms=46 left=32020
2026-08-28T10:51:04.295591Z  INFO fs3_daemon::runner: batch kind="embed" subject=1 x smart jobs=1 ms=1
2026-08-28T10:51:04.310632Z  INFO fs3_daemon::runner: done kind="embed" id=663068 left=32019
2026-08-28T10:51:04.461657Z  INFO fs3_daemon::runner: done kind=summarize subject=docs/plans/071-pr-view/merge/2026-03-11-b/merge-plan.md::Merge Plan: Integrating Upstream Changes (Round 2)::Conflict Map ms=30 left=32019
2026-08-28T10:51:04.469529Z  INFO fs3_daemon::runner: batch kind="embed" subject=1 x smart jobs=1 ms=0
2026-08-28T10:51:04.484067Z  INFO fs3_daemon::runner: done kind="embed" id=663069 left=32018
2026-08-28T10:51:04.691180Z  INFO fs3_daemon::runner: batch kind="embed" subject=1 x smart jobs=1 ms=6
2026-08-28T10:51:04.698123Z  INFO fs3_daemon::runner: done kind=summarize subject=docs/plans/070-harness-agent-runner/workshops/004-harness-feedback-loop-philosophy.md::Workshop: The Harness Feedback Loop — Agents Improving the Product::Files Changed Summary ms=85 left=32018
2026-08-28T10:51:04.714126Z  INFO fs3_daemon::runner: done kind="embed" id=663070 left=32017
2026-08-28T10:51:04.923688Z  INFO fs3_daemon::runner: done kind=summarize subject=docs/plans/071-pr-view/merge/2026-03-11-b/merge-plan.md::Merge Plan: Integrating Upstream Changes (Round 2)::Upstream Plan Analysis::Plan 073-file-icons ms=44 left=32017
2026-08-28T10:51:04.946166Z  INFO fs3_daemon::runner: batch kind="embed" subject=1 x smart jobs=1 ms=1
2026-08-28T10:51:04.961615Z  INFO fs3_daemon::runner: done kind="embed" id=663071 left=32016
2026-08-28T10:51:05.135008Z  INFO fs3_daemon::runner: done kind=summarize subject=docs/plans/070-harness-agent-runner/workshops/004-harness-feedback-loop-philosophy.md::Workshop: The Harness Feedback Loop — Agents Improving the Product::Verification Checklist ms=45 left=32016
2026-08-28T10:51:05.175101Z  INFO fs3_daemon::runner: batch kind="embed" subject=1 x smart jobs=1 ms=18
2026-08-28T10:51:05.203696Z  INFO fs3_daemon::runner: done kind="embed" id=663072 left=32015
2026-08-28T10:51:05.396020Z  INFO fs3_daemon::runner: done kind=summarize subject=docs/plans/071-pr-view/merge/2026-03-11-b/merge-plan.md::Merge Plan: Integrating Upstream Changes (Round 2)::Upstream Plan Analysis ms=84 left=32015
2026-08-28T10:51:05.401160Z  INFO fs3_daemon::runner: batch kind="embed" subject=1 x smart jobs=1 ms=2
2026-08-28T10:51:05.415209Z  INFO fs3_daemon::runner: done kind="embed" id=663073 left=32014
2026-08-28T10:51:05.626237Z  INFO fs3_daemon::runner: done kind=summarize subject=docs/plans/070-harness-agent-runner/workshops/004-harness-feedback-loop-philosophy.md::Workshop: The Harness Feedback Loop — Agents Improving the Product::Retrospective Schema Template ms=114 left=32014
2026-08-28T10:51:05.646450Z  INFO fs3_daemon::runner: progress phase="working" scanned=61613 scan_left=33 summarized=126109 summarize_left=31980 embedded=204642 embed_left=1 failed=0
2026-08-28T10:51:05.695910Z  INFO fs3_daemon::runner: batch kind="embed" subject=2 x smart jobs=2 ms=0
2026-08-28T10:51:05.726658Z  INFO fs3_daemon::runner: done kind="embed" id=663075 left=32013
2026-08-28T10:51:05.818671Z  INFO fs3_daemon::runner: done kind="embed" id=663074 left=32012
2026-08-28T10:51:05.918490Z  INFO fs3_daemon::runner: done kind=summarize subject=docs/plans/071-pr-view/merge/2026-03-11-b/merge-plan.md::Merge Plan: Integrating Upstream Changes (Round 2)::Timeline ms=18 left=32012
2026-08-28T10:51:05.941634Z  INFO fs3_daemon::runner: done kind=summarize subject=docs/plans/070-harness-agent-runner/workshops/004-harness-feedback-loop-philosophy.md::Workshop: The Harness Feedback Loop — Agents Improving the Product::Prescribed Updates::Update 6: Root README.md — Mention as Repo Differentiator ms=17 left=32012
2026-08-28T10:51:05.956151Z  INFO fs3_daemon::runner: batch kind="embed" subject=1 x smart jobs=1 ms=0
2026-08-28T10:51:05.964000Z  INFO fs3_daemon::runner: done kind="embed" id=663076 left=32011
2026-08-28T10:51:06.053971Z  INFO fs3_daemon::runner: done kind=summarize subject=docs/plans/071-pr-view/merge/2026-03-11-b/merge-plan.md::Merge Plan: Integrating Upstream Changes (Round 2)::Executive Summary::Recommended Approach ms=16 left=32011
2026-08-28T10:51:06.067902Z  INFO fs3_daemon::runner: batch kind="embed" subject=1 x smart jobs=1 ms=0
2026-08-28T10:51:06.076612Z  INFO fs3_daemon::runner: done kind="embed" id=663077 left=32010
2026-08-28T10:51:06.164131Z  INFO fs3_daemon::runner: done kind=summarize subject=docs/plans/070-harness-agent-runner/workshops/004-harness-feedback-loop-philosophy.md::Workshop: The Harness Feedback Loop — Agents Improving the Product::Prescribed Updates::Update 5: docs/project-rules/harness.md — Strengthen Feedback Section ms=13 left=32010
2026-08-28T10:51:06.179010Z  INFO fs3_daemon::runner: batch kind="embed" subject=1 x smart jobs=1 ms=1
2026-08-28T10:51:06.188939Z  INFO fs3_daemon::runner: done kind="embed" id=663078 left=32009
2026-08-28T10:51:06.301137Z  INFO fs3_daemon::runner: done kind=summarize subject=docs/plans/071-pr-view/merge/2026-03-11-b/merge-plan.md::Merge Plan: Integrating Upstream Changes (Round 2)::Executive Summary ms=28 left=32009
2026-08-28T10:51:06.310424Z  INFO fs3_daemon::runner: batch kind="embed" subject=1 x smart jobs=1 ms=0
2026-08-28T10:51:06.333525Z  INFO fs3_daemon::runner: done kind="embed" id=663079 left=32008
2026-08-28T10:51:06.444872Z  INFO fs3_daemon::runner: batch kind="embed" subject=1 x smart jobs=1 ms=0
2026-08-28T10:51:06.456606Z  INFO fs3_daemon::runner: done kind=summarize subject=docs/plans/071-pr-view/merge/2026-03-11-b/merge-plan.md::Merge Plan: Integrating Upstream Changes (Round 2) ms=47 left=32008
2026-08-28T10:51:06.472157Z  INFO fs3_daemon::runner: done kind="embed" id=663080 left=32007
2026-08-28T10:51:06.589798Z  INFO fs3_daemon::runner: done kind=summarize subject=docs/plans/070-harness-agent-runner/workshops/004-harness-feedback-loop-philosophy.md::Workshop: The Harness Feedback Loop — Agents Improving the Product::Prescribed Updates::Update 4: harness/README.md — New Section: From Retrospective to Fix ms=27 left=32007
2026-08-28T10:51:06.598147Z  INFO fs3_daemon::runner: batch kind="embed" subject=1 x smart jobs=1 ms=0
2026-08-28T10:51:06.618199Z  INFO fs3_daemon::runner: done kind="embed" id=663081 left=32006
2026-08-28T10:51:06.727125Z  INFO fs3_daemon::runner: done kind=summarize subject=docs/plans/070-harness-agent-runner/workshops/004-harness-feedback-loop-philosophy.md::Workshop: The Harness Feedback Loop — Agents Improving the Product::Prescribed Updates::Update 3: harness/README.md — Agent Creation Checklist ms=27 left=32006
2026-08-28T10:51:06.740566Z  INFO fs3_daemon::runner: batch kind="embed" subject=1 x smart jobs=1 ms=0
2026-08-28T10:51:06.767353Z  INFO fs3_daemon::runner: done kind="embed" id=663082 left=32005
2026-08-28T10:51:06.875787Z  INFO fs3_daemon::runner: batch kind="embed" subject=1 x smart jobs=1 ms=1
2026-08-28T10:51:06.894210Z  INFO fs3_daemon::runner: done kind=summarize subject=docs/plans/070-harness-agent-runner/workshops/004-harness-feedback-loop-philosophy.md::Workshop: The Harness Feedback Loop — Agents Improving the Product::Prescribed Updates::Update 2: harness/README.md — Add Philosophy Section ms=48 left=32005
2026-08-28T10:51:06.913875Z  INFO fs3_daemon::runner: done kind="embed" id=663083 left=32004
2026-08-28T10:51:07.039679Z  INFO fs3_daemon::runner: batch kind="embed" subject=1 x smart jobs=1 ms=2
2026-08-28T10:51:07.052947Z  INFO fs3_daemon::runner: done kind=summarize subject=docs/plans/070-harness-agent-runner/workshops/004-harness-feedback-loop-philosophy.md::Workshop: The Harness Feedback Loop — Agents Improving the Product::Prescribed Updates::Update 1: CLAUDE.md — Add Feedback Loop Section ms=50 left=32004
2026-08-28T10:51:07.064833Z  INFO fs3_daemon::runner: done kind="embed" id=663084 left=32003
2026-08-28T10:51:07.175841Z  INFO fs3_daemon::runner: done kind=summarize subject=docs/plans/070-harness-agent-runner/workshops/004-harness-feedback-loop-philosophy.md::Workshop: The Harness Feedback Loop — Agents Improving the Product::Prescribed Updates ms=30 left=32003
2026-08-28T10:51:07.185249Z  INFO fs3_daemon::runner: batch kind="embed" subject=1 x smart jobs=1 ms=0
2026-08-28T10:51:07.209300Z  INFO fs3_daemon::runner: done kind="embed" id=663085 left=32002
2026-08-28T10:51:07.320027Z  INFO fs3_daemon::runner: done kind=summarize subject=docs/plans/070-harness-agent-runner/workshops/004-harness-feedback-loop-philosophy.md::Workshop: The Harness Feedback Loop — Agents Improving the Product::Current State: Where the Vibe Lives Today::❌ Gaps ms=34 left=32002
2026-08-28T10:51:07.334064Z  INFO fs3_daemon::runner: batch kind="embed" subject=1 x smart jobs=1 ms=0
2026-08-28T10:51:07.354776Z  INFO fs3_daemon::runner: done kind="embed" id=663086 left=32001
2026-08-28T10:51:07.474262Z  INFO fs3_daemon::runner: done kind=summarize subject=docs/plans/070-harness-agent-runner/workshops/004-harness-feedback-loop-philosophy.md::Workshop: The Harness Feedback Loop — Agents Improving the Product::Current State: Where the Vibe Lives Today::✅ Already Strong ms=37 left=32001
2026-08-28T10:51:07.482348Z  INFO fs3_daemon::runner: batch kind="embed" subject=1 x smart jobs=1 ms=0
2026-08-28T10:51:07.512562Z  INFO fs3_daemon::runner: done kind="embed" id=663087 left=32000
2026-08-28T10:51:07.631829Z  INFO fs3_daemon::runner: done kind=summarize subject=docs/plans/070-harness-agent-runner/workshops/001-copilot-sdk-adapter-reuse-and-agent-runner-design.md::Workshop: Copilot SDK Adapter Reuse & Agent Runner Design::Quick Reference ms=29 left=32000
2026-08-28T10:51:07.644924Z  INFO fs3_daemon::runner: batch kind="embed" subject=1 x smart jobs=1 ms=0
2026-08-28T10:51:07.662393Z  INFO fs3_daemon::runner: done kind="embed" id=663088 left=31999
