2026-08-28T10:48:17.597440Z  INFO fs3_daemon::runner: done kind=summarize subject=docs/plans/074-workflow-execution/tasks/phase-6-harness-cli-tools/reviews/review.phase-6-harness-cli-tools.md::Code Review: Phase 6: Harness + CLI Tools::E) Detailed Findings::E.4) Testing & Evidence ms=11 left=33385
2026-08-28T10:48:17.606234Z  INFO fs3_daemon::runner: batch kind="embed" subject=1 x smart jobs=1 ms=0
2026-08-28T10:48:17.617548Z  INFO fs3_daemon::runner: done kind="embed" id=661495 left=33384
2026-08-28T10:48:17.697589Z  INFO fs3_daemon::runner: done kind=summarize subject=docs/plans/074-workflow-execution/tasks/phase-6-harness-cli-tools/reviews/review.phase-6-harness-cli-tools.md::Code Review: Phase 6: Harness + CLI Tools::E) Detailed Findings::E.2) Domain Compliance ms=11 left=33384
2026-08-28T10:48:17.707384Z  INFO fs3_daemon::runner: batch kind="embed" subject=1 x smart jobs=1 ms=0
2026-08-28T10:48:17.714150Z  INFO fs3_daemon::runner: done kind="embed" id=661496 left=33383
2026-08-28T10:48:17.796890Z  INFO fs3_daemon::runner: done kind=summarize subject=docs/plans/074-workflow-execution/tasks/phase-6-harness-cli-tools/reviews/review.phase-6-harness-cli-tools.md::Code Review: Phase 6: Harness + CLI Tools::E) Detailed Findings::E.1) Implementation Quality ms=13 left=33383
2026-08-28T10:48:17.803550Z  INFO fs3_daemon::runner: batch kind="embed" subject=1 x smart jobs=1 ms=0
2026-08-28T10:48:17.809831Z  INFO fs3_daemon::runner: done kind="embed" id=661497 left=33382
2026-08-28T10:48:17.898782Z  INFO fs3_daemon::runner: done kind=summarize subject=docs/plans/074-workflow-execution/tasks/phase-6-harness-cli-tools/reviews/review.phase-6-harness-cli-tools.md::Code Review: Phase 6: Harness + CLI Tools::E) Detailed Findings ms=10 left=33382
2026-08-28T10:48:17.915685Z  INFO fs3_daemon::runner: batch kind="embed" subject=1 x smart jobs=1 ms=0
2026-08-28T10:48:17.924148Z  INFO fs3_daemon::runner: done kind="embed" id=661498 left=33381
2026-08-28T10:48:18.004281Z  INFO fs3_daemon::runner: done kind=summarize subject=docs/plans/074-workflow-execution/tasks/phase-6-harness-cli-tools/reviews/review.phase-6-harness-cli-tools.md::Code Review: Phase 6: Harness + CLI Tools::D) Findings Table ms=9 left=33381
2026-08-28T10:48:18.027606Z  INFO fs3_daemon::runner: batch kind="embed" subject=1 x smart jobs=1 ms=1
2026-08-28T10:48:18.041622Z  INFO fs3_daemon::runner: done kind="embed" id=661499 left=33380
2026-08-28T10:48:18.126600Z  INFO fs3_daemon::runner: done kind=summarize subject=docs/plans/074-workflow-execution/tasks/phase-6-harness-cli-tools/reviews/review.phase-6-harness-cli-tools.md::Code Review: Phase 6: Harness + CLI Tools::C) Checklist ms=11 left=33380
2026-08-28T10:48:18.141275Z  INFO fs3_daemon::runner: batch kind="embed" subject=1 x smart jobs=1 ms=0
2026-08-28T10:48:18.151712Z  INFO fs3_daemon::runner: done kind="embed" id=661500 left=33379
2026-08-28T10:48:18.222670Z  INFO fs3_daemon::runner: done kind=summarize subject=docs/plans/074-workflow-execution/tasks/phase-6-harness-cli-tools/reviews/review.phase-6-harness-cli-tools.md::Code Review: Phase 6: Harness + CLI Tools::A) Verdict ms=11 left=33379
2026-08-28T10:48:18.236153Z  INFO fs3_daemon::runner: batch kind="embed" subject=1 x smart jobs=1 ms=0
2026-08-28T10:48:18.242722Z  INFO fs3_daemon::runner: done kind="embed" id=661501 left=33378
2026-08-28T10:48:18.320387Z  INFO fs3_daemon::runner: done kind=summarize subject=docs/plans/074-workflow-execution/tasks/phase-6-harness-cli-tools/reviews/review.phase-6-harness-cli-tools.md::Code Review: Phase 6: Harness + CLI Tools ms=13 left=33378
2026-08-28T10:48:18.331709Z  INFO fs3_daemon::runner: batch kind="embed" subject=1 x smart jobs=1 ms=0
2026-08-28T10:48:18.337719Z  INFO fs3_daemon::runner: done kind="embed" id=661502 left=33377
2026-08-28T10:48:18.434633Z  INFO fs3_daemon::runner: done kind=summarize subject=docs/plans/074-workflow-execution/tasks/phase-6-harness-cli-tools/reviews/fix-tasks.phase-6-harness-cli-tools.md::Fix Tasks: Phase 6: Harness + CLI Tools::Medium / Low Fixes::FT-006: Remove or correct dead `deleteIfExists()` helper ms=25 left=33377
2026-08-28T10:48:18.441984Z  INFO fs3_daemon::runner: batch kind="embed" subject=1 x smart jobs=1 ms=0
2026-08-28T10:48:18.465084Z  INFO fs3_daemon::runner: done kind="embed" id=661503 left=33376
2026-08-28T10:48:18.571466Z  INFO fs3_daemon::runner: done kind=summarize subject=docs/plans/074-workflow-execution/tasks/phase-6-harness-cli-tools/reviews/fix-tasks.phase-6-harness-cli-tools.md::Fix Tasks: Phase 6: Harness + CLI Tools::Medium / Low Fixes::FT-005: Update positional-graph domain history ms=29 left=33376
2026-08-28T10:48:18.578850Z  INFO fs3_daemon::runner: batch kind="embed" subject=1 x smart jobs=1 ms=0
2026-08-28T10:48:18.595224Z  INFO fs3_daemon::runner: done kind="embed" id=661504 left=33375
2026-08-28T10:48:18.694351Z  INFO fs3_daemon::runner: done kind=summarize subject=docs/plans/074-workflow-execution/tasks/phase-6-harness-cli-tools/reviews/fix-tasks.phase-6-harness-cli-tools.md::Fix Tasks: Phase 6: Harness + CLI Tools::Medium / Low Fixes::FT-004: Harden `cg unit update` error handling ms=28 left=33375
2026-08-28T10:48:18.701973Z  INFO fs3_daemon::runner: batch kind="embed" subject=1 x smart jobs=1 ms=0
2026-08-28T10:48:18.723619Z  INFO fs3_daemon::runner: done kind="embed" id=661505 left=33374
2026-08-28T10:48:18.826250Z  INFO fs3_daemon::runner: done kind=summarize subject=docs/plans/074-workflow-execution/tasks/phase-6-harness-cli-tools/reviews/fix-tasks.phase-6-harness-cli-tools.md::Fix Tasks: Phase 6: Harness + CLI Tools::Medium / Low Fixes ms=27 left=33374
2026-08-28T10:48:18.826778Z  INFO fs3_daemon::runner: batch kind="embed" subject=1 x smart jobs=1 ms=3
2026-08-28T10:48:18.833166Z  INFO fs3_daemon::runner: done kind="embed" id=661506 left=33373
2026-08-28T10:48:18.914907Z  INFO fs3_daemon::runner: done kind=summarize subject=docs/plans/074-workflow-execution/tasks/phase-6-harness-cli-tools/reviews/fix-tasks.phase-6-harness-cli-tools.md::Fix Tasks: Phase 6: Harness + CLI Tools::Critical / High Fixes::FT-003: Restore hybrid verification evidence for the phase ms=14 left=33373
2026-08-28T10:48:18.922121Z  INFO fs3_daemon::runner: batch kind="embed" subject=1 x smart jobs=1 ms=0
2026-08-28T10:48:18.928327Z  INFO fs3_daemon::runner: done kind="embed" id=661507 left=33372
2026-08-28T10:48:19.013913Z  INFO fs3_daemon::runner: done kind=summarize subject=docs/plans/074-workflow-execution/tasks/phase-6-harness-cli-tools/reviews/fix-tasks.phase-6-harness-cli-tools.md::Fix Tasks: Phase 6: Harness + CLI Tools::Critical / High Fixes::FT-002: Stop relying on unsupported `cg template delete` ms=9 left=33372
2026-08-28T10:48:19.028794Z  INFO fs3_daemon::runner: batch kind="embed" subject=1 x smart jobs=1 ms=0
2026-08-28T10:48:19.040281Z  INFO fs3_daemon::runner: done kind="embed" id=661508 left=33371
2026-08-28T10:48:19.143967Z  INFO fs3_daemon::runner: done kind=summarize subject=docs/plans/074-workflow-execution/tasks/phase-6-harness-cli-tools/reviews/fix-tasks.phase-6-harness-cli-tools.md::Fix Tasks: Phase 6: Harness + CLI Tools::Critical / High Fixes::FT-001: Repair `--target container` execution ms=28 left=33371
2026-08-28T10:48:19.153775Z  INFO fs3_daemon::runner: batch kind="embed" subject=1 x smart jobs=1 ms=1
2026-08-28T10:48:19.177728Z  INFO fs3_daemon::runner: done kind="embed" id=661509 left=33370
2026-08-28T10:48:19.273371Z  INFO fs3_daemon::runner: batch kind="embed" subject=1 x smart jobs=1 ms=0
2026-08-28T10:48:19.290252Z  INFO fs3_daemon::runner: done kind="embed" id=661510 left=33369
2026-08-28T10:48:19.293229Z  INFO fs3_daemon::runner: done kind=summarize subject=docs/plans/074-workflow-execution/tasks/phase-6-harness-cli-tools/reviews/fix-tasks.phase-6-harness-cli-tools.md::Fix Tasks: Phase 6: Harness + CLI Tools::Critical / High Fixes ms=48 left=33370
2026-08-28T10:48:19.392368Z  INFO fs3_daemon::runner: batch kind="embed" subject=1 x smart jobs=1 ms=0
2026-08-28T10:48:19.407528Z  INFO fs3_daemon::runner: done kind=summarize subject=docs/plans/074-workflow-execution/tasks/phase-6-harness-cli-tools/reviews/fix-tasks.phase-6-harness-cli-tools.md::Fix Tasks: Phase 6: Harness + CLI Tools ms=46 left=33369
2026-08-28T10:48:19.416879Z  INFO fs3_daemon::runner: done kind="embed" id=661511 left=33368
2026-08-28T10:48:19.521341Z  INFO fs3_daemon::runner: done kind=summarize subject=docs/plans/074-workflow-execution/tasks/phase-6-harness-cli-tools/execution.log.md::Execution Log: Phase 6 — Harness + CLI Tools::Task Log::Code Review Fix Tasks ✅ ms=23 left=33368
2026-08-28T10:48:19.528880Z  INFO fs3_daemon::runner: batch kind="embed" subject=1 x smart jobs=1 ms=0
2026-08-28T10:48:19.543473Z  INFO fs3_daemon::runner: done kind="embed" id=661512 left=33367
2026-08-28T10:48:19.640666Z  INFO fs3_daemon::runner: done kind=summarize subject=docs/plans/074-workflow-execution/tasks/phase-6-harness-cli-tools/execution.log.md::Execution Log: Phase 6 — Harness + CLI Tools::Task Log ms=29 left=33367
2026-08-28T10:48:19.644538Z  INFO fs3_daemon::runner: batch kind="embed" subject=1 x smart jobs=1 ms=0
2026-08-28T10:48:19.662612Z  INFO fs3_daemon::runner: done kind="embed" id=661513 left=33366
2026-08-28T10:48:19.748566Z  INFO fs3_daemon::runner: done kind=summarize subject=docs/plans/074-workflow-execution/tasks/phase-6-harness-cli-tools/execution.log.md::Execution Log: Phase 6 — Harness + CLI Tools ms=27 left=33366
2026-08-28T10:48:19.757994Z  INFO fs3_daemon::runner: batch kind="embed" subject=1 x smart jobs=1 ms=0
2026-08-28T10:48:19.778727Z  INFO fs3_daemon::runner: done kind="embed" id=661514 left=33365
2026-08-28T10:48:19.882253Z  INFO fs3_daemon::runner: done kind=summarize subject=docs/plans/074-workflow-execution/tasks/phase-5-server-restart-recovery/tasks.md::Phase 5: Server Restart Recovery — Tasks Dossier::Directory Layout ms=30 left=33365
2026-08-28T10:48:19.891089Z  INFO fs3_daemon::runner: batch kind="embed" subject=1 x smart jobs=1 ms=0
2026-08-28T10:48:19.922995Z  INFO fs3_daemon::runner: done kind="embed" id=661515 left=33364
2026-08-28T10:48:20.022725Z  INFO fs3_daemon::runner: done kind=summarize subject=docs/plans/074-workflow-execution/tasks/phase-5-server-restart-recovery/tasks.md::Phase 5: Server Restart Recovery — Tasks Dossier::Discoveries & Learnings::Phase 5 DYK Session (2026-03-15) ms=24 left=33364
2026-08-28T10:48:20.029281Z  INFO fs3_daemon::runner: batch kind="embed" subject=1 x smart jobs=1 ms=0
2026-08-28T10:48:20.047419Z  INFO fs3_daemon::runner: done kind="embed" id=661516 left=33363
2026-08-28T10:48:20.148878Z  INFO fs3_daemon::runner: done kind=summarize subject=docs/plans/074-workflow-execution/tasks/phase-5-server-restart-recovery/tasks.md::Phase 5: Server Restart Recovery — Tasks Dossier::Discoveries & Learnings ms=28 left=33363
2026-08-28T10:48:20.160698Z  INFO fs3_daemon::runner: batch kind="embed" subject=1 x smart jobs=1 ms=3
2026-08-28T10:48:20.179591Z  INFO fs3_daemon::runner: done kind="embed" id=661517 left=33362
2026-08-28T10:48:20.260373Z  INFO fs3_daemon::runner: done kind=summarize subject=docs/plans/074-workflow-execution/tasks/phase-5-server-restart-recovery/tasks.md::Phase 5: Server Restart Recovery — Tasks Dossier::Context Brief::Mermaid sequence diagram (restart recovery) ms=10 left=33362
2026-08-28T10:48:20.279722Z  INFO fs3_daemon::runner: batch kind="embed" subject=1 x smart jobs=1 ms=0
2026-08-28T10:48:20.285335Z  INFO fs3_daemon::runner: done kind="embed" id=661518 left=33361
2026-08-28T10:48:20.368452Z  INFO fs3_daemon::runner: done kind=summarize subject=docs/plans/074-workflow-execution/tasks/phase-5-server-restart-recovery/tasks.md::Phase 5: Server Restart Recovery — Tasks Dossier::Context Brief::Mermaid state diagram (registry lifecycle) ms=15 left=33361
2026-08-28T10:48:20.372540Z  INFO fs3_daemon::runner: batch kind="embed" subject=1 x smart jobs=1 ms=0
2026-08-28T10:48:20.379028Z  INFO fs3_daemon::runner: done kind="embed" id=661519 left=33360
2026-08-28T10:48:20.458800Z  INFO fs3_daemon::runner: done kind=summarize subject=docs/plans/074-workflow-execution/tasks/phase-5-server-restart-recovery/tasks.md::Phase 5: Server Restart Recovery — Tasks Dossier::Context Brief::Why "just call start() again" works for resume ms=10 left=33360
2026-08-28T10:48:20.465598Z  INFO fs3_daemon::runner: batch kind="embed" subject=1 x smart jobs=1 ms=0
2026-08-28T10:48:20.473200Z  INFO fs3_daemon::runner: done kind="embed" id=661520 left=33359
2026-08-28T10:48:20.549030Z  INFO fs3_daemon::runner: done kind=summarize subject=docs/plans/074-workflow-execution/tasks/phase-5-server-restart-recovery/tasks.md::Phase 5: Server Restart Recovery — Tasks Dossier::Context Brief ms=9 left=33359
2026-08-28T10:48:20.559689Z  INFO fs3_daemon::runner: batch kind="embed" subject=1 x smart jobs=1 ms=0
2026-08-28T10:48:20.567701Z  INFO fs3_daemon::runner: done kind="embed" id=661521 left=33358
2026-08-28T10:48:20.648646Z  INFO fs3_daemon::runner: done kind=summarize subject=docs/plans/074-workflow-execution/tasks/phase-5-server-restart-recovery/tasks.md::Phase 5: Server Restart Recovery — Tasks Dossier::Tasks ms=11 left=33358
2026-08-28T10:48:20.663365Z  INFO fs3_daemon::runner: batch kind="embed" subject=1 x smart jobs=1 ms=0
2026-08-28T10:48:20.674878Z  INFO fs3_daemon::runner: done kind="embed" id=661522 left=33357
2026-08-28T10:48:20.768917Z  INFO fs3_daemon::runner: done kind=summarize subject=docs/plans/074-workflow-execution/tasks/phase-5-server-restart-recovery/tasks.md::Phase 5: Server Restart Recovery — Tasks Dossier::Architecture Map ms=14 left=33357
2026-08-28T10:48:20.778658Z  INFO fs3_daemon::runner: batch kind="embed" subject=1 x smart jobs=1 ms=1
2026-08-28T10:48:20.785497Z  INFO fs3_daemon::runner: done kind="embed" id=661523 left=33356
2026-08-28T10:48:20.866902Z  INFO fs3_daemon::runner: done kind=summarize subject=docs/plans/074-workflow-execution/tasks/phase-5-server-restart-recovery/tasks.md::Phase 5: Server Restart Recovery — Tasks Dossier::Pre-Implementation Check ms=13 left=33356
2026-08-28T10:48:20.874744Z  INFO fs3_daemon::runner: batch kind="embed" subject=1 x smart jobs=1 ms=1
2026-08-28T10:48:20.881978Z  INFO fs3_daemon::runner: done kind="embed" id=661524 left=33355
2026-08-28T10:48:20.966768Z  INFO fs3_daemon::runner: done kind=summarize subject=docs/plans/074-workflow-execution/tasks/phase-5-server-restart-recovery/tasks.md::Phase 5: Server Restart Recovery — Tasks Dossier::Prior Phase Context::Phase 2: Web DI + Execution Manager ✅ (primary dependency) ms=12 left=33355
2026-08-28T10:48:20.975798Z  INFO fs3_daemon::runner: batch kind="embed" subject=1 x smart jobs=1 ms=0
2026-08-28T10:48:20.985795Z  INFO fs3_daemon::runner: done kind="embed" id=661525 left=33354
2026-08-28T10:48:21.076386Z  INFO fs3_daemon::runner: done kind=summarize subject=docs/plans/074-workflow-execution/tasks/phase-5-server-restart-recovery/tasks.md::Phase 5: Server Restart Recovery — Tasks Dossier::Prior Phase Context ms=19 left=33354
2026-08-28T10:48:21.121908Z  INFO fs3_daemon::runner: progress phase="working" scanned=61587 scan_left=33 summarized=124758 summarize_left=33320 embedded=203257 embed_left=1 failed=0
2026-08-28T10:48:21.150139Z  INFO fs3_daemon::runner: batch kind="embed" subject=2 x smart jobs=2 ms=0
2026-08-28T10:48:21.157167Z  INFO fs3_daemon::runner: done kind="embed" id=661527 left=33353
2026-08-28T10:48:21.217625Z  INFO fs3_daemon::runner: done kind="embed" id=661526 left=33352
2026-08-28T10:48:21.297377Z  INFO fs3_daemon::runner: done kind=summarize subject=docs/plans/074-workflow-execution/tasks/phase-5-server-restart-recovery/tasks.md::Phase 5: Server Restart Recovery — Tasks Dossier::Executive Briefing ms=9 left=33352
2026-08-28T10:48:21.344965Z  INFO fs3_daemon::runner: done kind=summarize subject=docs/plans/074-workflow-execution/tasks/phase-5-server-restart-recovery/tasks.md::Phase 5: Server Restart Recovery — Tasks Dossier ms=29 left=33352
2026-08-28T10:48:21.355128Z  INFO fs3_daemon::runner: batch kind="embed" subject=1 x smart jobs=1 ms=0
2026-08-28T10:48:21.362519Z  INFO fs3_daemon::runner: done kind="embed" id=661528 left=33351
2026-08-28T10:48:21.441826Z  INFO fs3_daemon::runner: done kind=summarize subject=docs/plans/074-workflow-execution/tasks/phase-5-server-restart-recovery/tasks.fltplan.md::Flight Plan: Phase 5 — Server Restart Recovery::Acceptance Criteria ms=10 left=33351
2026-08-28T10:48:21.454646Z  INFO fs3_daemon::runner: batch kind="embed" subject=1 x smart jobs=1 ms=0
2026-08-28T10:48:21.465794Z  INFO fs3_daemon::runner: done kind="embed" id=661529 left=33350
2026-08-28T10:48:21.543866Z  INFO fs3_daemon::runner: done kind=summarize subject=docs/plans/074-workflow-execution/tasks/phase-5-server-restart-recovery/tasks.fltplan.md::Flight Plan: Phase 5 — Server Restart Recovery::Architecture: Before & After ms=11 left=33350
2026-08-28T10:48:21.553788Z  INFO fs3_daemon::runner: batch kind="embed" subject=1 x smart jobs=1 ms=0
2026-08-28T10:48:21.559379Z  INFO fs3_daemon::runner: done kind="embed" id=661530 left=33349
2026-08-28T10:48:21.641704Z  INFO fs3_daemon::runner: done kind=summarize subject=docs/plans/074-workflow-execution/tasks/phase-5-server-restart-recovery/tasks.fltplan.md::Flight Plan: Phase 5 — Server Restart Recovery::Stages ms=16 left=33349
2026-08-28T10:48:21.651217Z  INFO fs3_daemon::runner: batch kind="embed" subject=1 x smart jobs=1 ms=0
2026-08-28T10:48:21.659065Z  INFO fs3_daemon::runner: done kind="embed" id=661531 left=33348
2026-08-28T10:48:21.747921Z  INFO fs3_daemon::runner: done kind=summarize subject=docs/plans/074-workflow-execution/tasks/phase-5-server-restart-recovery/tasks.fltplan.md::Flight Plan: Phase 5 — Server Restart Recovery::Flight Status ms=20 left=33348
2026-08-28T10:48:21.753433Z  INFO fs3_daemon::runner: batch kind="embed" subject=1 x smart jobs=1 ms=0
2026-08-28T10:48:21.759753Z  INFO fs3_daemon::runner: done kind="embed" id=661532 left=33347
2026-08-28T10:48:21.836329Z  INFO fs3_daemon::runner: done kind=summarize subject=docs/plans/074-workflow-execution/tasks/phase-5-server-restart-recovery/tasks.fltplan.md::Flight Plan: Phase 5 — Server Restart Recovery::Domain Context::Domains We Depend On (no changes) ms=8 left=33347
2026-08-28T10:48:21.857289Z  INFO fs3_daemon::runner: batch kind="embed" subject=1 x smart jobs=1 ms=0
2026-08-28T10:48:21.865515Z  INFO fs3_daemon::runner: done kind="embed" id=661533 left=33346
2026-08-28T10:48:21.939940Z  INFO fs3_daemon::runner: done kind=summarize subject=docs/plans/074-workflow-execution/tasks/phase-5-server-restart-recovery/tasks.fltplan.md::Flight Plan: Phase 5 — Server Restart Recovery::Domain Context ms=8 left=33346
2026-08-28T10:48:21.953441Z  INFO fs3_daemon::runner: batch kind="embed" subject=1 x smart jobs=1 ms=0
2026-08-28T10:48:21.968989Z  INFO fs3_daemon::runner: done kind="embed" id=661534 left=33345
2026-08-28T10:48:22.045880Z  INFO fs3_daemon::runner: done kind=summarize subject=docs/plans/074-workflow-execution/tasks/phase-5-server-restart-recovery/tasks.fltplan.md::Flight Plan: Phase 5 — Server Restart Recovery ms=12 left=33345
2026-08-28T10:48:22.055626Z  INFO fs3_daemon::runner: batch kind="embed" subject=1 x smart jobs=1 ms=0
2026-08-28T10:48:22.062138Z  INFO fs3_daemon::runner: done kind="embed" id=661535 left=33344
2026-08-28T10:48:22.135311Z  INFO fs3_daemon::runner: done kind=summarize subject=docs/plans/074-workflow-execution/tasks/phase-5-server-restart-recovery/reviews/review.phase-5-server-restart-recovery.md::Code Review: Phase 5: Server Restart Recovery::H) Handover Brief::Files Reviewed ms=8 left=33344
2026-08-28T10:48:22.147640Z  INFO fs3_daemon::runner: batch kind="embed" subject=1 x smart jobs=1 ms=0
2026-08-28T10:48:22.157578Z  INFO fs3_daemon::runner: done kind="embed" id=661536 left=33343
2026-08-28T10:48:22.231550Z  INFO fs3_daemon::runner: done kind=summarize subject=docs/plans/074-workflow-execution/tasks/phase-5-server-restart-recovery/reviews/review.phase-5-server-restart-recovery.md::Code Review: Phase 5: Server Restart Recovery::H) Handover Brief ms=12 left=33343
2026-08-28T10:48:22.240363Z  INFO fs3_daemon::runner: batch kind="embed" subject=1 x smart jobs=1 ms=0
2026-08-28T10:48:22.248261Z  INFO fs3_daemon::runner: done kind="embed" id=661537 left=33342
2026-08-28T10:48:22.327351Z  INFO fs3_daemon::runner: done kind=summarize subject=docs/plans/074-workflow-execution/tasks/phase-5-server-restart-recovery/reviews/review.phase-5-server-restart-recovery.md::Code Review: Phase 5: Server Restart Recovery::G) Commands Executed ms=13 left=33342
2026-08-28T10:48:22.336557Z  INFO fs3_daemon::runner: batch kind="embed" subject=1 x smart jobs=1 ms=0
2026-08-28T10:48:22.343974Z  INFO fs3_daemon::runner: done kind="embed" id=661538 left=33341
2026-08-28T10:48:22.422403Z  INFO fs3_daemon::runner: done kind=summarize subject=docs/plans/074-workflow-execution/tasks/phase-5-server-restart-recovery/reviews/review.phase-5-server-restart-recovery.md::Code Review: Phase 5: Server Restart Recovery::F) Coverage Map ms=16 left=33341
2026-08-28T10:48:22.433827Z  INFO fs3_daemon::runner: batch kind="embed" subject=1 x smart jobs=1 ms=0
2026-08-28T10:48:22.441451Z  INFO fs3_daemon::runner: done kind="embed" id=661539 left=33340
2026-08-28T10:48:22.519435Z  INFO fs3_daemon::runner: done kind=summarize subject=docs/plans/074-workflow-execution/tasks/phase-5-server-restart-recovery/reviews/review.phase-5-server-restart-recovery.md::Code Review: Phase 5: Server Restart Recovery::E) Detailed Findings::E.6) Harness Live Validation ms=10 left=33340
2026-08-28T10:48:22.529326Z  INFO fs3_daemon::runner: batch kind="embed" subject=1 x smart jobs=1 ms=0
2026-08-28T10:48:22.535519Z  INFO fs3_daemon::runner: done kind="embed" id=661540 left=33339
2026-08-28T10:48:22.611969Z  INFO fs3_daemon::runner: done kind=summarize subject=docs/plans/074-workflow-execution/tasks/phase-5-server-restart-recovery/reviews/review.phase-5-server-restart-recovery.md::Code Review: Phase 5: Server Restart Recovery::E) Detailed Findings::E.5) Doctrine Compliance ms=12 left=33339
2026-08-28T10:48:22.624870Z  INFO fs3_daemon::runner: batch kind="embed" subject=1 x smart jobs=1 ms=3
2026-08-28T10:48:22.636375Z  INFO fs3_daemon::runner: done kind="embed" id=661541 left=33338
2026-08-28T10:48:22.708244Z  INFO fs3_daemon::runner: done kind=summarize subject=docs/plans/074-workflow-execution/tasks/phase-5-server-restart-recovery/reviews/review.phase-5-server-restart-recovery.md::Code Review: Phase 5: Server Restart Recovery::E) Detailed Findings::E.4) Testing & Evidence ms=8 left=33338
2026-08-28T10:48:22.727010Z  INFO fs3_daemon::runner: batch kind="embed" subject=1 x smart jobs=1 ms=0
2026-08-28T10:48:22.733988Z  INFO fs3_daemon::runner: done kind="embed" id=661542 left=33337
2026-08-28T10:48:22.810546Z  INFO fs3_daemon::runner: done kind=summarize subject=docs/plans/074-workflow-execution/tasks/phase-5-server-restart-recovery/reviews/review.phase-5-server-restart-recovery.md::Code Review: Phase 5: Server Restart Recovery::E) Detailed Findings::E.2) Domain Compliance ms=12 left=33337
2026-08-28T10:48:22.819265Z  INFO fs3_daemon::runner: batch kind="embed" subject=1 x smart jobs=1 ms=0
2026-08-28T10:48:22.825238Z  INFO fs3_daemon::runner: done kind="embed" id=661543 left=33336
2026-08-28T10:48:22.893839Z  INFO fs3_daemon::runner: done kind=summarize subject=docs/plans/074-workflow-execution/tasks/phase-5-server-restart-recovery/reviews/review.phase-5-server-restart-recovery.md::Code Review: Phase 5: Server Restart Recovery::E) Detailed Findings::E.1) Implementation Quality ms=10 left=33336
2026-08-28T10:48:22.908633Z  INFO fs3_daemon::runner: batch kind="embed" subject=1 x smart jobs=1 ms=1
2026-08-28T10:48:22.916841Z  INFO fs3_daemon::runner: done kind="embed" id=661544 left=33335
2026-08-28T10:48:22.994719Z  INFO fs3_daemon::runner: done kind=summarize subject=docs/plans/074-workflow-execution/tasks/phase-5-server-restart-recovery/reviews/review.phase-5-server-restart-recovery.md::Code Review: Phase 5: Server Restart Recovery::E) Detailed Findings ms=8 left=33335
2026-08-28T10:48:23.008941Z  INFO fs3_daemon::runner: batch kind="embed" subject=1 x smart jobs=1 ms=0
2026-08-28T10:48:23.016949Z  INFO fs3_daemon::runner: done kind="embed" id=661545 left=33334
2026-08-28T10:48:23.088581Z  INFO fs3_daemon::runner: done kind=summarize subject=docs/plans/074-workflow-execution/tasks/phase-5-server-restart-recovery/reviews/review.phase-5-server-restart-recovery.md::Code Review: Phase 5: Server Restart Recovery::D) Findings Table ms=9 left=33334
2026-08-28T10:48:23.109796Z  INFO fs3_daemon::runner: batch kind="embed" subject=1 x smart jobs=1 ms=2
2026-08-28T10:48:23.116382Z  INFO fs3_daemon::runner: done kind="embed" id=661546 left=33333
2026-08-28T10:48:23.201450Z  INFO fs3_daemon::runner: done kind=summarize subject=docs/plans/074-workflow-execution/tasks/phase-5-server-restart-recovery/reviews/review.phase-5-server-restart-recovery.md::Code Review: Phase 5: Server Restart Recovery::C) Checklist ms=14 left=33333
2026-08-28T10:48:23.206818Z  INFO fs3_daemon::runner: batch kind="embed" subject=1 x smart jobs=1 ms=0
2026-08-28T10:48:23.214250Z  INFO fs3_daemon::runner: done kind="embed" id=661547 left=33332
2026-08-28T10:48:23.310331Z  INFO fs3_daemon::runner: done kind=summarize subject=docs/plans/074-workflow-execution/tasks/phase-5-server-restart-recovery/reviews/review.phase-5-server-restart-recovery.md::Code Review: Phase 5: Server Restart Recovery::A) Verdict ms=25 left=33332
2026-08-28T10:48:23.320156Z  INFO fs3_daemon::runner: batch kind="embed" subject=1 x smart jobs=1 ms=0
2026-08-28T10:48:23.343227Z  INFO fs3_daemon::runner: done kind="embed" id=661548 left=33331
2026-08-28T10:48:23.458241Z  INFO fs3_daemon::runner: done kind=summarize subject=docs/plans/074-workflow-execution/tasks/phase-5-server-restart-recovery/reviews/review.phase-5-server-restart-recovery.md::Code Review: Phase 5: Server Restart Recovery ms=39 left=33331
2026-08-28T10:48:23.470126Z  INFO fs3_daemon::runner: batch kind="embed" subject=1 x smart jobs=1 ms=0
2026-08-28T10:48:23.496981Z  INFO fs3_daemon::runner: done kind="embed" id=661549 left=33330
2026-08-28T10:48:23.592356Z  INFO fs3_daemon::runner: done kind=summarize subject=docs/plans/074-workflow-execution/tasks/phase-5-server-restart-recovery/reviews/fix-tasks.phase-5-server-restart-recovery.md::Fix Tasks: Phase 5: Server Restart Recovery::Medium / Low Fixes::FT-007: Update the owning domain doc's structure, not just History ms=22 left=33330
2026-08-28T10:48:23.601740Z  INFO fs3_daemon::runner: batch kind="embed" subject=1 x smart jobs=1 ms=1
2026-08-28T10:48:23.629494Z  INFO fs3_daemon::runner: done kind="embed" id=661550 left=33329
2026-08-28T10:48:23.724514Z  INFO fs3_daemon::runner: done kind=summarize subject=docs/plans/074-workflow-execution/tasks/phase-5-server-restart-recovery/reviews/fix-tasks.phase-5-server-restart-recovery.md::Fix Tasks: Phase 5: Server Restart Recovery::Medium / Low Fixes::FT-006: Remove the direct `node:fs` dependency from `WorkflowExecutionManager` ms=30 left=33329
2026-08-28T10:48:23.734134Z  INFO fs3_daemon::runner: batch kind="embed" subject=1 x smart jobs=1 ms=0
2026-08-28T10:48:23.754944Z  INFO fs3_daemon::runner: done kind="embed" id=661551 left=33328
2026-08-28T10:48:23.857461Z  INFO fs3_daemon::runner: done kind=summarize subject=docs/plans/074-workflow-execution/tasks/phase-5-server-restart-recovery/reviews/fix-tasks.phase-5-server-restart-recovery.md::Fix Tasks: Phase 5: Server Restart Recovery::Medium / Low Fixes::FT-005: Implement real file-backed corrupt-registry self-healing ms=27 left=33328
2026-08-28T10:48:23.866252Z  INFO fs3_daemon::runner: batch kind="embed" subject=1 x smart jobs=1 ms=0
2026-08-28T10:48:23.891247Z  INFO fs3_daemon::runner: done kind="embed" id=661552 left=33327
2026-08-28T10:48:23.994981Z  INFO fs3_daemon::runner: done kind=summarize subject=docs/plans/074-workflow-execution/tasks/phase-5-server-restart-recovery/reviews/fix-tasks.phase-5-server-restart-recovery.md::Fix Tasks: Phase 5: Server Restart Recovery::Medium / Low Fixes ms=28 left=33327
2026-08-28T10:48:24.014634Z  INFO fs3_daemon::runner: batch kind="embed" subject=1 x smart jobs=1 ms=7
2026-08-28T10:48:24.041908Z  INFO fs3_daemon::runner: done kind="embed" id=661553 left=33326
2026-08-28T10:48:24.146247Z  INFO fs3_daemon::runner: done kind=summarize subject=docs/plans/074-workflow-execution/tasks/phase-5-server-restart-recovery/reviews/fix-tasks.phase-5-server-restart-recovery.md::Fix Tasks: Phase 5: Server Restart Recovery::Critical / High Fixes::FT-004: Align canonical domain ownership for the `074-workflow-execution` slice ms=27 left=33326
2026-08-28T10:48:24.156787Z  INFO fs3_daemon::runner: batch kind="embed" subject=1 x smart jobs=1 ms=1
2026-08-28T10:48:24.181176Z  INFO fs3_daemon::runner: done kind="embed" id=661554 left=33325
2026-08-28T10:48:24.287323Z  INFO fs3_daemon::runner: done kind=summarize subject=docs/plans/074-workflow-execution/tasks/phase-5-server-restart-recovery/reviews/fix-tasks.phase-5-server-restart-recovery.md::Fix Tasks: Phase 5: Server Restart Recovery::Critical / High Fixes::FT-003: Replace the false-positive resume test and prove AC2 / AC3 / AC4 ms=28 left=33325
2026-08-28T10:48:24.295294Z  INFO fs3_daemon::runner: batch kind="embed" subject=1 x smart jobs=1 ms=0
2026-08-28T10:48:24.319690Z  INFO fs3_daemon::runner: done kind="embed" id=661555 left=33324
2026-08-28T10:48:24.441169Z  INFO fs3_daemon::runner: done kind=summarize subject=docs/plans/074-workflow-execution/tasks/phase-5-server-restart-recovery/reviews/fix-tasks.phase-5-server-restart-recovery.md::Fix Tasks: Phase 5: Server Restart Recovery::Critical / High Fixes::FT-002: Keep registry state consistent when `start()` fails before `drive()` begins ms=42 left=33324
2026-08-28T10:48:24.444402Z  INFO fs3_daemon::runner: batch kind="embed" subject=1 x smart jobs=1 ms=0
2026-08-28T10:48:24.461468Z  INFO fs3_daemon::runner: done kind="embed" id=661556 left=33323
2026-08-28T10:48:24.583485Z  INFO fs3_daemon::runner: batch kind="embed" subject=1 x smart jobs=1 ms=0
2026-08-28T10:48:24.598520Z  INFO fs3_daemon::runner: done kind=summarize subject=docs/plans/074-workflow-execution/tasks/phase-5-server-restart-recovery/reviews/fix-tasks.phase-5-server-restart-recovery.md::Fix Tasks: Phase 5: Server Restart Recovery::Critical / High Fixes::FT-001: Make `resumeAll()` persist the intended registry snapshot ms=50 left=33323
2026-08-28T10:48:24.611858Z  INFO fs3_daemon::runner: done kind="embed" id=661557 left=33322
2026-08-28T10:48:24.718967Z  INFO fs3_daemon::runner: done kind=summarize subject=docs/plans/074-workflow-execution/tasks/phase-5-server-restart-recovery/reviews/fix-tasks.phase-5-server-restart-recovery.md::Fix Tasks: Phase 5: Server Restart Recovery::Critical / High Fixes ms=27 left=33322
2026-08-28T10:48:24.724910Z  INFO fs3_daemon::runner: batch kind="embed" subject=1 x smart jobs=1 ms=2
2026-08-28T10:48:24.747324Z  INFO fs3_daemon::runner: done kind="embed" id=661558 left=33321
2026-08-28T10:48:24.849134Z  INFO fs3_daemon::runner: done kind=summarize subject=docs/plans/074-workflow-execution/tasks/phase-5-server-restart-recovery/reviews/fix-tasks.phase-5-server-restart-recovery.md::Fix Tasks: Phase 5: Server Restart Recovery ms=27 left=33321
2026-08-28T10:48:24.857319Z  INFO fs3_daemon::runner: batch kind="embed" subject=1 x smart jobs=1 ms=0
2026-08-28T10:48:24.874778Z  INFO fs3_daemon::runner: done kind="embed" id=661559 left=33320
2026-08-28T10:48:24.955846Z  INFO fs3_daemon::runner: done kind=summarize subject=docs/plans/074-workflow-execution/tasks/phase-5-server-restart-recovery/execution.log.md::Execution Log: Phase 5 — Server Restart Recovery::Task Log ms=14 left=33320
2026-08-28T10:48:24.967668Z  INFO fs3_daemon::runner: batch kind="embed" subject=1 x smart jobs=1 ms=0
2026-08-28T10:48:24.974562Z  INFO fs3_daemon::runner: done kind="embed" id=661560 left=33319
2026-08-28T10:48:25.055983Z  INFO fs3_daemon::runner: done kind=summarize subject=docs/plans/074-workflow-execution/tasks/phase-5-server-restart-recovery/execution.log.md::Execution Log: Phase 5 — Server Restart Recovery ms=15 left=33319
2026-08-28T10:48:25.065251Z  INFO fs3_daemon::runner: batch kind="embed" subject=1 x smart jobs=1 ms=0
2026-08-28T10:48:25.073704Z  INFO fs3_daemon::runner: done kind="embed" id=661561 left=33318
2026-08-28T10:48:25.160705Z  INFO fs3_daemon::runner: done kind=summarize subject=docs/plans/074-workflow-execution/tasks/phase-4-ui-execution-controls/tasks.md::Phase 4: UI Execution Controls — Tasks Dossier::Directory Layout ms=15 left=33318
2026-08-28T10:48:25.170352Z  INFO fs3_daemon::runner: batch kind="embed" subject=1 x smart jobs=1 ms=0
2026-08-28T10:48:25.176515Z  INFO fs3_daemon::runner: done kind="embed" id=661562 left=33317
2026-08-28T10:48:25.259780Z  INFO fs3_daemon::runner: done kind=summarize subject=docs/plans/074-workflow-execution/tasks/phase-4-ui-execution-controls/tasks.md::Phase 4: UI Execution Controls — Tasks Dossier::Discoveries & Learnings::Phase 4 DYK Session (2026-03-15) ms=14 left=33317
2026-08-28T10:48:25.271500Z  INFO fs3_daemon::runner: batch kind="embed" subject=1 x smart jobs=1 ms=0
2026-08-28T10:48:25.279292Z  INFO fs3_daemon::runner: done kind="embed" id=661563 left=33316
2026-08-28T10:48:25.364469Z  INFO fs3_daemon::runner: done kind=summarize subject=docs/plans/074-workflow-execution/tasks/phase-4-ui-execution-controls/tasks.md::Phase 4: UI Execution Controls — Tasks Dossier::Discoveries & Learnings ms=12 left=33316
2026-08-28T10:48:25.380822Z  INFO fs3_daemon::runner: batch kind="embed" subject=1 x smart jobs=1 ms=2
2026-08-28T10:48:25.390177Z  INFO fs3_daemon::runner: done kind="embed" id=661564 left=33315
2026-08-28T10:48:25.473148Z  INFO fs3_daemon::runner: done kind=summarize subject=docs/plans/074-workflow-execution/tasks/phase-4-ui-execution-controls/tasks.md::Phase 4: UI Execution Controls — Tasks Dossier::Context Brief::Mermaid sequence diagram (run workflow interaction) ms=10 left=33315
2026-08-28T10:48:25.484638Z  INFO fs3_daemon::runner: batch kind="embed" subject=1 x smart jobs=1 ms=0
2026-08-28T10:48:25.491356Z  INFO fs3_daemon::runner: done kind="embed" id=661565 left=33314
2026-08-28T10:48:25.574432Z  INFO fs3_daemon::runner: done kind=summarize subject=docs/plans/074-workflow-execution/tasks/phase-4-ui-execution-controls/tasks.md::Phase 4: UI Execution Controls — Tasks Dossier::Context Brief::Mermaid state diagram (execution lifecycle) ms=14 left=33314
2026-08-28T10:48:25.578935Z  INFO fs3_daemon::runner: batch kind="embed" subject=1 x smart jobs=1 ms=0
2026-08-28T10:48:25.585609Z  INFO fs3_daemon::runner: done kind="embed" id=661566 left=33313
2026-08-28T10:48:25.677237Z  INFO fs3_daemon::runner: done kind=summarize subject=docs/plans/074-workflow-execution/tasks/phase-4-ui-execution-controls/tasks.md::Phase 4: UI Execution Controls — Tasks Dossier::Context Brief::Button state machine (Workshop 001) ms=19 left=33313
2026-08-28T10:48:25.680093Z  INFO fs3_daemon::runner: batch kind="embed" subject=1 x smart jobs=1 ms=0
2026-08-28T10:48:25.688425Z  INFO fs3_daemon::runner: done kind="embed" id=661567 left=33312
2026-08-28T10:48:25.782699Z  INFO fs3_daemon::runner: done kind=summarize subject=docs/plans/074-workflow-execution/tasks/phase-4-ui-execution-controls/tasks.md::Phase 4: UI Execution Controls — Tasks Dossier::Context Brief ms=18 left=33312
2026-08-28T10:48:25.787954Z  INFO fs3_daemon::runner: batch kind="embed" subject=1 x smart jobs=1 ms=0
2026-08-28T10:48:25.799641Z  INFO fs3_daemon::runner: done kind="embed" id=661568 left=33311
2026-08-28T10:48:25.912870Z  INFO fs3_daemon::runner: done kind=summarize subject=docs/plans/074-workflow-execution/tasks/phase-4-ui-execution-controls/tasks.md::Phase 4: UI Execution Controls — Tasks Dossier::Tasks ms=20 left=33311
2026-08-28T10:48:25.913486Z  INFO fs3_daemon::runner: batch kind="embed" subject=1 x smart jobs=1 ms=0
2026-08-28T10:48:25.919855Z  INFO fs3_daemon::runner: done kind="embed" id=661569 left=33310
2026-08-28T10:48:26.001392Z  INFO fs3_daemon::runner: done kind=summarize subject=docs/plans/074-workflow-execution/tasks/phase-4-ui-execution-controls/tasks.md::Phase 4: UI Execution Controls — Tasks Dossier::Architecture Map ms=13 left=33310
2026-08-28T10:48:26.014333Z  INFO fs3_daemon::runner: batch kind="embed" subject=1 x smart jobs=1 ms=0
2026-08-28T10:48:26.022933Z  INFO fs3_daemon::runner: done kind="embed" id=661570 left=33309
2026-08-28T10:48:26.115972Z  INFO fs3_daemon::runner: done kind=summarize subject=docs/plans/074-workflow-execution/tasks/phase-4-ui-execution-controls/tasks.md::Phase 4: UI Execution Controls — Tasks Dossier::Pre-Implementation Check ms=16 left=33309
2026-08-28T10:48:26.123761Z  INFO fs3_daemon::runner: batch kind="embed" subject=1 x smart jobs=1 ms=1
2026-08-28T10:48:26.133226Z  INFO fs3_daemon::runner: done kind="embed" id=661571 left=33308
2026-08-28T10:48:26.216607Z  INFO fs3_daemon::runner: done kind=summarize subject=docs/plans/074-workflow-execution/tasks/phase-4-ui-execution-controls/tasks.md::Phase 4: UI Execution Controls — Tasks Dossier::Prior Phase Context::Phase 3: SSE + GlobalState Plumbing ✅ ms=15 left=33308
2026-08-28T10:48:26.268960Z  INFO fs3_daemon::runner: progress phase="working" scanned=61587 scan_left=33 summarized=124804 summarize_left=33274 embedded=203303 embed_left=1 failed=0
2026-08-28T10:48:26.290845Z  INFO fs3_daemon::runner: batch kind="embed" subject=2 x smart jobs=2 ms=0
2026-08-28T10:48:26.297139Z  INFO fs3_daemon::runner: done kind="embed" id=661573 left=33307
2026-08-28T10:48:26.365168Z  INFO fs3_daemon::runner: done kind="embed" id=661572 left=33306
2026-08-28T10:48:26.439360Z  INFO fs3_daemon::runner: done kind=summarize subject=docs/plans/074-workflow-execution/tasks/phase-4-ui-execution-controls/tasks.md::Phase 4: UI Execution Controls — Tasks Dossier::Prior Phase Context::Phase 2: Web DI + Execution Manager ✅ ms=9 left=33306
2026-08-28T10:48:26.466003Z  INFO fs3_daemon::runner: done kind=summarize subject=docs/plans/074-workflow-execution/tasks/phase-4-ui-execution-controls/tasks.md::Phase 4: UI Execution Controls — Tasks Dossier::Prior Phase Context::Phase 1: Orchestration Contracts ✅ ms=13 left=33306
2026-08-28T10:48:26.478613Z  INFO fs3_daemon::runner: batch kind="embed" subject=1 x smart jobs=1 ms=1
2026-08-28T10:48:26.494239Z  INFO fs3_daemon::runner: done kind="embed" id=661574 left=33305
2026-08-28T10:48:26.579216Z  INFO fs3_daemon::runner: done kind=summarize subject=docs/plans/074-workflow-execution/tasks/phase-4-ui-execution-controls/tasks.md::Phase 4: UI Execution Controls — Tasks Dossier::Prior Phase Context ms=17 left=33305
2026-08-28T10:48:26.590418Z  INFO fs3_daemon::runner: batch kind="embed" subject=1 x smart jobs=1 ms=0
2026-08-28T10:48:26.598863Z  INFO fs3_daemon::runner: done kind="embed" id=661575 left=33304
2026-08-28T10:48:26.685895Z  INFO fs3_daemon::runner: done kind=summarize subject=docs/plans/074-workflow-execution/tasks/phase-4-ui-execution-controls/tasks.md::Phase 4: UI Execution Controls — Tasks Dossier::Executive Briefing ms=13 left=33304
2026-08-28T10:48:26.693529Z  INFO fs3_daemon::runner: batch kind="embed" subject=1 x smart jobs=1 ms=1
2026-08-28T10:48:26.700173Z  INFO fs3_daemon::runner: done kind="embed" id=661576 left=33303
2026-08-28T10:48:26.785342Z  INFO fs3_daemon::runner: done kind=summarize subject=docs/plans/074-workflow-execution/tasks/phase-4-ui-execution-controls/tasks.md::Phase 4: UI Execution Controls — Tasks Dossier ms=9 left=33303
2026-08-28T10:48:26.801780Z  INFO fs3_daemon::runner: batch kind="embed" subject=1 x smart jobs=1 ms=0
2026-08-28T10:48:26.808282Z  INFO fs3_daemon::runner: done kind="embed" id=661577 left=33302
2026-08-28T10:48:26.883646Z  INFO fs3_daemon::runner: done kind=summarize subject=docs/plans/074-workflow-execution/tasks/phase-4-ui-execution-controls/tasks.fltplan.md::Flight Plan: Phase 4 — UI Execution Controls::Checklist ms=8 left=33302
2026-08-28T10:48:26.897640Z  INFO fs3_daemon::runner: batch kind="embed" subject=1 x smart jobs=1 ms=0
2026-08-28T10:48:26.903883Z  INFO fs3_daemon::runner: done kind="embed" id=661578 left=33301
2026-08-28T10:48:26.985989Z  INFO fs3_daemon::runner: done kind=summarize subject=docs/plans/074-workflow-execution/tasks/phase-4-ui-execution-controls/tasks.fltplan.md::Flight Plan: Phase 4 — UI Execution Controls::Acceptance Criteria ms=10 left=33301
2026-08-28T10:48:26.998842Z  INFO fs3_daemon::runner: batch kind="embed" subject=1 x smart jobs=1 ms=0
2026-08-28T10:48:27.006332Z  INFO fs3_daemon::runner: done kind="embed" id=661579 left=33300
2026-08-28T10:48:27.087798Z  INFO fs3_daemon::runner: done kind=summarize subject=docs/plans/074-workflow-execution/tasks/phase-4-ui-execution-controls/tasks.fltplan.md::Flight Plan: Phase 4 — UI Execution Controls::Architecture: Before & After ms=14 left=33300
2026-08-28T10:48:27.097936Z  INFO fs3_daemon::runner: batch kind="embed" subject=1 x smart jobs=1 ms=0
2026-08-28T10:48:27.113293Z  INFO fs3_daemon::runner: done kind="embed" id=661580 left=33299
2026-08-28T10:48:27.195205Z  INFO fs3_daemon::runner: done kind=summarize subject=docs/plans/074-workflow-execution/tasks/phase-4-ui-execution-controls/tasks.fltplan.md::Flight Plan: Phase 4 — UI Execution Controls::Stages ms=8 left=33299
2026-08-28T10:48:27.208674Z  INFO fs3_daemon::runner: batch kind="embed" subject=1 x smart jobs=1 ms=0
2026-08-28T10:48:27.218222Z  INFO fs3_daemon::runner: done kind="embed" id=661581 left=33298
2026-08-28T10:48:27.301968Z  INFO fs3_daemon::runner: done kind=summarize subject=docs/plans/074-workflow-execution/tasks/phase-4-ui-execution-controls/tasks.fltplan.md::Flight Plan: Phase 4 — UI Execution Controls::Flight Status ms=16 left=33298
2026-08-28T10:48:27.311010Z  INFO fs3_daemon::runner: batch kind="embed" subject=1 x smart jobs=1 ms=0
2026-08-28T10:48:27.320751Z  INFO fs3_daemon::runner: done kind="embed" id=661582 left=33297
2026-08-28T10:48:27.397226Z  INFO fs3_daemon::runner: done kind=summarize subject=docs/plans/074-workflow-execution/tasks/phase-4-ui-execution-controls/tasks.fltplan.md::Flight Plan: Phase 4 — UI Execution Controls::Domain Context::Domains We Depend On (no changes) ms=9 left=33297
2026-08-28T10:48:27.408337Z  INFO fs3_daemon::runner: batch kind="embed" subject=1 x smart jobs=1 ms=0
2026-08-28T10:48:27.415065Z  INFO fs3_daemon::runner: done kind="embed" id=661583 left=33296
2026-08-28T10:48:27.485256Z  INFO fs3_daemon::runner: done kind=summarize subject=docs/plans/074-workflow-execution/tasks/phase-4-ui-execution-controls/tasks.fltplan.md::Flight Plan: Phase 4 — UI Execution Controls::Domain Context ms=10 left=33296
2026-08-28T10:48:27.506245Z  INFO fs3_daemon::runner: batch kind="embed" subject=1 x smart jobs=1 ms=0
2026-08-28T10:48:27.514078Z  INFO fs3_daemon::runner: done kind="embed" id=661584 left=33295
2026-08-28T10:48:27.600208Z  INFO fs3_daemon::runner: done kind=summarize subject=docs/plans/074-workflow-execution/tasks/phase-4-ui-execution-controls/tasks.fltplan.md::Flight Plan: Phase 4 — UI Execution Controls ms=18 left=33295
2026-08-28T10:48:27.606519Z  INFO fs3_daemon::runner: batch kind="embed" subject=1 x smart jobs=1 ms=0
2026-08-28T10:48:27.612502Z  INFO fs3_daemon::runner: done kind="embed" id=661585 left=33294
2026-08-28T10:48:27.682008Z  INFO fs3_daemon::runner: done kind=summarize subject=docs/plans/074-workflow-execution/tasks/phase-4-ui-execution-controls/reviews/review.phase-4-ui-execution-controls.md::Code Review: Phase 4: UI Execution Controls::H) Handover Brief::Files Reviewed ms=12 left=33294
2026-08-28T10:48:27.689640Z  INFO fs3_daemon::runner: batch kind="embed" subject=1 x smart jobs=1 ms=0
2026-08-28T10:48:27.695774Z  INFO fs3_daemon::runner: done kind="embed" id=661586 left=33293
2026-08-28T10:48:27.774036Z  INFO fs3_daemon::runner: done kind=summarize subject=docs/plans/074-workflow-execution/tasks/phase-4-ui-execution-controls/reviews/review.phase-4-ui-execution-controls.md::Code Review: Phase 4: UI Execution Controls::H) Handover Brief ms=13 left=33293
2026-08-28T10:48:27.782086Z  INFO fs3_daemon::runner: batch kind="embed" subject=1 x smart jobs=1 ms=0
2026-08-28T10:48:27.787864Z  INFO fs3_daemon::runner: done kind="embed" id=661587 left=33292
2026-08-28T10:48:27.874938Z  INFO fs3_daemon::runner: done kind=summarize subject=docs/plans/074-workflow-execution/tasks/phase-4-ui-execution-controls/reviews/review.phase-4-ui-execution-controls.md::Code Review: Phase 4: UI Execution Controls::G) Commands Executed ms=17 left=33292
2026-08-28T10:48:27.877795Z  INFO fs3_daemon::runner: batch kind="embed" subject=1 x smart jobs=1 ms=0
2026-08-28T10:48:27.883737Z  INFO fs3_daemon::runner: done kind="embed" id=661588 left=33291
2026-08-28T10:48:27.961407Z  INFO fs3_daemon::runner: done kind=summarize subject=docs/plans/074-workflow-execution/tasks/phase-4-ui-execution-controls/reviews/review.phase-4-ui-execution-controls.md::Code Review: Phase 4: UI Execution Controls::F) Coverage Map ms=11 left=33291
2026-08-28T10:48:27.975591Z  INFO fs3_daemon::runner: batch kind="embed" subject=1 x smart jobs=1 ms=1
2026-08-28T10:48:27.986578Z  INFO fs3_daemon::runner: done kind="embed" id=661589 left=33290
2026-08-28T10:48:28.067867Z  INFO fs3_daemon::runner: done kind=summarize subject=docs/plans/074-workflow-execution/tasks/phase-4-ui-execution-controls/reviews/review.phase-4-ui-execution-controls.md::Code Review: Phase 4: UI Execution Controls::E) Detailed Findings::E.6) Harness Live Validation ms=10 left=33290
2026-08-28T10:48:28.078161Z  INFO fs3_daemon::runner: batch kind="embed" subject=1 x smart jobs=1 ms=0
2026-08-28T10:48:28.085226Z  INFO fs3_daemon::runner: done kind="embed" id=661590 left=33289
2026-08-28T10:48:28.203763Z  INFO fs3_daemon::runner: done kind=summarize subject=docs/plans/074-workflow-execution/tasks/phase-4-ui-execution-controls/reviews/review.phase-4-ui-execution-controls.md::Code Review: Phase 4: UI Execution Controls::E) Detailed Findings::E.4) Testing & Evidence ms=16 left=33289
2026-08-28T10:48:28.215639Z  INFO fs3_daemon::runner: batch kind="embed" subject=1 x smart jobs=1 ms=0
2026-08-28T10:48:28.225901Z  INFO fs3_daemon::runner: done kind="embed" id=661591 left=33288
2026-08-28T10:48:28.328815Z  INFO fs3_daemon::runner: done kind=summarize subject=docs/plans/074-workflow-execution/tasks/phase-4-ui-execution-controls/reviews/review.phase-4-ui-execution-controls.md::Code Review: Phase 4: UI Execution Controls::E) Detailed Findings::E.3) Anti-Reinvention ms=26 left=33288
2026-08-28T10:48:28.335752Z  INFO fs3_daemon::runner: batch kind="embed" subject=1 x smart jobs=1 ms=1
2026-08-28T10:48:28.350899Z  INFO fs3_daemon::runner: done kind="embed" id=661592 left=33287
2026-08-28T10:48:28.459195Z  INFO fs3_daemon::runner: batch kind="embed" subject=1 x smart jobs=1 ms=0
2026-08-28T10:48:28.483989Z  INFO fs3_daemon::runner: done kind="embed" id=661593 left=33292
2026-08-28T10:48:28.508051Z  INFO fs3_daemon::runner: done kind=scan_file subject=docs/plans/006-worktree-diff/assets/probes/out/run-20260828T104446Z/p2a-paid.txt ms=80 left=33291
2026-08-28T10:48:28.605550Z  INFO fs3_daemon::enrich: skipping embeds for content no registered root holds dropped=1 kept=0 kind="raw"
2026-08-28T10:48:28.606155Z  INFO fs3_daemon::runner: batch kind="embed" subject=1 x raw jobs=1 ms=4
2026-08-28T10:48:28.608092Z  INFO fs3_daemon::runner: done kind=scan_file subject=docs/plans/006-worktree-diff/assets/probes/out/run-20260828T104446Z/p3-version-file.txt ms=45 left=33291
2026-08-28T10:48:28.611740Z  INFO fs3_daemon::watch: re-listed a changed directory directory=/Users/jordanknight/substrate/flowspace/fs3-worktree-diff/docs/plans/006-worktree-diff/assets/probes/out/run-20260828T104446Z events=54 enqueued=5 settled=Quiet
2026-08-28T10:48:28.633579Z  INFO fs3_daemon::runner: done kind="embed" id=661599 left=33290
2026-08-28T10:48:28.744294Z  INFO fs3_daemon::runner: batch kind="embed" subject=1 x raw jobs=1 ms=0
2026-08-28T10:48:28.773507Z  INFO fs3_daemon::runner: done kind="embed" id=661600 left=33297
2026-08-28T10:48:28.910043Z  INFO fs3_daemon::watch: re-listed a changed directory directory=/Users/jordanknight/substrate/flowspace/poctest-wtdiff-20260828T104446Z/crates/cli/src events=6 enqueued=8 settled=Quiet
2026-08-28T10:48:28.947736Z  INFO fs3_daemon::runner: batch kind="embed" subject=16 x raw jobs=1 ms=5
2026-08-28T10:48:28.980542Z  INFO fs3_daemon::runner: done kind=scan_file subject=crates/cli/src/main.rs ms=261 left=33298
2026-08-28T10:48:28.980613Z  INFO fs3_daemon::runner: done kind="embed" id=661620 left=33298
2026-08-28T10:48:28.995796Z  INFO fs3_daemon::runner: done kind=scan_file subject=crates/cli/src/render/progress.rs ms=140 left=33297
2026-08-28T10:48:29.037162Z  INFO fs3_daemon::runner: done kind=scan_file subject=crates/cli/src/render/mod.rs ms=127 left=33297
2026-08-28T10:48:29.142214Z  INFO fs3_daemon::runner: done kind=scan_file subject=crates/cli/src/lib.rs ms=68 left=33297
2026-08-28T10:48:29.255780Z  INFO fs3_daemon::runner: batch kind="embed" subject=32 x raw jobs=3 ms=141
2026-08-28T10:48:29.289649Z  INFO fs3_daemon::runner: done kind="embed" id=661626 left=33296
2026-08-28T10:48:29.383432Z  INFO fs3_daemon::runner: done kind="embed" id=661629 left=33295
2026-08-28T10:48:29.480590Z  INFO fs3_daemon::runner: done kind="embed" id=661631 left=33294
2026-08-28T10:48:29.980154Z  INFO fs3_daemon::runner: batch kind="embed" subject=12 x raw jobs=1 ms=373
2026-08-28T10:48:30.012305Z  INFO fs3_daemon::runner: done kind="embed" id=661632 left=33293
2026-08-28T10:48:30.095353Z  INFO fs3_daemon::runner: done kind=scan_file subject=crates/cli/src/doctor.rs ms=520 left=33295
2026-08-28T10:48:30.145914Z  INFO fs3_daemon::runner: done kind=scan_file subject=crates/cli/src/docs.rs ms=64 left=33295
2026-08-28T10:48:30.494598Z  INFO fs3_daemon::runner: batch kind="embed" subject=34 x raw jobs=3 ms=376
2026-08-28T10:48:30.504075Z  INFO fs3_daemon::runner: done kind="embed" id=661647 left=33294
2026-08-28T10:48:30.574701Z  INFO fs3_daemon::runner: done kind="embed" id=661659 left=33293
2026-08-28T10:48:30.647055Z  INFO fs3_daemon::runner: done kind="embed" id=661662 left=33292
2026-08-28T10:48:30.824696Z  INFO fs3_daemon::runner: done kind=scan_file subject=crates/cli/src/conversation.rs ms=107 left=33293
2026-08-28T10:48:30.966463Z  INFO fs3_daemon::runner: batch kind="embed" subject=12 x raw jobs=1 ms=218
2026-08-28T10:48:30.973948Z  INFO fs3_daemon::runner: done kind="embed" id=661671 left=33292
2026-08-28T10:48:31.105302Z  INFO fs3_daemon::runner: done kind=scan_file subject=crates/cli/src/client.rs ms=66 left=33294
2026-08-28T10:48:31.457758Z  INFO fs3_daemon::runner: batch kind="embed" subject=19 x raw jobs=2 ms=387
2026-08-28T10:48:31.468270Z  INFO fs3_daemon::runner: done kind="embed" id=661686 left=33293
2026-08-28T10:48:31.538075Z  INFO fs3_daemon::runner: done kind="embed" id=661682 left=33292
2026-08-28T10:48:31.658191Z  INFO fs3_daemon::runner: done kind=scan_file subject=docs/plans/006-worktree-diff/assets/probes/out/run-20260828T104446Z/p2b-edited-files.txt ms=25 left=33292
2026-08-28T10:48:31.700680Z  INFO fs3_daemon::runner: progress phase="working" scanned=61597 scan_left=36 summarized=124825 summarize_left=33253 embedded=203338 embed_left=3 failed=0
2026-08-28T10:48:32.131247Z  INFO fs3_daemon::runner: batch kind="embed" subject=37 x raw jobs=4 ms=399
2026-08-28T10:48:32.141402Z  INFO fs3_daemon::runner: done kind="embed" id=661699 left=33291
2026-08-28T10:48:32.210401Z  INFO fs3_daemon::runner: done kind="embed" id=661705 left=33290
2026-08-28T10:48:32.280682Z  INFO fs3_daemon::runner: done kind="embed" id=661693 left=33289
2026-08-28T10:48:32.353721Z  INFO fs3_daemon::runner: done kind="embed" id=661704 left=33288
2026-08-28T10:48:32.439421Z  INFO fs3_daemon::runner: done kind=scan_file subject=docs/plans/006-worktree-diff/assets/probes/out/run-20260828T104446Z/p2a-jobs.txt ms=20 left=33288
2026-08-28T10:48:32.474054Z  INFO fs3_daemon::runner: done kind=scan_file subject=docs/plans/006-worktree-diff/assets/probes/out/run-20260828T104446Z/p2a-deltas.txt ms=29 left=33288
2026-08-28T10:48:32.778296Z  INFO fs3_daemon::runner: batch kind="embed" subject=1 x raw jobs=1 ms=306
2026-08-28T10:48:32.794100Z  INFO fs3_daemon::runner: done kind="embed" id=661706 left=33287
2026-08-28T10:48:32.917299Z  INFO fs3_daemon::runner: done kind=summarize subject=docs/plans/074-workflow-execution/tasks/phase-4-ui-execution-controls/reviews/review.phase-4-ui-execution-controls.md::Code Review: Phase 4: UI Execution Controls::E) Detailed Findings::E.2) Domain Compliance ms=42 left=33287
2026-08-28T10:48:33.201560Z  INFO fs3_daemon::runner: batch kind="embed" subject=1 x raw jobs=1 ms=298
2026-08-28T10:48:33.225506Z  INFO fs3_daemon::runner: done kind="embed" id=661707 left=33286
2026-08-28T10:48:33.329001Z  INFO fs3_daemon::runner: done kind=summarize subject=docs/plans/074-workflow-execution/tasks/phase-4-ui-execution-controls/reviews/review.phase-4-ui-execution-controls.md::Code Review: Phase 4: UI Execution Controls::E) Detailed Findings ms=32 left=33286
2026-08-28T10:48:33.337467Z  INFO fs3_daemon::runner: batch kind="embed" subject=1 x smart jobs=1 ms=0
2026-08-28T10:48:33.359324Z  INFO fs3_daemon::runner: done kind="embed" id=661708 left=33285
2026-08-28T10:48:33.527675Z  INFO fs3_daemon::runner: batch kind="embed" subject=1 x smart jobs=1 ms=0
2026-08-28T10:48:33.553808Z  INFO fs3_daemon::runner: done kind=summarize subject=docs/plans/074-workflow-execution/tasks/phase-4-ui-execution-controls/reviews/review.phase-4-ui-execution-controls.md::Code Review: Phase 4: UI Execution Controls::C) Checklist ms=60 left=33285
2026-08-28T10:48:33.578599Z  INFO fs3_daemon::runner: done kind="embed" id=661709 left=33284
2026-08-28T10:48:33.693790Z  INFO fs3_daemon::runner: done kind=summarize subject=docs/plans/074-workflow-execution/tasks/phase-4-ui-execution-controls/reviews/review.phase-4-ui-execution-controls.md::Code Review: Phase 4: UI Execution Controls::A) Verdict ms=30 left=33284
2026-08-28T10:48:33.706527Z  INFO fs3_daemon::runner: batch kind="embed" subject=1 x smart jobs=1 ms=1
2026-08-28T10:48:33.733018Z  INFO fs3_daemon::runner: done kind="embed" id=661710 left=33283
2026-08-28T10:48:33.835554Z  INFO fs3_daemon::runner: done kind=summarize subject=docs/plans/074-workflow-execution/tasks/phase-4-ui-execution-controls/reviews/review.phase-4-ui-execution-controls.md::Code Review: Phase 4: UI Execution Controls ms=28 left=33283
2026-08-28T10:48:33.846788Z  INFO fs3_daemon::runner: batch kind="embed" subject=1 x smart jobs=1 ms=1
2026-08-28T10:48:33.870242Z  INFO fs3_daemon::runner: done kind="embed" id=661711 left=33282
2026-08-28T10:48:33.972301Z  INFO fs3_daemon::runner: done kind=summarize subject=docs/plans/074-workflow-execution/tasks/phase-4-ui-execution-controls/reviews/fix-tasks.phase-4-ui-execution-controls.md::Fix Tasks: Phase 4: UI Execution Controls::Medium / Low Fixes::FT-004: Add direct evidence for hook and UI wiring ms=28 left=33282
2026-08-28T10:48:33.980089Z  INFO fs3_daemon::runner: batch kind="embed" subject=1 x smart jobs=1 ms=0
2026-08-28T10:48:33.998476Z  INFO fs3_daemon::runner: done kind="embed" id=661712 left=33281
2026-08-28T10:48:34.106691Z  INFO fs3_daemon::runner: batch kind="embed" subject=1 x smart jobs=1 ms=0
2026-08-28T10:48:34.121784Z  INFO fs3_daemon::runner: done kind=summarize subject=docs/plans/074-workflow-execution/tasks/phase-4-ui-execution-controls/reviews/fix-tasks.phase-4-ui-execution-controls.md::Fix Tasks: Phase 4: UI Execution Controls::Medium / Low Fixes ms=44 left=33281
2026-08-28T10:48:34.129696Z  INFO fs3_daemon::runner: done kind="embed" id=661713 left=33280
2026-08-28T10:48:34.235005Z  INFO fs3_daemon::runner: done kind=summarize subject=docs/plans/074-workflow-execution/tasks/phase-4-ui-execution-controls/reviews/fix-tasks.phase-4-ui-execution-controls.md::Fix Tasks: Phase 4: UI Execution Controls::Critical / High Fixes::FT-003: Resolve domain ownership for the 074 execution-support tree ms=31 left=33280
2026-08-28T10:48:34.247115Z  INFO fs3_daemon::runner: batch kind="embed" subject=1 x smart jobs=1 ms=0
2026-08-28T10:48:34.265873Z  INFO fs3_daemon::runner: done kind="embed" id=661714 left=33279
2026-08-28T10:48:34.386991Z  INFO fs3_daemon::runner: done kind=summarize subject=docs/plans/074-workflow-execution/tasks/phase-4-ui-execution-controls/reviews/fix-tasks.phase-4-ui-execution-controls.md::Fix Tasks: Phase 4: UI Execution Controls::Critical / High Fixes::FT-002: Add mandatory Test Doc blocks to all new durable tests ms=33 left=33279
2026-08-28T10:48:34.403705Z  INFO fs3_daemon::runner: batch kind="embed" subject=1 x smart jobs=1 ms=1
2026-08-28T10:48:34.423581Z  INFO fs3_daemon::runner: done kind="embed" id=661715 left=33278
2026-08-28T10:48:34.540508Z  INFO fs3_daemon::runner: done kind=summarize subject=docs/plans/074-workflow-execution/tasks/phase-4-ui-execution-controls/reviews/fix-tasks.phase-4-ui-execution-controls.md::Fix Tasks: Phase 4: UI Execution Controls::Critical / High Fixes::FT-001: Close execution-lock bypasses in `WorkflowEditor` ms=32 left=33278
2026-08-28T10:48:34.549323Z  INFO fs3_daemon::runner: batch kind="embed" subject=1 x smart jobs=1 ms=0
2026-08-28T10:48:34.564409Z  INFO fs3_daemon::runner: done kind="embed" id=661716 left=33277
2026-08-28T10:48:34.662032Z  INFO fs3_daemon::runner: done kind=summarize subject=docs/plans/074-workflow-execution/tasks/phase-4-ui-execution-controls/reviews/fix-tasks.phase-4-ui-execution-controls.md::Fix Tasks: Phase 4: UI Execution Controls::Critical / High Fixes ms=19 left=33277
2026-08-28T10:48:34.662321Z  INFO fs3_daemon::runner: batch kind="embed" subject=1 x smart jobs=1 ms=1
2026-08-28T10:48:34.669391Z  INFO fs3_daemon::runner: done kind="embed" id=661717 left=33276
2026-08-28T10:48:34.776692Z  INFO fs3_daemon::runner: done kind=summarize subject=docs/plans/074-workflow-execution/tasks/phase-4-ui-execution-controls/reviews/fix-tasks.phase-4-ui-execution-controls.md::Fix Tasks: Phase 4: UI Execution Controls ms=18 left=33276
2026-08-28T10:48:34.780185Z  INFO fs3_daemon::runner: batch kind="embed" subject=1 x smart jobs=1 ms=0
2026-08-28T10:48:34.791939Z  INFO fs3_daemon::runner: done kind="embed" id=661718 left=33275
2026-08-28T10:48:34.911953Z  INFO fs3_daemon::runner: batch kind="embed" subject=1 x smart jobs=1 ms=2
2026-08-28T10:48:34.921611Z  INFO fs3_daemon::runner: done kind=summarize subject=docs/plans/074-workflow-execution/tasks/phase-4-ui-execution-controls/execution.log.md::Phase 4: UI Execution Controls — Execution Log::Task Log::T006: Extend isLineEditable() with execution-aware locking ✅ ms=38 left=33275
2026-08-28T10:48:34.927221Z  INFO fs3_daemon::runner: done kind="embed" id=661719 left=33274
2026-08-28T10:48:35.036579Z  INFO fs3_daemon::runner: done kind=summarize subject=docs/plans/074-workflow-execution/tasks/phase-4-ui-execution-controls/execution.log.md::Phase 4: UI Execution Controls — Execution Log::Task Log::T005: Wire useWorkflowExecution into WorkflowEditor ✅ ms=23 left=33274
2026-08-28T10:48:35.039565Z  INFO fs3_daemon::runner: batch kind="embed" subject=1 x smart jobs=1 ms=0
2026-08-28T10:48:35.049612Z  INFO fs3_daemon::runner: done kind="embed" id=661720 left=33273
2026-08-28T10:48:35.165475Z  INFO fs3_daemon::runner: batch kind="embed" subject=1 x smart jobs=1 ms=0
2026-08-28T10:48:35.167573Z  INFO fs3_daemon::runner: done kind=summarize subject=docs/plans/074-workflow-execution/tasks/phase-4-ui-execution-controls/execution.log.md::Phase 4: UI Execution Controls — Execution Log::Task Log::T003: Extend WorkflowTempBar with execution button group ✅ ms=25 left=33273
2026-08-28T10:48:35.179024Z  INFO fs3_daemon::runner: done kind="embed" id=661721 left=33272
2026-08-28T10:48:35.289090Z  INFO fs3_daemon::runner: done kind=summarize subject=docs/plans/074-workflow-execution/tasks/phase-4-ui-execution-controls/execution.log.md::Phase 4: UI Execution Controls — Execution Log::Task Log::T001: Create useWorkflowExecution hook ✅ ms=20 left=33272
2026-08-28T10:48:35.292286Z  INFO fs3_daemon::runner: batch kind="embed" subject=1 x smart jobs=1 ms=3
2026-08-28T10:48:35.300840Z  INFO fs3_daemon::runner: done kind="embed" id=661722 left=33271
2026-08-28T10:48:35.409530Z  INFO fs3_daemon::runner: batch kind="embed" subject=1 x smart jobs=1 ms=0
2026-08-28T10:48:35.414304Z  INFO fs3_daemon::runner: done kind=summarize subject=docs/plans/074-workflow-execution/tasks/phase-4-ui-execution-controls/execution.log.md::Phase 4: UI Execution Controls — Execution Log::Task Log ms=21 left=33271
2026-08-28T10:48:35.419466Z  INFO fs3_daemon::runner: done kind="embed" id=661723 left=33270
2026-08-28T10:48:35.527925Z  INFO fs3_daemon::runner: done kind=summarize subject=docs/plans/074-workflow-execution/tasks/phase-4-ui-execution-controls/execution.log.md::Phase 4: UI Execution Controls — Execution Log ms=9 left=33270
2026-08-28T10:48:35.538705Z  INFO fs3_daemon::runner: batch kind="embed" subject=1 x smart jobs=1 ms=0
2026-08-28T10:48:35.549222Z  INFO fs3_daemon::runner: done kind="embed" id=661724 left=33269
2026-08-28T10:48:35.654091Z  INFO fs3_daemon::runner: done kind=summarize subject=docs/plans/074-workflow-execution/tasks/phase-3-sse-globalstate-plumbing/tasks.md::Phase 3: SSE + GlobalState Plumbing — Tasks::Directory Layout ms=15 left=33269
2026-08-28T10:48:35.665568Z  INFO fs3_daemon::runner: batch kind="embed" subject=1 x smart jobs=1 ms=1
2026-08-28T10:48:35.674385Z  INFO fs3_daemon::runner: done kind="embed" id=661725 left=33268
2026-08-28T10:48:35.779034Z  INFO fs3_daemon::runner: done kind=summarize subject=docs/plans/074-workflow-execution/tasks/phase-3-sse-globalstate-plumbing/tasks.md::Phase 3: SSE + GlobalState Plumbing — Tasks::Context Brief::Server action → UI flow ms=17 left=33268
2026-08-28T10:48:35.787583Z  INFO fs3_daemon::runner: batch kind="embed" subject=1 x smart jobs=1 ms=0
2026-08-28T10:48:35.802007Z  INFO fs3_daemon::runner: done kind="embed" id=661726 left=33267
2026-08-28T10:48:35.930134Z  INFO fs3_daemon::runner: batch kind="embed" subject=1 x smart jobs=1 ms=0
2026-08-28T10:48:35.938448Z  INFO fs3_daemon::runner: done kind=summarize subject=docs/plans/074-workflow-execution/tasks/phase-3-sse-globalstate-plumbing/tasks.md::Phase 3: SSE + GlobalState Plumbing — Tasks::Context Brief::System flow diagram ms=45 left=33267
2026-08-28T10:48:35.938601Z  INFO fs3_daemon::runner: done kind="embed" id=661727 left=33266
2026-08-28T10:48:36.032981Z  INFO fs3_daemon::runner: done kind=summarize subject=docs/plans/074-workflow-execution/tasks/phase-3-sse-globalstate-plumbing/tasks.md::Phase 3: SSE + GlobalState Plumbing — Tasks::Context Brief::Server action pattern (reference) ms=14 left=33266
2026-08-28T10:48:36.047791Z  INFO fs3_daemon::runner: batch kind="embed" subject=1 x smart jobs=1 ms=0
2026-08-28T10:48:36.060084Z  INFO fs3_daemon::runner: done kind="embed" id=661728 left=33265
2026-08-28T10:48:36.155497Z  INFO fs3_daemon::runner: done kind=summarize subject=docs/plans/074-workflow-execution/tasks/phase-3-sse-globalstate-plumbing/tasks.md::Phase 3: SSE + GlobalState Plumbing — Tasks::Context Brief::SSE broadcast payload shape ms=16 left=33265
2026-08-28T10:48:36.163012Z  INFO fs3_daemon::runner: batch kind="embed" subject=1 x smart jobs=1 ms=0
2026-08-28T10:48:36.173740Z  INFO fs3_daemon::runner: done kind="embed" id=661729 left=33264
2026-08-28T10:48:36.274929Z  INFO fs3_daemon::runner: done kind=summarize subject=docs/plans/074-workflow-execution/tasks/phase-3-sse-globalstate-plumbing/tasks.md::Phase 3: SSE + GlobalState Plumbing — Tasks::Context Brief ms=17 left=33264
2026-08-28T10:48:36.286776Z  INFO fs3_daemon::runner: batch kind="embed" subject=1 x smart jobs=1 ms=0
2026-08-28T10:48:36.298978Z  INFO fs3_daemon::runner: done kind="embed" id=661730 left=33263
2026-08-28T10:48:36.394092Z  INFO fs3_daemon::runner: done kind=summarize subject=docs/plans/074-workflow-execution/tasks/phase-3-sse-globalstate-plumbing/tasks.md::Phase 3: SSE + GlobalState Plumbing — Tasks::Tasks ms=17 left=33263
2026-08-28T10:48:36.396599Z  INFO fs3_daemon::runner: batch kind="embed" subject=1 x smart jobs=1 ms=0
2026-08-28T10:48:36.403523Z  INFO fs3_daemon::runner: done kind="embed" id=661731 left=33262
2026-08-28T10:48:36.499738Z  INFO fs3_daemon::runner: done kind=summarize subject=docs/plans/074-workflow-execution/tasks/phase-3-sse-globalstate-plumbing/tasks.md::Phase 3: SSE + GlobalState Plumbing — Tasks::Architecture Map ms=14 left=33262
2026-08-28T10:48:36.506549Z  INFO fs3_daemon::runner: batch kind="embed" subject=1 x smart jobs=1 ms=2
2026-08-28T10:48:36.531046Z  INFO fs3_daemon::runner: done kind="embed" id=661732 left=33261
2026-08-28T10:48:36.635184Z  INFO fs3_daemon::runner: done kind=summarize subject=docs/plans/074-workflow-execution/tasks/phase-3-sse-globalstate-plumbing/tasks.md::Phase 3: SSE + GlobalState Plumbing — Tasks::Pre-Implementation Check ms=20 left=33261
2026-08-28T10:48:36.638404Z  INFO fs3_daemon::runner: batch kind="embed" subject=1 x smart jobs=1 ms=0
2026-08-28T10:48:36.647243Z  INFO fs3_daemon::runner: done kind="embed" id=661733 left=33260
2026-08-28T10:48:36.755919Z  INFO fs3_daemon::runner: done kind=summarize subject=docs/plans/074-workflow-execution/tasks/phase-3-sse-globalstate-plumbing/tasks.md::Phase 3: SSE + GlobalState Plumbing — Tasks::Prior Phase Context::Phase 2: Web DI + Execution Manager (COMPLETE) ms=28 left=33260
2026-08-28T10:48:36.796230Z  INFO fs3_daemon::runner: progress phase="working" scanned=61600 scan_left=33 summarized=124852 summarize_left=33226 embedded=203370 embed_left=1 failed=0
2026-08-28T10:48:36.833813Z  INFO fs3_daemon::runner: batch kind="embed" subject=2 x smart jobs=2 ms=0
2026-08-28T10:48:36.848611Z  INFO fs3_daemon::runner: done kind="embed" id=661735 left=33259
2026-08-28T10:48:36.927832Z  INFO fs3_daemon::runner: done kind="embed" id=661734 left=33258
2026-08-28T10:48:37.050581Z  INFO fs3_daemon::runner: done kind=summarize subject=docs/plans/074-workflow-execution/tasks/phase-3-sse-globalstate-plumbing/tasks.md::Phase 3: SSE + GlobalState Plumbing — Tasks::Prior Phase Context::Phase 1: Orchestration Contracts (COMPLETE) ms=32 left=33258
2026-08-28T10:48:37.060015Z  INFO fs3_daemon::runner: done kind=summarize subject=docs/plans/074-workflow-execution/tasks/phase-3-sse-globalstate-plumbing/tasks.md::Phase 3: SSE + GlobalState Plumbing — Tasks::Prior Phase Context ms=14 left=33258
2026-08-28T10:48:37.087894Z  INFO fs3_daemon::runner: batch kind="embed" subject=1 x smart jobs=1 ms=0
2026-08-28T10:48:37.104684Z  INFO fs3_daemon::runner: done kind="embed" id=661736 left=33257
2026-08-28T10:48:37.203019Z  INFO fs3_daemon::runner: done kind=summarize subject=docs/plans/074-workflow-execution/tasks/phase-3-sse-globalstate-plumbing/tasks.md::Phase 3: SSE + GlobalState Plumbing — Tasks::Executive Briefing ms=18 left=33257
2026-08-28T10:48:37.206606Z  INFO fs3_daemon::runner: batch kind="embed" subject=1 x smart jobs=1 ms=0
2026-08-28T10:48:37.216098Z  INFO fs3_daemon::runner: done kind="embed" id=661737 left=33256
2026-08-28T10:48:37.325022Z  INFO fs3_daemon::runner: done kind=summarize subject=docs/plans/074-workflow-execution/tasks/phase-3-sse-globalstate-plumbing/tasks.md::Phase 3: SSE + GlobalState Plumbing — Tasks ms=24 left=33256
2026-08-28T10:48:37.333218Z  INFO fs3_daemon::runner: batch kind="embed" subject=1 x smart jobs=1 ms=0
2026-08-28T10:48:37.343763Z  INFO fs3_daemon::runner: done kind="embed" id=661738 left=33255
2026-08-28T10:48:37.429872Z  INFO fs3_daemon::runner: done kind=summarize subject=docs/plans/074-workflow-execution/tasks/phase-3-sse-globalstate-plumbing/tasks.fltplan.md::Flight Plan: Phase 3 — SSE + GlobalState Plumbing::Checklist ms=13 left=33255
2026-08-28T10:48:37.446698Z  INFO fs3_daemon::runner: batch kind="embed" subject=1 x smart jobs=1 ms=3
2026-08-28T10:48:37.461671Z  INFO fs3_daemon::runner: done kind="embed" id=661739 left=33254
2026-08-28T10:48:37.557172Z  INFO fs3_daemon::runner: done kind=summarize subject=docs/plans/074-workflow-execution/tasks/phase-3-sse-globalstate-plumbing/tasks.fltplan.md::Flight Plan: Phase 3 — SSE + GlobalState Plumbing::Goals & Non-Goals ms=15 left=33254
2026-08-28T10:48:37.563538Z  INFO fs3_daemon::runner: batch kind="embed" subject=1 x smart jobs=1 ms=0
2026-08-28T10:48:37.569080Z  INFO fs3_daemon::runner: done kind="embed" id=661740 left=33253
2026-08-28T10:48:37.697160Z  INFO fs3_daemon::runner: batch kind="embed" subject=1 x smart jobs=1 ms=0
2026-08-28T10:48:37.714831Z  INFO fs3_daemon::runner: done kind=summarize subject=docs/plans/074-workflow-execution/tasks/phase-3-sse-globalstate-plumbing/tasks.fltplan.md::Flight Plan: Phase 3 — SSE + GlobalState Plumbing::Architecture: Before & After ms=60 left=33253
2026-08-28T10:48:37.738855Z  INFO fs3_daemon::runner: done kind="embed" id=661741 left=33252
2026-08-28T10:48:37.844699Z  INFO fs3_daemon::runner: done kind=summarize subject=docs/plans/074-workflow-execution/tasks/phase-3-sse-globalstate-plumbing/tasks.fltplan.md::Flight Plan: Phase 3 — SSE + GlobalState Plumbing::Stages ms=27 left=33252
2026-08-28T10:48:37.854758Z  INFO fs3_daemon::runner: batch kind="embed" subject=1 x smart jobs=1 ms=3
2026-08-28T10:48:37.880855Z  INFO fs3_daemon::runner: done kind="embed" id=661742 left=33251
2026-08-28T10:48:37.993126Z  INFO fs3_daemon::runner: done kind=summarize subject=docs/plans/074-workflow-execution/tasks/phase-3-sse-globalstate-plumbing/tasks.fltplan.md::Flight Plan: Phase 3 — SSE + GlobalState Plumbing::Flight Status ms=28 left=33251
2026-08-28T10:48:38.009289Z  INFO fs3_daemon::runner: batch kind="embed" subject=1 x smart jobs=1 ms=0
2026-08-28T10:48:38.125590Z  INFO fs3_daemon::runner: done kind="embed" id=661743 left=33250
2026-08-28T10:48:38.233386Z  INFO fs3_daemon::runner: done kind=summarize subject=docs/plans/074-workflow-execution/tasks/phase-3-sse-globalstate-plumbing/tasks.fltplan.md::Flight Plan: Phase 3 — SSE + GlobalState Plumbing::Domain Context::Domains We Depend On (no changes) ms=29 left=33250
2026-08-28T10:48:38.244807Z  INFO fs3_daemon::runner: batch kind="embed" subject=1 x smart jobs=1 ms=0
2026-08-28T10:48:38.267927Z  INFO fs3_daemon::runner: done kind="embed" id=661744 left=33249
2026-08-28T10:48:38.526198Z  INFO fs3_daemon::runner: batch kind="embed" subject=1 x smart jobs=1 ms=0
2026-08-28T10:48:38.530768Z  INFO fs3_daemon::runner: done kind=summarize subject=docs/plans/074-workflow-execution/tasks/phase-3-sse-globalstate-plumbing/tasks.fltplan.md::Flight Plan: Phase 3 — SSE + GlobalState Plumbing::Domain Context ms=51 left=33249
2026-08-28T10:48:38.559335Z  INFO fs3_daemon::runner: done kind="embed" id=661745 left=33248
2026-08-28T10:48:38.663467Z  INFO fs3_daemon::watch: re-listed a changed directory directory=/Users/jordanknight/substrate/flowspace/fs3-ddocs-u2/crates/daemon/src events=4 enqueued=2 settled=Quiet
2026-08-28T10:48:38.677010Z  INFO fs3_daemon::runner: done kind=summarize subject=docs/plans/074-workflow-execution/tasks/phase-3-sse-globalstate-plumbing/tasks.fltplan.md::Flight Plan: Phase 3 — SSE + GlobalState Plumbing ms=34 left=33248
2026-08-28T10:48:38.678483Z  INFO fs3_daemon::runner: batch kind="embed" subject=1 x smart jobs=1 ms=0
2026-08-28T10:48:38.694400Z  INFO fs3_daemon::runner: done kind="embed" id=661747 left=33247
2026-08-28T10:48:38.803777Z  INFO fs3_daemon::runner: batch kind="embed" subject=1 x smart jobs=1 ms=0
2026-08-28T10:48:38.808520Z  INFO fs3_daemon::runner: done kind=summarize subject=docs/plans/074-workflow-execution/tasks/phase-3-sse-globalstate-plumbing/reviews/review.phase-3-sse-globalstate-plumbing.md::Code Review: Phase 3: SSE + GlobalState Plumbing::H) Handover Brief::Domain Artifacts to Update (if any) ms=43 left=33247
2026-08-28T10:48:38.834734Z  INFO fs3_daemon::runner: done kind="embed" id=661749 left=33246
2026-08-28T10:48:38.969433Z  INFO fs3_daemon::runner: batch kind="embed" subject=1 x smart jobs=1 ms=0
2026-08-28T10:48:38.989244Z  INFO fs3_daemon::runner: done kind=summarize subject=docs/plans/074-workflow-execution/tasks/phase-3-sse-globalstate-plumbing/reviews/review.phase-3-sse-globalstate-plumbing.md::Code Review: Phase 3: SSE + GlobalState Plumbing::H) Handover Brief::Files Reviewed ms=67 left=33246
2026-08-28T10:48:39.002923Z  INFO fs3_daemon::runner: done kind="embed" id=661750 left=33245
2026-08-28T10:48:39.143884Z  INFO fs3_daemon::runner: batch kind="embed" subject=1 x smart jobs=1 ms=1
2026-08-28T10:48:39.161369Z  INFO fs3_daemon::runner: done kind=summarize subject=docs/plans/074-workflow-execution/tasks/phase-3-sse-globalstate-plumbing/reviews/review.phase-3-sse-globalstate-plumbing.md::Code Review: Phase 3: SSE + GlobalState Plumbing::H) Handover Brief ms=65 left=33245
2026-08-28T10:48:39.177460Z  INFO fs3_daemon::runner: done kind="embed" id=661751 left=33244
2026-08-28T10:48:39.303502Z  INFO fs3_daemon::runner: batch kind="embed" subject=1 x smart jobs=1 ms=1
2026-08-28T10:48:39.322616Z  INFO fs3_daemon::runner: done kind=summarize subject=docs/plans/074-workflow-execution/tasks/phase-3-sse-globalstate-plumbing/reviews/review.phase-3-sse-globalstate-plumbing.md::Code Review: Phase 3: SSE + GlobalState Plumbing::G) Commands Executed ms=61 left=33244
2026-08-28T10:48:39.343602Z  INFO fs3_daemon::runner: done kind="embed" id=661752 left=33243
2026-08-28T10:48:39.453399Z  INFO fs3_daemon::runner: done kind=summarize subject=docs/plans/074-workflow-execution/tasks/phase-3-sse-globalstate-plumbing/reviews/review.phase-3-sse-globalstate-plumbing.md::Code Review: Phase 3: SSE + GlobalState Plumbing::F) Coverage Map ms=18 left=33243
2026-08-28T10:48:39.472714Z  INFO fs3_daemon::runner: batch kind="embed" subject=1 x smart jobs=1 ms=0
2026-08-28T10:48:39.480373Z  INFO fs3_daemon::runner: done kind="embed" id=661753 left=33242
2026-08-28T10:48:39.654961Z  INFO fs3_daemon::runner: batch kind="embed" subject=1 x smart jobs=1 ms=0
2026-08-28T10:48:39.665019Z  INFO fs3_daemon::runner: done kind="embed" id=661754 left=33241
2026-08-28T10:48:39.665717Z  INFO fs3_daemon::runner: done kind=summarize subject=docs/plans/074-workflow-execution/tasks/phase-3-sse-globalstate-plumbing/reviews/review.phase-3-sse-globalstate-plumbing.md::Code Review: Phase 3: SSE + GlobalState Plumbing::E) Detailed Findings::E.6) Harness Live Validation ms=119 left=33241
2026-08-28T10:48:39.755459Z  INFO fs3_daemon::runner: done kind=summarize subject=docs/plans/074-workflow-execution/tasks/phase-3-sse-globalstate-plumbing/reviews/review.phase-3-sse-globalstate-plumbing.md::Code Review: Phase 3: SSE + GlobalState Plumbing::E) Detailed Findings::E.5) Doctrine Compliance ms=18 left=33241
2026-08-28T10:48:39.757608Z  INFO fs3_daemon::runner: batch kind="embed" subject=1 x smart jobs=1 ms=0
2026-08-28T10:48:39.763969Z  INFO fs3_daemon::runner: done kind="embed" id=661755 left=33240
2026-08-28T10:48:39.855122Z  INFO fs3_daemon::runner: done kind=summarize subject=docs/plans/074-workflow-execution/tasks/phase-3-sse-globalstate-plumbing/reviews/review.phase-3-sse-globalstate-plumbing.md::Code Review: Phase 3: SSE + GlobalState Plumbing::E) Detailed Findings::E.4) Testing & Evidence ms=13 left=33240
2026-08-28T10:48:39.856839Z  INFO fs3_daemon::runner: batch kind="embed" subject=1 x smart jobs=1 ms=0
2026-08-28T10:48:39.863198Z  INFO fs3_daemon::runner: done kind="embed" id=661756 left=33239
2026-08-28T10:48:39.941003Z  INFO fs3_daemon::runner: done kind=summarize subject=docs/plans/074-workflow-execution/tasks/phase-3-sse-globalstate-plumbing/reviews/review.phase-3-sse-globalstate-plumbing.md::Code Review: Phase 3: SSE + GlobalState Plumbing::E) Detailed Findings::E.2) Domain Compliance ms=12 left=33239
2026-08-28T10:48:39.953935Z  INFO fs3_daemon::runner: batch kind="embed" subject=1 x smart jobs=1 ms=0
2026-08-28T10:48:39.961882Z  INFO fs3_daemon::runner: done kind="embed" id=661757 left=33238
2026-08-28T10:48:40.050767Z  INFO fs3_daemon::runner: done kind=summarize subject=docs/plans/074-workflow-execution/tasks/phase-3-sse-globalstate-plumbing/reviews/review.phase-3-sse-globalstate-plumbing.md::Code Review: Phase 3: SSE + GlobalState Plumbing::E) Detailed Findings::E.1) Implementation Quality ms=11 left=33238
2026-08-28T10:48:40.061492Z  INFO fs3_daemon::runner: batch kind="embed" subject=1 x smart jobs=1 ms=0
2026-08-28T10:48:40.071685Z  INFO fs3_daemon::runner: done kind="embed" id=661758 left=33237
2026-08-28T10:48:40.147763Z  INFO fs3_daemon::runner: done kind=summarize subject=docs/plans/074-workflow-execution/tasks/phase-3-sse-globalstate-plumbing/reviews/review.phase-3-sse-globalstate-plumbing.md::Code Review: Phase 3: SSE + GlobalState Plumbing::E) Detailed Findings ms=14 left=33237
2026-08-28T10:48:40.159023Z  INFO fs3_daemon::runner: batch kind="embed" subject=1 x smart jobs=1 ms=0
2026-08-28T10:48:40.168555Z  INFO fs3_daemon::runner: done kind="embed" id=661759 left=33236
2026-08-28T10:48:40.248699Z  INFO fs3_daemon::runner: done kind=summarize subject=docs/plans/074-workflow-execution/tasks/phase-3-sse-globalstate-plumbing/reviews/review.phase-3-sse-globalstate-plumbing.md::Code Review: Phase 3: SSE + GlobalState Plumbing::D) Findings Table ms=12 left=33236
2026-08-28T10:48:40.257069Z  INFO fs3_daemon::runner: batch kind="embed" subject=1 x smart jobs=1 ms=0
2026-08-28T10:48:40.263411Z  INFO fs3_daemon::runner: done kind="embed" id=661760 left=33235
2026-08-28T10:48:40.342360Z  INFO fs3_daemon::runner: done kind=summarize subject=docs/plans/074-workflow-execution/tasks/phase-3-sse-globalstate-plumbing/reviews/review.phase-3-sse-globalstate-plumbing.md::Code Review: Phase 3: SSE + GlobalState Plumbing::C) Checklist ms=11 left=33235
2026-08-28T10:48:40.354703Z  INFO fs3_daemon::runner: batch kind="embed" subject=1 x smart jobs=1 ms=0
2026-08-28T10:48:40.363283Z  INFO fs3_daemon::runner: done kind="embed" id=661761 left=33234
2026-08-28T10:48:40.448423Z  INFO fs3_daemon::runner: done kind=summarize subject=docs/plans/074-workflow-execution/tasks/phase-3-sse-globalstate-plumbing/reviews/review.phase-3-sse-globalstate-plumbing.md::Code Review: Phase 3: SSE + GlobalState Plumbing::A) Verdict ms=10 left=33234
2026-08-28T10:48:40.470559Z  INFO fs3_daemon::runner: batch kind="embed" subject=1 x smart jobs=1 ms=1
2026-08-28T10:48:40.485500Z  INFO fs3_daemon::runner: done kind="embed" id=661762 left=33233
2026-08-28T10:48:40.562394Z  INFO fs3_daemon::runner: done kind=summarize subject=docs/plans/074-workflow-execution/tasks/phase-3-sse-globalstate-plumbing/reviews/review.phase-3-sse-globalstate-plumbing.md::Code Review: Phase 3: SSE + GlobalState Plumbing ms=9 left=33233
2026-08-28T10:48:40.577614Z  INFO fs3_daemon::runner: batch kind="embed" subject=1 x smart jobs=1 ms=0
2026-08-28T10:48:40.585418Z  INFO fs3_daemon::runner: done kind="embed" id=661763 left=33232
2026-08-28T10:48:40.667837Z  INFO fs3_daemon::runner: done kind=summarize subject=docs/plans/074-workflow-execution/tasks/phase-3-sse-globalstate-plumbing/reviews/fix-tasks.phase-3-sse-globalstate-plumbing.md::Fix Tasks: Phase 3: SSE + GlobalState Plumbing::Medium / Low Fixes::FT-004: Replace mock/timer tests with fakes and add missing action/bridge evidence ms=10 left=33232
2026-08-28T10:48:40.682211Z  INFO fs3_daemon::runner: batch kind="embed" subject=1 x smart jobs=1 ms=0
2026-08-28T10:48:40.692860Z  INFO fs3_daemon::runner: done kind="embed" id=661764 left=33231
2026-08-28T10:48:40.778357Z  INFO fs3_daemon::runner: done kind=summarize subject=docs/plans/074-workflow-execution/tasks/phase-3-sse-globalstate-plumbing/reviews/fix-tasks.phase-3-sse-globalstate-plumbing.md::Fix Tasks: Phase 3: SSE + GlobalState Plumbing::Medium / Low Fixes::FT-003: Replace cross-domain internal imports with a formal contract and align domain ownership ms=15 left=33231
2026-08-28T10:48:40.790469Z  INFO fs3_daemon::runner: batch kind="embed" subject=1 x smart jobs=1 ms=1
2026-08-28T10:48:40.797263Z  INFO fs3_daemon::runner: done kind="embed" id=661765 left=33230
2026-08-28T10:48:40.880705Z  INFO fs3_daemon::runner: done kind=summarize subject=docs/plans/074-workflow-execution/tasks/phase-3-sse-globalstate-plumbing/reviews/fix-tasks.phase-3-sse-globalstate-plumbing.md::Fix Tasks: Phase 3: SSE + GlobalState Plumbing::Medium / Low Fixes ms=10 left=33230
2026-08-28T10:48:40.892965Z  INFO fs3_daemon::runner: batch kind="embed" subject=1 x smart jobs=1 ms=0
2026-08-28T10:48:40.900073Z  INFO fs3_daemon::runner: done kind="embed" id=661766 left=33229
2026-08-28T10:48:40.993986Z  INFO fs3_daemon::runner: done kind=summarize subject=docs/plans/074-workflow-execution/tasks/phase-3-sse-globalstate-plumbing/reviews/fix-tasks.phase-3-sse-globalstate-plumbing.md::Fix Tasks: Phase 3: SSE + GlobalState Plumbing::Critical / High Fixes::FT-002: Validate worktree paths before invoking execution manager actions ms=15 left=33229
2026-08-28T10:48:41.004110Z  INFO fs3_daemon::runner: batch kind="embed" subject=1 x smart jobs=1 ms=0
2026-08-28T10:48:41.017160Z  INFO fs3_daemon::runner: done kind="embed" id=661767 left=33228
2026-08-28T10:48:41.097379Z  INFO fs3_daemon::runner: done kind=summarize subject=docs/plans/074-workflow-execution/tasks/phase-3-sse-globalstate-plumbing/reviews/fix-tasks.phase-3-sse-globalstate-plumbing.md::Fix Tasks: Phase 3: SSE + GlobalState Plumbing::Critical / High Fixes::FT-001: Make the workflow-execution key safe for GlobalState paths ms=14 left=33228
2026-08-28T10:48:41.107133Z  INFO fs3_daemon::runner: batch kind="embed" subject=1 x smart jobs=1 ms=0
2026-08-28T10:48:41.112419Z  INFO fs3_daemon::runner: done kind="embed" id=661768 left=33227
2026-08-28T10:48:41.185406Z  INFO fs3_daemon::runner: done kind=summarize subject=docs/plans/074-workflow-execution/tasks/phase-3-sse-globalstate-plumbing/reviews/fix-tasks.phase-3-sse-globalstate-plumbing.md::Fix Tasks: Phase 3: SSE + GlobalState Plumbing::Critical / High Fixes ms=10 left=33227
2026-08-28T10:48:41.201458Z  INFO fs3_daemon::runner: batch kind="embed" subject=1 x smart jobs=1 ms=0
2026-08-28T10:48:41.215050Z  INFO fs3_daemon::runner: done kind="embed" id=661769 left=33226
2026-08-28T10:48:41.296967Z  INFO fs3_daemon::runner: done kind=summarize subject=docs/plans/074-workflow-execution/tasks/phase-3-sse-globalstate-plumbing/reviews/fix-tasks.phase-3-sse-globalstate-plumbing.md::Fix Tasks: Phase 3: SSE + GlobalState Plumbing ms=15 left=33226
2026-08-28T10:48:41.302169Z  INFO fs3_daemon::runner: batch kind="embed" subject=1 x smart jobs=1 ms=0
2026-08-28T10:48:41.309891Z  INFO fs3_daemon::runner: done kind="embed" id=661770 left=33225
2026-08-28T10:48:41.384876Z  INFO fs3_daemon::runner: done kind=summarize subject=docs/plans/074-workflow-execution/tasks/phase-3-sse-globalstate-plumbing/execution.log.md::Execution Log: Phase 3 — SSE + GlobalState Plumbing::Task Log::T010: Tests ✅ ms=11 left=33225
2026-08-28T10:48:41.399662Z  INFO fs3_daemon::runner: batch kind="embed" subject=1 x smart jobs=1 ms=0
2026-08-28T10:48:41.405828Z  INFO fs3_daemon::runner: done kind="embed" id=661771 left=33224
2026-08-28T10:48:41.487001Z  INFO fs3_daemon::runner: done kind=summarize subject=docs/plans/074-workflow-execution/tasks/phase-3-sse-globalstate-plumbing/execution.log.md::Execution Log: Phase 3 — SSE + GlobalState Plumbing::Task Log::T005: Wire handleEvent + broadcastStatus + broadcastRemoval ✅ ms=14 left=33224
2026-08-28T10:48:41.495132Z  INFO fs3_daemon::runner: batch kind="embed" subject=1 x smart jobs=1 ms=0
2026-08-28T10:48:41.501714Z  INFO fs3_daemon::runner: done kind="embed" id=661772 left=33223
2026-08-28T10:48:41.593838Z  INFO fs3_daemon::runner: done kind=summarize subject=docs/plans/074-workflow-execution/tasks/phase-3-sse-globalstate-plumbing/execution.log.md::Execution Log: Phase 3 — SSE + GlobalState Plumbing::Task Log ms=15 left=33223
2026-08-28T10:48:41.601904Z  INFO fs3_daemon::runner: batch kind="embed" subject=1 x smart jobs=1 ms=0
2026-08-28T10:48:41.610987Z  INFO fs3_daemon::runner: done kind="embed" id=661773 left=33222
2026-08-28T10:48:41.702606Z  INFO fs3_daemon::runner: done kind=summarize subject=docs/plans/074-workflow-execution/tasks/phase-3-sse-globalstate-plumbing/execution.log.md::Execution Log: Phase 3 — SSE + GlobalState Plumbing::Baseline ms=16 left=33222
2026-08-28T10:48:41.714760Z  INFO fs3_daemon::runner: batch kind="embed" subject=1 x smart jobs=1 ms=0
2026-08-28T10:48:41.729522Z  INFO fs3_daemon::runner: done kind="embed" id=661774 left=33221
2026-08-28T10:48:41.816125Z  INFO fs3_daemon::runner: done kind=summarize subject=docs/plans/074-workflow-execution/tasks/phase-3-sse-globalstate-plumbing/execution.log.md::Execution Log: Phase 3 — SSE + GlobalState Plumbing ms=12 left=33221
2026-08-28T10:48:41.867151Z  INFO fs3_daemon::runner: progress phase="working" scanned=61600 scan_left=33 summarized=124891 summarize_left=33187 embedded=203409 embed_left=1 failed=0
2026-08-28T10:48:41.889769Z  INFO fs3_daemon::runner: batch kind="embed" subject=2 x smart jobs=2 ms=0
2026-08-28T10:48:41.896358Z  INFO fs3_daemon::runner: done kind="embed" id=661776 left=33220
2026-08-28T10:48:41.966490Z  INFO fs3_daemon::runner: done kind="embed" id=661775 left=33219
2026-08-28T10:48:42.045120Z  INFO fs3_daemon::runner: done kind=summarize subject=docs/plans/074-workflow-execution/tasks/phase-2-web-di-execution-manager/tasks.md::Phase 2: Web DI + Execution Manager — Task Dossier::Directory Layout ms=13 left=33219
2026-08-28T10:48:42.071467Z  INFO fs3_daemon::runner: done kind=summarize subject=docs/plans/074-workflow-execution/tasks/phase-2-web-di-execution-manager/tasks.md::Phase 2: Web DI + Execution Manager — Task Dossier::Context Brief ms=16 left=33219
2026-08-28T10:48:42.083592Z  INFO fs3_daemon::runner: batch kind="embed" subject=1 x smart jobs=1 ms=0
2026-08-28T10:48:42.090724Z  INFO fs3_daemon::runner: done kind="embed" id=661777 left=33218
2026-08-28T10:48:42.173987Z  INFO fs3_daemon::runner: done kind=summarize subject=docs/plans/074-workflow-execution/tasks/phase-2-web-di-execution-manager/tasks.md::Phase 2: Web DI + Execution Manager — Task Dossier::Tasks ms=13 left=33218
2026-08-28T10:48:42.181516Z  INFO fs3_daemon::runner: batch kind="embed" subject=1 x smart jobs=1 ms=0
2026-08-28T10:48:42.188068Z  INFO fs3_daemon::runner: done kind="embed" id=661778 left=33217
2026-08-28T10:48:42.261747Z  INFO fs3_daemon::runner: done kind=summarize subject=docs/plans/074-workflow-execution/tasks/phase-2-web-di-execution-manager/tasks.md::Phase 2: Web DI + Execution Manager — Task Dossier::Architecture Map ms=8 left=33217
2026-08-28T10:48:42.272370Z  INFO fs3_daemon::runner: batch kind="embed" subject=1 x smart jobs=1 ms=0
2026-08-28T10:48:42.279466Z  INFO fs3_daemon::runner: done kind="embed" id=661779 left=33216
2026-08-28T10:48:42.358871Z  INFO fs3_daemon::runner: done kind=summarize subject=docs/plans/074-workflow-execution/tasks/phase-2-web-di-execution-manager/tasks.md::Phase 2: Web DI + Execution Manager — Task Dossier::Pre-Implementation Check ms=12 left=33216
2026-08-28T10:48:42.369279Z  INFO fs3_daemon::runner: batch kind="embed" subject=1 x smart jobs=1 ms=0
2026-08-28T10:48:42.379918Z  INFO fs3_daemon::runner: done kind="embed" id=661780 left=33215
2026-08-28T10:48:42.450527Z  INFO fs3_daemon::runner: done kind=summarize subject=docs/plans/074-workflow-execution/tasks/phase-2-web-di-execution-manager/tasks.fltplan.md::Flight Plan: Phase 2 — Web DI + Execution Manager::Checklist ms=13 left=33215
2026-08-28T10:48:42.465369Z  INFO fs3_daemon::runner: batch kind="embed" subject=1 x smart jobs=1 ms=0
2026-08-28T10:48:42.471471Z  INFO fs3_daemon::runner: done kind="embed" id=661781 left=33214
2026-08-28T10:48:42.547539Z  INFO fs3_daemon::runner: done kind=summarize subject=docs/plans/074-workflow-execution/tasks/phase-2-web-di-execution-manager/tasks.md::Phase 2: Web DI + Execution Manager — Task Dossier::Prior Phase Context::Phase 1: Orchestration Contracts ✅ ms=8 left=33214
2026-08-28T10:48:42.558068Z  INFO fs3_daemon::runner: batch kind="embed" subject=1 x smart jobs=1 ms=0
2026-08-28T10:48:42.564177Z  INFO fs3_daemon::runner: done kind="embed" id=661782 left=33213
2026-08-28T10:48:42.643750Z  INFO fs3_daemon::runner: done kind=summarize subject=docs/plans/074-workflow-execution/tasks/phase-2-web-di-execution-manager/tasks.md::Phase 2: Web DI + Execution Manager — Task Dossier::Prior Phase Context ms=8 left=33213
2026-08-28T10:48:42.657495Z  INFO fs3_daemon::runner: batch kind="embed" subject=1 x smart jobs=1 ms=0
2026-08-28T10:48:42.666438Z  INFO fs3_daemon::runner: done kind="embed" id=661783 left=33212
2026-08-28T10:48:42.752014Z  INFO fs3_daemon::runner: done kind=summarize subject=docs/plans/074-workflow-execution/tasks/phase-2-web-di-execution-manager/tasks.fltplan.md::Flight Plan: Phase 2 — Web DI + Execution Manager::Goals & Non-Goals ms=10 left=33212
2026-08-28T10:48:42.764622Z  INFO fs3_daemon::runner: batch kind="embed" subject=1 x smart jobs=1 ms=0
2026-08-28T10:48:42.771258Z  INFO fs3_daemon::runner: done kind="embed" id=661784 left=33211
2026-08-28T10:48:42.869483Z  INFO fs3_daemon::runner: done kind=summarize subject=docs/plans/074-workflow-execution/tasks/phase-2-web-di-execution-manager/tasks.md::Phase 2: Web DI + Execution Manager — Task Dossier::Executive Briefing ms=27 left=33211
2026-08-28T10:48:42.878398Z  INFO fs3_daemon::runner: batch kind="embed" subject=1 x smart jobs=1 ms=0
2026-08-28T10:48:42.900554Z  INFO fs3_daemon::runner: done kind="embed" id=661785 left=33210
2026-08-28T10:48:43.000905Z  INFO fs3_daemon::runner: done kind=summarize subject=docs/plans/074-workflow-execution/tasks/phase-2-web-di-execution-manager/tasks.fltplan.md::Flight Plan: Phase 2 — Web DI + Execution Manager::Architecture: Before & After ms=28 left=33210
2026-08-28T10:48:43.010042Z  INFO fs3_daemon::runner: batch kind="embed" subject=1 x smart jobs=1 ms=0
2026-08-28T10:48:43.033344Z  INFO fs3_daemon::runner: done kind="embed" id=661786 left=33209
2026-08-28T10:48:43.137569Z  INFO fs3_daemon::runner: batch kind="embed" subject=1 x smart jobs=1 ms=0
2026-08-28T10:48:43.153418Z  INFO fs3_daemon::runner: done kind=summarize subject=docs/plans/074-workflow-execution/tasks/phase-2-web-di-execution-manager/tasks.md::Phase 2: Web DI + Execution Manager — Task Dossier ms=45 left=33209
2026-08-28T10:48:43.164839Z  INFO fs3_daemon::runner: done kind="embed" id=661787 left=33208
2026-08-28T10:48:43.271222Z  INFO fs3_daemon::runner: done kind=summarize subject=docs/plans/074-workflow-execution/tasks/phase-2-web-di-execution-manager/tasks.fltplan.md::Flight Plan: Phase 2 — Web DI + Execution Manager::Stages ms=31 left=33208
2026-08-28T10:48:43.278943Z  INFO fs3_daemon::runner: batch kind="embed" subject=1 x smart jobs=1 ms=0
2026-08-28T10:48:43.299336Z  INFO fs3_daemon::runner: done kind="embed" id=661788 left=33207
2026-08-28T10:48:43.415705Z  INFO fs3_daemon::runner: batch kind="embed" subject=1 x smart jobs=1 ms=1
2026-08-28T10:48:43.446851Z  INFO fs3_daemon::runner: done kind=summarize subject=docs/plans/074-workflow-execution/tasks/phase-2-web-di-execution-manager/tasks.fltplan.md::Flight Plan: Phase 2 — Web DI + Execution Manager::Flight Status ms=64 left=33207
2026-08-28T10:48:43.466096Z  INFO fs3_daemon::runner: done kind="embed" id=661789 left=33206
2026-08-28T10:48:43.613713Z  INFO fs3_daemon::runner: batch kind="embed" subject=1 x smart jobs=1 ms=0
2026-08-28T10:48:43.633271Z  INFO fs3_daemon::runner: done kind=summarize subject=docs/plans/074-workflow-execution/tasks/phase-2-web-di-execution-manager/tasks.fltplan.md::Flight Plan: Phase 2 — Web DI + Execution Manager::Domain Context::Domains We Depend On (no changes) ms=55 left=33206
2026-08-28T10:48:43.668967Z  INFO fs3_daemon::runner: done kind="embed" id=661790 left=33205
2026-08-28T10:48:43.799672Z  INFO fs3_daemon::runner: batch kind="embed" subject=1 x smart jobs=1 ms=1
2026-08-28T10:48:43.819527Z  INFO fs3_daemon::runner: done kind=summarize subject=docs/plans/074-workflow-execution/tasks/phase-2-web-di-execution-manager/reviews/review.phase-2-web-di-execution-manager.md::Code Review: Phase 2: Web DI + Execution Manager::H) Handover Brief::Files Reviewed ms=58 left=33205
2026-08-28T10:48:43.836730Z  INFO fs3_daemon::runner: done kind="embed" id=661791 left=33204
2026-08-28T10:48:43.952825Z  INFO fs3_daemon::runner: batch kind="embed" subject=1 x smart jobs=1 ms=0
2026-08-28T10:48:43.972054Z  INFO fs3_daemon::runner: done kind=summarize subject=docs/plans/074-workflow-execution/tasks/phase-2-web-di-execution-manager/tasks.fltplan.md::Flight Plan: Phase 2 — Web DI + Execution Manager::Domain Context ms=54 left=33204
2026-08-28T10:48:43.984197Z  INFO fs3_daemon::runner: done kind="embed" id=661792 left=33203
2026-08-28T10:48:44.102609Z  INFO fs3_daemon::runner: batch kind="embed" subject=1 x smart jobs=1 ms=0
2026-08-28T10:48:44.122046Z  INFO fs3_daemon::runner: done kind=summarize subject=docs/plans/074-workflow-execution/tasks/phase-2-web-di-execution-manager/tasks.fltplan.md::Flight Plan: Phase 2 — Web DI + Execution Manager ms=61 left=33203
2026-08-28T10:48:44.139482Z  INFO fs3_daemon::runner: done kind="embed" id=661793 left=33202
2026-08-28T10:48:44.266658Z  INFO fs3_daemon::runner: done kind=summarize subject=docs/plans/074-workflow-execution/tasks/phase-2-web-di-execution-manager/reviews/review.phase-2-web-di-execution-manager.md::Code Review: Phase 2: Web DI + Execution Manager::H) Handover Brief ms=35 left=33202
2026-08-28T10:48:44.277310Z  INFO fs3_daemon::runner: batch kind="embed" subject=1 x smart jobs=1 ms=0
2026-08-28T10:48:44.309136Z  INFO fs3_daemon::runner: done kind="embed" id=661794 left=33201
2026-08-28T10:48:44.418636Z  INFO fs3_daemon::runner: done kind=summarize subject=docs/plans/074-workflow-execution/tasks/phase-2-web-di-execution-manager/reviews/review.phase-2-web-di-execution-manager.md::Code Review: Phase 2: Web DI + Execution Manager::G) Commands Executed ms=34 left=33201
2026-08-28T10:48:44.430506Z  INFO fs3_daemon::runner: batch kind="embed" subject=1 x smart jobs=1 ms=2
2026-08-28T10:48:44.455434Z  INFO fs3_daemon::runner: done kind="embed" id=661795 left=33200
2026-08-28T10:48:44.577832Z  INFO fs3_daemon::runner: done kind=summarize subject=docs/plans/074-workflow-execution/tasks/phase-2-web-di-execution-manager/reviews/review.phase-2-web-di-execution-manager.md::Code Review: Phase 2: Web DI + Execution Manager::F) Coverage Map ms=33 left=33200
2026-08-28T10:48:44.591314Z  INFO fs3_daemon::runner: batch kind="embed" subject=1 x smart jobs=1 ms=0
2026-08-28T10:48:44.621096Z  INFO fs3_daemon::runner: done kind="embed" id=661796 left=33199
2026-08-28T10:48:44.707832Z  INFO fs3_daemon::runner: done kind=summarize subject=docs/plans/074-workflow-execution/tasks/phase-2-web-di-execution-manager/reviews/review.phase-2-web-di-execution-manager.md::Code Review: Phase 2: Web DI + Execution Manager::E) Detailed Findings::E.6) Harness Live Validation ms=17 left=33199
2026-08-28T10:48:44.710588Z  INFO fs3_daemon::runner: batch kind="embed" subject=1 x smart jobs=1 ms=0
2026-08-28T10:48:44.716286Z  INFO fs3_daemon::runner: done kind="embed" id=661797 left=33198
2026-08-28T10:48:44.790177Z  INFO fs3_daemon::runner: done kind=summarize subject=docs/plans/074-workflow-execution/tasks/phase-2-web-di-execution-manager/reviews/review.phase-2-web-di-execution-manager.md::Code Review: Phase 2: Web DI + Execution Manager::E) Detailed Findings::E.4) Testing & Evidence ms=10 left=33198
2026-08-28T10:48:44.807396Z  INFO fs3_daemon::runner: batch kind="embed" subject=1 x smart jobs=1 ms=1
2026-08-28T10:48:44.819188Z  INFO fs3_daemon::runner: done kind="embed" id=661798 left=33197
2026-08-28T10:48:44.894753Z  INFO fs3_daemon::runner: done kind=summarize subject=docs/plans/074-workflow-execution/tasks/phase-2-web-di-execution-manager/reviews/review.phase-2-web-di-execution-manager.md::Code Review: Phase 2: Web DI + Execution Manager::E) Detailed Findings::E.3) Anti-Reinvention ms=10 left=33197
2026-08-28T10:48:44.906692Z  INFO fs3_daemon::runner: batch kind="embed" subject=1 x smart jobs=1 ms=0
2026-08-28T10:48:44.915355Z  INFO fs3_daemon::runner: done kind="embed" id=661799 left=33196
2026-08-28T10:48:45.000894Z  INFO fs3_daemon::runner: done kind=summarize subject=docs/plans/074-workflow-execution/tasks/phase-2-web-di-execution-manager/reviews/review.phase-2-web-di-execution-manager.md::Code Review: Phase 2: Web DI + Execution Manager::E) Detailed Findings::E.2) Domain Compliance ms=15 left=33196
2026-08-28T10:48:45.015552Z  INFO fs3_daemon::runner: batch kind="embed" subject=1 x smart jobs=1 ms=0
2026-08-28T10:48:45.028288Z  INFO fs3_daemon::runner: done kind="embed" id=661800 left=33195
2026-08-28T10:48:45.108254Z  INFO fs3_daemon::runner: done kind=summarize subject=docs/plans/074-workflow-execution/tasks/phase-2-web-di-execution-manager/reviews/review.phase-2-web-di-execution-manager.md::Code Review: Phase 2: Web DI + Execution Manager::E) Detailed Findings::E.1) Implementation Quality ms=10 left=33195
2026-08-28T10:48:45.129646Z  INFO fs3_daemon::runner: batch kind="embed" subject=1 x smart jobs=1 ms=0
2026-08-28T10:48:45.136735Z  INFO fs3_daemon::runner: done kind="embed" id=661801 left=33194
2026-08-28T10:48:45.219709Z  INFO fs3_daemon::runner: done kind=summarize subject=docs/plans/074-workflow-execution/tasks/phase-2-web-di-execution-manager/reviews/review.phase-2-web-di-execution-manager.md::Code Review: Phase 2: Web DI + Execution Manager::E) Detailed Findings ms=14 left=33194
2026-08-28T10:48:45.230139Z  INFO fs3_daemon::runner: batch kind="embed" subject=1 x smart jobs=1 ms=0
2026-08-28T10:48:45.237032Z  INFO fs3_daemon::runner: done kind="embed" id=661802 left=33193
2026-08-28T10:48:45.324173Z  INFO fs3_daemon::runner: done kind=summarize subject=docs/plans/074-workflow-execution/tasks/phase-2-web-di-execution-manager/reviews/review.phase-2-web-di-execution-manager.md::Code Review: Phase 2: Web DI + Execution Manager::D) Findings Table ms=14 left=33193
2026-08-28T10:48:45.331885Z  INFO fs3_daemon::runner: batch kind="embed" subject=1 x smart jobs=1 ms=0
2026-08-28T10:48:45.343640Z  INFO fs3_daemon::runner: done kind="embed" id=661803 left=33192
2026-08-28T10:48:45.415847Z  INFO fs3_daemon::runner: done kind=summarize subject=docs/plans/074-workflow-execution/tasks/phase-2-web-di-execution-manager/reviews/review.phase-2-web-di-execution-manager.md::Code Review: Phase 2: Web DI + Execution Manager::C) Checklist ms=14 left=33192
2026-08-28T10:48:45.425019Z  INFO fs3_daemon::runner: batch kind="embed" subject=1 x smart jobs=1 ms=0
2026-08-28T10:48:45.432046Z  INFO fs3_daemon::runner: done kind="embed" id=661804 left=33191
2026-08-28T10:48:45.509458Z  INFO fs3_daemon::runner: done kind=summarize subject=docs/plans/074-workflow-execution/tasks/phase-2-web-di-execution-manager/reviews/review.phase-2-web-di-execution-manager.md::Code Review: Phase 2: Web DI + Execution Manager::A) Verdict ms=8 left=33191
2026-08-28T10:48:45.524367Z  INFO fs3_daemon::runner: batch kind="embed" subject=1 x smart jobs=1 ms=0
2026-08-28T10:48:45.535003Z  INFO fs3_daemon::runner: done kind="embed" id=661805 left=33190
2026-08-28T10:48:45.609496Z  INFO fs3_daemon::runner: done kind=summarize subject=docs/plans/074-workflow-execution/tasks/phase-2-web-di-execution-manager/reviews/review.phase-2-web-di-execution-manager.md::Code Review: Phase 2: Web DI + Execution Manager ms=10 left=33190
2026-08-28T10:48:45.619565Z  INFO fs3_daemon::runner: batch kind="embed" subject=1 x smart jobs=1 ms=0
2026-08-28T10:48:45.631367Z  INFO fs3_daemon::runner: done kind="embed" id=661806 left=33189
2026-08-28T10:48:45.721724Z  INFO fs3_daemon::runner: done kind=summarize subject=docs/plans/074-workflow-execution/tasks/phase-2-web-di-execution-manager/reviews/fix-tasks.phase-2-web-di-execution-manager.md::Fix Tasks: Phase 2: Web DI + Execution Manager::Medium / Low Fixes::FT-004: Make `destroyPod()` terminate before deletion ms=17 left=33189
2026-08-28T10:48:45.731396Z  INFO fs3_daemon::runner: batch kind="embed" subject=1 x smart jobs=1 ms=0
2026-08-28T10:48:45.746155Z  INFO fs3_daemon::runner: done kind="embed" id=661807 left=33188
2026-08-28T10:48:45.852433Z  INFO fs3_daemon::runner: done kind=summarize subject=docs/plans/074-workflow-execution/tasks/phase-2-web-di-execution-manager/reviews/fix-tasks.phase-2-web-di-execution-manager.md::Fix Tasks: Phase 2: Web DI + Execution Manager::Medium / Low Fixes::FT-003: Reconcile execution-manager ownership and domain artifacts ms=20 left=33188
2026-08-28T10:48:45.860026Z  INFO fs3_daemon::runner: batch kind="embed" subject=1 x smart jobs=1 ms=0
2026-08-28T10:48:45.870543Z  INFO fs3_daemon::runner: done kind="embed" id=661808 left=33187
2026-08-28T10:48:45.949823Z  INFO fs3_daemon::runner: done kind=summarize subject=docs/plans/074-workflow-execution/tasks/phase-2-web-di-execution-manager/reviews/fix-tasks.phase-2-web-di-execution-manager.md::Fix Tasks: Phase 2: Web DI + Execution Manager::Medium / Low Fixes ms=10 left=33187
2026-08-28T10:48:45.961215Z  INFO fs3_daemon::runner: batch kind="embed" subject=1 x smart jobs=1 ms=0
2026-08-28T10:48:45.969664Z  INFO fs3_daemon::runner: done kind="embed" id=661809 left=33186
2026-08-28T10:48:46.039954Z  INFO fs3_daemon::runner: done kind=summarize subject=docs/plans/074-workflow-execution/tasks/phase-2-web-di-execution-manager/reviews/fix-tasks.phase-2-web-di-execution-manager.md::Fix Tasks: Phase 2: Web DI + Execution Manager::Critical / High Fixes::FT-002: Add deterministic lifecycle tests for stop/idempotence ms=10 left=33186
2026-08-28T10:48:46.050377Z  INFO fs3_daemon::runner: batch kind="embed" subject=1 x smart jobs=1 ms=0
2026-08-28T10:48:46.056541Z  INFO fs3_daemon::runner: done kind="embed" id=661810 left=33185
2026-08-28T10:48:46.131554Z  INFO fs3_daemon::runner: done kind=summarize subject=docs/plans/074-workflow-execution/tasks/phase-2-web-di-execution-manager/reviews/fix-tasks.phase-2-web-di-execution-manager.md::Fix Tasks: Phase 2: Web DI + Execution Manager::Critical / High Fixes::FT-001: Make `start()` idempotent while a workflow is still starting ms=11 left=33185
2026-08-28T10:48:46.140342Z  INFO fs3_daemon::runner: batch kind="embed" subject=1 x smart jobs=1 ms=1
2026-08-28T10:48:46.148779Z  INFO fs3_daemon::runner: done kind="embed" id=661811 left=33184
2026-08-28T10:48:46.227923Z  INFO fs3_daemon::runner: done kind=summarize subject=docs/plans/074-workflow-execution/tasks/phase-2-web-di-execution-manager/reviews/fix-tasks.phase-2-web-di-execution-manager.md::Fix Tasks: Phase 2: Web DI + Execution Manager::Critical / High Fixes ms=14 left=33184
2026-08-28T10:48:46.232218Z  INFO fs3_daemon::runner: batch kind="embed" subject=1 x smart jobs=1 ms=0
2026-08-28T10:48:46.238889Z  INFO fs3_daemon::runner: done kind="embed" id=661812 left=33183
2026-08-28T10:48:46.317616Z  INFO fs3_daemon::runner: done kind=summarize subject=docs/plans/074-workflow-execution/tasks/phase-2-web-di-execution-manager/reviews/fix-tasks.phase-2-web-di-execution-manager.md::Fix Tasks: Phase 2: Web DI + Execution Manager ms=12 left=33183
2026-08-28T10:48:46.333838Z  INFO fs3_daemon::runner: batch kind="embed" subject=1 x smart jobs=1 ms=0
2026-08-28T10:48:46.345328Z  INFO fs3_daemon::runner: done kind="embed" id=661813 left=33182
2026-08-28T10:48:46.425534Z  INFO fs3_daemon::runner: done kind=summarize subject=docs/plans/074-workflow-execution/tasks/phase-2-web-di-execution-manager/execution.log.md::Phase 2: Web DI + Execution Manager — Execution Log::Task Log::Stage 5: Bootstrap Plumbing (T007, T008, T009) ms=10 left=33182
2026-08-28T10:48:46.442434Z  INFO fs3_daemon::runner: batch kind="embed" subject=1 x smart jobs=1 ms=0
2026-08-28T10:48:46.448758Z  INFO fs3_daemon::runner: done kind="embed" id=661814 left=33181
2026-08-28T10:48:46.517983Z  INFO fs3_daemon::runner: done kind=summarize subject=docs/plans/074-workflow-execution/tasks/phase-2-web-di-execution-manager/execution.log.md::Phase 2: Web DI + Execution Manager — Execution Log::Task Log::Stage 4: Execution Manager TDD (T006) ms=11 left=33181
2026-08-28T10:48:46.529539Z  INFO fs3_daemon::runner: batch kind="embed" subject=1 x smart jobs=1 ms=0
2026-08-28T10:48:46.536510Z  INFO fs3_daemon::runner: done kind="embed" id=661815 left=33180
2026-08-28T10:48:46.617740Z  INFO fs3_daemon::runner: done kind=summarize subject=docs/plans/074-workflow-execution/tasks/phase-2-web-di-execution-manager/execution.log.md::Phase 2: Web DI + Execution Manager — Execution Log::Task Log::Stage 3: Lifecycle Contracts (T004, T005, T005b) ms=16 left=33180
2026-08-28T10:48:46.621243Z  INFO fs3_daemon::runner: batch kind="embed" subject=1 x smart jobs=1 ms=0
2026-08-28T10:48:46.626615Z  INFO fs3_daemon::runner: done kind="embed" id=661816 left=33179
2026-08-28T10:48:46.701146Z  INFO fs3_daemon::runner: done kind=summarize subject=docs/plans/074-workflow-execution/tasks/phase-2-web-di-execution-manager/execution.log.md::Phase 2: Web DI + Execution Manager — Execution Log::Task Log::Stage 1: DI Prerequisites (T001, T002) ms=11 left=33179
2026-08-28T10:48:46.712659Z  INFO fs3_daemon::runner: batch kind="embed" subject=1 x smart jobs=1 ms=1
2026-08-28T10:48:46.723416Z  INFO fs3_daemon::runner: done kind="embed" id=661817 left=33178
2026-08-28T10:48:46.807927Z  INFO fs3_daemon::runner: done kind=summarize subject=docs/plans/074-workflow-execution/tasks/phase-2-web-di-execution-manager/execution.log.md::Phase 2: Web DI + Execution Manager — Execution Log::Task Log ms=12 left=33178
2026-08-28T10:48:46.816689Z  INFO fs3_daemon::runner: batch kind="embed" subject=1 x smart jobs=1 ms=0
2026-08-28T10:48:46.823254Z  INFO fs3_daemon::runner: done kind="embed" id=661818 left=33177
2026-08-28T10:48:46.896802Z  INFO fs3_daemon::runner: done kind=summarize subject=docs/plans/074-workflow-execution/tasks/phase-2-web-di-execution-manager/execution.log.md::Phase 2: Web DI + Execution Manager — Execution Log::Pre-Phase Validation ms=11 left=33177
2026-08-28T10:48:46.948972Z  INFO fs3_daemon::runner: progress phase="working" scanned=61600 scan_left=33 summarized=124935 summarize_left=33143 embedded=203453 embed_left=1 failed=0
2026-08-28T10:48:46.969169Z  INFO fs3_daemon::runner: batch kind="embed" subject=2 x smart jobs=2 ms=0
2026-08-28T10:48:46.976237Z  INFO fs3_daemon::runner: done kind="embed" id=661819 left=33176
2026-08-28T10:48:47.043774Z  INFO fs3_daemon::runner: done kind="embed" id=661820 left=33175
2026-08-28T10:48:47.114963Z  INFO fs3_daemon::runner: done kind=summarize subject=docs/plans/074-workflow-execution/tasks/phase-2-web-di-execution-manager/execution.log.md::Phase 2: Web DI + Execution Manager — Execution Log ms=9 left=33175
2026-08-28T10:48:47.141702Z  INFO fs3_daemon::runner: done kind=summarize subject=docs/plans/074-workflow-execution/tasks/phase-1-orchestration-contracts/tasks.md::Phase 1: Orchestration Contracts — Task Dossier::Directory Layout ms=10 left=33175
2026-08-28T10:48:47.154907Z  INFO fs3_daemon::runner: batch kind="embed" subject=1 x smart jobs=1 ms=0
2026-08-28T10:48:47.165486Z  INFO fs3_daemon::runner: done kind="embed" id=661821 left=33174
2026-08-28T10:48:47.242041Z  INFO fs3_daemon::runner: done kind=summarize subject=docs/plans/074-workflow-execution/tasks/phase-1-orchestration-contracts/tasks.md::Phase 1: Orchestration Contracts — Task Dossier::Discoveries & Learnings ms=7 left=33174
2026-08-28T10:48:47.258594Z  INFO fs3_daemon::runner: batch kind="embed" subject=1 x smart jobs=1 ms=0
2026-08-28T10:48:47.264783Z  INFO fs3_daemon::runner: done kind="embed" id=661822 left=33173
2026-08-28T10:48:47.338049Z  INFO fs3_daemon::runner: done kind=summarize subject=docs/plans/074-workflow-execution/tasks/phase-1-orchestration-contracts/tasks.md::Phase 1: Orchestration Contracts — Task Dossier::Context Brief ms=8 left=33173
2026-08-28T10:48:47.354530Z  INFO fs3_daemon::runner: batch kind="embed" subject=1 x smart jobs=1 ms=1
2026-08-28T10:48:47.360119Z  INFO fs3_daemon::runner: done kind="embed" id=661823 left=33172
2026-08-28T10:48:47.436389Z  INFO fs3_daemon::runner: done kind=summarize subject=docs/plans/074-workflow-execution/tasks/phase-1-orchestration-contracts/tasks.md::Phase 1: Orchestration Contracts — Task Dossier::Tasks ms=12 left=33172
2026-08-28T10:48:47.451197Z  INFO fs3_daemon::runner: batch kind="embed" subject=1 x smart jobs=1 ms=0
2026-08-28T10:48:47.461466Z  INFO fs3_daemon::runner: done kind="embed" id=661824 left=33171
2026-08-28T10:48:47.562132Z  INFO fs3_daemon::runner: done kind=summarize subject=docs/plans/074-workflow-execution/tasks/phase-1-orchestration-contracts/tasks.md::Phase 1: Orchestration Contracts — Task Dossier::Architecture Map ms=31 left=33171
2026-08-28T10:48:47.567644Z  INFO fs3_daemon::runner: batch kind="embed" subject=1 x smart jobs=1 ms=1
2026-08-28T10:48:47.590534Z  INFO fs3_daemon::runner: done kind="embed" id=661825 left=33170
2026-08-28T10:48:47.698986Z  INFO fs3_daemon::runner: done kind=summarize subject=docs/plans/074-workflow-execution/tasks/phase-1-orchestration-contracts/tasks.md::Phase 1: Orchestration Contracts — Task Dossier::Pre-Implementation Check ms=28 left=33170
2026-08-28T10:48:47.710126Z  INFO fs3_daemon::runner: batch kind="embed" subject=1 x smart jobs=1 ms=0
2026-08-28T10:48:47.725327Z  INFO fs3_daemon::runner: done kind="embed" id=661826 left=33169
2026-08-28T10:48:47.827820Z  INFO fs3_daemon::runner: done kind=summarize subject=docs/plans/074-workflow-execution/tasks/phase-1-orchestration-contracts/tasks.md::Phase 1: Orchestration Contracts — Task Dossier::Executive Briefing ms=23 left=33169
2026-08-28T10:48:47.836306Z  INFO fs3_daemon::runner: batch kind="embed" subject=1 x smart jobs=1 ms=0
2026-08-28T10:48:47.854428Z  INFO fs3_daemon::runner: done kind="embed" id=661827 left=33168
2026-08-28T10:48:47.963935Z  INFO fs3_daemon::runner: done kind=summarize subject=docs/plans/074-workflow-execution/tasks/phase-1-orchestration-contracts/tasks.md::Phase 1: Orchestration Contracts — Task Dossier ms=27 left=33168
2026-08-28T10:48:47.975538Z  INFO fs3_daemon::runner: batch kind="embed" subject=1 x smart jobs=1 ms=0
2026-08-28T10:48:47.997880Z  INFO fs3_daemon::runner: done kind="embed" id=661828 left=33167
2026-08-28T10:48:48.086705Z  INFO fs3_daemon::runner: done kind=summarize subject=docs/plans/074-workflow-execution/tasks/phase-1-orchestration-contracts/tasks.fltplan.md::Flight Plan: Phase 1 — Orchestration Contracts::Checklist ms=17 left=33167
2026-08-28T10:48:48.099385Z  INFO fs3_daemon::runner: batch kind="embed" subject=1 x smart jobs=1 ms=0
2026-08-28T10:48:48.121102Z  INFO fs3_daemon::runner: done kind="embed" id=661829 left=33166
2026-08-28T10:48:48.228783Z  INFO fs3_daemon::runner: done kind=summarize subject=docs/plans/074-workflow-execution/tasks/phase-1-orchestration-contracts/tasks.fltplan.md::Flight Plan: Phase 1 — Orchestration Contracts::Acceptance Criteria ms=35 left=33166
2026-08-28T10:48:48.232391Z  INFO fs3_daemon::runner: batch kind="embed" subject=1 x smart jobs=1 ms=0
2026-08-28T10:48:48.259945Z  INFO fs3_daemon::runner: done kind="embed" id=661830 left=33165
2026-08-28T10:48:48.367752Z  INFO fs3_daemon::runner: done kind=summarize subject=docs/plans/074-workflow-execution/tasks/phase-1-orchestration-contracts/tasks.fltplan.md::Flight Plan: Phase 1 — Orchestration Contracts::Architecture: Before & After ms=27 left=33165
2026-08-28T10:48:48.377483Z  INFO fs3_daemon::runner: batch kind="embed" subject=1 x smart jobs=1 ms=0
2026-08-28T10:48:48.397928Z  INFO fs3_daemon::runner: done kind="embed" id=661831 left=33164
2026-08-28T10:48:48.495481Z  INFO fs3_daemon::runner: done kind=summarize subject=docs/plans/074-workflow-execution/tasks/phase-1-orchestration-contracts/tasks.fltplan.md::Flight Plan: Phase 1 — Orchestration Contracts::Stages ms=25 left=33164
2026-08-28T10:48:48.503244Z  INFO fs3_daemon::runner: batch kind="embed" subject=1 x smart jobs=1 ms=0
2026-08-28T10:48:48.517192Z  INFO fs3_daemon::runner: done kind="embed" id=661832 left=33163
2026-08-28T10:48:48.614786Z  INFO fs3_daemon::runner: done kind=summarize subject=docs/plans/074-workflow-execution/tasks/phase-1-orchestration-contracts/tasks.fltplan.md::Flight Plan: Phase 1 — Orchestration Contracts::Flight Status ms=24 left=33163
2026-08-28T10:48:48.623575Z  INFO fs3_daemon::runner: batch kind="embed" subject=1 x smart jobs=1 ms=0
2026-08-28T10:48:48.647967Z  INFO fs3_daemon::runner: done kind="embed" id=661833 left=33162
2026-08-28T10:48:48.751960Z  INFO fs3_daemon::runner: done kind=summarize subject=docs/plans/074-workflow-execution/tasks/phase-1-orchestration-contracts/tasks.fltplan.md::Flight Plan: Phase 1 — Orchestration Contracts::Domain Context ms=25 left=33162
2026-08-28T10:48:48.760334Z  INFO fs3_daemon::runner: batch kind="embed" subject=1 x smart jobs=1 ms=0
2026-08-28T10:48:48.781099Z  INFO fs3_daemon::runner: done kind="embed" id=661834 left=33161
2026-08-28T10:48:48.881755Z  INFO fs3_daemon::runner: done kind=summarize subject=docs/plans/074-workflow-execution/tasks/phase-1-orchestration-contracts/tasks.fltplan.md::Flight Plan: Phase 1 — Orchestration Contracts ms=24 left=33161
2026-08-28T10:48:48.890065Z  INFO fs3_daemon::runner: batch kind="embed" subject=1 x smart jobs=1 ms=0
2026-08-28T10:48:48.912775Z  INFO fs3_daemon::runner: done kind="embed" id=661835 left=33160
2026-08-28T10:48:49.021880Z  INFO fs3_daemon::runner: done kind=summarize subject=docs/plans/074-workflow-execution/tasks/phase-1-orchestration-contracts/reviews/review.phase-1-orchestration-contracts.md::Code Review: Phase 1: Orchestration Contracts::H) Handover Brief::Required Fixes (if REQUEST_CHANGES) ms=33 left=33160
2026-08-28T10:48:49.029485Z  INFO fs3_daemon::runner: batch kind="embed" subject=1 x smart jobs=1 ms=0
2026-08-28T10:48:49.047711Z  INFO fs3_daemon::runner: done kind="embed" id=661836 left=33159
2026-08-28T10:48:49.131246Z  INFO fs3_daemon::runner: done kind=summarize subject=docs/plans/074-workflow-execution/tasks/phase-1-orchestration-contracts/reviews/review.phase-1-orchestration-contracts.md::Code Review: Phase 1: Orchestration Contracts::H) Handover Brief::Files Reviewed ms=16 left=33159
2026-08-28T10:48:49.136416Z  INFO fs3_daemon::runner: batch kind="embed" subject=1 x smart jobs=1 ms=2
2026-08-28T10:48:49.142039Z  INFO fs3_daemon::runner: done kind="embed" id=661837 left=33158
2026-08-28T10:48:49.229901Z  INFO fs3_daemon::runner: done kind=summarize subject=docs/plans/074-workflow-execution/tasks/phase-1-orchestration-contracts/reviews/review.phase-1-orchestration-contracts.md::Code Review: Phase 1: Orchestration Contracts::H) Handover Brief ms=15 left=33158
2026-08-28T10:48:49.237464Z  INFO fs3_daemon::runner: batch kind="embed" subject=1 x smart jobs=1 ms=0
2026-08-28T10:48:49.245627Z  INFO fs3_daemon::runner: done kind="embed" id=661838 left=33157
2026-08-28T10:48:49.324770Z  INFO fs3_daemon::runner: done kind=summarize subject=docs/plans/074-workflow-execution/tasks/phase-1-orchestration-contracts/reviews/review.phase-1-orchestration-contracts.md::Code Review: Phase 1: Orchestration Contracts::G) Commands Executed ms=11 left=33157
2026-08-28T10:48:49.333491Z  INFO fs3_daemon::runner: batch kind="embed" subject=1 x smart jobs=1 ms=0
2026-08-28T10:48:49.343562Z  INFO fs3_daemon::runner: done kind="embed" id=661839 left=33156
2026-08-28T10:48:49.425418Z  INFO fs3_daemon::runner: done kind=summarize subject=docs/plans/074-workflow-execution/tasks/phase-1-orchestration-contracts/reviews/review.phase-1-orchestration-contracts.md::Code Review: Phase 1: Orchestration Contracts::F) Coverage Map ms=9 left=33156
2026-08-28T10:48:49.436455Z  INFO fs3_daemon::runner: batch kind="embed" subject=1 x smart jobs=1 ms=0
2026-08-28T10:48:49.441800Z  INFO fs3_daemon::runner: done kind="embed" id=661840 left=33155
2026-08-28T10:48:49.523792Z  INFO fs3_daemon::runner: done kind=summarize subject=docs/plans/074-workflow-execution/tasks/phase-1-orchestration-contracts/reviews/review.phase-1-orchestration-contracts.md::Code Review: Phase 1: Orchestration Contracts::E) Detailed Findings::E.6) Harness Live Validation ms=15 left=33155
2026-08-28T10:48:49.531483Z  INFO fs3_daemon::runner: batch kind="embed" subject=1 x smart jobs=1 ms=1
2026-08-28T10:48:49.543294Z  INFO fs3_daemon::runner: done kind="embed" id=661841 left=33154
2026-08-28T10:48:49.622225Z  INFO fs3_daemon::runner: done kind=summarize subject=docs/plans/074-workflow-execution/tasks/phase-1-orchestration-contracts/reviews/review.phase-1-orchestration-contracts.md::Code Review: Phase 1: Orchestration Contracts::E) Detailed Findings::E.4) Testing & Evidence ms=12 left=33154
2026-08-28T10:48:49.634797Z  INFO fs3_daemon::runner: batch kind="embed" subject=1 x smart jobs=1 ms=0
2026-08-28T10:48:49.643524Z  INFO fs3_daemon::runner: done kind="embed" id=661842 left=33153
2026-08-28T10:48:49.721750Z  INFO fs3_daemon::runner: done kind=summarize subject=docs/plans/074-workflow-execution/tasks/phase-1-orchestration-contracts/reviews/review.phase-1-orchestration-contracts.md::Code Review: Phase 1: Orchestration Contracts::E) Detailed Findings::E.3) Anti-Reinvention ms=9 left=33153
2026-08-28T10:48:49.733482Z  INFO fs3_daemon::runner: batch kind="embed" subject=1 x smart jobs=1 ms=0
2026-08-28T10:48:49.742517Z  INFO fs3_daemon::runner: done kind="embed" id=661843 left=33152
2026-08-28T10:48:49.818802Z  INFO fs3_daemon::runner: done kind=summarize subject=docs/plans/074-workflow-execution/tasks/phase-1-orchestration-contracts/reviews/review.phase-1-orchestration-contracts.md::Code Review: Phase 1: Orchestration Contracts::E) Detailed Findings::E.2) Domain Compliance ms=12 left=33152
2026-08-28T10:48:49.827974Z  INFO fs3_daemon::runner: batch kind="embed" subject=1 x smart jobs=1 ms=0
2026-08-28T10:48:49.836803Z  INFO fs3_daemon::runner: done kind="embed" id=661844 left=33151
2026-08-28T10:48:49.914501Z  INFO fs3_daemon::runner: done kind=summarize subject=docs/plans/074-workflow-execution/tasks/phase-1-orchestration-contracts/reviews/review.phase-1-orchestration-contracts.md::Code Review: Phase 1: Orchestration Contracts::E) Detailed Findings ms=12 left=33151
2026-08-28T10:48:49.921741Z  INFO fs3_daemon::runner: batch kind="embed" subject=1 x smart jobs=1 ms=0
2026-08-28T10:48:49.928706Z  INFO fs3_daemon::runner: done kind="embed" id=661845 left=33150
2026-08-28T10:48:50.003896Z  INFO fs3_daemon::runner: done kind=summarize subject=docs/plans/074-workflow-execution/tasks/phase-1-orchestration-contracts/reviews/review.phase-1-orchestration-contracts.md::Code Review: Phase 1: Orchestration Contracts::D) Findings Table ms=11 left=33150
2026-08-28T10:48:50.016697Z  INFO fs3_daemon::runner: batch kind="embed" subject=1 x smart jobs=1 ms=0
2026-08-28T10:48:50.028913Z  INFO fs3_daemon::runner: done kind="embed" id=661846 left=33149
2026-08-28T10:48:50.122057Z  INFO fs3_daemon::runner: done kind=summarize subject=docs/plans/074-workflow-execution/tasks/phase-1-orchestration-contracts/reviews/review.phase-1-orchestration-contracts.md::Code Review: Phase 1: Orchestration Contracts::C) Checklist ms=17 left=33149
2026-08-28T10:48:50.126656Z  INFO fs3_daemon::runner: batch kind="embed" subject=1 x smart jobs=1 ms=0
2026-08-28T10:48:50.133616Z  INFO fs3_daemon::runner: done kind="embed" id=661847 left=33148
2026-08-28T10:48:50.214348Z  INFO fs3_daemon::runner: done kind=summarize subject=docs/plans/074-workflow-execution/tasks/phase-1-orchestration-contracts/reviews/review.phase-1-orchestration-contracts.md::Code Review: Phase 1: Orchestration Contracts::A) Verdict ms=12 left=33148
2026-08-28T10:48:50.225638Z  INFO fs3_daemon::runner: batch kind="embed" subject=1 x smart jobs=1 ms=0
2026-08-28T10:48:50.234945Z  INFO fs3_daemon::runner: done kind="embed" id=661848 left=33147
2026-08-28T10:48:50.311757Z  INFO fs3_daemon::runner: done kind=summarize subject=docs/plans/074-workflow-execution/tasks/phase-1-orchestration-contracts/reviews/review.phase-1-orchestration-contracts.md::Code Review: Phase 1: Orchestration Contracts ms=11 left=33147
2026-08-28T10:48:50.321429Z  INFO fs3_daemon::runner: batch kind="embed" subject=1 x smart jobs=1 ms=0
2026-08-28T10:48:50.328311Z  INFO fs3_daemon::runner: done kind="embed" id=661849 left=33146
2026-08-28T10:48:50.409039Z  INFO fs3_daemon::runner: done kind=summarize subject=docs/plans/074-workflow-execution/tasks/phase-1-orchestration-contracts/reviews/fix-tasks.phase-1-orchestration-contracts.md::Fix Tasks: Phase 1: Orchestration Contracts::Medium / Low Fixes::FT-006: Make abort-path unit tests deterministic and doctrine-compliant ms=12 left=33146
2026-08-28T10:48:50.418888Z  INFO fs3_daemon::runner: batch kind="embed" subject=1 x smart jobs=1 ms=0
2026-08-28T10:48:50.429694Z  INFO fs3_daemon::runner: done kind="embed" id=661850 left=33145
2026-08-28T10:48:50.514996Z  INFO fs3_daemon::runner: done kind=summarize subject=docs/plans/074-workflow-execution/tasks/phase-1-orchestration-contracts/reviews/fix-tasks.phase-1-orchestration-contracts.md::Fix Tasks: Phase 1: Orchestration Contracts::Medium / Low Fixes::FT-005: Tighten drive-level abort assertions to the phase acceptance bar ms=15 left=33145
2026-08-28T10:48:50.519274Z  INFO fs3_daemon::runner: batch kind="embed" subject=1 x smart jobs=1 ms=0
2026-08-28T10:48:50.526126Z  INFO fs3_daemon::runner: done kind="embed" id=661851 left=33144
2026-08-28T10:48:50.601842Z  INFO fs3_daemon::runner: done kind=summarize subject=docs/plans/074-workflow-execution/tasks/phase-1-orchestration-contracts/reviews/fix-tasks.phase-1-orchestration-contracts.md::Fix Tasks: Phase 1: Orchestration Contracts::Medium / Low Fixes::FT-004: Add the required Concepts section to the positional-graph domain doc ms=8 left=33144
2026-08-28T10:48:50.613532Z  INFO fs3_daemon::runner: batch kind="embed" subject=1 x smart jobs=1 ms=0
2026-08-28T10:48:50.620212Z  INFO fs3_daemon::runner: done kind="embed" id=661852 left=33143
2026-08-28T10:48:50.697762Z  INFO fs3_daemon::runner: done kind=summarize subject=docs/plans/074-workflow-execution/tasks/phase-1-orchestration-contracts/reviews/fix-tasks.phase-1-orchestration-contracts.md::Fix Tasks: Phase 1: Orchestration Contracts::Medium / Low Fixes::FT-003: Expand the Phase 1 Domain Manifest to cover the full runtime diff ms=12 left=33143
2026-08-28T10:48:50.705605Z  INFO fs3_daemon::runner: batch kind="embed" subject=1 x smart jobs=1 ms=0
2026-08-28T10:48:50.713464Z  INFO fs3_daemon::runner: done kind="embed" id=661853 left=33142
2026-08-28T10:48:50.791091Z  INFO fs3_daemon::runner: done kind=summarize subject=docs/plans/074-workflow-execution/tasks/phase-1-orchestration-contracts/reviews/fix-tasks.phase-1-orchestration-contracts.md::Fix Tasks: Phase 1: Orchestration Contracts::Medium / Low Fixes ms=15 left=33142
2026-08-28T10:48:50.798255Z  INFO fs3_daemon::runner: batch kind="embed" subject=1 x smart jobs=1 ms=0
2026-08-28T10:48:50.805714Z  INFO fs3_daemon::runner: done kind="embed" id=661854 left=33141
2026-08-28T10:48:50.885226Z  INFO fs3_daemon::runner: done kind=summarize subject=docs/plans/074-workflow-execution/tasks/phase-1-orchestration-contracts/reviews/fix-tasks.phase-1-orchestration-contracts.md::Fix Tasks: Phase 1: Orchestration Contracts::Critical / High Fixes::FT-002: Repair manual real-stack coverage to use the handle-backed orchestration path ms=11 left=33141
2026-08-28T10:48:50.890992Z  INFO fs3_daemon::runner: batch kind="embed" subject=1 x smart jobs=1 ms=0
2026-08-28T10:48:50.898510Z  INFO fs3_daemon::runner: done kind="embed" id=661855 left=33140
2026-08-28T10:48:50.973236Z  INFO fs3_daemon::runner: done kind=summarize subject=docs/plans/074-workflow-execution/tasks/phase-1-orchestration-contracts/reviews/fix-tasks.phase-1-orchestration-contracts.md::Fix Tasks: Phase 1: Orchestration Contracts::Critical / High Fixes::FT-001: Add review-grade TDD evidence to the phase execution log ms=11 left=33140
2026-08-28T10:48:50.985815Z  INFO fs3_daemon::runner: batch kind="embed" subject=1 x smart jobs=1 ms=0
2026-08-28T10:48:50.991741Z  INFO fs3_daemon::runner: done kind="embed" id=661856 left=33139
2026-08-28T10:48:51.070036Z  INFO fs3_daemon::runner: done kind=summarize subject=docs/plans/074-workflow-execution/tasks/phase-1-orchestration-contracts/reviews/fix-tasks.phase-1-orchestration-contracts.md::Fix Tasks: Phase 1: Orchestration Contracts::Critical / High Fixes ms=8 left=33139
2026-08-28T10:48:51.081451Z  INFO fs3_daemon::runner: batch kind="embed" subject=1 x smart jobs=1 ms=0
2026-08-28T10:48:51.089227Z  INFO fs3_daemon::runner: done kind="embed" id=661857 left=33138
2026-08-28T10:48:51.166975Z  INFO fs3_daemon::runner: done kind=summarize subject=docs/plans/074-workflow-execution/tasks/phase-1-orchestration-contracts/reviews/fix-tasks.phase-1-orchestration-contracts.md::Fix Tasks: Phase 1: Orchestration Contracts ms=12 left=33138
2026-08-28T10:48:51.175598Z  INFO fs3_daemon::runner: batch kind="embed" subject=1 x smart jobs=1 ms=0
2026-08-28T10:48:51.183054Z  INFO fs3_daemon::runner: done kind="embed" id=661858 left=33137
2026-08-28T10:48:51.264225Z  INFO fs3_daemon::runner: done kind=summarize subject=docs/plans/074-workflow-execution/tasks/phase-1-orchestration-contracts/execution.log.md::Phase 1: Orchestration Contracts — Execution Log::Phase 1 Summary ms=14 left=33137
2026-08-28T10:48:51.273375Z  INFO fs3_daemon::runner: batch kind="embed" subject=1 x smart jobs=1 ms=0
2026-08-28T10:48:51.281385Z  INFO fs3_daemon::runner: done kind="embed" id=661859 left=33136
2026-08-28T10:48:51.351478Z  INFO fs3_daemon::runner: done kind=summarize subject=docs/plans/074-workflow-execution/tasks/phase-1-orchestration-contracts/execution.log.md::Phase 1: Orchestration Contracts — Execution Log::Discoveries ms=12 left=33136
2026-08-28T10:48:51.364652Z  INFO fs3_daemon::runner: batch kind="embed" subject=1 x smart jobs=1 ms=0
2026-08-28T10:48:51.370323Z  INFO fs3_daemon::runner: done kind="embed" id=661860 left=33135
2026-08-28T10:48:51.446816Z  INFO fs3_daemon::runner: done kind=summarize subject=docs/plans/074-workflow-execution/tasks/phase-1-orchestration-contracts/execution.log.md::Phase 1: Orchestration Contracts — Execution Log::AC Verification ms=15 left=33135
2026-08-28T10:48:51.453887Z  INFO fs3_daemon::runner: batch kind="embed" subject=1 x smart jobs=1 ms=0
2026-08-28T10:48:51.460084Z  INFO fs3_daemon::runner: done kind="embed" id=661861 left=33134
2026-08-28T10:48:51.532921Z  INFO fs3_daemon::runner: done kind=summarize subject=docs/plans/074-workflow-execution/tasks/phase-1-orchestration-contracts/execution.log.md::Phase 1: Orchestration Contracts — Execution Log::Task Log::Stage 5: Cache + Isolation (T007, T008) ms=9 left=33134
2026-08-28T10:48:51.548352Z  INFO fs3_daemon::runner: batch kind="embed" subject=1 x smart jobs=1 ms=3
2026-08-28T10:48:51.556050Z  INFO fs3_daemon::runner: done kind="embed" id=661862 left=33133
2026-08-28T10:48:51.630474Z  INFO fs3_daemon::runner: done kind=summarize subject=docs/plans/074-workflow-execution/tasks/phase-1-orchestration-contracts/execution.log.md::Phase 1: Orchestration Contracts — Execution Log::Task Log::Stage 4: ONBAS Interrupted (T006) ms=12 left=33133
2026-08-28T10:48:51.639601Z  INFO fs3_daemon::runner: batch kind="embed" subject=1 x smart jobs=1 ms=0
2026-08-28T10:48:51.645276Z  INFO fs3_daemon::runner: done kind="embed" id=661863 left=33132
2026-08-28T10:48:51.727711Z  INFO fs3_daemon::runner: done kind=summarize subject=docs/plans/074-workflow-execution/tasks/phase-1-orchestration-contracts/execution.log.md::Phase 1: Orchestration Contracts — Execution Log::Task Log::Stage 3: drive() Abort (T004) ms=14 left=33132
2026-08-28T10:48:51.739169Z  INFO fs3_daemon::runner: batch kind="embed" subject=1 x smart jobs=1 ms=0
2026-08-28T10:48:51.746989Z  INFO fs3_daemon::runner: done kind="embed" id=661864 left=33131
2026-08-28T10:48:51.824128Z  INFO fs3_daemon::runner: done kind=summarize subject=docs/plans/074-workflow-execution/tasks/phase-1-orchestration-contracts/execution.log.md::Phase 1: Orchestration Contracts — Execution Log::Task Log::Stage 2: Abortable Sleep (T003) ms=9 left=33131
2026-08-28T10:48:51.840015Z  INFO fs3_daemon::runner: batch kind="embed" subject=1 x smart jobs=1 ms=0
2026-08-28T10:48:51.848989Z  INFO fs3_daemon::runner: done kind="embed" id=661865 left=33130
2026-08-28T10:48:51.922650Z  INFO fs3_daemon::runner: done kind=summarize subject=docs/plans/074-workflow-execution/tasks/phase-1-orchestration-contracts/execution.log.md::Phase 1: Orchestration Contracts — Execution Log::Task Log::Stage 1: Type Contracts (T001, T002, T005) ms=8 left=33130
2026-08-28T10:48:51.937329Z  INFO fs3_daemon::runner: batch kind="embed" subject=1 x smart jobs=1 ms=0
2026-08-28T10:48:51.946060Z  INFO fs3_daemon::runner: done kind="embed" id=661866 left=33129
2026-08-28T10:48:52.018130Z  INFO fs3_daemon::runner: done kind=summarize subject=docs/plans/074-workflow-execution/tasks/phase-1-orchestration-contracts/execution.log.md::Phase 1: Orchestration Contracts — Execution Log::Task Log ms=12 left=33129
2026-08-28T10:48:52.075012Z  INFO fs3_daemon::runner: progress phase="working" scanned=61600 scan_left=33 summarized=124983 summarize_left=33095 embedded=203501 embed_left=1 failed=0
2026-08-28T10:48:52.099603Z  INFO fs3_daemon::runner: batch kind="embed" subject=2 x smart jobs=2 ms=0
2026-08-28T10:48:52.106005Z  INFO fs3_daemon::runner: done kind="embed" id=661867 left=33128
2026-08-28T10:48:52.174386Z  INFO fs3_daemon::runner: done kind="embed" id=661868 left=33127
2026-08-28T10:48:52.282642Z  INFO fs3_daemon::runner: done kind=summarize subject=docs/plans/074-workflow-execution/tasks/phase-1-orchestration-contracts/execution.log.md::Phase 1: Orchestration Contracts — Execution Log::Pre-Phase Validation ms=31 left=33127
2026-08-28T10:48:52.311659Z  INFO fs3_daemon::runner: done kind=summarize subject=docs/plans/074-workflow-execution/tasks/phase-1-orchestration-contracts/execution.log.md::Phase 1: Orchestration Contracts — Execution Log ms=31 left=33127
2026-08-28T10:48:52.320841Z  INFO fs3_daemon::runner: batch kind="embed" subject=1 x smart jobs=1 ms=1
2026-08-28T10:48:52.345099Z  INFO fs3_daemon::runner: done kind="embed" id=661869 left=33126
2026-08-28T10:48:52.444491Z  INFO fs3_daemon::runner: batch kind="embed" subject=1 x smart jobs=1 ms=0
2026-08-28T10:48:52.457458Z  INFO fs3_daemon::runner: done kind=summarize subject=docs/plans/074-workflow-execution/research-dossier.md::Research Report: Workflow Execution from UI::Appendix: Deep Research Results::Research 2: AbortController for Multi-Stage Pipeline Cancellation ms=39 left=33126
2026-08-28T10:48:52.467980Z  INFO fs3_daemon::runner: done kind="embed" id=661870 left=33125
2026-08-28T10:48:52.586074Z  INFO fs3_daemon::runner: batch kind="embed" subject=1 x smart jobs=1 ms=0
2026-08-28T10:48:52.601280Z  INFO fs3_daemon::runner: done kind=summarize subject=docs/plans/074-workflow-execution/research-dossier.md::Research Report: Workflow Execution from UI::Appendix: Deep Research Results::Research 1: Next.js Long-Running Background Tasks ms=46 left=33125
2026-08-28T10:48:52.615512Z  INFO fs3_daemon::runner: done kind="embed" id=661871 left=33124
2026-08-28T10:48:52.718457Z  INFO fs3_daemon::runner: batch kind="embed" subject=1 x smart jobs=1 ms=0
2026-08-28T10:48:52.734268Z  INFO fs3_daemon::runner: done kind=summarize subject=docs/plans/074-workflow-execution/research-dossier.md::Research Report: Workflow Execution from UI::Appendix: Deep Research Results ms=41 left=33124
2026-08-28T10:48:52.745842Z  INFO fs3_daemon::runner: done kind="embed" id=661872 left=33123
2026-08-28T10:48:52.845105Z  INFO fs3_daemon::runner: done kind=summarize subject=docs/plans/074-workflow-execution/research-dossier.md::Research Report: Workflow Execution from UI::Next Steps ms=26 left=33123
2026-08-28T10:48:52.853594Z  INFO fs3_daemon::runner: batch kind="embed" subject=1 x smart jobs=1 ms=0
2026-08-28T10:48:52.872956Z  INFO fs3_daemon::runner: done kind="embed" id=661873 left=33122
2026-08-28T10:48:52.975466Z  INFO fs3_daemon::runner: done kind=summarize subject=docs/plans/074-workflow-execution/research-dossier.md::Research Report: Workflow Execution from UI::Appendix: File Inventory::Events & State Files ms=26 left=33122
2026-08-28T10:48:52.983353Z  INFO fs3_daemon::runner: batch kind="embed" subject=1 x smart jobs=1 ms=0
2026-08-28T10:48:53.004842Z  INFO fs3_daemon::runner: done kind="embed" id=661874 left=33121
2026-08-28T10:48:53.104351Z  INFO fs3_daemon::runner: done kind=summarize subject=docs/plans/074-workflow-execution/research-dossier.md::Research Report: Workflow Execution from UI::Appendix: File Inventory::Core Orchestration Files ms=26 left=33121
2026-08-28T10:48:53.116288Z  INFO fs3_daemon::runner: batch kind="embed" subject=1 x smart jobs=1 ms=1
2026-08-28T10:48:53.137362Z  INFO fs3_daemon::runner: done kind="embed" id=661875 left=33120
2026-08-28T10:48:53.238082Z  INFO fs3_daemon::runner: done kind=summarize subject=docs/plans/074-workflow-execution/research-dossier.md::Research Report: Workflow Execution from UI::Appendix: File Inventory ms=26 left=33120
2026-08-28T10:48:53.247470Z  INFO fs3_daemon::runner: batch kind="embed" subject=1 x smart jobs=1 ms=0
2026-08-28T10:48:53.266606Z  INFO fs3_daemon::runner: done kind="embed" id=661876 left=33119
2026-08-28T10:48:53.361334Z  INFO fs3_daemon::runner: done kind=summarize subject=docs/plans/074-workflow-execution/research-dossier.md::Research Report: Workflow Execution from UI::External Research Opportunities::Research Opportunity 2: AbortController Patterns for Multi-Stage Pipelines ms=21 left=33119
2026-08-28T10:48:53.379773Z  INFO fs3_daemon::runner: batch kind="embed" subject=1 x smart jobs=1 ms=0
2026-08-28T10:48:53.399068Z  INFO fs3_daemon::runner: done kind="embed" id=661877 left=33118
2026-08-28T10:48:53.507585Z  INFO fs3_daemon::runner: done kind=summarize subject=docs/plans/074-workflow-execution/research-dossier.md::Research Report: Workflow Execution from UI::External Research Opportunities::Research Opportunity 1: Next.js Long-Running Background Tasks Pattern ms=28 left=33118
2026-08-28T10:48:53.513990Z  INFO fs3_daemon::runner: batch kind="embed" subject=1 x smart jobs=1 ms=0
2026-08-28T10:48:53.535618Z  INFO fs3_daemon::runner: done kind="embed" id=661878 left=33117
2026-08-28T10:48:53.627382Z  INFO fs3_daemon::runner: done kind=summarize subject=docs/plans/074-workflow-execution/research-dossier.md::Research Report: Workflow Execution from UI::External Research Opportunities ms=28 left=33117
2026-08-28T10:48:53.635549Z  INFO fs3_daemon::runner: batch kind="embed" subject=1 x smart jobs=1 ms=0
2026-08-28T10:48:53.661057Z  INFO fs3_daemon::runner: done kind="embed" id=661879 left=33116
2026-08-28T10:48:53.746453Z  INFO fs3_daemon::runner: done kind=summarize subject=docs/plans/074-workflow-execution/research-dossier.md::Research Report: Workflow Execution from UI::Recommendations::Implementation Priority ms=21 left=33116
2026-08-28T10:48:53.754273Z  INFO fs3_daemon::runner: batch kind="embed" subject=1 x smart jobs=1 ms=0
2026-08-28T10:48:53.760677Z  INFO fs3_daemon::runner: done kind="embed" id=661880 left=33115
2026-08-28T10:48:53.837346Z  INFO fs3_daemon::runner: done kind=summarize subject=docs/plans/074-workflow-execution/research-dossier.md::Research Report: Workflow Execution from UI::Recommendations ms=8 left=33115
2026-08-28T10:48:53.850522Z  INFO fs3_daemon::runner: batch kind="embed" subject=1 x smart jobs=1 ms=0
2026-08-28T10:48:53.858721Z  INFO fs3_daemon::runner: done kind="embed" id=661881 left=33114
2026-08-28T10:48:53.929996Z  INFO fs3_daemon::runner: done kind=summarize subject=docs/plans/074-workflow-execution/research-dossier.md::Research Report: Workflow Execution from UI::Critical Discoveries ms=10 left=33114
2026-08-28T10:48:53.941471Z  INFO fs3_daemon::runner: batch kind="embed" subject=1 x smart jobs=1 ms=0
2026-08-28T10:48:53.948404Z  INFO fs3_daemon::runner: done kind="embed" id=661882 left=33113
2026-08-28T10:48:54.035156Z  INFO fs3_daemon::runner: batch kind="embed" subject=1 x smart jobs=1 ms=0
2026-08-28T10:48:54.035625Z  INFO fs3_daemon::runner: done kind=summarize subject=docs/plans/074-workflow-execution/research-dossier.md::Research Report: Workflow Execution from UI::Domain Context::Domain Map Position ms=16 left=33113
2026-08-28T10:48:54.043305Z  INFO fs3_daemon::runner: done kind="embed" id=661883 left=33112
2026-08-28T10:48:54.120235Z  INFO fs3_daemon::runner: done kind=summarize subject=docs/plans/074-workflow-execution/research-dossier.md::Research Report: Workflow Execution from UI::Domain Context::Existing Domains Relevant to This Research ms=18 left=33112
2026-08-28T10:48:54.126272Z  INFO fs3_daemon::runner: batch kind="embed" subject=1 x smart jobs=1 ms=0
2026-08-28T10:48:54.133207Z  INFO fs3_daemon::runner: done kind="embed" id=661884 left=33111
2026-08-28T10:48:54.216823Z  INFO fs3_daemon::runner: done kind=summarize subject=docs/plans/074-workflow-execution/research-dossier.md::Research Report: Workflow Execution from UI::Domain Context ms=14 left=33111
2026-08-28T10:48:54.225467Z  INFO fs3_daemon::runner: batch kind="embed" subject=1 x smart jobs=1 ms=0
2026-08-28T10:48:54.238891Z  INFO fs3_daemon::runner: done kind="embed" id=661885 left=33110
2026-08-28T10:48:54.324897Z  INFO fs3_daemon::runner: done kind=summarize subject=docs/plans/074-workflow-execution/research-dossier.md::Research Report: Workflow Execution from UI::Prior Learnings (From Previous Implementations)::📚 Critical Learnings ms=16 left=33110
2026-08-28T10:48:54.334696Z  INFO fs3_daemon::runner: batch kind="embed" subject=1 x smart jobs=1 ms=0
2026-08-28T10:48:54.344982Z  INFO fs3_daemon::runner: done kind="embed" id=661886 left=33109
2026-08-28T10:48:54.426988Z  INFO fs3_daemon::runner: done kind=summarize subject=docs/plans/074-workflow-execution/research-dossier.md::Research Report: Workflow Execution from UI::Prior Learnings (From Previous Implementations) ms=14 left=33109
2026-08-28T10:48:54.441433Z  INFO fs3_daemon::runner: batch kind="embed" subject=1 x smart jobs=1 ms=0
2026-08-28T10:48:54.449597Z  INFO fs3_daemon::runner: done kind="embed" id=661887 left=33108
2026-08-28T10:48:54.536806Z  INFO fs3_daemon::runner: done kind=summarize subject=docs/plans/074-workflow-execution/research-dossier.md::Research Report: Workflow Execution from UI::Modification Considerations ms=16 left=33108
2026-08-28T10:48:54.545462Z  INFO fs3_daemon::runner: batch kind="embed" subject=1 x smart jobs=1 ms=0
2026-08-28T10:48:54.551914Z  INFO fs3_daemon::runner: done kind="embed" id=661888 left=33107
2026-08-28T10:48:54.636543Z  INFO fs3_daemon::runner: done kind=summarize subject=docs/plans/074-workflow-execution/research-dossier.md::Research Report: Workflow Execution from UI::Quality & Testing::Fake Orchestration Capabilities ms=12 left=33107
2026-08-28T10:48:54.647507Z  INFO fs3_daemon::runner: batch kind="embed" subject=1 x smart jobs=1 ms=1
2026-08-28T10:48:54.657055Z  INFO fs3_daemon::runner: done kind="embed" id=661889 left=33106
2026-08-28T10:48:54.738917Z  INFO fs3_daemon::runner: done kind=summarize subject=docs/plans/074-workflow-execution/research-dossier.md::Research Report: Workflow Execution from UI::Quality & Testing ms=12 left=33106
2026-08-28T10:48:54.749766Z  INFO fs3_daemon::runner: batch kind="embed" subject=1 x smart jobs=1 ms=0
2026-08-28T10:48:54.760675Z  INFO fs3_daemon::runner: done kind="embed" id=661890 left=33105
2026-08-28T10:48:54.845822Z  INFO fs3_daemon::runner: done kind=summarize subject=docs/plans/074-workflow-execution/research-dossier.md::Research Report: Workflow Execution from UI::Dependencies & Integration::SSE Channel Architecture ms=12 left=33105
2026-08-28T10:48:54.856855Z  INFO fs3_daemon::runner: batch kind="embed" subject=1 x smart jobs=1 ms=0
2026-08-28T10:48:54.864711Z  INFO fs3_daemon::runner: done kind="embed" id=661891 left=33104
2026-08-28T10:48:54.947245Z  INFO fs3_daemon::runner: done kind=summarize subject=docs/plans/074-workflow-execution/research-dossier.md::Research Report: Workflow Execution from UI::Dependencies & Integration::What Needs Wiring for Web Execution ms=13 left=33104
2026-08-28T10:48:54.956211Z  INFO fs3_daemon::runner: batch kind="embed" subject=1 x smart jobs=1 ms=0
2026-08-28T10:48:54.963915Z  INFO fs3_daemon::runner: done kind="embed" id=661892 left=33103
2026-08-28T10:48:55.039812Z  INFO fs3_daemon::runner: done kind=summarize subject=docs/plans/074-workflow-execution/research-dossier.md::Research Report: Workflow Execution from UI::Dependencies & Integration ms=10 left=33103
2026-08-28T10:48:55.056788Z  INFO fs3_daemon::runner: batch kind="embed" subject=1 x smart jobs=1 ms=0
2026-08-28T10:48:55.064103Z  INFO fs3_daemon::runner: done kind="embed" id=661893 left=33102
2026-08-28T10:48:55.154880Z  INFO fs3_daemon::runner: done kind=summarize subject=docs/plans/074-workflow-execution/research-dossier.md::Research Report: Workflow Execution from UI::Architecture & Design::Component Map ms=15 left=33102
2026-08-28T10:48:55.164709Z  INFO fs3_daemon::runner: batch kind="embed" subject=1 x smart jobs=1 ms=0
2026-08-28T10:48:55.171300Z  INFO fs3_daemon::runner: done kind="embed" id=661894 left=33101
2026-08-28T10:48:55.251930Z  INFO fs3_daemon::runner: done kind=summarize subject=docs/plans/074-workflow-execution/research-dossier.md::Research Report: Workflow Execution from UI::Architecture & Design ms=9 left=33101
2026-08-28T10:48:55.262825Z  INFO fs3_daemon::runner: batch kind="embed" subject=1 x smart jobs=1 ms=0
2026-08-28T10:48:55.271007Z  INFO fs3_daemon::runner: done kind="embed" id=661895 left=33100
2026-08-28T10:48:55.363320Z  INFO fs3_daemon::runner: done kind=summarize subject=docs/plans/074-workflow-execution/research-dossier.md::Research Report: Workflow Execution from UI::How It Currently Works::Data Flow ms=14 left=33100
2026-08-28T10:48:55.378553Z  INFO fs3_daemon::runner: batch kind="embed" subject=1 x smart jobs=1 ms=2
2026-08-28T10:48:55.389718Z  INFO fs3_daemon::runner: done kind="embed" id=661896 left=33099
2026-08-28T10:48:55.471341Z  INFO fs3_daemon::runner: done kind=summarize subject=docs/plans/074-workflow-execution/research-dossier.md::Research Report: Workflow Execution from UI::How It Currently Works::Core Execution Flow ms=11 left=33099
2026-08-28T10:48:55.481375Z  INFO fs3_daemon::runner: batch kind="embed" subject=1 x smart jobs=1 ms=0
2026-08-28T10:48:55.487768Z  INFO fs3_daemon::runner: done kind="embed" id=661897 left=33098
2026-08-28T10:48:55.566273Z  INFO fs3_daemon::runner: done kind=summarize subject=docs/plans/074-workflow-execution/research-dossier.md::Research Report: Workflow Execution from UI::How It Currently Works::Entry Points ms=9 left=33098
2026-08-28T10:48:55.587166Z  INFO fs3_daemon::runner: batch kind="embed" subject=1 x smart jobs=1 ms=0
2026-08-28T10:48:55.606546Z  INFO fs3_daemon::runner: done kind="embed" id=661898 left=33097
2026-08-28T10:48:55.687136Z  INFO fs3_daemon::runner: done kind=summarize subject=docs/plans/074-workflow-execution/research-dossier.md::Research Report: Workflow Execution from UI::How It Currently Works ms=11 left=33097
2026-08-28T10:48:55.700622Z  INFO fs3_daemon::runner: batch kind="embed" subject=1 x smart jobs=1 ms=0
2026-08-28T10:48:55.707541Z  INFO fs3_daemon::runner: done kind="embed" id=661899 left=33096
2026-08-28T10:48:55.791798Z  INFO fs3_daemon::runner: done kind=summarize subject=docs/plans/074-workflow-execution/research-dossier.md::Research Report: Workflow Execution from UI::Executive Summary::Quick Stats ms=14 left=33096
2026-08-28T10:48:55.800399Z  INFO fs3_daemon::runner: batch kind="embed" subject=1 x smart jobs=1 ms=1
2026-08-28T10:48:55.808022Z  INFO fs3_daemon::runner: done kind="embed" id=661900 left=33095
2026-08-28T10:48:55.897264Z  INFO fs3_daemon::runner: done kind=summarize subject=docs/plans/074-workflow-execution/research-dossier.md::Research Report: Workflow Execution from UI::Executive Summary ms=20 left=33095
2026-08-28T10:48:55.907531Z  INFO fs3_daemon::runner: batch kind="embed" subject=1 x smart jobs=1 ms=0
2026-08-28T10:48:55.926104Z  INFO fs3_daemon::runner: done kind="embed" id=661901 left=33094
2026-08-28T10:48:56.013233Z  INFO fs3_daemon::runner: done kind=summarize subject=docs/plans/074-workflow-execution/research-dossier.md::Research Report: Workflow Execution from UI ms=13 left=33094
2026-08-28T10:48:56.026473Z  INFO fs3_daemon::runner: batch kind="embed" subject=1 x smart jobs=1 ms=0
2026-08-28T10:48:56.034570Z  INFO fs3_daemon::runner: done kind="embed" id=661902 left=33093
2026-08-28T10:48:56.116493Z  INFO fs3_daemon::runner: done kind=summarize subject=docs/plans/074-workflow-execution/deep-research-nextjs-long-running.md::Hosting Long-Running Workflow Orchestration in Next.js 16: A Comprehensive Architecture Guide::Conclusion ms=13 left=33093
2026-08-28T10:48:56.125512Z  INFO fs3_daemon::runner: batch kind="embed" subject=1 x smart jobs=1 ms=0
2026-08-28T10:48:56.134016Z  INFO fs3_daemon::runner: done kind="embed" id=661903 left=33092
2026-08-28T10:48:56.212708Z  INFO fs3_daemon::runner: done kind=summarize subject=docs/plans/074-workflow-execution/deep-research-nextjs-long-running.md::Hosting Long-Running Workflow Orchestration in Next.js 16: A Comprehensive Architecture Guide::Complete Implementation Example ms=11 left=33092
2026-08-28T10:48:56.221763Z  INFO fs3_daemon::runner: batch kind="embed" subject=1 x smart jobs=1 ms=0
2026-08-28T10:48:56.229617Z  INFO fs3_daemon::runner: done kind="embed" id=661904 left=33091
2026-08-28T10:48:56.309637Z  INFO fs3_daemon::runner: done kind=summarize subject=docs/plans/074-workflow-execution/deep-research-nextjs-long-running.md::Hosting Long-Running Workflow Orchestration in Next.js 16: A Comprehensive Architecture Guide::Production Deployment and Observability ms=9 left=33091
2026-08-28T10:48:56.322469Z  INFO fs3_daemon::runner: batch kind="embed" subject=1 x smart jobs=1 ms=0
2026-08-28T10:48:56.329137Z  INFO fs3_daemon::runner: done kind="embed" id=661905 left=33090
2026-08-28T10:48:56.407733Z  INFO fs3_daemon::runner: done kind=summarize subject=docs/plans/074-workflow-execution/deep-research-nextjs-long-running.md::Hosting Long-Running Workflow Orchestration in Next.js 16: A Comprehensive Architecture Guide::Race Conditions and Atomic Operations ms=16 left=33090
2026-08-28T10:48:56.417549Z  INFO fs3_daemon::runner: batch kind="embed" subject=1 x smart jobs=1 ms=1
2026-08-28T10:48:56.423920Z  INFO fs3_daemon::runner: done kind="embed" id=661906 left=33089
2026-08-28T10:48:56.504381Z  INFO fs3_daemon::runner: done kind=summarize subject=docs/plans/074-workflow-execution/deep-research-nextjs-long-running.md::Hosting Long-Running Workflow Orchestration in Next.js 16: A Comprehensive Architecture Guide::Filesystem-Based Checkpointing for Disaster Recovery ms=11 left=33089
2026-08-28T10:48:56.514650Z  INFO fs3_daemon::runner: batch kind="embed" subject=1 x smart jobs=1 ms=0
2026-08-28T10:48:56.523465Z  INFO fs3_daemon::runner: done kind="embed" id=661907 left=33088
2026-08-28T10:48:56.602121Z  INFO fs3_daemon::runner: done kind=summarize subject=docs/plans/074-workflow-execution/deep-research-nextjs-long-running.md::Hosting Long-Running Workflow Orchestration in Next.js 16: A Comprehensive Architecture Guide::Hot Module Replacement and Server Restart Handling ms=9 left=33088
2026-08-28T10:48:56.614680Z  INFO fs3_daemon::runner: batch kind="embed" subject=1 x smart jobs=1 ms=0
2026-08-28T10:48:56.621675Z  INFO fs3_daemon::runner: done kind="embed" id=661908 left=33087
2026-08-28T10:48:56.713181Z  INFO fs3_daemon::runner: done kind=summarize subject=docs/plans/074-workflow-execution/deep-research-nextjs-long-running.md::Hosting Long-Running Workflow Orchestration in Next.js 16: A Comprehensive Architecture Guide::Designing the Execution Manager: State, Locking, and Concurrency ms=19 left=33087
2026-08-28T10:48:56.721643Z  INFO fs3_daemon::runner: batch kind="embed" subject=1 x smart jobs=1 ms=0
2026-08-28T10:48:56.744028Z  INFO fs3_daemon::runner: done kind="embed" id=661909 left=33086
2026-08-28T10:48:56.856560Z  INFO fs3_daemon::runner: done kind=summarize subject=docs/plans/074-workflow-execution/deep-research-nextjs-long-running.md::Hosting Long-Running Workflow Orchestration in Next.js 16: A Comprehensive Architecture Guide::The SSE Bridge: Streaming Progress from Long-Running Processes to Browsers ms=31 left=33086
2026-08-28T10:48:56.871117Z  INFO fs3_daemon::runner: batch kind="embed" subject=1 x smart jobs=1 ms=5
2026-08-28T10:48:56.894389Z  INFO fs3_daemon::runner: done kind="embed" id=661910 left=33085
2026-08-28T10:48:56.988920Z  INFO fs3_daemon::runner: done kind=summarize subject=docs/plans/074-workflow-execution/deep-research-nextjs-long-running.md::Hosting Long-Running Workflow Orchestration in Next.js 16: A Comprehensive Architecture Guide::API Routes vs. Server Actions: The Triggering Mechanism ms=28 left=33085
2026-08-28T10:48:56.996413Z  INFO fs3_daemon::runner: batch kind="embed" subject=1 x smart jobs=1 ms=0
2026-08-28T10:48:57.016392Z  INFO fs3_daemon::runner: done kind="embed" id=661911 left=33084
2026-08-28T10:48:57.124758Z  INFO fs3_daemon::runner: done kind=summarize subject=docs/plans/074-workflow-execution/deep-research-nextjs-long-running.md::Hosting Long-Running Workflow Orchestration in Next.js 16: A Comprehensive Architecture Guide::Worker Threads vs. Child Processes: Threading Model Decisions ms=32 left=33084
2026-08-28T10:48:57.157967Z  INFO fs3_daemon::runner: progress phase="working" scanned=61600 scan_left=33 summarized=125028 summarize_left=33050 embedded=203546 embed_left=1 failed=0
2026-08-28T10:48:57.188463Z  INFO fs3_daemon::runner: batch kind="embed" subject=2 x smart jobs=2 ms=0
2026-08-28T10:48:57.194870Z  INFO fs3_daemon::runner: done kind="embed" id=661912 left=33083
2026-08-28T10:48:57.260388Z  INFO fs3_daemon::runner: done kind="embed" id=661913 left=33082
2026-08-28T10:48:57.338893Z  INFO fs3_daemon::runner: done kind=summarize subject=docs/plans/074-workflow-execution/deep-research-nextjs-long-running.md::Hosting Long-Running Workflow Orchestration in Next.js 16: A Comprehensive Architecture Guide::The Singleton Pattern with globalThis: Guaranteeing Single-Instance Bootstrapping ms=15 left=33082
2026-08-28T10:48:57.355935Z  INFO fs3_daemon::runner: done kind=summarize subject=docs/plans/074-workflow-execution/deep-research-nextjs-long-running.md::Hosting Long-Running Workflow Orchestration in Next.js 16: A Comprehensive Architecture Guide ms=11 left=33082
2026-08-28T10:48:57.363223Z  INFO fs3_daemon::runner: batch kind="embed" subject=1 x smart jobs=1 ms=0
2026-08-28T10:48:57.373673Z  INFO fs3_daemon::runner: done kind="embed" id=661914 left=33081
2026-08-28T10:48:57.476738Z  INFO fs3_daemon::runner: done kind=summarize subject=docs/plans/074-workflow-execution/deep-research-abort-controller.md::Cooperative Cancellation Patterns for TypeScript/Node.js Orchestration Engines: A Production-Ready Guide to AbortController Integration in Workflow State Management::Part 8: Conclusion and Recommendations ms=26 left=33081
2026-08-28T10:48:57.486066Z  INFO fs3_daemon::runner: batch kind="embed" subject=1 x smart jobs=1 ms=0
2026-08-28T10:48:57.505293Z  INFO fs3_daemon::runner: done kind="embed" id=661915 left=33080
2026-08-28T10:48:57.603917Z  INFO fs3_daemon::runner: batch kind="embed" subject=1 x smart jobs=1 ms=0
2026-08-28T10:48:57.614756Z  INFO fs3_daemon::runner: done kind=summarize subject=docs/plans/074-workflow-execution/deep-research-abort-controller.md::Cooperative Cancellation Patterns for TypeScript/Node.js Orchestration Engines: A Production-Ready Guide to AbortController Integration in Workflow State Management::Part 7: Production Deployment and Operational Patterns::Monitoring and Observability ms=39 left=33080
2026-08-28T10:48:57.625257Z  INFO fs3_daemon::runner: done kind="embed" id=661916 left=33079
2026-08-28T10:48:57.719942Z  INFO fs3_daemon::runner: done kind=summarize subject=docs/plans/074-workflow-execution/deep-research-abort-controller.md::Cooperative Cancellation Patterns for TypeScript/Node.js Orchestration Engines: A Production-Ready Guide to AbortController Integration in Workflow State Management::Part 7: Production Deployment and Operational Patterns::Integration with CLI and Web Server Contexts ms=17 left=33079
2026-08-28T10:48:57.734028Z  INFO fs3_daemon::runner: batch kind="embed" subject=1 x smart jobs=1 ms=0
2026-08-28T10:48:57.756725Z  INFO fs3_daemon::runner: done kind="embed" id=661917 left=33078
2026-08-28T10:48:57.863612Z  INFO fs3_daemon::runner: done kind=summarize subject=docs/plans/074-workflow-execution/deep-research-abort-controller.md::Cooperative Cancellation Patterns for TypeScript/Node.js Orchestration Engines: A Production-Ready Guide to AbortController Integration in Workflow State Management::Part 7: Production Deployment and Operational Patterns ms=31 left=33078
2026-08-28T10:48:57.872297Z  INFO fs3_daemon::runner: batch kind="embed" subject=1 x smart jobs=1 ms=0
2026-08-28T10:48:57.892917Z  INFO fs3_daemon::runner: done kind="embed" id=661918 left=33077
2026-08-28T10:48:57.996207Z  INFO fs3_daemon::runner: done kind=summarize subject=docs/plans/074-workflow-execution/deep-research-abort-controller.md::Cooperative Cancellation Patterns for TypeScript/Node.js Orchestration Engines: A Production-Ready Guide to AbortController Integration in Workflow State Management::Part 6: Practical Implementation: Complete Executable Example::Full Orchestration Engine with Abort Support ms=33 left=33077
2026-08-28T10:48:58.004368Z  INFO fs3_daemon::runner: batch kind="embed" subject=1 x smart jobs=1 ms=1
2026-08-28T10:48:58.018565Z  INFO fs3_daemon::runner: done kind="embed" id=661919 left=33076
2026-08-28T10:48:58.117048Z  INFO fs3_daemon::runner: done kind=summarize subject=docs/plans/074-workflow-execution/deep-research-abort-controller.md::Cooperative Cancellation Patterns for TypeScript/Node.js Orchestration Engines: A Production-Ready Guide to AbortController Integration in Workflow State Management::Part 6: Practical Implementation: Complete Executable Example ms=24 left=33076
2026-08-28T10:48:58.124061Z  INFO fs3_daemon::runner: batch kind="embed" subject=1 x smart jobs=1 ms=0
2026-08-28T10:48:58.143694Z  INFO fs3_daemon::runner: done kind="embed" id=661920 left=33075
2026-08-28T10:48:58.238603Z  INFO fs3_daemon::runner: done kind=summarize subject=docs/plans/074-workflow-execution/deep-research-abort-controller.md::Cooperative Cancellation Patterns for TypeScript/Node.js Orchestration Engines: A Production-Ready Guide to AbortController Integration in Workflow State Management::Part 5: Error Handling, Memory Management, and Pitfalls::Race Condition: Abort After Resolve ms=26 left=33075
2026-08-28T10:48:58.241922Z  INFO fs3_daemon::runner: batch kind="embed" subject=1 x smart jobs=1 ms=1
2026-08-28T10:48:58.265604Z  INFO fs3_daemon::runner: done kind="embed" id=661921 left=33074
2026-08-28T10:48:58.365154Z  INFO fs3_daemon::runner: batch kind="embed" subject=1 x smart jobs=1 ms=0
2026-08-28T10:48:58.379484Z  INFO fs3_daemon::runner: done kind=summarize subject=docs/plans/074-workflow-execution/deep-research-abort-controller.md::Cooperative Cancellation Patterns for TypeScript/Node.js Orchestration Engines: A Production-Ready Guide to AbortController Integration in Workflow State Management::Part 5: Error Handling, Memory Management, and Pitfalls::Distinguishing Abort Errors from Other Errors ms=41 left=33074
2026-08-28T10:48:58.387991Z  INFO fs3_daemon::runner: done kind="embed" id=661922 left=33073
2026-08-28T10:48:58.484487Z  INFO fs3_daemon::runner: batch kind="embed" subject=1 x smart jobs=1 ms=0
2026-08-28T10:48:58.489623Z  INFO fs3_daemon::runner: done kind=summarize subject=docs/plans/074-workflow-execution/deep-research-abort-controller.md::Cooperative Cancellation Patterns for TypeScript/Node.js Orchestration Engines: A Production-Ready Guide to AbortController Integration in Workflow State Management::Part 5: Error Handling, Memory Management, and Pitfalls::Managing AbortSignal Listeners and Memory Leaks ms=23 left=33073
2026-08-28T10:48:58.493877Z  INFO fs3_daemon::runner: done kind="embed" id=661923 left=33072
2026-08-28T10:48:58.584974Z  INFO fs3_daemon::runner: done kind=summarize subject=docs/plans/074-workflow-execution/deep-research-abort-controller.md::Cooperative Cancellation Patterns for TypeScript/Node.js Orchestration Engines: A Production-Ready Guide to AbortController Integration in Workflow State Management::Part 5: Error Handling, Memory Management, and Pitfalls::Avoiding Unhandled Rejection Pitfalls ms=20 left=33072
2026-08-28T10:48:58.588144Z  INFO fs3_daemon::runner: batch kind="embed" subject=1 x smart jobs=1 ms=1
2026-08-28T10:48:58.600562Z  INFO fs3_daemon::runner: done kind="embed" id=661924 left=33071
2026-08-28T10:48:58.686583Z  INFO fs3_daemon::runner: done kind=summarize subject=docs/plans/074-workflow-execution/deep-research-abort-controller.md::Cooperative Cancellation Patterns for TypeScript/Node.js Orchestration Engines: A Production-Ready Guide to AbortController Integration in Workflow State Management::Part 5: Error Handling, Memory Management, and Pitfalls ms=11 left=33071
2026-08-28T10:48:58.698717Z  INFO fs3_daemon::runner: batch kind="embed" subject=1 x smart jobs=1 ms=0
2026-08-28T10:48:58.708680Z  INFO fs3_daemon::runner: done kind="embed" id=661925 left=33070
2026-08-28T10:48:58.787748Z  INFO fs3_daemon::runner: done kind=summarize subject=docs/plans/074-workflow-execution/deep-research-abort-controller.md::Cooperative Cancellation Patterns for TypeScript/Node.js Orchestration Engines: A Production-Ready Guide to AbortController Integration in Workflow State Management::Part 4: Graph State Management During Abort::Resuming from an Interrupted State ms=12 left=33070
2026-08-28T10:48:58.797744Z  INFO fs3_daemon::runner: batch kind="embed" subject=1 x smart jobs=1 ms=0
2026-08-28T10:48:58.803500Z  INFO fs3_daemon::runner: done kind="embed" id=661926 left=33069
2026-08-28T10:48:58.889089Z  INFO fs3_daemon::runner: done kind=summarize subject=docs/plans/074-workflow-execution/deep-research-abort-controller.md::Cooperative Cancellation Patterns for TypeScript/Node.js Orchestration Engines: A Production-Ready Guide to AbortController Integration in Workflow State Management::Part 4: Graph State Management During Abort::The Stop Sequence: Coordinating Abort Across Subsystems ms=11 left=33069
2026-08-28T10:48:58.899642Z  INFO fs3_daemon::runner: batch kind="embed" subject=1 x smart jobs=1 ms=0
2026-08-28T10:48:58.904890Z  INFO fs3_daemon::runner: done kind="embed" id=661927 left=33068
2026-08-28T10:48:58.990674Z  INFO fs3_daemon::runner: done kind=summarize subject=docs/plans/074-workflow-execution/deep-research-abort-controller.md::Cooperative Cancellation Patterns for TypeScript/Node.js Orchestration Engines: A Production-Ready Guide to AbortController Integration in Workflow State Management::Part 4: Graph State Management During Abort::Distinguishing Interruption from Failure ms=15 left=33068
2026-08-28T10:48:59.002957Z  INFO fs3_daemon::runner: batch kind="embed" subject=1 x smart jobs=1 ms=0
2026-08-28T10:48:59.010368Z  INFO fs3_daemon::runner: done kind="embed" id=661928 left=33067
2026-08-28T10:48:59.082578Z  INFO fs3_daemon::runner: done kind=summarize subject=docs/plans/074-workflow-execution/deep-research-abort-controller.md::Cooperative Cancellation Patterns for TypeScript/Node.js Orchestration Engines: A Production-Ready Guide to AbortController Integration in Workflow State Management::Part 4: Graph State Management During Abort ms=8 left=33067
2026-08-28T10:48:59.099570Z  INFO fs3_daemon::runner: batch kind="embed" subject=1 x smart jobs=1 ms=0
2026-08-28T10:48:59.107311Z  INFO fs3_daemon::runner: done kind="embed" id=661929 left=33066
2026-08-28T10:48:59.186517Z  INFO fs3_daemon::runner: done kind=summarize subject=docs/plans/074-workflow-execution/deep-research-abort-controller.md::Cooperative Cancellation Patterns for TypeScript/Node.js Orchestration Engines: A Production-Ready Guide to AbortController Integration in Workflow State Management::Part 3: Signal Propagation to Fire-and-Forget Child Processes::Handling Child Process Spawning with Signals ms=13 left=33066
2026-08-28T10:48:59.197616Z  INFO fs3_daemon::runner: batch kind="embed" subject=1 x smart jobs=1 ms=2
2026-08-28T10:48:59.205420Z  INFO fs3_daemon::runner: done kind="embed" id=661930 left=33065
2026-08-28T10:48:59.288996Z  INFO fs3_daemon::runner: done kind=summarize subject=docs/plans/074-workflow-execution/deep-research-abort-controller.md::Cooperative Cancellation Patterns for TypeScript/Node.js Orchestration Engines: A Production-Ready Guide to AbortController Integration in Workflow State Management::Part 3: Signal Propagation to Fire-and-Forget Child Processes::Integrating PodManager into ODS.execute() ms=13 left=33065
2026-08-28T10:48:59.300477Z  INFO fs3_daemon::runner: batch kind="embed" subject=1 x smart jobs=1 ms=1
2026-08-28T10:48:59.312477Z  INFO fs3_daemon::runner: done kind="embed" id=661931 left=33064
2026-08-28T10:48:59.407564Z  INFO fs3_daemon::runner: done kind=summarize subject=docs/plans/074-workflow-execution/deep-research-abort-controller.md::Cooperative Cancellation Patterns for TypeScript/Node.js Orchestration Engines: A Production-Ready Guide to AbortController Integration in Workflow State Management::Part 3: Signal Propagation to Fire-and-Forget Child Processes::Tracking Fire-and-Forget Pods in the PodManager ms=15 left=33064
2026-08-28T10:48:59.415739Z  INFO fs3_daemon::runner: batch kind="embed" subject=1 x smart jobs=1 ms=0
2026-08-28T10:48:59.425363Z  INFO fs3_daemon::runner: done kind="embed" id=661932 left=33063
2026-08-28T10:48:59.508190Z  INFO fs3_daemon::runner: done kind=summarize subject=docs/plans/074-workflow-execution/deep-research-abort-controller.md::Cooperative Cancellation Patterns for TypeScript/Node.js Orchestration Engines: A Production-Ready Guide to AbortController Integration in Workflow State Management::Part 3: Signal Propagation to Fire-and-Forget Child Processes ms=11 left=33063
2026-08-28T10:48:59.520848Z  INFO fs3_daemon::runner: batch kind="embed" subject=1 x smart jobs=1 ms=0
2026-08-28T10:48:59.532188Z  INFO fs3_daemon::runner: done kind="embed" id=661933 left=33062
2026-08-28T10:48:59.619791Z  INFO fs3_daemon::runner: done kind=summarize subject=docs/plans/074-workflow-execution/deep-research-abort-controller.md::Cooperative Cancellation Patterns for TypeScript/Node.js Orchestration Engines: A Production-Ready Guide to AbortController Integration in Workflow State Management::Part 2: Integrating AbortController into the Polling Loop::Type-Safe Abort Signal Management ms=13 left=33062
2026-08-28T10:48:59.634326Z  INFO fs3_daemon::runner: batch kind="embed" subject=1 x smart jobs=1 ms=3
2026-08-28T10:48:59.645748Z  INFO fs3_daemon::runner: done kind="embed" id=661934 left=33061
2026-08-28T10:48:59.718796Z  INFO fs3_daemon::runner: done kind=summarize subject=docs/plans/074-workflow-execution/deep-research-abort-controller.md::Cooperative Cancellation Patterns for TypeScript/Node.js Orchestration Engines: A Production-Ready Guide to AbortController Integration in Workflow State Management::Part 2: Integrating AbortController into the Polling Loop::The Polling Loop with Abortable Sleep ms=9 left=33061
2026-08-28T10:48:59.736804Z  INFO fs3_daemon::runner: batch kind="embed" subject=1 x smart jobs=1 ms=0
2026-08-28T10:48:59.744570Z  INFO fs3_daemon::runner: done kind="embed" id=661935 left=33060
2026-08-28T10:48:59.822319Z  INFO fs3_daemon::runner: done kind=summarize subject=docs/plans/074-workflow-execution/deep-research-abort-controller.md::Cooperative Cancellation Patterns for TypeScript/Node.js Orchestration Engines: A Production-Ready Guide to AbortController Integration in Workflow State Management::Part 2: Integrating AbortController into the Polling Loop ms=10 left=33060
2026-08-28T10:48:59.836928Z  INFO fs3_daemon::runner: batch kind="embed" subject=1 x smart jobs=1 ms=0
2026-08-28T10:48:59.845577Z  INFO fs3_daemon::runner: done kind="embed" id=661936 left=33059
2026-08-28T10:48:59.917664Z  INFO fs3_daemon::runner: done kind=summarize subject=docs/plans/074-workflow-execution/deep-research-abort-controller.md::Cooperative Cancellation Patterns for TypeScript/Node.js Orchestration Engines: A Production-Ready Guide to AbortController Integration in Workflow State Management::Part 1: Foundational Concepts and Current Architecture Analysis ms=15 left=33059
2026-08-28T10:48:59.928755Z  INFO fs3_daemon::runner: batch kind="embed" subject=1 x smart jobs=1 ms=0
2026-08-28T10:48:59.936721Z  INFO fs3_daemon::runner: done kind="embed" id=661937 left=33058
2026-08-28T10:49:00.018934Z  INFO fs3_daemon::runner: done kind=summarize subject=docs/plans/074-workflow-execution/deep-research-abort-controller.md::Cooperative Cancellation Patterns for TypeScript/Node.js Orchestration Engines: A Production-Ready Guide to AbortController Integration in Workflow State Management ms=10 left=33058
2026-08-28T10:49:00.028187Z  INFO fs3_daemon::runner: batch kind="embed" subject=1 x smart jobs=1 ms=0
2026-08-28T10:49:00.036528Z  INFO fs3_daemon::runner: done kind="embed" id=661938 left=33057
2026-08-28T10:49:00.104313Z  INFO fs3_daemon::runner: done kind=summarize subject=docs/plans/073-file-icons/tasks/phase-5-theme-adaptation-polish/tasks.md::Phase 5: Theme Adaptation & Polish — Tasks::Directory Layout ms=8 left=33057
2026-08-28T10:49:00.117421Z  INFO fs3_daemon::runner: batch kind="embed" subject=1 x smart jobs=1 ms=0
2026-08-28T10:49:00.123716Z  INFO fs3_daemon::runner: done kind="embed" id=661939 left=33056
2026-08-28T10:49:00.203147Z  INFO fs3_daemon::runner: done kind=summarize subject=docs/plans/073-file-icons/tasks/phase-5-theme-adaptation-polish/tasks.md::Phase 5: Theme Adaptation & Polish — Tasks::Discoveries & Learnings ms=8 left=33056
2026-08-28T10:49:00.212410Z  INFO fs3_daemon::runner: batch kind="embed" subject=1 x smart jobs=1 ms=0
2026-08-28T10:49:00.220951Z  INFO fs3_daemon::runner: done kind="embed" id=661940 left=33055
2026-08-28T10:49:00.303592Z  INFO fs3_daemon::runner: done kind=summarize subject=docs/plans/073-file-icons/tasks/phase-5-theme-adaptation-polish/tasks.md::Phase 5: Theme Adaptation & Polish — Tasks::Context Brief::Contrast Testing Flow ms=14 left=33055
2026-08-28T10:49:00.309235Z  INFO fs3_daemon::runner: batch kind="embed" subject=1 x smart jobs=1 ms=0
2026-08-28T10:49:00.315911Z  INFO fs3_daemon::runner: done kind="embed" id=661941 left=33054
2026-08-28T10:49:00.391464Z  INFO fs3_daemon::runner: done kind=summarize subject=docs/plans/073-file-icons/tasks/phase-5-theme-adaptation-polish/tasks.md::Phase 5: Theme Adaptation & Polish — Tasks::Context Brief::Data Flow ms=9 left=33054
2026-08-28T10:49:00.409179Z  INFO fs3_daemon::runner: batch kind="embed" subject=1 x smart jobs=1 ms=0
2026-08-28T10:49:00.419353Z  INFO fs3_daemon::runner: done kind="embed" id=661942 left=33053
2026-08-28T10:49:00.498250Z  INFO fs3_daemon::runner: done kind=summarize subject=docs/plans/073-file-icons/tasks/phase-5-theme-adaptation-polish/tasks.md::Phase 5: Theme Adaptation & Polish — Tasks::Context Brief ms=9 left=33053
2026-08-28T10:49:00.511398Z  INFO fs3_daemon::runner: batch kind="embed" subject=1 x smart jobs=1 ms=0
2026-08-28T10:49:00.518322Z  INFO fs3_daemon::runner: done kind="embed" id=661943 left=33052
2026-08-28T10:49:00.594112Z  INFO fs3_daemon::runner: done kind=summarize subject=docs/plans/073-file-icons/tasks/phase-5-theme-adaptation-polish/tasks.md::Phase 5: Theme Adaptation & Polish — Tasks::Tasks ms=10 left=33052
2026-08-28T10:49:00.604654Z  INFO fs3_daemon::runner: batch kind="embed" subject=1 x smart jobs=1 ms=0
2026-08-28T10:49:00.614027Z  INFO fs3_daemon::runner: done kind="embed" id=661944 left=33051
2026-08-28T10:49:00.687531Z  INFO fs3_daemon::runner: done kind=summarize subject=docs/plans/073-file-icons/tasks/phase-5-theme-adaptation-polish/tasks.md::Phase 5: Theme Adaptation & Polish — Tasks::Architecture Map ms=11 left=33051
2026-08-28T10:49:00.698730Z  INFO fs3_daemon::runner: batch kind="embed" subject=1 x smart jobs=1 ms=0
2026-08-28T10:49:00.705869Z  INFO fs3_daemon::runner: done kind="embed" id=661945 left=33050
2026-08-28T10:49:00.787486Z  INFO fs3_daemon::runner: done kind=summarize subject=docs/plans/073-file-icons/tasks/phase-5-theme-adaptation-polish/tasks.md::Phase 5: Theme Adaptation & Polish — Tasks::Pre-Implementation Check ms=15 left=33050
2026-08-28T10:49:00.797096Z  INFO fs3_daemon::runner: batch kind="embed" subject=1 x smart jobs=1 ms=0
2026-08-28T10:49:00.804670Z  INFO fs3_daemon::runner: done kind="embed" id=661946 left=33049
2026-08-28T10:49:00.873282Z  INFO fs3_daemon::runner: done kind=summarize subject=docs/plans/073-file-icons/tasks/phase-5-theme-adaptation-polish/tasks.md::Phase 5: Theme Adaptation & Polish — Tasks::Prior Phase Context ms=9 left=33049
2026-08-28T10:49:00.886912Z  INFO fs3_daemon::runner: batch kind="embed" subject=1 x smart jobs=1 ms=2
2026-08-28T10:49:00.898863Z  INFO fs3_daemon::runner: done kind="embed" id=661947 left=33048
2026-08-28T10:49:00.977281Z  INFO fs3_daemon::runner: done kind=summarize subject=docs/plans/073-file-icons/tasks/phase-5-theme-adaptation-polish/tasks.md::Phase 5: Theme Adaptation & Polish — Tasks::Executive Briefing ms=14 left=33048
2026-08-28T10:49:00.990647Z  INFO fs3_daemon::runner: batch kind="embed" subject=1 x smart jobs=1 ms=0
2026-08-28T10:49:00.998960Z  INFO fs3_daemon::runner: done kind="embed" id=661948 left=33047
2026-08-28T10:49:01.079775Z  INFO fs3_daemon::runner: done kind=summarize subject=docs/plans/073-file-icons/tasks/phase-5-theme-adaptation-polish/tasks.md::Phase 5: Theme Adaptation & Polish — Tasks ms=12 left=33047
2026-08-28T10:49:01.087906Z  INFO fs3_daemon::runner: batch kind="embed" subject=1 x smart jobs=1 ms=0
2026-08-28T10:49:01.098414Z  INFO fs3_daemon::runner: done kind="embed" id=661949 left=33046
2026-08-28T10:49:01.177687Z  INFO fs3_daemon::runner: done kind=summarize subject=docs/plans/073-file-icons/tasks/phase-5-theme-adaptation-polish/tasks.fltplan.md::Flight Plan: Phase 5 — Theme Adaptation & Polish::Goals & Non-Goals ms=13 left=33046
2026-08-28T10:49:01.189358Z  INFO fs3_daemon::runner: batch kind="embed" subject=1 x smart jobs=1 ms=0
2026-08-28T10:49:01.197297Z  INFO fs3_daemon::runner: done kind="embed" id=661950 left=33045
2026-08-28T10:49:01.278515Z  INFO fs3_daemon::runner: done kind=summarize subject=docs/plans/073-file-icons/tasks/phase-5-theme-adaptation-polish/tasks.fltplan.md::Flight Plan: Phase 5 — Theme Adaptation & Polish::Acceptance Criteria ms=13 left=33045
2026-08-28T10:49:01.290198Z  INFO fs3_daemon::runner: batch kind="embed" subject=1 x smart jobs=1 ms=0
2026-08-28T10:49:01.297946Z  INFO fs3_daemon::runner: done kind="embed" id=661951 left=33044
2026-08-28T10:49:01.374145Z  INFO fs3_daemon::runner: done kind=summarize subject=docs/plans/073-file-icons/tasks/phase-5-theme-adaptation-polish/tasks.fltplan.md::Flight Plan: Phase 5 — Theme Adaptation & Polish::Architecture: Before & After ms=12 left=33044
2026-08-28T10:49:01.383738Z  INFO fs3_daemon::runner: batch kind="embed" subject=1 x smart jobs=1 ms=0
2026-08-28T10:49:01.390654Z  INFO fs3_daemon::runner: done kind="embed" id=661952 left=33043
2026-08-28T10:49:01.468613Z  INFO fs3_daemon::runner: done kind=summarize subject=docs/plans/073-file-icons/tasks/phase-5-theme-adaptation-polish/tasks.fltplan.md::Flight Plan: Phase 5 — Theme Adaptation & Polish::Stages ms=11 left=33043
2026-08-28T10:49:01.479223Z  INFO fs3_daemon::runner: batch kind="embed" subject=1 x smart jobs=1 ms=0
2026-08-28T10:49:01.485082Z  INFO fs3_daemon::runner: done kind="embed" id=661953 left=33042
2026-08-28T10:49:01.560484Z  INFO fs3_daemon::runner: done kind=summarize subject=docs/plans/073-file-icons/tasks/phase-5-theme-adaptation-polish/tasks.fltplan.md::Flight Plan: Phase 5 — Theme Adaptation & Polish::Flight Status ms=9 left=33042
2026-08-28T10:49:01.575472Z  INFO fs3_daemon::runner: batch kind="embed" subject=1 x smart jobs=1 ms=0
2026-08-28T10:49:01.583652Z  INFO fs3_daemon::runner: done kind="embed" id=661954 left=33041
2026-08-28T10:49:01.666559Z  INFO fs3_daemon::runner: done kind=summarize subject=docs/plans/073-file-icons/tasks/phase-5-theme-adaptation-polish/tasks.fltplan.md::Flight Plan: Phase 5 — Theme Adaptation & Polish::Domain Context ms=9 left=33041
2026-08-28T10:49:01.678309Z  INFO fs3_daemon::runner: batch kind="embed" subject=1 x smart jobs=1 ms=0
2026-08-28T10:49:01.688428Z  INFO fs3_daemon::runner: done kind="embed" id=661955 left=33040
2026-08-28T10:49:01.791912Z  INFO fs3_daemon::runner: done kind=summarize subject=docs/plans/073-file-icons/tasks/phase-5-theme-adaptation-polish/tasks.fltplan.md::Flight Plan: Phase 5 — Theme Adaptation & Polish ms=30 left=33040
2026-08-28T10:49:01.796376Z  INFO fs3_daemon::runner: batch kind="embed" subject=1 x smart jobs=1 ms=1
2026-08-28T10:49:01.824431Z  INFO fs3_daemon::runner: done kind="embed" id=661956 left=33039
2026-08-28T10:49:01.919045Z  INFO fs3_daemon::runner: done kind=summarize subject=docs/plans/073-file-icons/tasks/phase-5-theme-adaptation-polish/execution.log.md::Phase 5: Theme Adaptation & Polish — Execution Log::Task Log ms=27 left=33039
2026-08-28T10:49:01.927918Z  INFO fs3_daemon::runner: batch kind="embed" subject=1 x smart jobs=1 ms=0
2026-08-28T10:49:01.948559Z  INFO fs3_daemon::runner: done kind="embed" id=661957 left=33038
2026-08-28T10:49:02.048621Z  INFO fs3_daemon::runner: done kind=summarize subject=docs/plans/073-file-icons/tasks/phase-5-theme-adaptation-polish/execution.log.md::Phase 5: Theme Adaptation & Polish — Execution Log::Pre-Phase Validation ms=20 left=33038
2026-08-28T10:49:02.059488Z  INFO fs3_daemon::runner: batch kind="embed" subject=1 x smart jobs=1 ms=3
2026-08-28T10:49:02.080343Z  INFO fs3_daemon::runner: done kind="embed" id=661958 left=33037
2026-08-28T10:49:02.176655Z  INFO fs3_daemon::runner: done kind=summarize subject=docs/plans/073-file-icons/tasks/phase-5-theme-adaptation-polish/execution.log.md::Phase 5: Theme Adaptation & Polish — Execution Log ms=24 left=33037
2026-08-28T10:49:02.189068Z  INFO fs3_daemon::runner: batch kind="embed" subject=1 x smart jobs=1 ms=4
2026-08-28T10:49:02.202803Z  INFO fs3_daemon::runner: done kind="embed" id=661959 left=33036
2026-08-28T10:49:02.294886Z  INFO fs3_daemon::runner: done kind=summarize subject=docs/plans/073-file-icons/tasks/phase-4-tree-surface-integration/tasks.md::Phase 4: Tree & Surface Integration — Tasks::Directory Layout ms=22 left=33036
2026-08-28T10:49:02.337109Z  INFO fs3_daemon::runner: progress phase="working" scanned=61600 scan_left=33 summarized=125076 summarize_left=33002 embedded=203594 embed_left=1 failed=0
2026-08-28T10:49:02.369660Z  INFO fs3_daemon::runner: batch kind="embed" subject=2 x smart jobs=2 ms=0
2026-08-28T10:49:02.384956Z  INFO fs3_daemon::runner: done kind="embed" id=661961 left=33035
2026-08-28T10:49:02.544392Z  INFO fs3_daemon::runner: done kind="embed" id=661960 left=33034
2026-08-28T10:49:02.638240Z  INFO fs3_daemon::runner: done kind=summarize subject=docs/plans/073-file-icons/tasks/phase-4-tree-surface-integration/tasks.md::Phase 4: Tree & Surface Integration — Tasks::Discoveries & Learnings ms=26 left=33034
2026-08-28T10:49:02.682607Z  INFO fs3_daemon::runner: batch kind="embed" subject=1 x smart jobs=1 ms=0
2026-08-28T10:49:02.699054Z  INFO fs3_daemon::runner: done kind=summarize subject=docs/plans/073-file-icons/tasks/phase-4-tree-surface-integration/tasks.md::Phase 4: Tree & Surface Integration — Tasks::Context Brief::Surface Wiring Map ms=53 left=33034
2026-08-28T10:49:02.709065Z  INFO fs3_daemon::runner: done kind="embed" id=661962 left=33033
2026-08-28T10:49:02.815057Z  INFO fs3_daemon::runner: done kind=summarize subject=docs/plans/073-file-icons/tasks/phase-4-tree-surface-integration/tasks.md::Phase 4: Tree & Surface Integration — Tasks::Context Brief::Data Flow ms=27 left=33033
2026-08-28T10:49:02.830186Z  INFO fs3_daemon::runner: batch kind="embed" subject=1 x smart jobs=1 ms=7
2026-08-28T10:49:02.851778Z  INFO fs3_daemon::runner: done kind="embed" id=661963 left=33032
2026-08-28T10:49:02.962046Z  INFO fs3_daemon::runner: done kind=summarize subject=docs/plans/073-file-icons/tasks/phase-4-tree-surface-integration/tasks.md::Phase 4: Tree & Surface Integration — Tasks::Context Brief ms=27 left=33032
2026-08-28T10:49:02.971205Z  INFO fs3_daemon::runner: batch kind="embed" subject=1 x smart jobs=1 ms=0
2026-08-28T10:49:02.987681Z  INFO fs3_daemon::runner: done kind="embed" id=661964 left=33031
2026-08-28T10:49:03.066820Z  INFO fs3_daemon::runner: done kind=summarize subject=docs/plans/073-file-icons/tasks/phase-4-tree-surface-integration/tasks.md::Phase 4: Tree & Surface Integration — Tasks::Tasks ms=12 left=33031
2026-08-28T10:49:03.080396Z  INFO fs3_daemon::runner: batch kind="embed" subject=1 x smart jobs=1 ms=1
2026-08-28T10:49:03.089214Z  INFO fs3_daemon::runner: done kind="embed" id=661965 left=33030
2026-08-28T10:49:03.164651Z  INFO fs3_daemon::runner: done kind=summarize subject=docs/plans/073-file-icons/tasks/phase-4-tree-surface-integration/tasks.md::Phase 4: Tree & Surface Integration — Tasks::Architecture Map ms=16 left=33030
2026-08-28T10:49:03.170558Z  INFO fs3_daemon::runner: batch kind="embed" subject=1 x smart jobs=1 ms=0
2026-08-28T10:49:03.176718Z  INFO fs3_daemon::runner: done kind="embed" id=661966 left=33029
2026-08-28T10:49:03.278991Z  INFO fs3_daemon::runner: done kind=summarize subject=docs/plans/073-file-icons/tasks/phase-4-tree-surface-integration/tasks.md::Phase 4: Tree & Surface Integration — Tasks::Pre-Implementation Check ms=30 left=33029
2026-08-28T10:49:03.290402Z  INFO fs3_daemon::runner: batch kind="embed" subject=1 x smart jobs=1 ms=1
2026-08-28T10:49:03.313756Z  INFO fs3_daemon::runner: done kind="embed" id=661967 left=33028
2026-08-28T10:49:03.538568Z  INFO fs3_daemon::runner: done kind=summarize subject=docs/plans/073-file-icons/tasks/phase-4-tree-surface-integration/tasks.md::Phase 4: Tree & Surface Integration — Tasks::Prior Phase Context ms=36 left=33028
2026-08-28T10:49:03.552828Z  INFO fs3_daemon::runner: batch kind="embed" subject=1 x smart jobs=1 ms=0
2026-08-28T10:49:03.573910Z  INFO fs3_daemon::runner: done kind="embed" id=661968 left=33027
2026-08-28T10:49:03.657787Z  INFO fs3_daemon::runner: done kind=summarize subject=docs/plans/073-file-icons/tasks/phase-4-tree-surface-integration/tasks.md::Phase 4: Tree & Surface Integration — Tasks::Executive Briefing ms=15 left=33027
2026-08-28T10:49:03.666552Z  INFO fs3_daemon::runner: batch kind="embed" subject=1 x smart jobs=1 ms=0
2026-08-28T10:49:03.678503Z  INFO fs3_daemon::runner: done kind="embed" id=661969 left=33026
2026-08-28T10:49:03.756758Z  INFO fs3_daemon::runner: done kind=summarize subject=docs/plans/073-file-icons/tasks/phase-4-tree-surface-integration/tasks.md::Phase 4: Tree & Surface Integration — Tasks ms=15 left=33026
2026-08-28T10:49:03.761281Z  INFO fs3_daemon::runner: batch kind="embed" subject=1 x smart jobs=1 ms=0
2026-08-28T10:49:03.768866Z  INFO fs3_daemon::runner: done kind="embed" id=661970 left=33025
2026-08-28T10:49:03.854492Z  INFO fs3_daemon::runner: done kind=summarize subject=docs/plans/073-file-icons/tasks/phase-4-tree-surface-integration/tasks.fltplan.md::Flight Plan: Phase 4 — Tree & Surface Integration::Checklist ms=12 left=33025
2026-08-28T10:49:03.862900Z  INFO fs3_daemon::runner: batch kind="embed" subject=1 x smart jobs=1 ms=0
2026-08-28T10:49:03.869428Z  INFO fs3_daemon::runner: done kind="embed" id=661971 left=33024
2026-08-28T10:49:03.943695Z  INFO fs3_daemon::runner: done kind=summarize subject=docs/plans/073-file-icons/tasks/phase-4-tree-surface-integration/tasks.fltplan.md::Flight Plan: Phase 4 — Tree & Surface Integration::Goals & Non-Goals ms=13 left=33024
2026-08-28T10:49:03.950720Z  INFO fs3_daemon::runner: batch kind="embed" subject=1 x smart jobs=1 ms=0
2026-08-28T10:49:03.956342Z  INFO fs3_daemon::runner: done kind="embed" id=661972 left=33023
2026-08-28T10:49:04.038138Z  INFO fs3_daemon::runner: done kind=summarize subject=docs/plans/073-file-icons/tasks/phase-4-tree-surface-integration/tasks.fltplan.md::Flight Plan: Phase 4 — Tree & Surface Integration::Acceptance Criteria ms=16 left=33023
2026-08-28T10:49:04.043488Z  INFO fs3_daemon::runner: batch kind="embed" subject=1 x smart jobs=1 ms=0
2026-08-28T10:49:04.051159Z  INFO fs3_daemon::runner: done kind="embed" id=661973 left=33022
2026-08-28T10:49:04.130142Z  INFO fs3_daemon::runner: done kind=summarize subject=docs/plans/073-file-icons/tasks/phase-4-tree-surface-integration/tasks.fltplan.md::Flight Plan: Phase 4 — Tree & Surface Integration::Architecture: Before & After ms=10 left=33022
2026-08-28T10:49:04.143309Z  INFO fs3_daemon::runner: batch kind="embed" subject=1 x smart jobs=1 ms=0
2026-08-28T10:49:04.153111Z  INFO fs3_daemon::runner: done kind="embed" id=661974 left=33021
2026-08-28T10:49:04.232056Z  INFO fs3_daemon::runner: done kind=summarize subject=docs/plans/073-file-icons/tasks/phase-4-tree-surface-integration/tasks.fltplan.md::Flight Plan: Phase 4 — Tree & Surface Integration::Stages ms=11 left=33021
2026-08-28T10:49:04.243195Z  INFO fs3_daemon::runner: batch kind="embed" subject=1 x smart jobs=1 ms=0
2026-08-28T10:49:04.256651Z  INFO fs3_daemon::runner: done kind="embed" id=661975 left=33020
2026-08-28T10:49:04.338023Z  INFO fs3_daemon::runner: done kind=summarize subject=docs/plans/073-file-icons/tasks/phase-4-tree-surface-integration/tasks.fltplan.md::Flight Plan: Phase 4 — Tree & Surface Integration::Flight Status ms=14 left=33020
2026-08-28T10:49:04.347158Z  INFO fs3_daemon::runner: batch kind="embed" subject=1 x smart jobs=1 ms=0
2026-08-28T10:49:04.354272Z  INFO fs3_daemon::runner: done kind="embed" id=661976 left=33019
2026-08-28T10:49:04.439042Z  INFO fs3_daemon::runner: done kind=summarize subject=docs/plans/073-file-icons/tasks/phase-4-tree-surface-integration/tasks.fltplan.md::Flight Plan: Phase 4 — Tree & Surface Integration::Domain Context ms=14 left=33019
2026-08-28T10:49:04.457887Z  INFO fs3_daemon::runner: batch kind="embed" subject=1 x smart jobs=1 ms=0
2026-08-28T10:49:04.468781Z  INFO fs3_daemon::runner: done kind="embed" id=661977 left=33018
2026-08-28T10:49:04.557013Z  INFO fs3_daemon::runner: done kind=summarize subject=docs/plans/073-file-icons/tasks/phase-4-tree-surface-integration/tasks.fltplan.md::Flight Plan: Phase 4 — Tree & Surface Integration ms=17 left=33018
2026-08-28T10:49:04.568350Z  INFO fs3_daemon::runner: batch kind="embed" subject=1 x smart jobs=1 ms=0
2026-08-28T10:49:04.579704Z  INFO fs3_daemon::runner: done kind="embed" id=661978 left=33017
2026-08-28T10:49:04.661901Z  INFO fs3_daemon::runner: done kind=summarize subject=docs/plans/073-file-icons/tasks/phase-4-tree-surface-integration/execution.log.md::Phase 4: Tree & Surface Integration — Execution Log::Task Log ms=12 left=33017
2026-08-28T10:49:04.669578Z  INFO fs3_daemon::runner: batch kind="embed" subject=1 x smart jobs=1 ms=0
2026-08-28T10:49:04.676801Z  INFO fs3_daemon::runner: done kind="embed" id=661979 left=33016
2026-08-28T10:49:04.753881Z  INFO fs3_daemon::runner: done kind=summarize subject=docs/plans/073-file-icons/tasks/phase-4-tree-surface-integration/execution.log.md::Phase 4: Tree & Surface Integration — Execution Log::Pre-Phase Validation ms=13 left=33016
2026-08-28T10:49:04.764671Z  INFO fs3_daemon::runner: batch kind="embed" subject=1 x smart jobs=1 ms=0
2026-08-28T10:49:04.778011Z  INFO fs3_daemon::runner: done kind="embed" id=661980 left=33015
2026-08-28T10:49:04.861775Z  INFO fs3_daemon::runner: done kind=summarize subject=docs/plans/073-file-icons/tasks/phase-4-tree-surface-integration/execution.log.md::Phase 4: Tree & Surface Integration — Execution Log ms=15 left=33015
2026-08-28T10:49:04.872234Z  INFO fs3_daemon::runner: batch kind="embed" subject=1 x smart jobs=1 ms=0
2026-08-28T10:49:04.881665Z  INFO fs3_daemon::runner: done kind="embed" id=661981 left=33014
2026-08-28T10:49:04.953427Z  INFO fs3_daemon::runner: done kind=summarize subject=docs/plans/073-file-icons/tasks/phase-3-fileicon-components-sdk-setting/tasks.md::Phase 3: FileIcon Components & SDK Setting — Tasks::Directory Layout ms=13 left=33014
2026-08-28T10:49:04.964557Z  INFO fs3_daemon::runner: batch kind="embed" subject=1 x smart jobs=1 ms=0
2026-08-28T10:49:04.975977Z  INFO fs3_daemon::runner: done kind="embed" id=661982 left=33013
2026-08-28T10:49:05.060762Z  INFO fs3_daemon::runner: done kind=summarize subject=docs/plans/073-file-icons/tasks/phase-3-fileicon-components-sdk-setting/tasks.md::Phase 3: FileIcon Components & SDK Setting — Tasks::Context Brief::Component Rendering Sequence ms=19 left=33013
2026-08-28T10:49:05.064662Z  INFO fs3_daemon::runner: batch kind="embed" subject=1 x smart jobs=1 ms=0
2026-08-28T10:49:05.073828Z  INFO fs3_daemon::runner: done kind="embed" id=661983 left=33012
2026-08-28T10:49:05.156832Z  INFO fs3_daemon::runner: done kind=summarize subject=docs/plans/073-file-icons/tasks/phase-3-fileicon-components-sdk-setting/tasks.md::Phase 3: FileIcon Components & SDK Setting — Tasks::Context Brief::Data Flow ms=12 left=33012
2026-08-28T10:49:05.166793Z  INFO fs3_daemon::runner: batch kind="embed" subject=1 x smart jobs=1 ms=0
2026-08-28T10:49:05.180763Z  INFO fs3_daemon::runner: done kind="embed" id=661984 left=33011
2026-08-28T10:49:05.258810Z  INFO fs3_daemon::runner: done kind=summarize subject=docs/plans/073-file-icons/tasks/phase-3-fileicon-components-sdk-setting/tasks.md::Phase 3: FileIcon Components & SDK Setting — Tasks::Context Brief::SDK Contribution Pattern ms=10 left=33011
2026-08-28T10:49:05.273349Z  INFO fs3_daemon::runner: batch kind="embed" subject=1 x smart jobs=1 ms=0
2026-08-28T10:49:05.281240Z  INFO fs3_daemon::runner: done kind="embed" id=661985 left=33010
2026-08-28T10:49:05.353028Z  INFO fs3_daemon::runner: done kind=summarize subject=docs/plans/073-file-icons/tasks/phase-3-fileicon-components-sdk-setting/tasks.md::Phase 3: FileIcon Components & SDK Setting — Tasks::Context Brief ms=9 left=33010
2026-08-28T10:49:05.367509Z  INFO fs3_daemon::runner: batch kind="embed" subject=1 x smart jobs=1 ms=0
2026-08-28T10:49:05.375443Z  INFO fs3_daemon::runner: done kind="embed" id=661986 left=33009
2026-08-28T10:49:05.453001Z  INFO fs3_daemon::runner: done kind=summarize subject=docs/plans/073-file-icons/tasks/phase-3-fileicon-components-sdk-setting/tasks.md::Phase 3: FileIcon Components & SDK Setting — Tasks::Tasks ms=12 left=33009
2026-08-28T10:49:05.461760Z  INFO fs3_daemon::runner: batch kind="embed" subject=1 x smart jobs=1 ms=0
2026-08-28T10:49:05.472200Z  INFO fs3_daemon::runner: done kind="embed" id=661987 left=33008
2026-08-28T10:49:05.552798Z  INFO fs3_daemon::runner: done kind=summarize subject=docs/plans/073-file-icons/tasks/phase-3-fileicon-components-sdk-setting/tasks.md::Phase 3: FileIcon Components & SDK Setting — Tasks::Architecture Map ms=17 left=33008
2026-08-28T10:49:05.558364Z  INFO fs3_daemon::runner: batch kind="embed" subject=1 x smart jobs=1 ms=0
2026-08-28T10:49:05.563950Z  INFO fs3_daemon::runner: done kind="embed" id=661988 left=33007
2026-08-28T10:49:05.644610Z  INFO fs3_daemon::runner: done kind=summarize subject=docs/plans/073-file-icons/tasks/phase-3-fileicon-components-sdk-setting/tasks.md::Phase 3: FileIcon Components & SDK Setting — Tasks::Pre-Implementation Check ms=16 left=33007
2026-08-28T10:49:05.648581Z  INFO fs3_daemon::runner: batch kind="embed" subject=1 x smart jobs=1 ms=0
2026-08-28T10:49:05.654118Z  INFO fs3_daemon::runner: done kind="embed" id=661989 left=33006
2026-08-28T10:49:05.731992Z  INFO fs3_daemon::runner: done kind=summarize subject=docs/plans/073-file-icons/tasks/phase-3-fileicon-components-sdk-setting/tasks.md::Phase 3: FileIcon Components & SDK Setting — Tasks::Prior Phase Context::Phase 2: Icon Asset Pipeline ms=14 left=33006
2026-08-28T10:49:05.741552Z  INFO fs3_daemon::runner: batch kind="embed" subject=1 x smart jobs=1 ms=0
2026-08-28T10:49:05.749945Z  INFO fs3_daemon::runner: done kind="embed" id=661990 left=33005
2026-08-28T10:49:05.827407Z  INFO fs3_daemon::runner: done kind=summarize subject=docs/plans/073-file-icons/tasks/phase-3-fileicon-components-sdk-setting/tasks.md::Phase 3: FileIcon Components & SDK Setting — Tasks::Prior Phase Context::Phase 1: Domain Setup & Icon Resolver ms=14 left=33005
2026-08-28T10:49:05.834385Z  INFO fs3_daemon::runner: batch kind="embed" subject=1 x smart jobs=1 ms=0
2026-08-28T10:49:05.840857Z  INFO fs3_daemon::runner: done kind="embed" id=661991 left=33004
2026-08-28T10:49:05.918866Z  INFO fs3_daemon::runner: done kind=summarize subject=docs/plans/073-file-icons/tasks/phase-3-fileicon-components-sdk-setting/tasks.md::Phase 3: FileIcon Components & SDK Setting — Tasks::Prior Phase Context ms=13 left=33004
2026-08-28T10:49:05.926280Z  INFO fs3_daemon::runner: batch kind="embed" subject=1 x smart jobs=1 ms=0
2026-08-28T10:49:05.934483Z  INFO fs3_daemon::runner: done kind="embed" id=661992 left=33003
2026-08-28T10:49:06.015808Z  INFO fs3_daemon::runner: done kind=summarize subject=docs/plans/073-file-icons/tasks/phase-3-fileicon-components-sdk-setting/tasks.md::Phase 3: FileIcon Components & SDK Setting — Tasks::Executive Briefing ms=14 left=33003
2026-08-28T10:49:06.022087Z  INFO fs3_daemon::runner: batch kind="embed" subject=1 x smart jobs=1 ms=0
2026-08-28T10:49:06.029352Z  INFO fs3_daemon::runner: done kind="embed" id=661993 left=33002
2026-08-28T10:49:06.103159Z  INFO fs3_daemon::runner: done kind=summarize subject=docs/plans/073-file-icons/tasks/phase-3-fileicon-components-sdk-setting/tasks.md::Phase 3: FileIcon Components & SDK Setting — Tasks ms=8 left=33002
2026-08-28T10:49:06.119540Z  INFO fs3_daemon::runner: batch kind="embed" subject=1 x smart jobs=1 ms=0
2026-08-28T10:49:06.129622Z  INFO fs3_daemon::runner: done kind="embed" id=661994 left=33001
2026-08-28T10:49:06.206849Z  INFO fs3_daemon::runner: done kind=summarize subject=docs/plans/073-file-icons/tasks/phase-3-fileicon-components-sdk-setting/tasks.fltplan.md::Flight Plan: Phase 3 — FileIcon Components & SDK Setting::Checklist ms=8 left=33001
2026-08-28T10:49:06.222514Z  INFO fs3_daemon::runner: batch kind="embed" subject=1 x smart jobs=1 ms=0
2026-08-28T10:49:06.230822Z  INFO fs3_daemon::runner: done kind="embed" id=661995 left=33000
2026-08-28T10:49:06.303704Z  INFO fs3_daemon::runner: done kind=summarize subject=docs/plans/073-file-icons/tasks/phase-3-fileicon-components-sdk-setting/tasks.fltplan.md::Flight Plan: Phase 3 — FileIcon Components & SDK Setting::Goals & Non-Goals ms=8 left=33000
2026-08-28T10:49:06.311659Z  INFO fs3_daemon::runner: batch kind="embed" subject=1 x smart jobs=1 ms=0
2026-08-28T10:49:06.318578Z  INFO fs3_daemon::runner: done kind="embed" id=661996 left=32999
2026-08-28T10:49:06.393908Z  INFO fs3_daemon::runner: done kind=summarize subject=docs/plans/073-file-icons/tasks/phase-3-fileicon-components-sdk-setting/tasks.fltplan.md::Flight Plan: Phase 3 — FileIcon Components & SDK Setting::Acceptance Criteria ms=8 left=32999
2026-08-28T10:49:06.412290Z  INFO fs3_daemon::runner: batch kind="embed" subject=1 x smart jobs=1 ms=1
2026-08-28T10:49:06.420444Z  INFO fs3_daemon::runner: done kind="embed" id=661997 left=32998
2026-08-28T10:49:06.491872Z  INFO fs3_daemon::runner: done kind=summarize subject=docs/plans/073-file-icons/tasks/phase-3-fileicon-components-sdk-setting/tasks.fltplan.md::Flight Plan: Phase 3 — FileIcon Components & SDK Setting::Architecture: Before & After ms=12 left=32998
2026-08-28T10:49:06.507149Z  INFO fs3_daemon::runner: batch kind="embed" subject=1 x smart jobs=1 ms=1
2026-08-28T10:49:06.512970Z  INFO fs3_daemon::runner: done kind="embed" id=661998 left=32997
2026-08-28T10:49:06.611015Z  INFO fs3_daemon::runner: done kind=summarize subject=docs/plans/073-file-icons/tasks/phase-3-fileicon-components-sdk-setting/tasks.fltplan.md::Flight Plan: Phase 3 — FileIcon Components & SDK Setting::Stages ms=27 left=32997
2026-08-28T10:49:06.618647Z  INFO fs3_daemon::runner: batch kind="embed" subject=1 x smart jobs=1 ms=0
2026-08-28T10:49:06.632770Z  INFO fs3_daemon::runner: done kind="embed" id=661999 left=32996
2026-08-28T10:49:06.740969Z  INFO fs3_daemon::runner: done kind=summarize subject=docs/plans/073-file-icons/tasks/phase-3-fileicon-components-sdk-setting/tasks.fltplan.md::Flight Plan: Phase 3 — FileIcon Components & SDK Setting::Flight Status ms=23 left=32996
2026-08-28T10:49:06.748687Z  INFO fs3_daemon::runner: batch kind="embed" subject=1 x smart jobs=1 ms=0
2026-08-28T10:49:06.763869Z  INFO fs3_daemon::runner: done kind="embed" id=662000 left=32995
2026-08-28T10:49:06.875644Z  INFO fs3_daemon::runner: done kind=summarize subject=docs/plans/073-file-icons/tasks/phase-3-fileicon-components-sdk-setting/tasks.fltplan.md::Flight Plan: Phase 3 — FileIcon Components & SDK Setting::Domain Context::Domains We Depend On (no changes) ms=28 left=32995
2026-08-28T10:49:06.885960Z  INFO fs3_daemon::runner: batch kind="embed" subject=1 x smart jobs=1 ms=0
2026-08-28T10:49:06.906818Z  INFO fs3_daemon::runner: done kind="embed" id=662001 left=32994
2026-08-28T10:49:07.015576Z  INFO fs3_daemon::runner: done kind=summarize subject=docs/plans/073-file-icons/tasks/phase-3-fileicon-components-sdk-setting/tasks.fltplan.md::Flight Plan: Phase 3 — FileIcon Components & SDK Setting::Domain Context ms=28 left=32994
2026-08-28T10:49:07.024071Z  INFO fs3_daemon::runner: batch kind="embed" subject=1 x smart jobs=1 ms=0
2026-08-28T10:49:07.043767Z  INFO fs3_daemon::runner: done kind="embed" id=662002 left=32993
2026-08-28T10:49:07.140940Z  INFO fs3_daemon::runner: done kind=summarize subject=docs/plans/073-file-icons/tasks/phase-3-fileicon-components-sdk-setting/tasks.fltplan.md::Flight Plan: Phase 3 — FileIcon Components & SDK Setting ms=29 left=32993
2026-08-28T10:49:07.148747Z  INFO fs3_daemon::runner: batch kind="embed" subject=1 x smart jobs=1 ms=0
2026-08-28T10:49:07.169159Z  INFO fs3_daemon::runner: done kind="embed" id=662003 left=32992
2026-08-28T10:49:07.278561Z  INFO fs3_daemon::runner: done kind=summarize subject=docs/plans/073-file-icons/tasks/phase-3-fileicon-components-sdk-setting/execution.log.md::Execution Log: Phase 3 — FileIcon Components & SDK Setting::Task Log ms=30 left=32992
2026-08-28T10:49:07.291324Z  INFO fs3_daemon::runner: batch kind="embed" subject=1 x smart jobs=1 ms=1
2026-08-28T10:49:07.309831Z  INFO fs3_daemon::runner: done kind="embed" id=662004 left=32991
2026-08-28T10:49:07.423631Z  INFO fs3_daemon::runner: done kind=summarize subject=docs/plans/073-file-icons/tasks/phase-3-fileicon-components-sdk-setting/execution.log.md::Execution Log: Phase 3 — FileIcon Components & SDK Setting ms=37 left=32991
2026-08-28T10:49:07.444347Z  INFO fs3_daemon::runner: progress phase="working" scanned=61600 scan_left=33 summarized=125121 summarize_left=32957 embedded=203639 embed_left=1 failed=0
2026-08-28T10:49:07.470680Z  INFO fs3_daemon::runner: batch kind="embed" subject=2 x smart jobs=2 ms=0
2026-08-28T10:49:07.485586Z  INFO fs3_daemon::runner: done kind="embed" id=662006 left=32990
2026-08-28T10:49:07.560730Z  INFO fs3_daemon::runner: done kind="embed" id=662005 left=32989
2026-08-28T10:49:07.638708Z  INFO fs3_daemon::runner: done kind=summarize subject=docs/plans/073-file-icons/tasks/phase-2-icon-asset-pipeline/tasks.md::Phase 2: Icon Asset Pipeline — Tasks::Directory Layout ms=13 left=32989
2026-08-28T10:49:07.662126Z  INFO fs3_daemon::runner: done kind=summarize subject=docs/plans/073-file-icons/tasks/phase-2-icon-asset-pipeline/tasks.md::Phase 2: Icon Asset Pipeline — Tasks::Discoveries & Learnings ms=18 left=32989
2026-08-28T10:49:07.663812Z  INFO fs3_daemon::runner: batch kind="embed" subject=1 x smart jobs=1 ms=0
2026-08-28T10:49:07.674904Z  INFO fs3_daemon::runner: done kind="embed" id=662007 left=32988
2026-08-28T10:49:07.757968Z  INFO fs3_daemon::runner: done kind=summarize subject=docs/plans/073-file-icons/tasks/phase-2-icon-asset-pipeline/tasks.md::Phase 2: Icon Asset Pipeline — Tasks::Context Brief::Build Pipeline Sequence ms=11 left=32988
2026-08-28T10:49:07.769796Z  INFO fs3_daemon::runner: batch kind="embed" subject=1 x smart jobs=1 ms=0
2026-08-28T10:49:07.778090Z  INFO fs3_daemon::runner: done kind="embed" id=662008 left=32987
2026-08-28T10:49:07.880698Z  INFO fs3_daemon::runner: done kind=summarize subject=docs/plans/073-file-icons/tasks/phase-2-icon-asset-pipeline/tasks.md::Phase 2: Icon Asset Pipeline — Tasks::Context Brief::Data Flow ms=26 left=32987
2026-08-28T10:49:07.889241Z  INFO fs3_daemon::runner: batch kind="embed" subject=1 x smart jobs=1 ms=0
2026-08-28T10:49:07.906025Z  INFO fs3_daemon::runner: done kind="embed" id=662009 left=32986
2026-08-28T10:49:08.008433Z  INFO fs3_daemon::runner: done kind=summarize subject=docs/plans/073-file-icons/tasks/phase-2-icon-asset-pipeline/tasks.md::Phase 2: Icon Asset Pipeline — Tasks::Context Brief ms=26 left=32986
2026-08-28T10:49:08.020116Z  INFO fs3_daemon::runner: batch kind="embed" subject=1 x smart jobs=1 ms=3
2026-08-28T10:49:08.034587Z  INFO fs3_daemon::runner: done kind="embed" id=662010 left=32985
2026-08-28T10:49:08.111257Z  INFO fs3_daemon::runner: done kind=summarize subject=docs/plans/073-file-icons/tasks/phase-2-icon-asset-pipeline/tasks.md::Phase 2: Icon Asset Pipeline — Tasks::Tasks ms=9 left=32985
2026-08-28T10:49:08.124383Z  INFO fs3_daemon::runner: batch kind="embed" subject=1 x smart jobs=1 ms=1
2026-08-28T10:49:08.133981Z  INFO fs3_daemon::runner: done kind="embed" id=662011 left=32984
2026-08-28T10:49:08.215340Z  INFO fs3_daemon::runner: done kind=summarize subject=docs/plans/073-file-icons/tasks/phase-2-icon-asset-pipeline/tasks.md::Phase 2: Icon Asset Pipeline — Tasks::Architecture Map ms=19 left=32984
2026-08-28T10:49:08.219320Z  INFO fs3_daemon::runner: batch kind="embed" subject=1 x smart jobs=1 ms=1
2026-08-28T10:49:08.225260Z  INFO fs3_daemon::runner: done kind="embed" id=662012 left=32983
2026-08-28T10:49:08.330606Z  INFO fs3_daemon::runner: batch kind="embed" subject=1 x smart jobs=1 ms=0
2026-08-28T10:49:08.343881Z  INFO fs3_daemon::runner: done kind=summarize subject=docs/plans/073-file-icons/tasks/phase-2-icon-asset-pipeline/tasks.md::Phase 2: Icon Asset Pipeline — Tasks::Pre-Implementation Check ms=46 left=32983
2026-08-28T10:49:08.349187Z  INFO fs3_daemon::runner: done kind="embed" id=662013 left=32982
2026-08-28T10:49:08.457422Z  INFO fs3_daemon::runner: done kind=summarize subject=docs/plans/073-file-icons/tasks/phase-2-icon-asset-pipeline/tasks.md::Phase 2: Icon Asset Pipeline — Tasks::Prior Phase Context::Phase 1: Domain Setup & Icon Resolver ms=33 left=32982
2026-08-28T10:49:08.466529Z  INFO fs3_daemon::runner: batch kind="embed" subject=1 x smart jobs=1 ms=0
2026-08-28T10:49:08.483092Z  INFO fs3_daemon::runner: done kind="embed" id=662014 left=32981
2026-08-28T10:49:08.581708Z  INFO fs3_daemon::runner: batch kind="embed" subject=1 x smart jobs=1 ms=0
2026-08-28T10:49:08.586507Z  INFO fs3_daemon::runner: done kind=summarize subject=docs/plans/073-file-icons/tasks/phase-2-icon-asset-pipeline/tasks.md::Phase 2: Icon Asset Pipeline — Tasks::Prior Phase Context ms=30 left=32981
2026-08-28T10:49:08.591430Z  INFO fs3_daemon::runner: done kind="embed" id=662015 left=32980
2026-08-28T10:49:08.670470Z  INFO fs3_daemon::runner: done kind=summarize subject=docs/plans/073-file-icons/tasks/phase-2-icon-asset-pipeline/tasks.md::Phase 2: Icon Asset Pipeline — Tasks::Executive Briefing ms=13 left=32980
2026-08-28T10:49:08.686417Z  INFO fs3_daemon::runner: batch kind="embed" subject=1 x smart jobs=1 ms=0
2026-08-28T10:49:08.695712Z  INFO fs3_daemon::runner: done kind="embed" id=662016 left=32979
2026-08-28T10:49:08.782223Z  INFO fs3_daemon::runner: done kind=summarize subject=docs/plans/073-file-icons/tasks/phase-2-icon-asset-pipeline/tasks.md::Phase 2: Icon Asset Pipeline — Tasks ms=16 left=32979
2026-08-28T10:49:08.788187Z  INFO fs3_daemon::runner: batch kind="embed" subject=1 x smart jobs=1 ms=0
2026-08-28T10:49:08.796815Z  INFO fs3_daemon::runner: done kind="embed" id=662017 left=32978
2026-08-28T10:49:08.871362Z  INFO fs3_daemon::runner: done kind=summarize subject=docs/plans/073-file-icons/tasks/phase-2-icon-asset-pipeline/tasks.fltplan.md::Flight Plan: Phase 2 — Icon Asset Pipeline::Checklist ms=12 left=32978
2026-08-28T10:49:08.878145Z  INFO fs3_daemon::runner: batch kind="embed" subject=1 x smart jobs=1 ms=0
2026-08-28T10:49:08.884354Z  INFO fs3_daemon::runner: done kind="embed" id=662018 left=32977
2026-08-28T10:49:08.956186Z  INFO fs3_daemon::runner: done kind=summarize subject=docs/plans/073-file-icons/tasks/phase-2-icon-asset-pipeline/tasks.fltplan.md::Flight Plan: Phase 2 — Icon Asset Pipeline::Goals & Non-Goals ms=9 left=32977
2026-08-28T10:49:08.968677Z  INFO fs3_daemon::runner: batch kind="embed" subject=1 x smart jobs=1 ms=1
2026-08-28T10:49:08.980464Z  INFO fs3_daemon::runner: done kind="embed" id=662019 left=32976
2026-08-28T10:49:09.064422Z  INFO fs3_daemon::runner: done kind=summarize subject=docs/plans/073-file-icons/tasks/phase-2-icon-asset-pipeline/tasks.fltplan.md::Flight Plan: Phase 2 — Icon Asset Pipeline::Architecture: Before & After ms=13 left=32976
2026-08-28T10:49:09.076039Z  INFO fs3_daemon::runner: batch kind="embed" subject=1 x smart jobs=1 ms=1
2026-08-28T10:49:09.085863Z  INFO fs3_daemon::runner: done kind="embed" id=662020 left=32975
2026-08-28T10:49:09.173211Z  INFO fs3_daemon::runner: done kind=summarize subject=docs/plans/073-file-icons/tasks/phase-2-icon-asset-pipeline/tasks.fltplan.md::Flight Plan: Phase 2 — Icon Asset Pipeline::Stages ms=16 left=32975
2026-08-28T10:49:09.179547Z  INFO fs3_daemon::runner: batch kind="embed" subject=1 x smart jobs=1 ms=0
2026-08-28T10:49:09.186858Z  INFO fs3_daemon::runner: done kind="embed" id=662021 left=32974
2026-08-28T10:49:09.268299Z  INFO fs3_daemon::runner: done kind=summarize subject=docs/plans/073-file-icons/tasks/phase-2-icon-asset-pipeline/tasks.fltplan.md::Flight Plan: Phase 2 — Icon Asset Pipeline::Flight Status ms=11 left=32974
2026-08-28T10:49:09.283189Z  INFO fs3_daemon::runner: batch kind="embed" subject=1 x smart jobs=1 ms=0
2026-08-28T10:49:09.295955Z  INFO fs3_daemon::runner: done kind="embed" id=662022 left=32973
2026-08-28T10:49:09.382512Z  INFO fs3_daemon::runner: done kind=summarize subject=docs/plans/073-file-icons/tasks/phase-2-icon-asset-pipeline/tasks.fltplan.md::Flight Plan: Phase 2 — Icon Asset Pipeline::Domain Context ms=12 left=32973
2026-08-28T10:49:09.391886Z  INFO fs3_daemon::runner: batch kind="embed" subject=1 x smart jobs=1 ms=0
2026-08-28T10:49:09.400263Z  INFO fs3_daemon::runner: done kind="embed" id=662023 left=32972
2026-08-28T10:49:09.483308Z  INFO fs3_daemon::runner: done kind=summarize subject=docs/plans/073-file-icons/tasks/phase-2-icon-asset-pipeline/tasks.fltplan.md::Flight Plan: Phase 2 — Icon Asset Pipeline ms=17 left=32972
2026-08-28T10:49:09.495916Z  INFO fs3_daemon::runner: batch kind="embed" subject=1 x smart jobs=1 ms=0
2026-08-28T10:49:09.505293Z  INFO fs3_daemon::runner: done kind="embed" id=662024 left=32971
2026-08-28T10:49:09.588305Z  INFO fs3_daemon::runner: done kind=summarize subject=docs/plans/073-file-icons/tasks/phase-2-icon-asset-pipeline/execution.log.md::Execution Log: Phase 2 — Icon Asset Pipeline::Task Log::T002-T005b: Build Script + Types (Complete) ms=12 left=32971
2026-08-28T10:49:09.596007Z  INFO fs3_daemon::runner: batch kind="embed" subject=1 x smart jobs=1 ms=0
2026-08-28T10:49:09.601912Z  INFO fs3_daemon::runner: done kind="embed" id=662025 left=32970
2026-08-28T10:49:09.675327Z  INFO fs3_daemon::runner: done kind=summarize subject=docs/plans/073-file-icons/tasks/phase-2-icon-asset-pipeline/execution.log.md::Execution Log: Phase 2 — Icon Asset Pipeline::Task Log ms=9 left=32970
2026-08-28T10:49:09.685098Z  INFO fs3_daemon::runner: batch kind="embed" subject=1 x smart jobs=1 ms=1
2026-08-28T10:49:09.694708Z  INFO fs3_daemon::runner: done kind="embed" id=662026 left=32969
2026-08-28T10:49:09.775582Z  INFO fs3_daemon::runner: done kind=summarize subject=docs/plans/073-file-icons/tasks/phase-2-icon-asset-pipeline/execution.log.md::Execution Log: Phase 2 — Icon Asset Pipeline ms=13 left=32969
2026-08-28T10:49:09.785230Z  INFO fs3_daemon::runner: batch kind="embed" subject=1 x smart jobs=1 ms=1
2026-08-28T10:49:09.792222Z  INFO fs3_daemon::runner: done kind="embed" id=662027 left=32968
2026-08-28T10:49:09.871856Z  INFO fs3_daemon::runner: done kind=summarize subject=docs/plans/073-file-icons/tasks/phase-1-domain-setup-icon-resolver/tasks.md::Phase 1: Domain Setup & Icon Resolver — Tasks::Directory Layout ms=14 left=32968
2026-08-28T10:49:09.879203Z  INFO fs3_daemon::runner: batch kind="embed" subject=1 x smart jobs=1 ms=0
2026-08-28T10:49:09.886442Z  INFO fs3_daemon::runner: done kind="embed" id=662028 left=32967
2026-08-28T10:49:09.970840Z  INFO fs3_daemon::runner: done kind=summarize subject=docs/plans/073-file-icons/tasks/phase-1-domain-setup-icon-resolver/tasks.md::Phase 1: Domain Setup & Icon Resolver — Tasks::Context Brief::Resolution Priority Sequence ms=9 left=32967
2026-08-28T10:49:09.984675Z  INFO fs3_daemon::runner: batch kind="embed" subject=1 x smart jobs=1 ms=0
2026-08-28T10:49:09.991797Z  INFO fs3_daemon::runner: done kind="embed" id=662029 left=32966
2026-08-28T10:49:10.067097Z  INFO fs3_daemon::runner: done kind=summarize subject=docs/plans/073-file-icons/tasks/phase-1-domain-setup-icon-resolver/tasks.md::Phase 1: Domain Setup & Icon Resolver — Tasks::Context Brief::Data Flow ms=9 left=32966
2026-08-28T10:49:10.082324Z  INFO fs3_daemon::runner: batch kind="embed" subject=1 x smart jobs=1 ms=0
2026-08-28T10:49:10.090759Z  INFO fs3_daemon::runner: done kind="embed" id=662030 left=32965
2026-08-28T10:49:10.166126Z  INFO fs3_daemon::runner: done kind=summarize subject=docs/plans/073-file-icons/tasks/phase-1-domain-setup-icon-resolver/tasks.md::Phase 1: Domain Setup & Icon Resolver — Tasks::Context Brief ms=7 left=32965
2026-08-28T10:49:10.179382Z  INFO fs3_daemon::runner: batch kind="embed" subject=1 x smart jobs=1 ms=0
2026-08-28T10:49:10.190288Z  INFO fs3_daemon::runner: done kind="embed" id=662031 left=32964
2026-08-28T10:49:10.262874Z  INFO fs3_daemon::runner: done kind=summarize subject=docs/plans/073-file-icons/tasks/phase-1-domain-setup-icon-resolver/tasks.md::Phase 1: Domain Setup & Icon Resolver — Tasks::Tasks ms=12 left=32964
2026-08-28T10:49:10.270422Z  INFO fs3_daemon::runner: batch kind="embed" subject=1 x smart jobs=1 ms=0
2026-08-28T10:49:10.276069Z  INFO fs3_daemon::runner: done kind="embed" id=662032 left=32963
2026-08-28T10:49:10.350741Z  INFO fs3_daemon::runner: done kind=summarize subject=docs/plans/073-file-icons/tasks/phase-1-domain-setup-icon-resolver/tasks.md::Phase 1: Domain Setup & Icon Resolver — Tasks::Architecture Map ms=11 left=32963
2026-08-28T10:49:10.363272Z  INFO fs3_daemon::runner: batch kind="embed" subject=1 x smart jobs=1 ms=0
2026-08-28T10:49:10.368978Z  INFO fs3_daemon::runner: done kind="embed" id=662033 left=32962
2026-08-28T10:49:10.442291Z  INFO fs3_daemon::runner: done kind=summarize subject=docs/plans/073-file-icons/tasks/phase-1-domain-setup-icon-resolver/tasks.fltplan.md::Flight Plan: Phase 1 — Domain Setup & Icon Resolver::Checklist ms=10 left=32962
2026-08-28T10:49:10.449984Z  INFO fs3_daemon::runner: batch kind="embed" subject=1 x smart jobs=1 ms=0
2026-08-28T10:49:10.457102Z  INFO fs3_daemon::runner: done kind="embed" id=662034 left=32961
2026-08-28T10:49:10.526525Z  INFO fs3_daemon::runner: done kind=summarize subject=docs/plans/073-file-icons/tasks/phase-1-domain-setup-icon-resolver/tasks.md::Phase 1: Domain Setup & Icon Resolver — Tasks::Pre-Implementation Check ms=13 left=32961
2026-08-28T10:49:10.541091Z  INFO fs3_daemon::runner: batch kind="embed" subject=1 x smart jobs=1 ms=1
2026-08-28T10:49:10.552701Z  INFO fs3_daemon::runner: done kind="embed" id=662035 left=32960
2026-08-28T10:49:10.628062Z  INFO fs3_daemon::runner: done kind=summarize subject=docs/plans/073-file-icons/tasks/phase-1-domain-setup-icon-resolver/tasks.fltplan.md::Flight Plan: Phase 1 — Domain Setup & Icon Resolver::Acceptance Criteria ms=11 left=32960
2026-08-28T10:49:10.636796Z  INFO fs3_daemon::runner: batch kind="embed" subject=1 x smart jobs=1 ms=0
2026-08-28T10:49:10.642738Z  INFO fs3_daemon::runner: done kind="embed" id=662036 left=32959
2026-08-28T10:49:10.717493Z  INFO fs3_daemon::runner: done kind=summarize subject=docs/plans/073-file-icons/tasks/phase-1-domain-setup-icon-resolver/tasks.md::Phase 1: Domain Setup & Icon Resolver — Tasks::Executive Briefing ms=9 left=32959
2026-08-28T10:49:10.730666Z  INFO fs3_daemon::runner: batch kind="embed" subject=1 x smart jobs=1 ms=2
2026-08-28T10:49:10.736741Z  INFO fs3_daemon::runner: done kind="embed" id=662037 left=32958
2026-08-28T10:49:10.822753Z  INFO fs3_daemon::runner: done kind=summarize subject=docs/plans/073-file-icons/tasks/phase-1-domain-setup-icon-resolver/tasks.fltplan.md::Flight Plan: Phase 1 — Domain Setup & Icon Resolver::Architecture: Before & After ms=13 left=32958
2026-08-28T10:49:10.831209Z  INFO fs3_daemon::runner: batch kind="embed" subject=1 x smart jobs=1 ms=0
2026-08-28T10:49:10.837662Z  INFO fs3_daemon::runner: done kind="embed" id=662038 left=32957
2026-08-28T10:49:10.916046Z  INFO fs3_daemon::runner: done kind=summarize subject=docs/plans/073-file-icons/tasks/phase-1-domain-setup-icon-resolver/tasks.md::Phase 1: Domain Setup & Icon Resolver — Tasks ms=13 left=32957
2026-08-28T10:49:10.923652Z  INFO fs3_daemon::runner: batch kind="embed" subject=1 x smart jobs=1 ms=0
2026-08-28T10:49:10.935393Z  INFO fs3_daemon::runner: done kind="embed" id=662039 left=32956
2026-08-28T10:49:11.006304Z  INFO fs3_daemon::runner: done kind=summarize subject=docs/plans/073-file-icons/tasks/phase-1-domain-setup-icon-resolver/tasks.fltplan.md::Flight Plan: Phase 1 — Domain Setup & Icon Resolver::Stages ms=11 left=32956
2026-08-28T10:49:11.018169Z  INFO fs3_daemon::runner: batch kind="embed" subject=1 x smart jobs=1 ms=0
2026-08-28T10:49:11.024393Z  INFO fs3_daemon::runner: done kind="embed" id=662040 left=32955
2026-08-28T10:49:11.095766Z  INFO fs3_daemon::runner: done kind=summarize subject=docs/plans/073-file-icons/tasks/phase-1-domain-setup-icon-resolver/reviews/review.phase-1-domain-setup-icon-resolver.md::Code Review: Phase 1: Domain Setup & Icon Resolver::H) Handover Brief::Domain Artifacts to Update (if any) ms=8 left=32955
2026-08-28T10:49:11.110283Z  INFO fs3_daemon::runner: batch kind="embed" subject=1 x smart jobs=1 ms=1
2026-08-28T10:49:11.118558Z  INFO fs3_daemon::runner: done kind="embed" id=662041 left=32954
2026-08-28T10:49:11.196899Z  INFO fs3_daemon::runner: done kind=summarize subject=docs/plans/073-file-icons/tasks/phase-1-domain-setup-icon-resolver/tasks.fltplan.md::Flight Plan: Phase 1 — Domain Setup & Icon Resolver::Flight Status ms=11 left=32954
2026-08-28T10:49:11.208269Z  INFO fs3_daemon::runner: batch kind="embed" subject=1 x smart jobs=1 ms=1
2026-08-28T10:49:11.216943Z  INFO fs3_daemon::runner: done kind="embed" id=662042 left=32953
2026-08-28T10:49:11.291739Z  INFO fs3_daemon::runner: done kind=summarize subject=docs/plans/073-file-icons/tasks/phase-1-domain-setup-icon-resolver/reviews/review.phase-1-domain-setup-icon-resolver.md::Code Review: Phase 1: Domain Setup & Icon Resolver::H) Handover Brief::Required Fixes (if REQUEST_CHANGES) ms=13 left=32953
2026-08-28T10:49:11.301319Z  INFO fs3_daemon::runner: batch kind="embed" subject=1 x smart jobs=1 ms=1
2026-08-28T10:49:11.312611Z  INFO fs3_daemon::runner: done kind="embed" id=662043 left=32952
2026-08-28T10:49:11.414770Z  INFO fs3_daemon::runner: done kind=summarize subject=docs/plans/073-file-icons/tasks/phase-1-domain-setup-icon-resolver/tasks.fltplan.md::Flight Plan: Phase 1 — Domain Setup & Icon Resolver::Domain Context ms=26 left=32952
2026-08-28T10:49:11.423832Z  INFO fs3_daemon::runner: batch kind="embed" subject=1 x smart jobs=1 ms=0
2026-08-28T10:49:11.446244Z  INFO fs3_daemon::runner: done kind="embed" id=662044 left=32951
2026-08-28T10:49:11.557698Z  INFO fs3_daemon::runner: done kind=summarize subject=docs/plans/073-file-icons/tasks/phase-1-domain-setup-icon-resolver/reviews/review.phase-1-domain-setup-icon-resolver.md::Code Review: Phase 1: Domain Setup & Icon Resolver::H) Handover Brief::Files Reviewed ms=31 left=32951
2026-08-28T10:49:11.568322Z  INFO fs3_daemon::runner: batch kind="embed" subject=1 x smart jobs=1 ms=3
2026-08-28T10:49:11.588819Z  INFO fs3_daemon::runner: done kind="embed" id=662045 left=32950
2026-08-28T10:49:11.694468Z  INFO fs3_daemon::runner: done kind=summarize subject=docs/plans/073-file-icons/tasks/phase-1-domain-setup-icon-resolver/tasks.fltplan.md::Flight Plan: Phase 1 — Domain Setup & Icon Resolver ms=28 left=32950
2026-08-28T10:49:11.707086Z  INFO fs3_daemon::runner: batch kind="embed" subject=1 x smart jobs=1 ms=3
2026-08-28T10:49:11.726250Z  INFO fs3_daemon::runner: done kind="embed" id=662046 left=32949
2026-08-28T10:49:11.841765Z  INFO fs3_daemon::runner: batch kind="embed" subject=1 x smart jobs=1 ms=1
2026-08-28T10:49:11.854229Z  INFO fs3_daemon::runner: done kind=summarize subject=docs/plans/073-file-icons/tasks/phase-1-domain-setup-icon-resolver/reviews/review.phase-1-domain-setup-icon-resolver.md::Code Review: Phase 1: Domain Setup & Icon Resolver::H) Handover Brief ms=48 left=32949
2026-08-28T10:49:11.869199Z  INFO fs3_daemon::runner: done kind="embed" id=662047 left=32948
2026-08-28T10:49:11.960805Z  INFO fs3_daemon::runner: done kind=summarize subject=docs/plans/073-file-icons/tasks/phase-1-domain-setup-icon-resolver/reviews/review.phase-1-domain-setup-icon-resolver.md::Code Review: Phase 1: Domain Setup & Icon Resolver::G) Commands Executed ms=26 left=32948
2026-08-28T10:49:11.967313Z  INFO fs3_daemon::runner: batch kind="embed" subject=1 x smart jobs=1 ms=3
2026-08-28T10:49:11.986539Z  INFO fs3_daemon::runner: done kind="embed" id=662048 left=32947
2026-08-28T10:49:12.101990Z  INFO fs3_daemon::runner: done kind=summarize subject=docs/plans/073-file-icons/tasks/phase-1-domain-setup-icon-resolver/reviews/review.phase-1-domain-setup-icon-resolver.md::Code Review: Phase 1: Domain Setup & Icon Resolver::F) Coverage Map ms=34 left=32947
2026-08-28T10:49:12.113126Z  INFO fs3_daemon::runner: batch kind="embed" subject=1 x smart jobs=1 ms=1
2026-08-28T10:49:12.139654Z  INFO fs3_daemon::runner: done kind="embed" id=662049 left=32946
2026-08-28T10:49:12.241869Z  INFO fs3_daemon::runner: batch kind="embed" subject=1 x smart jobs=1 ms=0
2026-08-28T10:49:12.256820Z  INFO fs3_daemon::runner: done kind=summarize subject=docs/plans/073-file-icons/tasks/phase-1-domain-setup-icon-resolver/reviews/review.phase-1-domain-setup-icon-resolver.md::Code Review: Phase 1: Domain Setup & Icon Resolver::E) Detailed Findings::E.6) Harness Live Validation ms=42 left=32946
2026-08-28T10:49:12.268625Z  INFO fs3_daemon::runner: done kind="embed" id=662050 left=32945
2026-08-28T10:49:12.371027Z  INFO fs3_daemon::runner: done kind=summarize subject=docs/plans/073-file-icons/tasks/phase-1-domain-setup-icon-resolver/reviews/review.phase-1-domain-setup-icon-resolver.md::Code Review: Phase 1: Domain Setup & Icon Resolver::E) Detailed Findings::E.4) Testing & Evidence ms=27 left=32945
2026-08-28T10:49:12.377604Z  INFO fs3_daemon::runner: batch kind="embed" subject=1 x smart jobs=1 ms=0
2026-08-28T10:49:12.396615Z  INFO fs3_daemon::runner: done kind="embed" id=662051 left=32944
2026-08-28T10:49:12.497545Z  INFO fs3_daemon::runner: done kind=summarize subject=docs/plans/073-file-icons/tasks/phase-1-domain-setup-icon-resolver/reviews/review.phase-1-domain-setup-icon-resolver.md::Code Review: Phase 1: Domain Setup & Icon Resolver::E) Detailed Findings::E.2) Domain Compliance ms=28 left=32944
2026-08-28T10:49:12.533155Z  INFO fs3_daemon::runner: progress phase="working" scanned=61600 scan_left=33 summarized=125168 summarize_left=32910 embedded=203686 embed_left=1 failed=0
2026-08-28T10:49:12.565784Z  INFO fs3_daemon::runner: batch kind="embed" subject=2 x smart jobs=2 ms=0
2026-08-28T10:49:12.581734Z  INFO fs3_daemon::runner: done kind="embed" id=662053 left=32943
2026-08-28T10:49:12.651005Z  INFO fs3_daemon::runner: done kind="embed" id=662052 left=32942
2026-08-28T10:49:12.728249Z  INFO fs3_daemon::runner: done kind=summarize subject=docs/plans/073-file-icons/tasks/phase-1-domain-setup-icon-resolver/reviews/review.phase-1-domain-setup-icon-resolver.md::Code Review: Phase 1: Domain Setup & Icon Resolver::E) Detailed Findings::E.1) Implementation Quality ms=12 left=32942
2026-08-28T10:49:12.750502Z  INFO fs3_daemon::runner: done kind=summarize subject=docs/plans/073-file-icons/tasks/phase-1-domain-setup-icon-resolver/reviews/review.phase-1-domain-setup-icon-resolver.md::Code Review: Phase 1: Domain Setup & Icon Resolver::E) Detailed Findings ms=14 left=32942
2026-08-28T10:49:12.767919Z  INFO fs3_daemon::runner: batch kind="embed" subject=1 x smart jobs=1 ms=0
2026-08-28T10:49:12.776889Z  INFO fs3_daemon::runner: done kind="embed" id=662054 left=32941
2026-08-28T10:49:12.871352Z  INFO fs3_daemon::runner: done kind=summarize subject=docs/plans/073-file-icons/tasks/phase-1-domain-setup-icon-resolver/reviews/review.phase-1-domain-setup-icon-resolver.md::Code Review: Phase 1: Domain Setup & Icon Resolver::D) Findings Table ms=17 left=32941
2026-08-28T10:49:12.878054Z  INFO fs3_daemon::runner: batch kind="embed" subject=1 x smart jobs=1 ms=0
2026-08-28T10:49:12.894920Z  INFO fs3_daemon::runner: done kind="embed" id=662055 left=32940
2026-08-28T10:49:13.002729Z  INFO fs3_daemon::runner: done kind=summarize subject=docs/plans/073-file-icons/tasks/phase-1-domain-setup-icon-resolver/reviews/review.phase-1-domain-setup-icon-resolver.md::Code Review: Phase 1: Domain Setup & Icon Resolver::C) Checklist ms=30 left=32940
2026-08-28T10:49:13.013047Z  INFO fs3_daemon::runner: batch kind="embed" subject=1 x smart jobs=1 ms=1
2026-08-28T10:49:13.034371Z  INFO fs3_daemon::runner: done kind="embed" id=662056 left=32939
2026-08-28T10:49:13.130596Z  INFO fs3_daemon::runner: done kind=summarize subject=docs/plans/073-file-icons/tasks/phase-1-domain-setup-icon-resolver/reviews/review.phase-1-domain-setup-icon-resolver.md::Code Review: Phase 1: Domain Setup & Icon Resolver::A) Verdict ms=27 left=32939
2026-08-28T10:49:13.135797Z  INFO fs3_daemon::runner: batch kind="embed" subject=1 x smart jobs=1 ms=0
2026-08-28T10:49:13.154917Z  INFO fs3_daemon::runner: done kind="embed" id=662057 left=32938
2026-08-28T10:49:13.241500Z  INFO fs3_daemon::runner: done kind=summarize subject=docs/plans/073-file-icons/tasks/phase-1-domain-setup-icon-resolver/reviews/review.phase-1-domain-setup-icon-resolver.md::Code Review: Phase 1: Domain Setup & Icon Resolver ms=12 left=32938
2026-08-28T10:49:13.251266Z  INFO fs3_daemon::runner: batch kind="embed" subject=1 x smart jobs=1 ms=0
2026-08-28T10:49:13.259190Z  INFO fs3_daemon::runner: done kind="embed" id=662058 left=32937
2026-08-28T10:49:13.343816Z  INFO fs3_daemon::runner: done kind=summarize subject=docs/plans/073-file-icons/tasks/phase-1-domain-setup-icon-resolver/reviews/fix-tasks.phase-1-domain-setup-icon-resolver.md::Fix Tasks: Phase 1: Domain Setup & Icon Resolver::Medium / Low Fixes::FT-006: Bring durable tests and evidence up to project rule standard ms=14 left=32937
2026-08-28T10:49:13.350541Z  INFO fs3_daemon::runner: batch kind="embed" subject=1 x smart jobs=1 ms=0
2026-08-28T10:49:13.360473Z  INFO fs3_daemon::runner: done kind="embed" id=662059 left=32936
2026-08-28T10:49:13.444666Z  INFO fs3_daemon::runner: done kind=summarize subject=docs/plans/073-file-icons/tasks/phase-1-domain-setup-icon-resolver/reviews/fix-tasks.phase-1-domain-setup-icon-resolver.md::Fix Tasks: Phase 1: Domain Setup & Icon Resolver::Medium / Low Fixes::FT-005: Sync C4 architecture documentation for `_platform/themes` ms=9 left=32936
2026-08-28T10:49:13.459292Z  INFO fs3_daemon::runner: batch kind="embed" subject=1 x smart jobs=1 ms=1
2026-08-28T10:49:13.471322Z  INFO fs3_daemon::runner: done kind="embed" id=662060 left=32935
2026-08-28T10:49:13.553550Z  INFO fs3_daemon::runner: done kind=summarize subject=docs/plans/073-file-icons/tasks/phase-1-domain-setup-icon-resolver/reviews/fix-tasks.phase-1-domain-setup-icon-resolver.md::Fix Tasks: Phase 1: Domain Setup & Icon Resolver::Medium / Low Fixes::FT-004: Align domain artifacts with actual Phase 1 scope ms=12 left=32935
2026-08-28T10:49:13.563559Z  INFO fs3_daemon::runner: batch kind="embed" subject=1 x smart jobs=1 ms=0
2026-08-28T10:49:13.572456Z  INFO fs3_daemon::runner: done kind="embed" id=662061 left=32934
2026-08-28T10:49:13.654006Z  INFO fs3_daemon::runner: done kind=summarize subject=docs/plans/073-file-icons/tasks/phase-1-domain-setup-icon-resolver/reviews/fix-tasks.phase-1-domain-setup-icon-resolver.md::Fix Tasks: Phase 1: Domain Setup & Icon Resolver::Medium / Low Fixes::FT-003: Add manifest-loader tests and evidence ms=15 left=32934
2026-08-28T10:49:13.662060Z  INFO fs3_daemon::runner: batch kind="embed" subject=1 x smart jobs=1 ms=1
2026-08-28T10:49:13.670433Z  INFO fs3_daemon::runner: done kind="embed" id=662062 left=32933
2026-08-28T10:49:13.750281Z  INFO fs3_daemon::runner: done kind=summarize subject=docs/plans/073-file-icons/tasks/phase-1-domain-setup-icon-resolver/reviews/fix-tasks.phase-1-domain-setup-icon-resolver.md::Fix Tasks: Phase 1: Domain Setup & Icon Resolver::Medium / Low Fixes ms=11 left=32933
2026-08-28T10:49:13.758252Z  INFO fs3_daemon::runner: batch kind="embed" subject=1 x smart jobs=1 ms=1
2026-08-28T10:49:13.764317Z  INFO fs3_daemon::runner: done kind="embed" id=662063 left=32932
2026-08-28T10:49:13.844551Z  INFO fs3_daemon::runner: done kind=summarize subject=docs/plans/073-file-icons/tasks/phase-1-domain-setup-icon-resolver/reviews/fix-tasks.phase-1-domain-setup-icon-resolver.md::Fix Tasks: Phase 1: Domain Setup & Icon Resolver::Critical / High Fixes::FT-002: Return `iconPath` in the public resolver contract ms=13 left=32932
2026-08-28T10:49:13.853180Z  INFO fs3_daemon::runner: batch kind="embed" subject=1 x smart jobs=1 ms=1
2026-08-28T10:49:13.864428Z  INFO fs3_daemon::runner: done kind="embed" id=662064 left=32931
2026-08-28T10:49:13.938348Z  INFO fs3_daemon::runner: done kind=summarize subject=docs/plans/073-file-icons/tasks/phase-1-domain-setup-icon-resolver/reviews/fix-tasks.phase-1-domain-setup-icon-resolver.md::Fix Tasks: Phase 1: Domain Setup & Icon Resolver::Critical / High Fixes::FT-001: Make `resolveFileIcon()` fully manifest-driven ms=12 left=32931
2026-08-28T10:49:13.945210Z  INFO fs3_daemon::runner: batch kind="embed" subject=1 x smart jobs=1 ms=0
2026-08-28T10:49:13.955512Z  INFO fs3_daemon::runner: done kind="embed" id=662065 left=32930
2026-08-28T10:49:14.029326Z  INFO fs3_daemon::runner: done kind=summarize subject=docs/plans/073-file-icons/tasks/phase-1-domain-setup-icon-resolver/reviews/fix-tasks.phase-1-domain-setup-icon-resolver.md::Fix Tasks: Phase 1: Domain Setup & Icon Resolver::Critical / High Fixes ms=15 left=32930
2026-08-28T10:49:14.039301Z  INFO fs3_daemon::runner: batch kind="embed" subject=1 x smart jobs=1 ms=0
2026-08-28T10:49:14.047061Z  INFO fs3_daemon::runner: done kind="embed" id=662066 left=32929
2026-08-28T10:49:14.121756Z  INFO fs3_daemon::runner: done kind=summarize subject=docs/plans/073-file-icons/tasks/phase-1-domain-setup-icon-resolver/reviews/fix-tasks.phase-1-domain-setup-icon-resolver.md::Fix Tasks: Phase 1: Domain Setup & Icon Resolver ms=10 left=32929
2026-08-28T10:49:14.133209Z  INFO fs3_daemon::runner: batch kind="embed" subject=1 x smart jobs=1 ms=1
2026-08-28T10:49:14.140980Z  INFO fs3_daemon::runner: done kind="embed" id=662067 left=32928
2026-08-28T10:49:14.224792Z  INFO fs3_daemon::runner: done kind=summarize subject=docs/plans/073-file-icons/tasks/phase-1-domain-setup-icon-resolver/execution.log.md::Execution Log: Phase 1 — Domain Setup & Icon Resolver::Task Log ms=15 left=32928
2026-08-28T10:49:14.241513Z  INFO fs3_daemon::runner: batch kind="embed" subject=1 x smart jobs=1 ms=0
2026-08-28T10:49:14.249440Z  INFO fs3_daemon::runner: done kind="embed" id=662068 left=32927
2026-08-28T10:49:14.331261Z  INFO fs3_daemon::runner: done kind=summarize subject=docs/plans/073-file-icons/tasks/phase-1-domain-setup-icon-resolver/execution.log.md::Execution Log: Phase 1 — Domain Setup & Icon Resolver ms=11 left=32927
2026-08-28T10:49:14.341959Z  INFO fs3_daemon::runner: batch kind="embed" subject=1 x smart jobs=1 ms=0
2026-08-28T10:49:14.352518Z  INFO fs3_daemon::runner: done kind="embed" id=662069 left=32926
2026-08-28T10:49:14.432268Z  INFO fs3_daemon::runner: done kind=summarize subject=docs/plans/073-file-icons/research-dossier.md::Research Report: File Icons for Tree View::Next Steps ms=10 left=32926
2026-08-28T10:49:14.442767Z  INFO fs3_daemon::runner: batch kind="embed" subject=1 x smart jobs=1 ms=0
2026-08-28T10:49:14.452384Z  INFO fs3_daemon::runner: done kind="embed" id=662070 left=32925
2026-08-28T10:49:14.534438Z  INFO fs3_daemon::runner: done kind=summarize subject=docs/plans/073-file-icons/research-dossier.md::Research Report: File Icons for Tree View::Appendix: File Inventory ms=12 left=32925
2026-08-28T10:49:14.548032Z  INFO fs3_daemon::runner: batch kind="embed" subject=1 x smart jobs=1 ms=1
2026-08-28T10:49:14.559035Z  INFO fs3_daemon::runner: done kind="embed" id=662071 left=32924
2026-08-28T10:49:14.639414Z  INFO fs3_daemon::runner: done kind=summarize subject=docs/plans/073-file-icons/research-dossier.md::Research Report: File Icons for Tree View::External Research Opportunities::Research Opportunity 2: Dark/Light Theme Adaptation for Fixed-Color SVGs ms=14 left=32924
2026-08-28T10:49:14.651146Z  INFO fs3_daemon::runner: batch kind="embed" subject=1 x smart jobs=1 ms=0
2026-08-28T10:49:14.657885Z  INFO fs3_daemon::runner: done kind="embed" id=662072 left=32923
2026-08-28T10:49:14.743264Z  INFO fs3_daemon::runner: done kind=summarize subject=docs/plans/073-file-icons/research-dossier.md::Research Report: File Icons for Tree View::External Research Opportunities::Research Opportunity 1: Material Icon Theme Bundle Optimization ms=15 left=32923
2026-08-28T10:49:14.752970Z  INFO fs3_daemon::runner: batch kind="embed" subject=1 x smart jobs=1 ms=0
2026-08-28T10:49:14.764822Z  INFO fs3_daemon::runner: done kind="embed" id=662073 left=32922
2026-08-28T10:49:14.846485Z  INFO fs3_daemon::runner: done kind=summarize subject=docs/plans/073-file-icons/research-dossier.md::Research Report: File Icons for Tree View::External Research Opportunities ms=10 left=32922
2026-08-28T10:49:14.858164Z  INFO fs3_daemon::runner: batch kind="embed" subject=1 x smart jobs=1 ms=0
2026-08-28T10:49:14.869343Z  INFO fs3_daemon::runner: done kind="embed" id=662074 left=32921
2026-08-28T10:49:14.946631Z  INFO fs3_daemon::runner: done kind=summarize subject=docs/plans/073-file-icons/research-dossier.md::Research Report: File Icons for Tree View::Recommendations::Approach B: Lucide React Icons Only (Simpler, Less Visual) ms=10 left=32921
2026-08-28T10:49:14.961082Z  INFO fs3_daemon::runner: batch kind="embed" subject=1 x smart jobs=1 ms=1
2026-08-28T10:49:14.971017Z  INFO fs3_daemon::runner: done kind="embed" id=662075 left=32920
2026-08-28T10:49:15.042319Z  INFO fs3_daemon::runner: done kind=summarize subject=docs/plans/073-file-icons/research-dossier.md::Research Report: File Icons for Tree View::Recommendations::Approach A: material-icon-theme npm Package (Recommended) ms=9 left=32920
2026-08-28T10:49:15.054000Z  INFO fs3_daemon::runner: batch kind="embed" subject=1 x smart jobs=1 ms=0
2026-08-28T10:49:15.062888Z  INFO fs3_daemon::runner: done kind="embed" id=662076 left=32919
2026-08-28T10:49:15.140179Z  INFO fs3_daemon::runner: done kind=summarize subject=docs/plans/073-file-icons/research-dossier.md::Research Report: File Icons for Tree View::Recommendations ms=10 left=32919
2026-08-28T10:49:15.151330Z  INFO fs3_daemon::runner: batch kind="embed" subject=1 x smart jobs=1 ms=0
2026-08-28T10:49:15.158290Z  INFO fs3_daemon::runner: done kind="embed" id=662077 left=32918
2026-08-28T10:49:15.239249Z  INFO fs3_daemon::runner: done kind=summarize subject=docs/plans/073-file-icons/research-dossier.md::Research Report: File Icons for Tree View::Modification Considerations ms=16 left=32918
2026-08-28T10:49:15.247428Z  INFO fs3_daemon::runner: batch kind="embed" subject=1 x smart jobs=1 ms=0
2026-08-28T10:49:15.254220Z  INFO fs3_daemon::runner: done kind="embed" id=662078 left=32917
2026-08-28T10:49:15.337604Z  INFO fs3_daemon::runner: done kind=summarize subject=docs/plans/073-file-icons/research-dossier.md::Research Report: File Icons for Tree View::Critical Discoveries ms=10 left=32917
2026-08-28T10:49:15.351291Z  INFO fs3_daemon::runner: batch kind="embed" subject=1 x smart jobs=1 ms=1
2026-08-28T10:49:15.359856Z  INFO fs3_daemon::runner: done kind="embed" id=662079 left=32916
2026-08-28T10:49:15.432550Z  INFO fs3_daemon::runner: done kind=summarize subject=docs/plans/073-file-icons/research-dossier.md::Research Report: File Icons for Tree View::Domain Context::Domain Ownership Recommendation ms=8 left=32916
2026-08-28T10:49:15.447273Z  INFO fs3_daemon::runner: batch kind="embed" subject=1 x smart jobs=1 ms=0
2026-08-28T10:49:15.459939Z  INFO fs3_daemon::runner: done kind="embed" id=662080 left=32915
2026-08-28T10:49:15.537872Z  INFO fs3_daemon::runner: done kind=summarize subject=docs/plans/073-file-icons/research-dossier.md::Research Report: File Icons for Tree View::Domain Context ms=11 left=32915
2026-08-28T10:49:15.546204Z  INFO fs3_daemon::runner: batch kind="embed" subject=1 x smart jobs=1 ms=1
2026-08-28T10:49:15.554529Z  INFO fs3_daemon::runner: done kind="embed" id=662081 left=32914
2026-08-28T10:49:15.628106Z  INFO fs3_daemon::runner: done kind=summarize subject=docs/plans/073-file-icons/research-dossier.md::Research Report: File Icons for Tree View::Prior Learnings (From Previous Implementations)::Prior Learnings Summary ms=14 left=32914
2026-08-28T10:49:15.640100Z  INFO fs3_daemon::runner: batch kind="embed" subject=1 x smart jobs=1 ms=0
2026-08-28T10:49:15.653643Z  INFO fs3_daemon::runner: done kind="embed" id=662082 left=32913
2026-08-28T10:49:15.736012Z  INFO fs3_daemon::runner: done kind=summarize subject=docs/plans/073-file-icons/research-dossier.md::Research Report: File Icons for Tree View::Prior Learnings (From Previous Implementations) ms=11 left=32913
2026-08-28T10:49:15.746445Z  INFO fs3_daemon::runner: batch kind="embed" subject=1 x smart jobs=1 ms=0
2026-08-28T10:49:15.753171Z  INFO fs3_daemon::runner: done kind="embed" id=662083 left=32912
2026-08-28T10:49:15.837165Z  INFO fs3_daemon::runner: done kind=summarize subject=docs/plans/073-file-icons/research-dossier.md::Research Report: File Icons for Tree View::Quality & Testing::Test Impact Assessment ms=15 left=32912
2026-08-28T10:49:15.843153Z  INFO fs3_daemon::runner: batch kind="embed" subject=1 x smart jobs=1 ms=0
2026-08-28T10:49:15.850150Z  INFO fs3_daemon::runner: done kind="embed" id=662084 left=32911
2026-08-28T10:49:15.937281Z  INFO fs3_daemon::runner: done kind=summarize subject=docs/plans/073-file-icons/research-dossier.md::Research Report: File Icons for Tree View::Quality & Testing ms=11 left=32911
2026-08-28T10:49:15.954373Z  INFO fs3_daemon::runner: batch kind="embed" subject=1 x smart jobs=1 ms=0
2026-08-28T10:49:15.961458Z  INFO fs3_daemon::runner: done kind="embed" id=662085 left=32910
2026-08-28T10:49:16.032989Z  INFO fs3_daemon::runner: done kind=summarize subject=docs/plans/073-file-icons/research-dossier.md::Research Report: File Icons for Tree View::Dependencies & Integration::What Depends on This (Consumers) ms=12 left=32910
2026-08-28T10:49:16.044968Z  INFO fs3_daemon::runner: batch kind="embed" subject=1 x smart jobs=1 ms=1
2026-08-28T10:49:16.051905Z  INFO fs3_daemon::runner: done kind="embed" id=662086 left=32909
2026-08-28T10:49:16.127091Z  INFO fs3_daemon::runner: done kind=summarize subject=docs/plans/073-file-icons/research-dossier.md::Research Report: File Icons for Tree View::Dependencies & Integration::What This Feature Depends On ms=8 left=32909
2026-08-28T10:49:16.141939Z  INFO fs3_daemon::runner: batch kind="embed" subject=1 x smart jobs=1 ms=0
2026-08-28T10:49:16.154582Z  INFO fs3_daemon::runner: done kind="embed" id=662087 left=32908
2026-08-28T10:49:16.253584Z  INFO fs3_daemon::runner: done kind=summarize subject=docs/plans/073-file-icons/research-dossier.md::Research Report: File Icons for Tree View::Dependencies & Integration ms=29 left=32908
2026-08-28T10:49:16.262633Z  INFO fs3_daemon::runner: batch kind="embed" subject=1 x smart jobs=1 ms=1
2026-08-28T10:49:16.281854Z  INFO fs3_daemon::runner: done kind="embed" id=662088 left=32907
2026-08-28T10:49:16.389708Z  INFO fs3_daemon::runner: done kind=summarize subject=docs/plans/073-file-icons/research-dossier.md::Research Report: File Icons for Tree View::External Research: VSCode File Icon Themes::Practical Integration Strategy ms=29 left=32907
2026-08-28T10:49:16.401300Z  INFO fs3_daemon::runner: batch kind="embed" subject=1 x smart jobs=1 ms=3
2026-08-28T10:49:16.415858Z  INFO fs3_daemon::runner: done kind="embed" id=662089 left=32906
2026-08-28T10:49:16.522792Z  INFO fs3_daemon::runner: done kind=summarize subject=docs/plans/073-file-icons/research-dossier.md::Research Report: File Icons for Tree View::External Research: VSCode File Icon Themes::Other Themes Assessed ms=29 left=32906
2026-08-28T10:49:16.538971Z  INFO fs3_daemon::runner: batch kind="embed" subject=1 x smart jobs=1 ms=0
2026-08-28T10:49:16.560135Z  INFO fs3_daemon::runner: done kind="embed" id=662090 left=32905
2026-08-28T10:49:16.657973Z  INFO fs3_daemon::runner: done kind=summarize subject=docs/plans/073-file-icons/research-dossier.md::Research Report: File Icons for Tree View::External Research: VSCode File Icon Themes::The Answer: `material-icon-theme` npm Package ms=32 left=32905
2026-08-28T10:49:16.667264Z  INFO fs3_daemon::runner: batch kind="embed" subject=1 x smart jobs=1 ms=0
2026-08-28T10:49:16.688602Z  INFO fs3_daemon::runner: done kind="embed" id=662091 left=32904
2026-08-28T10:49:16.798510Z  INFO fs3_daemon::runner: done kind=summarize subject=docs/plans/073-file-icons/research-dossier.md::Research Report: File Icons for Tree View::External Research: VSCode File Icon Themes ms=28 left=32904
2026-08-28T10:49:16.809468Z  INFO fs3_daemon::runner: batch kind="embed" subject=1 x smart jobs=1 ms=0
2026-08-28T10:49:16.828396Z  INFO fs3_daemon::runner: done kind="embed" id=662092 left=32903
2026-08-28T10:49:16.934669Z  INFO fs3_daemon::runner: done kind=summarize subject=docs/plans/073-file-icons/research-dossier.md::Research Report: File Icons for Tree View::Architecture & Design::Color Semantic System ms=26 left=32903
2026-08-28T10:49:16.943205Z  INFO fs3_daemon::runner: batch kind="embed" subject=1 x smart jobs=1 ms=1
2026-08-28T10:49:16.969670Z  INFO fs3_daemon::runner: done kind="embed" id=662093 left=32902
2026-08-28T10:49:17.079246Z  INFO fs3_daemon::runner: batch kind="embed" subject=1 x smart jobs=1 ms=1
2026-08-28T10:49:17.095900Z  INFO fs3_daemon::runner: done kind=summarize subject=docs/plans/073-file-icons/research-dossier.md::Research Report: File Icons for Tree View::Architecture & Design::Design Patterns to Follow ms=51 left=32902
2026-08-28T10:49:17.109999Z  INFO fs3_daemon::runner: done kind="embed" id=662094 left=32901
2026-08-28T10:49:17.218746Z  INFO fs3_daemon::runner: done kind=summarize subject=docs/plans/073-file-icons/research-dossier.md::Research Report: File Icons for Tree View::Architecture & Design::Existing Extension-to-Type Mapping Infrastructure ms=25 left=32901
2026-08-28T10:49:17.228691Z  INFO fs3_daemon::runner: batch kind="embed" subject=1 x smart jobs=1 ms=0
2026-08-28T10:49:17.248447Z  INFO fs3_daemon::runner: done kind="embed" id=662095 left=32900
2026-08-28T10:49:17.350105Z  INFO fs3_daemon::runner: done kind=summarize subject=docs/plans/073-file-icons/research-dossier.md::Research Report: File Icons for Tree View::Architecture & Design ms=26 left=32900
2026-08-28T10:49:17.359094Z  INFO fs3_daemon::runner: batch kind="embed" subject=1 x smart jobs=1 ms=0
2026-08-28T10:49:17.374419Z  INFO fs3_daemon::runner: done kind="embed" id=662096 left=32899
2026-08-28T10:49:17.493227Z  INFO fs3_daemon::runner: batch kind="embed" subject=1 x smart jobs=1 ms=0
2026-08-28T10:49:17.510135Z  INFO fs3_daemon::runner: done kind=summarize subject=docs/plans/073-file-icons/research-dossier.md::Research Report: File Icons for Tree View::How It Currently Works::FileEntry Interface ms=57 left=32899
2026-08-28T10:49:17.522889Z  INFO fs3_daemon::runner: done kind="embed" id=662097 left=32898
2026-08-28T10:49:17.622193Z  INFO fs3_daemon::runner: done kind=summarize subject=docs/plans/073-file-icons/research-dossier.md::Research Report: File Icons for Tree View::How It Currently Works::Current Icon Rendering (file-tree.tsx) ms=26 left=32898
2026-08-28T10:49:17.659409Z  INFO fs3_daemon::runner: progress phase="working" scanned=61600 scan_left=33 summarized=125214 summarize_left=32864 embedded=203732 embed_left=1 failed=0
2026-08-28T10:49:17.699249Z  INFO fs3_daemon::runner: batch kind="embed" subject=2 x smart jobs=2 ms=0
2026-08-28T10:49:17.714912Z  INFO fs3_daemon::runner: done kind="embed" id=662099 left=32897
2026-08-28T10:49:17.809066Z  INFO fs3_daemon::runner: done kind="embed" id=662098 left=32896
2026-08-28T10:49:17.904344Z  INFO fs3_daemon::runner: done kind=summarize subject=docs/plans/073-file-icons/research-dossier.md::Research Report: File Icons for Tree View::How It Currently Works::Core Data Flow ms=16 left=32896
2026-08-28T10:49:17.925180Z  INFO fs3_daemon::runner: done kind=summarize subject=docs/plans/073-file-icons/research-dossier.md::Research Report: File Icons for Tree View::How It Currently Works ms=16 left=32896
2026-08-28T10:49:17.936801Z  INFO fs3_daemon::runner: batch kind="embed" subject=1 x smart jobs=1 ms=0
2026-08-28T10:49:17.942855Z  INFO fs3_daemon::runner: done kind="embed" id=662100 left=32895
2026-08-28T10:49:18.025014Z  INFO fs3_daemon::runner: done kind=summarize subject=docs/plans/073-file-icons/research-dossier.md::Research Report: File Icons for Tree View::Executive Summary::Quick Stats ms=14 left=32895
2026-08-28T10:49:18.029939Z  INFO fs3_daemon::runner: batch kind="embed" subject=1 x smart jobs=1 ms=0
2026-08-28T10:49:18.037840Z  INFO fs3_daemon::runner: done kind="embed" id=662101 left=32894
2026-08-28T10:49:18.111067Z  INFO fs3_daemon::runner: done kind=summarize subject=docs/plans/073-file-icons/research-dossier.md::Research Report: File Icons for Tree View::Executive Summary ms=9 left=32894
2026-08-28T10:49:18.122011Z  INFO fs3_daemon::runner: batch kind="embed" subject=1 x smart jobs=1 ms=0
2026-08-28T10:49:18.131015Z  INFO fs3_daemon::runner: done kind="embed" id=662102 left=32893
2026-08-28T10:49:18.207440Z  INFO fs3_daemon::runner: done kind=summarize subject=docs/plans/073-file-icons/research-dossier.md::Research Report: File Icons for Tree View ms=10 left=32893
2026-08-28T10:49:18.219506Z  INFO fs3_daemon::runner: batch kind="embed" subject=1 x smart jobs=1 ms=0
2026-08-28T10:49:18.231858Z  INFO fs3_daemon::runner: done kind="embed" id=662103 left=32892
2026-08-28T10:49:18.314710Z  INFO fs3_daemon::runner: done kind=summarize subject=docs/plans/073-file-icons/file-icons-spec.md::File Type Icons for Tree View::Testing Strategy ms=18 left=32892
2026-08-28T10:49:18.318137Z  INFO fs3_daemon::runner: batch kind="embed" subject=1 x smart jobs=1 ms=0
2026-08-28T10:49:18.325059Z  INFO fs3_daemon::runner: done kind="embed" id=662104 left=32891
2026-08-28T10:49:18.411790Z  INFO fs3_daemon::runner: done kind=summarize subject=docs/plans/073-file-icons/file-icons-spec.md::File Type Icons for Tree View::Clarifications (Resolved) ms=13 left=32891
2026-08-28T10:49:18.421261Z  INFO fs3_daemon::runner: batch kind="embed" subject=1 x smart jobs=1 ms=0
2026-08-28T10:49:18.430987Z  INFO fs3_daemon::runner: done kind="embed" id=662105 left=32890
2026-08-28T10:49:18.510814Z  INFO fs3_daemon::runner: done kind=summarize subject=docs/plans/073-file-icons/file-icons-spec.md::File Type Icons for Tree View::Risks & Assumptions::Risks ms=16 left=32890
2026-08-28T10:49:18.515007Z  INFO fs3_daemon::runner: batch kind="embed" subject=1 x smart jobs=1 ms=0
2026-08-28T10:49:18.521568Z  INFO fs3_daemon::runner: done kind="embed" id=662106 left=32889
2026-08-28T10:49:18.603982Z  INFO fs3_daemon::runner: done kind=summarize subject=docs/plans/073-file-icons/file-icons-spec.md::File Type Icons for Tree View::Risks & Assumptions ms=15 left=32889
2026-08-28T10:49:18.615574Z  INFO fs3_daemon::runner: batch kind="embed" subject=1 x smart jobs=1 ms=0
2026-08-28T10:49:18.623892Z  INFO fs3_daemon::runner: done kind="embed" id=662107 left=32888
2026-08-28T10:49:18.702950Z  INFO fs3_daemon::runner: done kind=summarize subject=docs/plans/073-file-icons/file-icons-spec.md::File Type Icons for Tree View::Acceptance Criteria ms=13 left=32888
2026-08-28T10:49:18.713085Z  INFO fs3_daemon::runner: batch kind="embed" subject=1 x smart jobs=1 ms=0
2026-08-28T10:49:18.722114Z  INFO fs3_daemon::runner: done kind="embed" id=662108 left=32887
2026-08-28T10:49:18.803325Z  INFO fs3_daemon::runner: done kind=summarize subject=docs/plans/073-file-icons/file-icons-spec.md::File Type Icons for Tree View::Complexity ms=12 left=32887
2026-08-28T10:49:18.814694Z  INFO fs3_daemon::runner: batch kind="embed" subject=1 x smart jobs=1 ms=0
2026-08-28T10:49:18.822404Z  INFO fs3_daemon::runner: done kind="embed" id=662109 left=32886
2026-08-28T10:49:18.908397Z  INFO fs3_daemon::runner: done kind=summarize subject=docs/plans/073-file-icons/file-icons-spec.md::File Type Icons for Tree View::Surfaces Inventory ms=14 left=32886
2026-08-28T10:49:18.914580Z  INFO fs3_daemon::runner: batch kind="embed" subject=1 x smart jobs=1 ms=0
2026-08-28T10:49:18.920963Z  INFO fs3_daemon::runner: done kind="embed" id=662110 left=32885
2026-08-28T10:49:19.000708Z  INFO fs3_daemon::runner: done kind=summarize subject=docs/plans/073-file-icons/file-icons-spec.md::File Type Icons for Tree View::Target Domains::Domain Boundary Notes ms=14 left=32885
2026-08-28T10:49:19.009143Z  INFO fs3_daemon::runner: batch kind="embed" subject=1 x smart jobs=1 ms=1
2026-08-28T10:49:19.015422Z  INFO fs3_daemon::runner: done kind="embed" id=662111 left=32884
2026-08-28T10:49:19.091394Z  INFO fs3_daemon::runner: done kind=summarize subject=docs/plans/073-file-icons/file-icons-spec.md::File Type Icons for Tree View::Target Domains ms=10 left=32884
2026-08-28T10:49:19.102194Z  INFO fs3_daemon::runner: batch kind="embed" subject=1 x smart jobs=1 ms=0
2026-08-28T10:49:19.110571Z  INFO fs3_daemon::runner: done kind="embed" id=662112 left=32883
2026-08-28T10:49:19.184945Z  INFO fs3_daemon::runner: done kind=summarize subject=docs/plans/073-file-icons/file-icons-spec.md::File Type Icons for Tree View::Non-Goals ms=12 left=32883
2026-08-28T10:49:19.196171Z  INFO fs3_daemon::runner: batch kind="embed" subject=1 x smart jobs=1 ms=1
2026-08-28T10:49:19.202032Z  INFO fs3_daemon::runner: done kind="embed" id=662113 left=32882
2026-08-28T10:49:19.284245Z  INFO fs3_daemon::runner: done kind=summarize subject=docs/plans/073-file-icons/file-icons-spec.md::File Type Icons for Tree View::Goals ms=13 left=32882
2026-08-28T10:49:19.298167Z  INFO fs3_daemon::runner: batch kind="embed" subject=1 x smart jobs=1 ms=0
2026-08-28T10:49:19.306232Z  INFO fs3_daemon::runner: done kind="embed" id=662114 left=32881
2026-08-28T10:49:19.388225Z  INFO fs3_daemon::runner: done kind=summarize subject=docs/plans/073-file-icons/file-icons-spec.md::File Type Icons for Tree View ms=11 left=32881
2026-08-28T10:49:19.400904Z  INFO fs3_daemon::runner: batch kind="embed" subject=1 x smart jobs=1 ms=0
2026-08-28T10:49:19.409611Z  INFO fs3_daemon::runner: done kind="embed" id=662115 left=32880
2026-08-28T10:49:19.483233Z  INFO fs3_daemon::runner: done kind=summarize subject=docs/plans/073-file-icons/file-icons-plan.md::File Type Icons Implementation Plan::Completion Summary::Domain Changes ms=10 left=32880
2026-08-28T10:49:19.495094Z  INFO fs3_daemon::runner: batch kind="embed" subject=1 x smart jobs=1 ms=1
2026-08-28T10:49:19.505555Z  INFO fs3_daemon::runner: done kind="embed" id=662116 left=32879
2026-08-28T10:49:19.588393Z  INFO fs3_daemon::runner: done kind=summarize subject=docs/plans/073-file-icons/file-icons-plan.md::File Type Icons Implementation Plan::Completion Summary::Deliverables ms=11 left=32879
2026-08-28T10:49:19.603033Z  INFO fs3_daemon::runner: batch kind="embed" subject=1 x smart jobs=1 ms=1
2026-08-28T10:49:19.616627Z  INFO fs3_daemon::runner: done kind="embed" id=662117 left=32878
2026-08-28T10:49:19.694768Z  INFO fs3_daemon::runner: done kind=summarize subject=docs/plans/073-file-icons/file-icons-plan.md::File Type Icons Implementation Plan::Completion Summary ms=13 left=32878
2026-08-28T10:49:19.709940Z  INFO fs3_daemon::runner: batch kind="embed" subject=1 x smart jobs=1 ms=0
2026-08-28T10:49:19.722490Z  INFO fs3_daemon::runner: done kind="embed" id=662118 left=32877
2026-08-28T10:49:19.807794Z  INFO fs3_daemon::runner: done kind=summarize subject=docs/plans/073-file-icons/file-icons-plan.md::File Type Icons Implementation Plan::Risks ms=17 left=32877
2026-08-28T10:49:19.811282Z  INFO fs3_daemon::runner: batch kind="embed" subject=1 x smart jobs=1 ms=1
2026-08-28T10:49:19.818205Z  INFO fs3_daemon::runner: done kind="embed" id=662119 left=32876
2026-08-28T10:49:19.902493Z  INFO fs3_daemon::runner: done kind=summarize subject=docs/plans/073-file-icons/file-icons-plan.md::File Type Icons Implementation Plan::Acceptance Criteria ms=20 left=32876
2026-08-28T10:49:19.903741Z  INFO fs3_daemon::runner: batch kind="embed" subject=1 x smart jobs=1 ms=0
2026-08-28T10:49:19.911086Z  INFO fs3_daemon::runner: done kind="embed" id=662120 left=32875
2026-08-28T10:49:20.004461Z  INFO fs3_daemon::runner: batch kind="embed" subject=1 x smart jobs=1 ms=0
2026-08-28T10:49:20.007506Z  INFO fs3_daemon::runner: done kind=summarize subject=docs/plans/073-file-icons/file-icons-plan.md::File Type Icons Implementation Plan::Phases::Phase 5: Theme Adaptation & Polish ms=23 left=32875
2026-08-28T10:49:20.010533Z  INFO fs3_daemon::runner: done kind="embed" id=662121 left=32874
2026-08-28T10:49:20.088336Z  INFO fs3_daemon::runner: done kind=summarize subject=docs/plans/073-file-icons/file-icons-plan.md::File Type Icons Implementation Plan::Phases::Phase 4: Tree & Surface Integration ms=10 left=32874
2026-08-28T10:49:20.100278Z  INFO fs3_daemon::runner: batch kind="embed" subject=1 x smart jobs=1 ms=0
2026-08-28T10:49:20.108963Z  INFO fs3_daemon::runner: done kind="embed" id=662122 left=32873
2026-08-28T10:49:20.183552Z  INFO fs3_daemon::runner: done kind=summarize subject=docs/plans/073-file-icons/file-icons-plan.md::File Type Icons Implementation Plan::Phases::Phase 3: FileIcon Components & SDK Setting ms=10 left=32873
2026-08-28T10:49:20.197923Z  INFO fs3_daemon::runner: batch kind="embed" subject=1 x smart jobs=1 ms=0
2026-08-28T10:49:20.208367Z  INFO fs3_daemon::runner: done kind="embed" id=662123 left=32872
2026-08-28T10:49:20.283920Z  INFO fs3_daemon::runner: done kind=summarize subject=docs/plans/073-file-icons/file-icons-plan.md::File Type Icons Implementation Plan::Phases::Phase 2: Icon Asset Pipeline ms=9 left=32872
2026-08-28T10:49:20.290912Z  INFO fs3_daemon::runner: batch kind="embed" subject=1 x smart jobs=1 ms=1
2026-08-28T10:49:20.301440Z  INFO fs3_daemon::runner: done kind="embed" id=662124 left=32871
2026-08-28T10:49:20.378634Z  INFO fs3_daemon::runner: done kind=summarize subject=docs/plans/073-file-icons/file-icons-plan.md::File Type Icons Implementation Plan::Phases::Phase 1: Domain Setup & Icon Resolver ms=9 left=32871
2026-08-28T10:49:20.389541Z  INFO fs3_daemon::runner: batch kind="embed" subject=1 x smart jobs=1 ms=0
2026-08-28T10:49:20.398510Z  INFO fs3_daemon::runner: done kind="embed" id=662125 left=32870
2026-08-28T10:49:20.482318Z  INFO fs3_daemon::runner: done kind=summarize subject=docs/plans/073-file-icons/file-icons-plan.md::File Type Icons Implementation Plan::Phases::Phase Index ms=14 left=32870
2026-08-28T10:49:20.490836Z  INFO fs3_daemon::runner: batch kind="embed" subject=1 x smart jobs=1 ms=0
2026-08-28T10:49:20.499678Z  INFO fs3_daemon::runner: done kind="embed" id=662126 left=32869
2026-08-28T10:49:20.568227Z  INFO fs3_daemon::runner: done kind=summarize subject=docs/plans/073-file-icons/file-icons-plan.md::File Type Icons Implementation Plan::Phases ms=9 left=32869
2026-08-28T10:49:20.581335Z  INFO fs3_daemon::runner: batch kind="embed" subject=1 x smart jobs=1 ms=1
2026-08-28T10:49:20.588820Z  INFO fs3_daemon::runner: done kind="embed" id=662127 left=32868
2026-08-28T10:49:20.691690Z  INFO fs3_daemon::runner: done kind=summarize subject=docs/plans/073-file-icons/file-icons-plan.md::File Type Icons Implementation Plan::Key Findings ms=26 left=32868
2026-08-28T10:49:20.700274Z  INFO fs3_daemon::runner: batch kind="embed" subject=1 x smart jobs=1 ms=0
2026-08-28T10:49:20.720090Z  INFO fs3_daemon::runner: done kind="embed" id=662128 left=32867
2026-08-28T10:49:20.829080Z  INFO fs3_daemon::runner: done kind=summarize subject=docs/plans/073-file-icons/file-icons-plan.md::File Type Icons Implementation Plan::Domain Manifest ms=30 left=32867
2026-08-28T10:49:20.842298Z  INFO fs3_daemon::runner: batch kind="embed" subject=1 x smart jobs=1 ms=0
2026-08-28T10:49:20.866191Z  INFO fs3_daemon::runner: done kind="embed" id=662129 left=32866
2026-08-28T10:49:20.982636Z  INFO fs3_daemon::runner: done kind=summarize subject=docs/plans/073-file-icons/file-icons-plan.md::File Type Icons Implementation Plan::Target Domains ms=31 left=32866
2026-08-28T10:49:20.992588Z  INFO fs3_daemon::runner: batch kind="embed" subject=1 x smart jobs=1 ms=0
2026-08-28T10:49:21.017785Z  INFO fs3_daemon::runner: done kind="embed" id=662130 left=32865
2026-08-28T10:49:21.119454Z  INFO fs3_daemon::runner: done kind=summarize subject=docs/plans/073-file-icons/file-icons-plan.md::File Type Icons Implementation Plan ms=27 left=32865
2026-08-28T10:49:21.128638Z  INFO fs3_daemon::runner: batch kind="embed" subject=1 x smart jobs=1 ms=0
2026-08-28T10:49:21.152083Z  INFO fs3_daemon::runner: done kind="embed" id=662131 left=32864
2026-08-28T10:49:21.254992Z  INFO fs3_daemon::runner: done kind=summarize subject=docs/plans/073-file-icons/deep-research-theme-adaptation.md::Dark and Light Theme Adaptation for Fixed-Color SVG Icons in Web Applications: A Comprehensive Technical Analysis::Conclusion ms=29 left=32864
2026-08-28T10:49:21.268036Z  INFO fs3_daemon::runner: batch kind="embed" subject=1 x smart jobs=1 ms=1
2026-08-28T10:49:21.285925Z  INFO fs3_daemon::runner: done kind="embed" id=662132 left=32863
2026-08-28T10:49:21.391887Z  INFO fs3_daemon::runner: done kind=summarize subject=docs/plans/073-file-icons/deep-research-theme-adaptation.md::Dark and Light Theme Adaptation for Fixed-Color SVG Icons in Web Applications: A Comprehensive Technical Analysis::Synthesis and Recommendations: Choosing the Right Approach ms=29 left=32863
2026-08-28T10:49:21.401931Z  INFO fs3_daemon::runner: batch kind="embed" subject=1 x smart jobs=1 ms=2
2026-08-28T10:49:21.421960Z  INFO fs3_daemon::runner: done kind="embed" id=662133 left=32862
2026-08-28T10:49:21.524275Z  INFO fs3_daemon::runner: done kind=summarize subject=docs/plans/073-file-icons/deep-research-theme-adaptation.md::Dark and Light Theme Adaptation for Fixed-Color SVG Icons in Web Applications: A Comprehensive Technical Analysis::Performance and Accessibility Considerations::Accessibility Considerations ms=28 left=32862
2026-08-28T10:49:21.532818Z  INFO fs3_daemon::runner: batch kind="embed" subject=1 x smart jobs=1 ms=0
2026-08-28T10:49:21.552200Z  INFO fs3_daemon::runner: done kind="embed" id=662134 left=32861
2026-08-28T10:49:21.653948Z  INFO fs3_daemon::runner: done kind=summarize subject=docs/plans/073-file-icons/deep-research-theme-adaptation.md::Dark and Light Theme Adaptation for Fixed-Color SVG Icons in Web Applications: A Comprehensive Technical Analysis::Performance and Accessibility Considerations::Performance Optimization ms=26 left=32861
2026-08-28T10:49:21.662654Z  INFO fs3_daemon::runner: batch kind="embed" subject=1 x smart jobs=1 ms=0
2026-08-28T10:49:21.686569Z  INFO fs3_daemon::runner: done kind="embed" id=662135 left=32860
2026-08-28T10:49:21.798125Z  INFO fs3_daemon::runner: done kind=summarize subject=docs/plans/073-file-icons/deep-research-theme-adaptation.md::Dark and Light Theme Adaptation for Fixed-Color SVG Icons in Web Applications: A Comprehensive Technical Analysis::Performance and Accessibility Considerations ms=27 left=32860
2026-08-28T10:49:21.802761Z  INFO fs3_daemon::runner: batch kind="embed" subject=1 x smart jobs=1 ms=2
2026-08-28T10:49:21.826571Z  INFO fs3_daemon::runner: done kind="embed" id=662136 left=32859
2026-08-28T10:49:21.929712Z  INFO fs3_daemon::runner: batch kind="embed" subject=1 x smart jobs=1 ms=0
2026-08-28T10:49:21.944458Z  INFO fs3_daemon::runner: done kind=summarize subject=docs/plans/073-file-icons/deep-research-theme-adaptation.md::Dark and Light Theme Adaptation for Fixed-Color SVG Icons in Web Applications: A Comprehensive Technical Analysis::Implementation Patterns in React with next-themes and Tailwind CSS::CSS Custom Properties with Tailwind CSS v4 ms=46 left=32859
2026-08-28T10:49:21.956760Z  INFO fs3_daemon::runner: done kind="embed" id=662137 left=32858
2026-08-28T10:49:22.073721Z  INFO fs3_daemon::runner: done kind=summarize subject=docs/plans/073-file-icons/deep-research-theme-adaptation.md::Dark and Light Theme Adaptation for Fixed-Color SVG Icons in Web Applications: A Comprehensive Technical Analysis::Implementation Patterns in React with next-themes and Tailwind CSS::File Tree Component with Theme-Aware Icons ms=34 left=32858
2026-08-28T10:49:22.083957Z  INFO fs3_daemon::runner: batch kind="embed" subject=1 x smart jobs=1 ms=1
2026-08-28T10:49:22.108818Z  INFO fs3_daemon::runner: done kind="embed" id=662138 left=32857
2026-08-28T10:49:22.217175Z  INFO fs3_daemon::runner: done kind=summarize subject=docs/plans/073-file-icons/deep-research-theme-adaptation.md::Dark and Light Theme Adaptation for Fixed-Color SVG Icons in Web Applications: A Comprehensive Technical Analysis::Implementation Patterns in React with next-themes and Tailwind CSS::Theme Provider Setup and Icon Context ms=28 left=32857
2026-08-28T10:49:22.227906Z  INFO fs3_daemon::runner: batch kind="embed" subject=1 x smart jobs=1 ms=2
2026-08-28T10:49:22.241586Z  INFO fs3_daemon::runner: done kind="embed" id=662139 left=32856
2026-08-28T10:49:22.317476Z  INFO fs3_daemon::runner: done kind=summarize subject=docs/plans/073-file-icons/deep-research-theme-adaptation.md::Dark and Light Theme Adaptation for Fixed-Color SVG Icons in Web Applications: A Comprehensive Technical Analysis::Implementation Patterns in React with next-themes and Tailwind CSS ms=10 left=32856
2026-08-28T10:49:22.327260Z  INFO fs3_daemon::runner: batch kind="embed" subject=1 x smart jobs=1 ms=0
2026-08-28T10:49:22.334067Z  INFO fs3_daemon::runner: done kind="embed" id=662140 left=32855
2026-08-28T10:49:22.416095Z  INFO fs3_daemon::runner: done kind=summarize subject=docs/plans/073-file-icons/deep-research-theme-adaptation.md::Dark and Light Theme Adaptation for Fixed-Color SVG Icons in Web Applications: A Comprehensive Technical Analysis::Alternative and Complementary Theming Strategies ms=15 left=32855
2026-08-28T10:49:22.420762Z  INFO fs3_daemon::runner: batch kind="embed" subject=1 x smart jobs=1 ms=0
2026-08-28T10:49:22.427434Z  INFO fs3_daemon::runner: done kind="embed" id=662141 left=32854
2026-08-28T10:49:22.509021Z  INFO fs3_daemon::runner: done kind=summarize subject=docs/plans/073-file-icons/deep-research-theme-adaptation.md::Dark and Light Theme Adaptation for Fixed-Color SVG Icons in Web Applications: A Comprehensive Technical Analysis::Real-World Case Studies: VSCode Web, GitHub, and Emerging Platforms ms=11 left=32854
2026-08-28T10:49:22.519135Z  INFO fs3_daemon::runner: batch kind="embed" subject=1 x smart jobs=1 ms=0
2026-08-28T10:49:22.528403Z  INFO fs3_daemon::runner: done kind="embed" id=662142 left=32853
2026-08-28T10:49:22.606077Z  INFO fs3_daemon::runner: done kind=summarize subject=docs/plans/073-file-icons/deep-research-theme-adaptation.md::Dark and Light Theme Adaptation for Fixed-Color SVG Icons in Web Applications: A Comprehensive Technical Analysis::CSS Custom Properties and SVG Design Patterns for Theme Adaptation ms=15 left=32853
2026-08-28T10:49:22.617016Z  INFO fs3_daemon::runner: batch kind="embed" subject=1 x smart jobs=1 ms=1
2026-08-28T10:49:22.628301Z  INFO fs3_daemon::runner: done kind="embed" id=662143 left=32852
2026-08-28T10:49:22.714694Z  INFO fs3_daemon::runner: done kind=summarize subject=docs/plans/073-file-icons/deep-research-theme-adaptation.md::Dark and Light Theme Adaptation for Fixed-Color SVG Icons in Web Applications: A Comprehensive Technical Analysis::SVG Preprocessing and Build-Time Color Transformation ms=16 left=32852
2026-08-28T10:49:22.762243Z  INFO fs3_daemon::runner: progress phase="working" scanned=61600 scan_left=33 summarized=125260 summarize_left=32818 embedded=203778 embed_left=1 failed=0
2026-08-28T10:49:22.781097Z  INFO fs3_daemon::runner: batch kind="embed" subject=2 x smart jobs=2 ms=0
2026-08-28T10:49:22.787569Z  INFO fs3_daemon::runner: done kind="embed" id=662145 left=32851
2026-08-28T10:49:22.857263Z  INFO fs3_daemon::runner: done kind="embed" id=662144 left=32850
2026-08-28T10:49:22.930796Z  INFO fs3_daemon::runner: done kind=summarize subject=docs/plans/073-file-icons/deep-research-theme-adaptation.md::Dark and Light Theme Adaptation for Fixed-Color SVG Icons in Web Applications: A Comprehensive Technical Analysis::CSS Filter-Based Runtime Adaptation for Image-Tagged SVGs ms=12 left=32850
2026-08-28T10:49:22.953385Z  INFO fs3_daemon::runner: done kind=summarize subject=docs/plans/073-file-icons/deep-research-theme-adaptation.md::Dark and Light Theme Adaptation for Fixed-Color SVG Icons in Web Applications: A Comprehensive Technical Analysis::Contrast Analysis and Real-World Testing of Material Icon Theme Icons ms=10 left=32850
2026-08-28T10:49:22.974981Z  INFO fs3_daemon::runner: batch kind="embed" subject=1 x smart jobs=1 ms=0
2026-08-28T10:49:22.987242Z  INFO fs3_daemon::runner: done kind="embed" id=662146 left=32849
2026-08-28T10:49:23.067138Z  INFO fs3_daemon::runner: done kind=summarize subject=docs/plans/073-file-icons/deep-research-theme-adaptation.md::Dark and Light Theme Adaptation for Fixed-Color SVG Icons in Web Applications: A Comprehensive Technical Analysis::Understanding the Challenge: Dark Mode Icons and the Material Icon Theme Problem ms=10 left=32849
2026-08-28T10:49:23.083376Z  INFO fs3_daemon::runner: batch kind="embed" subject=1 x smart jobs=1 ms=0
2026-08-28T10:49:23.089684Z  INFO fs3_daemon::runner: done kind="embed" id=662147 left=32848
2026-08-28T10:49:23.167041Z  INFO fs3_daemon::runner: done kind=summarize subject=docs/plans/073-file-icons/deep-research-theme-adaptation.md::Dark and Light Theme Adaptation for Fixed-Color SVG Icons in Web Applications: A Comprehensive Technical Analysis ms=15 left=32848
2026-08-28T10:49:23.170260Z  INFO fs3_daemon::runner: batch kind="embed" subject=1 x smart jobs=1 ms=0
2026-08-28T10:49:23.180291Z  INFO fs3_daemon::runner: done kind="embed" id=662148 left=32847
2026-08-28T10:49:23.262442Z  INFO fs3_daemon::runner: done kind=summarize subject=docs/plans/073-file-icons/deep-research-bundle-optimization.md::Optimizing ~1,200 SVG File Icons from Material-Icon-Theme in Next.js 16: A Comprehensive Analysis of Loading Strategies, Build-Time Processing, and Performance Trade-Offs::Conclusion and Implementation Recommendations ms=14 left=32847
2026-08-28T10:49:23.264020Z  INFO fs3_daemon::runner: batch kind="embed" subject=1 x smart jobs=1 ms=0
2026-08-28T10:49:23.273686Z  INFO fs3_daemon::runner: done kind="embed" id=662149 left=32846
2026-08-28T10:49:23.343690Z  INFO fs3_daemon::runner: done kind=summarize subject=docs/plans/073-file-icons/deep-research-bundle-optimization.md::Optimizing ~1,200 SVG File Icons from Material-Icon-Theme in Next.js 16: A Comprehensive Analysis of Loading Strategies, Build-Time Processing, and Performance Trade-Offs::Monitoring and Validation Strategies ms=8 left=32846
2026-08-28T10:49:23.359103Z  INFO fs3_daemon::runner: batch kind="embed" subject=1 x smart jobs=1 ms=1
2026-08-28T10:49:23.368058Z  INFO fs3_daemon::runner: done kind="embed" id=662150 left=32845
2026-08-28T10:49:23.448400Z  INFO fs3_daemon::runner: done kind=summarize subject=docs/plans/073-file-icons/deep-research-bundle-optimization.md::Optimizing ~1,200 SVG File Icons from Material-Icon-Theme in Next.js 16: A Comprehensive Analysis of Loading Strategies, Build-Time Processing, and Performance Trade-Offs::Performance Optimization Checklist and Decision Matrix ms=14 left=32845
2026-08-28T10:49:23.459169Z  INFO fs3_daemon::runner: batch kind="embed" subject=1 x smart jobs=1 ms=0
2026-08-28T10:49:23.466221Z  INFO fs3_daemon::runner: done kind="embed" id=662151 left=32844
2026-08-28T10:49:23.544756Z  INFO fs3_daemon::runner: done kind=summarize subject=docs/plans/073-file-icons/deep-research-bundle-optimization.md::Optimizing ~1,200 SVG File Icons from Material-Icon-Theme in Next.js 16: A Comprehensive Analysis of Loading Strategies, Build-Time Processing, and Performance Trade-Offs::Implementation Examples and Configuration Patterns::Example 3: Bundle Size Optimization Configuration ms=8 left=32844
2026-08-28T10:49:23.565314Z  INFO fs3_daemon::runner: batch kind="embed" subject=1 x smart jobs=1 ms=0
2026-08-28T10:49:23.573533Z  INFO fs3_daemon::runner: done kind="embed" id=662152 left=32843
2026-08-28T10:49:23.647034Z  INFO fs3_daemon::runner: done kind=summarize subject=docs/plans/073-file-icons/deep-research-bundle-optimization.md::Optimizing ~1,200 SVG File Icons from Material-Icon-Theme in Next.js 16: A Comprehensive Analysis of Loading Strategies, Build-Time Processing, and Performance Trade-Offs::Implementation Examples and Configuration Patterns::Example 2: SVG Sprite Implementation with Intersection Observer ms=7 left=32843
2026-08-28T10:49:23.657616Z  INFO fs3_daemon::runner: batch kind="embed" subject=1 x smart jobs=1 ms=0
2026-08-28T10:49:23.669079Z  INFO fs3_daemon::runner: done kind="embed" id=662153 left=32842
2026-08-28T10:49:23.745576Z  INFO fs3_daemon::runner: done kind=summarize subject=docs/plans/073-file-icons/deep-research-bundle-optimization.md::Optimizing ~1,200 SVG File Icons from Material-Icon-Theme in Next.js 16: A Comprehensive Analysis of Loading Strategies, Build-Time Processing, and Performance Trade-Offs::Implementation Examples and Configuration Patterns::Example 1: Static File Implementation with Icon Map ms=10 left=32842
2026-08-28T10:49:23.756990Z  INFO fs3_daemon::runner: batch kind="embed" subject=1 x smart jobs=1 ms=0
2026-08-28T10:49:23.763229Z  INFO fs3_daemon::runner: done kind="embed" id=662154 left=32841
2026-08-28T10:49:23.848941Z  INFO fs3_daemon::runner: done kind=summarize subject=docs/plans/073-file-icons/deep-research-bundle-optimization.md::Optimizing ~1,200 SVG File Icons from Material-Icon-Theme in Next.js 16: A Comprehensive Analysis of Loading Strategies, Build-Time Processing, and Performance Trade-Offs::Implementation Examples and Configuration Patterns ms=9 left=32841
2026-08-28T10:49:23.862517Z  INFO fs3_daemon::runner: batch kind="embed" subject=1 x smart jobs=1 ms=0
2026-08-28T10:49:23.877999Z  INFO fs3_daemon::runner: done kind="embed" id=662155 left=32840
2026-08-28T10:49:23.955835Z  INFO fs3_daemon::runner: done kind=summarize subject=docs/plans/073-file-icons/deep-research-bundle-optimization.md::Optimizing ~1,200 SVG File Icons from Material-Icon-Theme in Next.js 16: A Comprehensive Analysis of Loading Strategies, Build-Time Processing, and Performance Trade-Offs::Performance Metrics: Rendering and Paint Time Comparisons ms=11 left=32840
2026-08-28T10:49:23.967169Z  INFO fs3_daemon::runner: batch kind="embed" subject=1 x smart jobs=1 ms=0
2026-08-28T10:49:23.974205Z  INFO fs3_daemon::runner: done kind="embed" id=662156 left=32839
2026-08-28T10:49:24.056521Z  INFO fs3_daemon::runner: done kind=summarize subject=docs/plans/073-file-icons/deep-research-bundle-optimization.md::Optimizing ~1,200 SVG File Icons from Material-Icon-Theme in Next.js 16: A Comprehensive Analysis of Loading Strategies, Build-Time Processing, and Performance Trade-Offs::Real-World Implementation Patterns from Major Platforms ms=16 left=32839
2026-08-28T10:49:24.064903Z  INFO fs3_daemon::runner: batch kind="embed" subject=1 x smart jobs=1 ms=0
2026-08-28T10:49:24.074342Z  INFO fs3_daemon::runner: done kind="embed" id=662157 left=32838
2026-08-28T10:49:24.158197Z  INFO fs3_daemon::runner: done kind=summarize subject=docs/plans/073-file-icons/deep-research-bundle-optimization.md::Optimizing ~1,200 SVG File Icons from Material-Icon-Theme in Next.js 16: A Comprehensive Analysis of Loading Strategies, Build-Time Processing, and Performance Trade-Offs::HTTP Caching Strategy for SVG Icons ms=14 left=32838
2026-08-28T10:49:24.164589Z  INFO fs3_daemon::runner: batch kind="embed" subject=1 x smart jobs=1 ms=0
2026-08-28T10:49:24.172648Z  INFO fs3_daemon::runner: done kind="embed" id=662158 left=32837
2026-08-28T10:49:24.261134Z  INFO fs3_daemon::runner: done kind=summarize subject=docs/plans/073-file-icons/deep-research-bundle-optimization.md::Optimizing ~1,200 SVG File Icons from Material-Icon-Theme in Next.js 16: A Comprehensive Analysis of Loading Strategies, Build-Time Processing, and Performance Trade-Offs::Build-Time Processing and SVG Optimization ms=14 left=32837
2026-08-28T10:49:24.273989Z  INFO fs3_daemon::runner: batch kind="embed" subject=1 x smart jobs=1 ms=0
2026-08-28T10:49:24.280170Z  INFO fs3_daemon::runner: done kind="embed" id=662159 left=32836
2026-08-28T10:49:24.373732Z  INFO fs3_daemon::runner: done kind=summarize subject=docs/plans/073-file-icons/deep-research-bundle-optimization.md::Optimizing ~1,200 SVG File Icons from Material-Icon-Theme in Next.js 16: A Comprehensive Analysis of Loading Strategies, Build-Time Processing, and Performance Trade-Offs::Turbopack-Specific Considerations and SVG Support ms=17 left=32836
2026-08-28T10:49:24.377726Z  INFO fs3_daemon::runner: batch kind="embed" subject=1 x smart jobs=1 ms=1
2026-08-28T10:49:24.386395Z  INFO fs3_daemon::runner: done kind="embed" id=662160 left=32835
2026-08-28T10:49:24.466446Z  INFO fs3_daemon::runner: done kind=summarize subject=docs/plans/073-file-icons/deep-research-bundle-optimization.md::Optimizing ~1,200 SVG File Icons from Material-Icon-Theme in Next.js 16: A Comprehensive Analysis of Loading Strategies, Build-Time Processing, and Performance Trade-Offs::Bundle Size Analysis and Measurements ms=13 left=32835
2026-08-28T10:49:24.473522Z  INFO fs3_daemon::runner: batch kind="embed" subject=1 x smart jobs=1 ms=0
2026-08-28T10:49:24.479629Z  INFO fs3_daemon::runner: done kind="embed" id=662161 left=32834
2026-08-28T10:49:24.561245Z  INFO fs3_daemon::runner: done kind=summarize subject=docs/plans/073-file-icons/deep-research-bundle-optimization.md::Optimizing ~1,200 SVG File Icons from Material-Icon-Theme in Next.js 16: A Comprehensive Analysis of Loading Strategies, Build-Time Processing, and Performance Trade-Offs::Comparative Analysis of Six SVG Loading Strategies::Inline SVG Data URIs Approach ms=13 left=32834
2026-08-28T10:49:24.571146Z  INFO fs3_daemon::runner: batch kind="embed" subject=1 x smart jobs=1 ms=1
2026-08-28T10:49:24.578496Z  INFO fs3_daemon::runner: done kind="embed" id=662162 left=32833
2026-08-28T10:49:24.667607Z  INFO fs3_daemon::runner: done kind=summarize subject=docs/plans/073-file-icons/deep-research-bundle-optimization.md::Optimizing ~1,200 SVG File Icons from Material-Icon-Theme in Next.js 16: A Comprehensive Analysis of Loading Strategies, Build-Time Processing, and Performance Trade-Offs::Comparative Analysis of Six SVG Loading Strategies::CSS Background Images Approach ms=15 left=32833
2026-08-28T10:49:24.678326Z  INFO fs3_daemon::runner: batch kind="embed" subject=1 x smart jobs=1 ms=0
2026-08-28T10:49:24.685809Z  INFO fs3_daemon::runner: done kind="embed" id=662163 left=32832
2026-08-28T10:49:24.761639Z  INFO fs3_daemon::runner: done kind=summarize subject=docs/plans/073-file-icons/deep-research-bundle-optimization.md::Optimizing ~1,200 SVG File Icons from Material-Icon-Theme in Next.js 16: A Comprehensive Analysis of Loading Strategies, Build-Time Processing, and Performance Trade-Offs::Comparative Analysis of Six SVG Loading Strategies::SVG Sprite Sheet Approach ms=9 left=32832
2026-08-28T10:49:24.772972Z  INFO fs3_daemon::runner: batch kind="embed" subject=1 x smart jobs=1 ms=0
2026-08-28T10:49:24.780708Z  INFO fs3_daemon::runner: done kind="embed" id=662164 left=32831
2026-08-28T10:49:24.858052Z  INFO fs3_daemon::runner: done kind=summarize subject=docs/plans/073-file-icons/deep-research-bundle-optimization.md::Optimizing ~1,200 SVG File Icons from Material-Icon-Theme in Next.js 16: A Comprehensive Analysis of Loading Strategies, Build-Time Processing, and Performance Trade-Offs::Comparative Analysis of Six SVG Loading Strategies::Dynamic React Component Imports Approach ms=12 left=32831
2026-08-28T10:49:24.868838Z  INFO fs3_daemon::runner: batch kind="embed" subject=1 x smart jobs=1 ms=1
2026-08-28T10:49:24.875048Z  INFO fs3_daemon::runner: done kind="embed" id=662165 left=32830
2026-08-28T10:49:24.947612Z  INFO fs3_daemon::runner: done kind=summarize subject=docs/plans/073-file-icons/deep-research-bundle-optimization.md::Optimizing ~1,200 SVG File Icons from Material-Icon-Theme in Next.js 16: A Comprehensive Analysis of Loading Strategies, Build-Time Processing, and Performance Trade-Offs::Comparative Analysis of Six SVG Loading Strategies::Static Files in Public Directory Approach ms=7 left=32830
2026-08-28T10:49:24.958935Z  INFO fs3_daemon::runner: batch kind="embed" subject=1 x smart jobs=1 ms=0
2026-08-28T10:49:24.965785Z  INFO fs3_daemon::runner: done kind="embed" id=662166 left=32829
2026-08-28T10:49:25.041687Z  INFO fs3_daemon::runner: done kind=summarize subject=docs/plans/073-file-icons/deep-research-bundle-optimization.md::Optimizing ~1,200 SVG File Icons from Material-Icon-Theme in Next.js 16: A Comprehensive Analysis of Loading Strategies, Build-Time Processing, and Performance Trade-Offs::Comparative Analysis of Six SVG Loading Strategies ms=12 left=32829
2026-08-28T10:49:25.051507Z  INFO fs3_daemon::runner: batch kind="embed" subject=1 x smart jobs=1 ms=0
2026-08-28T10:49:25.058508Z  INFO fs3_daemon::runner: done kind="embed" id=662167 left=32828
2026-08-28T10:49:25.143301Z  INFO fs3_daemon::runner: done kind=summarize subject=docs/plans/073-file-icons/deep-research-bundle-optimization.md::Optimizing ~1,200 SVG File Icons from Material-Icon-Theme in Next.js 16: A Comprehensive Analysis of Loading Strategies, Build-Time Processing, and Performance Trade-Offs ms=9 left=32828
2026-08-28T10:49:25.159949Z  INFO fs3_daemon::runner: batch kind="embed" subject=1 x smart jobs=1 ms=4
2026-08-28T10:49:25.173993Z  INFO fs3_daemon::runner: done kind="embed" id=662168 left=32827
2026-08-28T10:49:25.252346Z  INFO fs3_daemon::runner: done kind=summarize subject=docs/plans/072-sse-multiplexing/workshops/002-agent-sse-migration.md::Workshop: Agent SSE Migration to Multiplexed Provider::Lines of Code Impact ms=14 left=32827
2026-08-28T10:49:25.264178Z  INFO fs3_daemon::runner: batch kind="embed" subject=1 x smart jobs=1 ms=1
2026-08-28T10:49:25.270540Z  INFO fs3_daemon::runner: done kind="embed" id=662169 left=32826
2026-08-28T10:49:25.374240Z  INFO fs3_daemon::runner: done kind=summarize subject=docs/plans/072-sse-multiplexing/workshops/002-agent-sse-migration.md::Workshop: Agent SSE Migration to Multiplexed Provider::Risk Assessment ms=30 left=32826
2026-08-28T10:49:25.390194Z  INFO fs3_daemon::runner: batch kind="embed" subject=1 x smart jobs=1 ms=1
2026-08-28T10:49:25.415922Z  INFO fs3_daemon::runner: done kind="embed" id=662170 left=32825
2026-08-28T10:49:25.518506Z  INFO fs3_daemon::runner: done kind=summarize subject=docs/plans/072-sse-multiplexing/workshops/002-agent-sse-migration.md::Workshop: Agent SSE Migration to Multiplexed Provider::Verification Checklist::Harness Verification ms=27 left=32825
2026-08-28T10:49:25.532158Z  INFO fs3_daemon::runner: batch kind="embed" subject=1 x smart jobs=1 ms=3
2026-08-28T10:49:25.550850Z  INFO fs3_daemon::runner: done kind="embed" id=662171 left=32824
2026-08-28T10:49:25.656837Z  INFO fs3_daemon::runner: done kind=summarize subject=docs/plans/072-sse-multiplexing/workshops/002-agent-sse-migration.md::Workshop: Agent SSE Migration to Multiplexed Provider::Verification Checklist ms=28 left=32824
2026-08-28T10:49:25.664198Z  INFO fs3_daemon::runner: batch kind="embed" subject=1 x smart jobs=1 ms=0
2026-08-28T10:49:25.684447Z  INFO fs3_daemon::runner: done kind="embed" id=662172 left=32823
2026-08-28T10:49:25.762308Z  INFO fs3_daemon::runner: done kind=summarize subject=docs/plans/072-sse-multiplexing/workshops/002-agent-sse-migration.md::Workshop: Agent SSE Migration to Multiplexed Provider::Changes Required::File 3: `apps/web/src/features/019-agent-manager-refactor/useAgentInstance.ts` ms=12 left=32823
2026-08-28T10:49:25.774086Z  INFO fs3_daemon::runner: batch kind="embed" subject=1 x smart jobs=1 ms=1
2026-08-28T10:49:25.780838Z  INFO fs3_daemon::runner: done kind="embed" id=662173 left=32822
2026-08-28T10:49:25.856491Z  INFO fs3_daemon::runner: done kind=summarize subject=docs/plans/072-sse-multiplexing/workshops/002-agent-sse-migration.md::Workshop: Agent SSE Migration to Multiplexed Provider::Changes Required::Named Event → msg.type Mapping ms=11 left=32822
2026-08-28T10:49:25.866005Z  INFO fs3_daemon::runner: batch kind="embed" subject=1 x smart jobs=1 ms=1
2026-08-28T10:49:25.875304Z  INFO fs3_daemon::runner: done kind="embed" id=662174 left=32821
2026-08-28T10:49:25.958934Z  INFO fs3_daemon::runner: done kind=summarize subject=docs/plans/072-sse-multiplexing/workshops/002-agent-sse-migration.md::Workshop: Agent SSE Migration to Multiplexed Provider::Changes Required::File 2: `apps/web/src/features/019-agent-manager-refactor/useAgentManager.ts` ms=16 left=32821
2026-08-28T10:49:25.974954Z  INFO fs3_daemon::runner: batch kind="embed" subject=1 x smart jobs=1 ms=0
2026-08-28T10:49:25.996230Z  INFO fs3_daemon::runner: done kind="embed" id=662175 left=32820
2026-08-28T10:49:26.088592Z  INFO fs3_daemon::runner: done kind=summarize subject=docs/plans/072-sse-multiplexing/workshops/002-agent-sse-migration.md::Workshop: Agent SSE Migration to Multiplexed Provider::Changes Required::File 1: `apps/web/app/(dashboard)/workspaces/[slug]/layout.tsx` ms=26 left=32820
2026-08-28T10:49:26.097387Z  INFO fs3_daemon::runner: batch kind="embed" subject=1 x smart jobs=1 ms=0
2026-08-28T10:49:26.120910Z  INFO fs3_daemon::runner: done kind="embed" id=662176 left=32819
2026-08-28T10:49:26.218846Z  INFO fs3_daemon::runner: done kind=summarize subject=docs/plans/072-sse-multiplexing/workshops/002-agent-sse-migration.md::Workshop: Agent SSE Migration to Multiplexed Provider::Changes Required ms=22 left=32819
2026-08-28T10:49:26.221888Z  INFO fs3_daemon::runner: batch kind="embed" subject=1 x smart jobs=1 ms=1
2026-08-28T10:49:26.238801Z  INFO fs3_daemon::runner: done kind="embed" id=662177 left=32818
2026-08-28T10:49:26.350311Z  INFO fs3_daemon::runner: done kind=summarize subject=docs/plans/072-sse-multiplexing/workshops/002-agent-sse-migration.md::Workshop: Agent SSE Migration to Multiplexed Provider::Migration Pattern::Reference: How File Changes Was Migrated ms=33 left=32818
2026-08-28T10:49:26.356883Z  INFO fs3_daemon::runner: batch kind="embed" subject=1 x smart jobs=1 ms=0
2026-08-28T10:49:26.375025Z  INFO fs3_daemon::runner: done kind="embed" id=662178 left=32817
2026-08-28T10:49:26.487196Z  INFO fs3_daemon::runner: batch kind="embed" subject=1 x smart jobs=1 ms=0
2026-08-28T10:49:26.502681Z  INFO fs3_daemon::runner: done kind=summarize subject=docs/plans/072-sse-multiplexing/workshops/002-agent-sse-migration.md::Workshop: Agent SSE Migration to Multiplexed Provider::Migration Pattern ms=44 left=32817
2026-08-28T10:49:26.513465Z  INFO fs3_daemon::runner: done kind="embed" id=662179 left=32816
2026-08-28T10:49:26.614095Z  INFO fs3_daemon::runner: done kind=summarize subject=docs/plans/072-sse-multiplexing/workshops/002-agent-sse-migration.md::Workshop: Agent SSE Migration to Multiplexed Provider::The Problem::Target State ms=32 left=32816
2026-08-28T10:49:26.622954Z  INFO fs3_daemon::runner: batch kind="embed" subject=1 x smart jobs=1 ms=0
2026-08-28T10:49:26.637952Z  INFO fs3_daemon::runner: done kind="embed" id=662180 left=32815
2026-08-28T10:49:26.743891Z  INFO fs3_daemon::runner: batch kind="embed" subject=1 x smart jobs=1 ms=0
2026-08-28T10:49:26.759560Z  INFO fs3_daemon::runner: done kind=summarize subject=docs/plans/072-sse-multiplexing/workshops/002-agent-sse-migration.md::Workshop: Agent SSE Migration to Multiplexed Provider::The Problem::Connection Inventory (Current) ms=47 left=32815
2026-08-28T10:49:26.770631Z  INFO fs3_daemon::runner: done kind="embed" id=662181 left=32814
2026-08-28T10:49:26.880420Z  INFO fs3_daemon::runner: done kind=summarize subject=docs/plans/072-sse-multiplexing/workshops/002-agent-sse-migration.md::Workshop: Agent SSE Migration to Multiplexed Provider::The Problem ms=30 left=32814
2026-08-28T10:49:26.888470Z  INFO fs3_daemon::runner: batch kind="embed" subject=1 x smart jobs=1 ms=0
2026-08-28T10:49:26.906663Z  INFO fs3_daemon::runner: done kind="embed" id=662182 left=32813
2026-08-28T10:49:27.003433Z  INFO fs3_daemon::runner: done kind=summarize subject=docs/plans/072-sse-multiplexing/workshops/002-agent-sse-migration.md::Workshop: Agent SSE Migration to Multiplexed Provider ms=27 left=32813
2026-08-28T10:49:27.012099Z  INFO fs3_daemon::runner: batch kind="embed" subject=1 x smart jobs=1 ms=1
2026-08-28T10:49:27.032350Z  INFO fs3_daemon::runner: done kind="embed" id=662183 left=32812
2026-08-28T10:49:27.138101Z  INFO fs3_daemon::runner: done kind=summarize subject=docs/plans/072-sse-multiplexing/workshops/001-multiplexer-design.md::Workshop: SSE Multiplexer Design::Quick Reference ms=27 left=32812
2026-08-28T10:49:27.147196Z  INFO fs3_daemon::runner: batch kind="embed" subject=1 x smart jobs=1 ms=0
2026-08-28T10:49:27.170358Z  INFO fs3_daemon::runner: done kind="embed" id=662184 left=32811
2026-08-28T10:49:27.244144Z  INFO fs3_daemon::runner: done kind=summarize subject=docs/plans/072-sse-multiplexing/workshops/001-multiplexer-design.md::Workshop: SSE Multiplexer Design::Open Questions ms=10 left=32811
2026-08-28T10:49:27.261348Z  INFO fs3_daemon::runner: batch kind="embed" subject=1 x smart jobs=1 ms=0
2026-08-28T10:49:27.268945Z  INFO fs3_daemon::runner: done kind="embed" id=662185 left=32810
2026-08-28T10:49:27.354490Z  INFO fs3_daemon::runner: done kind=summarize subject=docs/plans/072-sse-multiplexing/workshops/001-multiplexer-design.md::Workshop: SSE Multiplexer Design::Backwards Compatibility ms=19 left=32810
2026-08-28T10:49:27.356707Z  INFO fs3_daemon::runner: batch kind="embed" subject=1 x smart jobs=1 ms=0
2026-08-28T10:49:27.365029Z  INFO fs3_daemon::runner: done kind="embed" id=662186 left=32809
2026-08-28T10:49:27.448077Z  INFO fs3_daemon::runner: done kind=summarize subject=docs/plans/072-sse-multiplexing/workshops/001-multiplexer-design.md::Workshop: SSE Multiplexer Design::Sequence Diagram: Event Flow ms=12 left=32809
2026-08-28T10:49:27.456983Z  INFO fs3_daemon::runner: batch kind="embed" subject=1 x smart jobs=1 ms=0
2026-08-28T10:49:27.465506Z  INFO fs3_daemon::runner: done kind="embed" id=662187 left=32808
2026-08-28T10:49:27.547718Z  INFO fs3_daemon::runner: done kind=summarize subject=docs/plans/072-sse-multiplexing/workshops/001-multiplexer-design.md::Workshop: SSE Multiplexer Design::File Structure ms=13 left=32808
2026-08-28T10:49:27.557439Z  INFO fs3_daemon::runner: batch kind="embed" subject=1 x smart jobs=1 ms=0
2026-08-28T10:49:27.564093Z  INFO fs3_daemon::runner: done kind="embed" id=662188 left=32807
2026-08-28T10:49:27.653002Z  INFO fs3_daemon::runner: done kind=summarize subject=docs/plans/072-sse-multiplexing/workshops/001-multiplexer-design.md::Workshop: SSE Multiplexer Design::Q6: Cleanup, Reconnection, Error Isolation::Visibility Optimization (Complementary) ms=17 left=32807
2026-08-28T10:49:27.655505Z  INFO fs3_daemon::runner: batch kind="embed" subject=1 x smart jobs=1 ms=1
2026-08-28T10:49:27.663561Z  INFO fs3_daemon::runner: done kind="embed" id=662189 left=32806
2026-08-28T10:49:27.728854Z  INFO fs3_daemon::runner: done kind=summarize subject=docs/plans/072-sse-multiplexing/workshops/001-multiplexer-design.md::Workshop: SSE Multiplexer Design::Q6: Cleanup, Reconnection, Error Isolation::Cleanup Matrix ms=12 left=32806
2026-08-28T10:49:27.737957Z  INFO fs3_daemon::runner: batch kind="embed" subject=1 x smart jobs=1 ms=0
2026-08-28T10:49:27.745160Z  INFO fs3_daemon::runner: done kind="embed" id=662190 left=32805
2026-08-28T10:49:27.825935Z  INFO fs3_daemon::runner: done kind=summarize subject=docs/plans/072-sse-multiplexing/workshops/001-multiplexer-design.md::Workshop: SSE Multiplexer Design::Q6: Cleanup, Reconnection, Error Isolation::Connection Lifecycle ms=17 left=32805
2026-08-28T10:49:27.866311Z  INFO fs3_daemon::runner: progress phase="working" scanned=61600 scan_left=33 summarized=125307 summarize_left=32771 embedded=203825 embed_left=1 failed=0
2026-08-28T10:49:27.886079Z  INFO fs3_daemon::runner: batch kind="embed" subject=2 x smart jobs=2 ms=0
2026-08-28T10:49:27.893487Z  INFO fs3_daemon::runner: done kind="embed" id=662191 left=32804
2026-08-28T10:49:27.960104Z  INFO fs3_daemon::runner: done kind="embed" id=662192 left=32803
2026-08-28T10:49:28.043212Z  INFO fs3_daemon::runner: done kind=summarize subject=docs/plans/072-sse-multiplexing/workshops/001-multiplexer-design.md::Workshop: SSE Multiplexer Design::Q6: Cleanup, Reconnection, Error Isolation ms=16 left=32803
2026-08-28T10:49:28.059051Z  INFO fs3_daemon::runner: done kind=summarize subject=docs/plans/072-sse-multiplexing/workshops/001-multiplexer-design.md::Workshop: SSE Multiplexer Design::Q5: Testing::Server-Side Tests ms=9 left=32803
2026-08-28T10:49:28.074774Z  INFO fs3_daemon::runner: batch kind="embed" subject=1 x smart jobs=1 ms=0
2026-08-28T10:49:28.084486Z  INFO fs3_daemon::runner: done kind="embed" id=662193 left=32802
2026-08-28T10:49:28.164864Z  INFO fs3_daemon::runner: done kind=summarize subject=docs/plans/072-sse-multiplexing/workshops/001-multiplexer-design.md::Workshop: SSE Multiplexer Design::Q5: Testing::Contract Tests for useChannelEvents ms=12 left=32802
2026-08-28T10:49:28.174468Z  INFO fs3_daemon::runner: batch kind="embed" subject=1 x smart jobs=1 ms=0
2026-08-28T10:49:28.179880Z  INFO fs3_daemon::runner: done kind="embed" id=662194 left=32801
2026-08-28T10:49:28.255077Z  INFO fs3_daemon::runner: done kind=summarize subject=docs/plans/072-sse-multiplexing/workshops/001-multiplexer-design.md::Workshop: SSE Multiplexer Design::Q5: Testing::Contract Tests for MultiplexedSSEProvider ms=11 left=32801
2026-08-28T10:49:28.271165Z  INFO fs3_daemon::runner: batch kind="embed" subject=1 x smart jobs=1 ms=1
2026-08-28T10:49:28.281241Z  INFO fs3_daemon::runner: done kind="embed" id=662195 left=32800
2026-08-28T10:49:28.363227Z  INFO fs3_daemon::runner: done kind=summarize subject=docs/plans/072-sse-multiplexing/workshops/001-multiplexer-design.md::Workshop: SSE Multiplexer Design::Q5: Testing::Fake Infrastructure ms=11 left=32800
2026-08-28T10:49:28.375878Z  INFO fs3_daemon::runner: batch kind="embed" subject=1 x smart jobs=1 ms=0
2026-08-28T10:49:28.382856Z  INFO fs3_daemon::runner: done kind="embed" id=662196 left=32799
2026-08-28T10:49:28.459693Z  INFO fs3_daemon::runner: done kind=summarize subject=docs/plans/072-sse-multiplexing/workshops/001-multiplexer-design.md::Workshop: SSE Multiplexer Design::Q5: Testing ms=14 left=32799
2026-08-28T10:49:28.481636Z  INFO fs3_daemon::runner: batch kind="embed" subject=1 x smart jobs=1 ms=0
2026-08-28T10:49:28.488585Z  INFO fs3_daemon::runner: done kind="embed" id=662197 left=32798
2026-08-28T10:49:28.570626Z  INFO fs3_daemon::runner: done kind=summarize subject=docs/plans/072-sse-multiplexing/workshops/001-multiplexer-design.md::Workshop: SSE Multiplexer Design::Q4: Consumer Migration Patterns::Migration Table ms=13 left=32798
2026-08-28T10:49:28.579478Z  INFO fs3_daemon::runner: batch kind="embed" subject=1 x smart jobs=1 ms=0
2026-08-28T10:49:28.586133Z  INFO fs3_daemon::runner: done kind="embed" id=662198 left=32797
2026-08-28T10:49:28.663731Z  INFO fs3_daemon::runner: done kind=summarize subject=docs/plans/072-sse-multiplexing/workshops/001-multiplexer-design.md::Workshop: SSE Multiplexer Design::Q4: Consumer Migration Patterns::Pattern C: Hub Consumers (FileChangeProvider) ms=10 left=32797
2026-08-28T10:49:28.677074Z  INFO fs3_daemon::runner: batch kind="embed" subject=1 x smart jobs=1 ms=0
2026-08-28T10:49:28.687849Z  INFO fs3_daemon::runner: done kind="embed" id=662199 left=32796
2026-08-28T10:49:28.769221Z  INFO fs3_daemon::runner: done kind=summarize subject=docs/plans/072-sse-multiplexing/workshops/001-multiplexer-design.md::Workshop: SSE Multiplexer Design::Q4: Consumer Migration Patterns::Pattern B: Message-Accumulation Consumers (ServerEventRoute) ms=13 left=32796
2026-08-28T10:49:28.771268Z  INFO fs3_daemon::runner: batch kind="embed" subject=1 x smart jobs=1 ms=0
2026-08-28T10:49:28.777396Z  INFO fs3_daemon::runner: done kind="embed" id=662200 left=32795
2026-08-28T10:49:28.855297Z  INFO fs3_daemon::runner: done kind=summarize subject=docs/plans/072-sse-multiplexing/workshops/001-multiplexer-design.md::Workshop: SSE Multiplexer Design::Q4: Consumer Migration Patterns::Pattern A: Notification-Fetch Consumers (QuestionPopper, Agents) ms=10 left=32795
2026-08-28T10:49:28.870548Z  INFO fs3_daemon::runner: batch kind="embed" subject=1 x smart jobs=1 ms=0
2026-08-28T10:49:28.880943Z  INFO fs3_daemon::runner: done kind="embed" id=662201 left=32794
2026-08-28T10:49:28.960995Z  INFO fs3_daemon::runner: done kind=summarize subject=docs/plans/072-sse-multiplexing/workshops/001-multiplexer-design.md::Workshop: SSE Multiplexer Design::Q4: Consumer Migration Patterns ms=13 left=32794
2026-08-28T10:49:28.969965Z  INFO fs3_daemon::runner: batch kind="embed" subject=1 x smart jobs=1 ms=0
2026-08-28T10:49:28.977075Z  INFO fs3_daemon::runner: done kind="embed" id=662202 left=32793
2026-08-28T10:49:29.054393Z  INFO fs3_daemon::runner: done kind=summarize subject=docs/plans/072-sse-multiplexing/workshops/001-multiplexer-design.md::Workshop: SSE Multiplexer Design::Q2: Client — MultiplexedSSEProvider::Mount Point ms=8 left=32793
2026-08-28T10:49:29.066582Z  INFO fs3_daemon::runner: batch kind="embed" subject=1 x smart jobs=1 ms=0
2026-08-28T10:49:29.073367Z  INFO fs3_daemon::runner: done kind="embed" id=662203 left=32792
2026-08-28T10:49:29.152971Z  INFO fs3_daemon::runner: done kind=summarize subject=docs/plans/072-sse-multiplexing/workshops/001-multiplexer-design.md::Workshop: SSE Multiplexer Design::Q2: Client — MultiplexedSSEProvider::Callback-Style Hook: `useChannelCallback` ms=10 left=32792
2026-08-28T10:49:29.170926Z  INFO fs3_daemon::runner: batch kind="embed" subject=1 x smart jobs=1 ms=0
2026-08-28T10:49:29.176942Z  INFO fs3_daemon::runner: done kind="embed" id=662204 left=32791
2026-08-28T10:49:29.252992Z  INFO fs3_daemon::runner: done kind=summarize subject=docs/plans/072-sse-multiplexing/workshops/001-multiplexer-design.md::Workshop: SSE Multiplexer Design::Q2: Client — MultiplexedSSEProvider::Consumer Hook: `useChannelEvents` ms=17 left=32791
2026-08-28T10:49:29.261096Z  INFO fs3_daemon::runner: batch kind="embed" subject=1 x smart jobs=1 ms=0
2026-08-28T10:49:29.268435Z  INFO fs3_daemon::runner: done kind="embed" id=662205 left=32790
2026-08-28T10:49:29.363763Z  INFO fs3_daemon::runner: done kind=summarize subject=docs/plans/072-sse-multiplexing/workshops/001-multiplexer-design.md::Workshop: SSE Multiplexer Design::Q2: Client — MultiplexedSSEProvider::Provider Implementation (Sketch) ms=17 left=32790
2026-08-28T10:49:29.366684Z  INFO fs3_daemon::runner: batch kind="embed" subject=1 x smart jobs=1 ms=0
2026-08-28T10:49:29.373924Z  INFO fs3_daemon::runner: done kind="embed" id=662206 left=32789
2026-08-28T10:49:29.461461Z  INFO fs3_daemon::runner: done kind=summarize subject=docs/plans/072-sse-multiplexing/workshops/001-multiplexer-design.md::Workshop: SSE Multiplexer Design::Q2: Client — MultiplexedSSEProvider::Provider Interface ms=14 left=32789
2026-08-28T10:49:29.467716Z  INFO fs3_daemon::runner: batch kind="embed" subject=1 x smart jobs=1 ms=0
2026-08-28T10:49:29.476712Z  INFO fs3_daemon::runner: done kind="embed" id=662207 left=32788
2026-08-28T10:49:29.576540Z  INFO fs3_daemon::runner: done kind=summarize subject=docs/plans/072-sse-multiplexing/workshops/001-multiplexer-design.md::Workshop: SSE Multiplexer Design::Q2: Client — MultiplexedSSEProvider::Architecture ms=29 left=32788
2026-08-28T10:49:29.586862Z  INFO fs3_daemon::runner: batch kind="embed" subject=1 x smart jobs=1 ms=1
2026-08-28T10:49:29.597358Z  INFO fs3_daemon::runner: done kind="embed" id=662208 left=32787
2026-08-28T10:49:29.675212Z  INFO fs3_daemon::runner: done kind=summarize subject=docs/plans/072-sse-multiplexing/workshops/001-multiplexer-design.md::Workshop: SSE Multiplexer Design::Q2: Client — MultiplexedSSEProvider ms=9 left=32787
2026-08-28T10:49:29.689557Z  INFO fs3_daemon::runner: batch kind="embed" subject=1 x smart jobs=1 ms=0
2026-08-28T10:49:29.697322Z  INFO fs3_daemon::runner: done kind="embed" id=662209 left=32786
2026-08-28T10:49:29.772898Z  INFO fs3_daemon::runner: done kind=summarize subject=docs/plans/072-sse-multiplexing/workshops/001-multiplexer-design.md::Workshop: SSE Multiplexer Design::Q3: Server — SSEManager Channel Tagging::Updated TypeScript Types ms=12 left=32786
2026-08-28T10:49:29.784104Z  INFO fs3_daemon::runner: batch kind="embed" subject=1 x smart jobs=1 ms=0
2026-08-28T10:49:29.790367Z  INFO fs3_daemon::runner: done kind="embed" id=662210 left=32785
2026-08-28T10:49:29.870189Z  INFO fs3_daemon::runner: done kind=summarize subject=docs/plans/072-sse-multiplexing/workshops/001-multiplexer-design.md::Workshop: SSE Multiplexer Design::Q3: Server — SSEManager Channel Tagging::New Payload (with channel) ms=10 left=32785
2026-08-28T10:49:29.883001Z  INFO fs3_daemon::runner: batch kind="embed" subject=1 x smart jobs=1 ms=0
2026-08-28T10:49:29.890793Z  INFO fs3_daemon::runner: done kind="embed" id=662211 left=32784
2026-08-28T10:49:29.973280Z  INFO fs3_daemon::runner: done kind=summarize subject=docs/plans/072-sse-multiplexing/workshops/001-multiplexer-design.md::Workshop: SSE Multiplexer Design::Q3: Server — SSEManager Channel Tagging::Current Payload (no channel) ms=13 left=32784
2026-08-28T10:49:29.985817Z  INFO fs3_daemon::runner: batch kind="embed" subject=1 x smart jobs=1 ms=0
2026-08-28T10:49:29.999387Z  INFO fs3_daemon::runner: done kind="embed" id=662212 left=32783
2026-08-28T10:49:30.078421Z  INFO fs3_daemon::runner: done kind=summarize subject=docs/plans/072-sse-multiplexing/workshops/001-multiplexer-design.md::Workshop: SSE Multiplexer Design::Q3: Server — SSEManager Channel Tagging ms=8 left=32783
2026-08-28T10:49:30.090765Z  INFO fs3_daemon::runner: batch kind="embed" subject=1 x smart jobs=1 ms=0
2026-08-28T10:49:30.098663Z  INFO fs3_daemon::runner: done kind="embed" id=662213 left=32782
2026-08-28T10:49:30.198486Z  INFO fs3_daemon::runner: done kind=summarize subject=docs/plans/072-sse-multiplexing/workshops/001-multiplexer-design.md::Workshop: SSE Multiplexer Design::Q1: Server — Multiplexed SSE Endpoint::Q1 — Open Questions ms=28 left=32782
2026-08-28T10:49:30.206140Z  INFO fs3_daemon::runner: batch kind="embed" subject=1 x smart jobs=1 ms=0
2026-08-28T10:49:30.224656Z  INFO fs3_daemon::runner: done kind="embed" id=662214 left=32781
2026-08-28T10:49:30.331335Z  INFO fs3_daemon::runner: done kind=summarize subject=docs/plans/072-sse-multiplexing/workshops/001-multiplexer-design.md::Workshop: SSE Multiplexer Design::Q1: Server — Multiplexed SSE Endpoint::Route Implementation ms=25 left=32781
2026-08-28T10:49:30.340065Z  INFO fs3_daemon::runner: batch kind="embed" subject=1 x smart jobs=1 ms=0
2026-08-28T10:49:30.356834Z  INFO fs3_daemon::runner: done kind="embed" id=662215 left=32780
2026-08-28T10:49:30.456255Z  INFO fs3_daemon::runner: done kind=summarize subject=docs/plans/072-sse-multiplexing/workshops/001-multiplexer-design.md::Workshop: SSE Multiplexer Design::Q1: Server — Multiplexed SSE Endpoint::Wire Format ms=28 left=32780
2026-08-28T10:49:30.465452Z  INFO fs3_daemon::runner: batch kind="embed" subject=1 x smart jobs=1 ms=0
2026-08-28T10:49:30.483526Z  INFO fs3_daemon::runner: done kind="embed" id=662216 left=32779
2026-08-28T10:49:30.580073Z  INFO fs3_daemon::runner: done kind=summarize subject=docs/plans/072-sse-multiplexing/workshops/001-multiplexer-design.md::Workshop: SSE Multiplexer Design::Q1: Server — Multiplexed SSE Endpoint::Response ms=20 left=32779
2026-08-28T10:49:30.585850Z  INFO fs3_daemon::runner: batch kind="embed" subject=1 x smart jobs=1 ms=0
2026-08-28T10:49:30.598956Z  INFO fs3_daemon::runner: done kind="embed" id=662217 left=32778
2026-08-28T10:49:30.678130Z  INFO fs3_daemon::runner: done kind=summarize subject=docs/plans/072-sse-multiplexing/workshops/001-multiplexer-design.md::Workshop: SSE Multiplexer Design::Q1: Server — Multiplexed SSE Endpoint ms=10 left=32778
2026-08-28T10:49:30.687858Z  INFO fs3_daemon::runner: batch kind="embed" subject=1 x smart jobs=1 ms=0
2026-08-28T10:49:30.693741Z  INFO fs3_daemon::runner: done kind="embed" id=662218 left=32777
2026-08-28T10:49:30.774992Z  INFO fs3_daemon::runner: done kind=summarize subject=docs/plans/072-sse-multiplexing/workshops/001-multiplexer-design.md::Workshop: SSE Multiplexer Design::Overview ms=15 left=32777
2026-08-28T10:49:30.786797Z  INFO fs3_daemon::runner: batch kind="embed" subject=1 x smart jobs=1 ms=0
2026-08-28T10:49:30.794204Z  INFO fs3_daemon::runner: done kind="embed" id=662219 left=32776
2026-08-28T10:49:30.899706Z  INFO fs3_daemon::runner: done kind=summarize subject=docs/plans/072-sse-multiplexing/workshops/001-multiplexer-design.md::Workshop: SSE Multiplexer Design::Key Questions Addressed ms=29 left=32776
2026-08-28T10:49:30.906765Z  INFO fs3_daemon::runner: batch kind="embed" subject=1 x smart jobs=1 ms=0
2026-08-28T10:49:30.928016Z  INFO fs3_daemon::runner: done kind="embed" id=662220 left=32775
2026-08-28T10:49:31.040982Z  INFO fs3_daemon::runner: batch kind="embed" subject=1 x smart jobs=1 ms=0
2026-08-28T10:49:31.057573Z  INFO fs3_daemon::runner: done kind="embed" id=662221 left=32774
2026-08-28T10:49:31.061542Z  INFO fs3_daemon::runner: done kind=summarize subject=docs/plans/072-sse-multiplexing/workshops/001-multiplexer-design.md::Workshop: SSE Multiplexer Design ms=54 left=32775
2026-08-28T10:49:31.152812Z  INFO fs3_daemon::runner: done kind=summarize subject=docs/plans/072-sse-multiplexing/tasks/phase-5-remaining-migrations-docs/tasks.md::Phase 5: Remaining Migrations + Documentation — Task Dossier::Directory Layout ms=27 left=32774
2026-08-28T10:49:31.162426Z  INFO fs3_daemon::runner: batch kind="embed" subject=1 x smart jobs=1 ms=0
2026-08-28T10:49:31.181005Z  INFO fs3_daemon::runner: done kind="embed" id=662222 left=32773
2026-08-28T10:49:31.290789Z  INFO fs3_daemon::runner: done kind=summarize subject=docs/plans/072-sse-multiplexing/tasks/phase-5-remaining-migrations-docs/tasks.md::Phase 5: Remaining Migrations + Documentation — Task Dossier::Context Brief::Mermaid Sequence Diagram ms=30 left=32773
2026-08-28T10:49:31.299648Z  INFO fs3_daemon::runner: batch kind="embed" subject=1 x smart jobs=1 ms=0
2026-08-28T10:49:31.319396Z  INFO fs3_daemon::runner: done kind="embed" id=662223 left=32772
2026-08-28T10:49:31.425054Z  INFO fs3_daemon::runner: done kind=summarize subject=docs/plans/072-sse-multiplexing/tasks/phase-5-remaining-migrations-docs/tasks.md::Phase 5: Remaining Migrations + Documentation — Task Dossier::Context Brief::Mermaid Flow Diagram ms=29 left=32772
2026-08-28T10:49:31.434607Z  INFO fs3_daemon::runner: batch kind="embed" subject=1 x smart jobs=1 ms=0
2026-08-28T10:49:31.456815Z  INFO fs3_daemon::runner: done kind="embed" id=662224 left=32771
2026-08-28T10:49:31.565832Z  INFO fs3_daemon::runner: done kind=summarize subject=docs/plans/072-sse-multiplexing/tasks/phase-5-remaining-migrations-docs/tasks.md::Phase 5: Remaining Migrations + Documentation — Task Dossier::Context Brief ms=29 left=32771
2026-08-28T10:49:31.567701Z  INFO fs3_daemon::runner: batch kind="embed" subject=1 x smart jobs=1 ms=0
2026-08-28T10:49:31.583727Z  INFO fs3_daemon::runner: done kind="embed" id=662225 left=32770
2026-08-28T10:49:31.685505Z  INFO fs3_daemon::runner: done kind=summarize subject=docs/plans/072-sse-multiplexing/tasks/phase-5-remaining-migrations-docs/tasks.md::Phase 5: Remaining Migrations + Documentation — Task Dossier::Tasks ms=31 left=32770
2026-08-28T10:49:31.695005Z  INFO fs3_daemon::runner: batch kind="embed" subject=1 x smart jobs=1 ms=0
2026-08-28T10:49:31.719357Z  INFO fs3_daemon::runner: done kind="embed" id=662226 left=32769
2026-08-28T10:49:31.826631Z  INFO fs3_daemon::runner: done kind=summarize subject=docs/plans/072-sse-multiplexing/tasks/phase-5-remaining-migrations-docs/tasks.md::Phase 5: Remaining Migrations + Documentation — Task Dossier::Architecture Map ms=30 left=32769
2026-08-28T10:49:31.835283Z  INFO fs3_daemon::runner: batch kind="embed" subject=1 x smart jobs=1 ms=0
2026-08-28T10:49:31.851377Z  INFO fs3_daemon::runner: done kind="embed" id=662227 left=32768
2026-08-28T10:49:31.964802Z  INFO fs3_daemon::runner: done kind=summarize subject=docs/plans/072-sse-multiplexing/tasks/phase-5-remaining-migrations-docs/tasks.md::Phase 5: Remaining Migrations + Documentation — Task Dossier::Pre-Implementation Check ms=30 left=32768
2026-08-28T10:49:31.973994Z  INFO fs3_daemon::runner: batch kind="embed" subject=1 x smart jobs=1 ms=0
2026-08-28T10:49:31.995572Z  INFO fs3_daemon::runner: done kind="embed" id=662228 left=32767
2026-08-28T10:49:32.078007Z  INFO fs3_daemon::runner: done kind=summarize subject=docs/plans/072-sse-multiplexing/tasks/phase-5-remaining-migrations-docs/tasks.md::Phase 5: Remaining Migrations + Documentation — Task Dossier::Prior Phase Context ms=11 left=32767
2026-08-28T10:49:32.087783Z  INFO fs3_daemon::runner: batch kind="embed" subject=1 x smart jobs=1 ms=1
2026-08-28T10:49:32.094415Z  INFO fs3_daemon::runner: done kind="embed" id=662229 left=32766
2026-08-28T10:49:32.174081Z  INFO fs3_daemon::runner: done kind=summarize subject=docs/plans/072-sse-multiplexing/tasks/phase-5-remaining-migrations-docs/tasks.md::Phase 5: Remaining Migrations + Documentation — Task Dossier::Executive Briefing ms=11 left=32766
2026-08-28T10:49:32.181940Z  INFO fs3_daemon::runner: batch kind="embed" subject=1 x smart jobs=1 ms=0
2026-08-28T10:49:32.194304Z  INFO fs3_daemon::runner: done kind="embed" id=662230 left=32765
2026-08-28T10:49:32.266206Z  INFO fs3_daemon::runner: done kind=summarize subject=docs/plans/072-sse-multiplexing/tasks/phase-5-remaining-migrations-docs/tasks.md::Phase 5: Remaining Migrations + Documentation — Task Dossier ms=13 left=32765
2026-08-28T10:49:32.273926Z  INFO fs3_daemon::runner: batch kind="embed" subject=1 x smart jobs=1 ms=1
2026-08-28T10:49:32.281713Z  INFO fs3_daemon::runner: done kind="embed" id=662231 left=32764
2026-08-28T10:49:32.359866Z  INFO fs3_daemon::runner: done kind=summarize subject=docs/plans/072-sse-multiplexing/tasks/phase-5-remaining-migrations-docs/tasks.fltplan.md::Flight Plan: Phase 5 — Remaining Migrations + Documentation::Goals & Non-Goals ms=9 left=32764
2026-08-28T10:49:32.371918Z  INFO fs3_daemon::runner: batch kind="embed" subject=1 x smart jobs=1 ms=0
2026-08-28T10:49:32.382469Z  INFO fs3_daemon::runner: done kind="embed" id=662232 left=32763
2026-08-28T10:49:32.461839Z  INFO fs3_daemon::runner: done kind=summarize subject=docs/plans/072-sse-multiplexing/tasks/phase-5-remaining-migrations-docs/tasks.fltplan.md::Flight Plan: Phase 5 — Remaining Migrations + Documentation::Architecture: Before & After ms=13 left=32763
2026-08-28T10:49:32.472022Z  INFO fs3_daemon::runner: batch kind="embed" subject=1 x smart jobs=1 ms=1
2026-08-28T10:49:32.480072Z  INFO fs3_daemon::runner: done kind="embed" id=662233 left=32762
2026-08-28T10:49:32.556621Z  INFO fs3_daemon::runner: done kind=summarize subject=docs/plans/072-sse-multiplexing/tasks/phase-5-remaining-migrations-docs/tasks.fltplan.md::Flight Plan: Phase 5 — Remaining Migrations + Documentation::Stages ms=10 left=32762
2026-08-28T10:49:32.568424Z  INFO fs3_daemon::runner: batch kind="embed" subject=1 x smart jobs=1 ms=0
2026-08-28T10:49:32.574312Z  INFO fs3_daemon::runner: done kind="embed" id=662234 left=32761
2026-08-28T10:49:32.662430Z  INFO fs3_daemon::runner: done kind=summarize subject=docs/plans/072-sse-multiplexing/tasks/phase-5-remaining-migrations-docs/tasks.fltplan.md::Flight Plan: Phase 5 — Remaining Migrations + Documentation::Flight Status ms=12 left=32761
2026-08-28T10:49:32.673476Z  INFO fs3_daemon::runner: batch kind="embed" subject=1 x smart jobs=1 ms=0
2026-08-28T10:49:32.685140Z  INFO fs3_daemon::runner: done kind="embed" id=662235 left=32760
2026-08-28T10:49:32.775576Z  INFO fs3_daemon::runner: done kind=summarize subject=docs/plans/072-sse-multiplexing/tasks/phase-5-remaining-migrations-docs/tasks.fltplan.md::Flight Plan: Phase 5 — Remaining Migrations + Documentation::Domain Context ms=12 left=32760
2026-08-28T10:49:32.784370Z  INFO fs3_daemon::runner: batch kind="embed" subject=1 x smart jobs=1 ms=0
2026-08-28T10:49:32.790149Z  INFO fs3_daemon::runner: done kind="embed" id=662236 left=32759
2026-08-28T10:49:32.872874Z  INFO fs3_daemon::runner: done kind=summarize subject=docs/plans/072-sse-multiplexing/tasks/phase-5-remaining-migrations-docs/tasks.fltplan.md::Flight Plan: Phase 5 — Remaining Migrations + Documentation ms=12 left=32759
2026-08-28T10:49:32.876983Z  INFO fs3_daemon::runner: batch kind="embed" subject=1 x smart jobs=1 ms=1
2026-08-28T10:49:32.883075Z  INFO fs3_daemon::runner: done kind="embed" id=662237 left=32758
2026-08-28T10:49:32.965978Z  INFO fs3_daemon::runner: done kind=summarize subject=docs/plans/072-sse-multiplexing/tasks/phase-5-remaining-migrations-docs/reviews/review.phase-5-remaining-migrations-docs.md::Code Review: Phase 5: Remaining Migrations + Documentation::H) Handover Brief::Required Fixes (if REQUEST_CHANGES) ms=15 left=32758
2026-08-28T10:49:33.016043Z  INFO fs3_daemon::runner: progress phase="working" scanned=61600 scan_left=33 summarized=125354 summarize_left=32724 embedded=203872 embed_left=1 failed=0
2026-08-28T10:49:33.037607Z  INFO fs3_daemon::runner: batch kind="embed" subject=2 x smart jobs=2 ms=0
2026-08-28T10:49:33.044193Z  INFO fs3_daemon::runner: done kind="embed" id=662238 left=32757
2026-08-28T10:49:33.114433Z  INFO fs3_daemon::runner: done kind="embed" id=662239 left=32756
2026-08-28T10:49:33.196154Z  INFO fs3_daemon::runner: done kind=summarize subject=docs/plans/072-sse-multiplexing/tasks/phase-5-remaining-migrations-docs/reviews/review.phase-5-remaining-migrations-docs.md::Code Review: Phase 5: Remaining Migrations + Documentation::H) Handover Brief::Files Reviewed ms=17 left=32756
2026-08-28T10:49:33.223700Z  INFO fs3_daemon::runner: done kind=summarize subject=docs/plans/072-sse-multiplexing/tasks/phase-5-remaining-migrations-docs/reviews/review.phase-5-remaining-migrations-docs.md::Code Review: Phase 5: Remaining Migrations + Documentation::H) Handover Brief ms=16 left=32756
2026-08-28T10:49:33.243764Z  INFO fs3_daemon::runner: batch kind="embed" subject=1 x smart jobs=1 ms=0
2026-08-28T10:49:33.256854Z  INFO fs3_daemon::runner: done kind="embed" id=662240 left=32755
2026-08-28T10:49:33.339223Z  INFO fs3_daemon::runner: done kind=summarize subject=docs/plans/072-sse-multiplexing/tasks/phase-5-remaining-migrations-docs/reviews/review.phase-5-remaining-migrations-docs.md::Code Review: Phase 5: Remaining Migrations + Documentation::G) Commands Executed ms=12 left=32755
2026-08-28T10:49:33.360536Z  INFO fs3_daemon::runner: batch kind="embed" subject=1 x smart jobs=1 ms=0
2026-08-28T10:49:33.375805Z  INFO fs3_daemon::runner: done kind="embed" id=662241 left=32754
2026-08-28T10:49:33.470562Z  INFO fs3_daemon::watch: re-listed a changed directory directory=/Users/jordanknight/substrate/flowspace/fs3-ddocs-u2/crates/daemon/tests events=2 enqueued=1 settled=Quiet
2026-08-28T10:49:33.565952Z  INFO fs3_daemon::runner: batch kind="embed" subject=1 x smart jobs=1 ms=0
2026-08-28T10:49:33.577991Z  INFO fs3_daemon::runner: done kind="embed" id=662242 left=32755
2026-08-28T10:49:33.593814Z  INFO fs3_daemon::runner: done kind=scan_file subject=crates/daemon/tests/ddoc_rescan.rs ms=145 left=32763
2026-08-28T10:49:34.208773Z  INFO fs3_daemon::runner: batch kind="embed" subject=14 x raw jobs=1 ms=495
2026-08-28T10:49:34.217455Z  INFO fs3_daemon::runner: done kind="embed" id=662253 left=32762
2026-08-28T10:49:34.305595Z  INFO fs3_daemon::runner: done kind=summarize subject=crates/daemon/tests/ddoc_rescan.rs::unchanged_same_version_ddoc_reparses_when_schema_facts_appear ms=18 left=32762
2026-08-28T10:49:34.330713Z  INFO fs3_daemon::runner: done kind=summarize subject=crates/daemon/tests/ddoc_rescan.rs::unchanged_ddoc_rederives_when_tooling_version_changes ms=19 left=32762
2026-08-28T10:49:34.334697Z  INFO fs3_daemon::runner: batch kind="embed" subject=1 x smart jobs=1 ms=0
2026-08-28T10:49:34.345514Z  INFO fs3_daemon::runner: done kind="embed" id=662254 left=32761
2026-08-28T10:49:34.436315Z  INFO fs3_daemon::runner: done kind=summarize subject=crates/daemon/tests/ddoc_rescan.rs::unchanged_ddoc_reenriches_after_tooling_returns ms=11 left=32761
2026-08-28T10:49:34.448266Z  INFO fs3_daemon::runner: batch kind="embed" subject=1 x smart jobs=1 ms=0
2026-08-28T10:49:34.459954Z  INFO fs3_daemon::runner: done kind="embed" id=662255 left=32760
2026-08-28T10:49:34.551679Z  INFO fs3_daemon::runner: batch kind="embed" subject=1 x smart jobs=1 ms=0
2026-08-28T10:49:34.557923Z  INFO fs3_daemon::runner: done kind="embed" id=662256 left=32759
2026-08-28T10:49:34.649851Z  INFO fs3_daemon::runner: done kind=summarize subject=crates/daemon/tests/ddoc_rescan.rs::tooling_with_task_prose ms=9 left=32759
2026-08-28T10:49:34.682943Z  INFO fs3_daemon::runner: done kind=summarize subject=crates/daemon/tests/ddoc_rescan.rs::tooling ms=19 left=32759
2026-08-28T10:49:34.695463Z  INFO fs3_daemon::runner: batch kind="embed" subject=1 x smart jobs=1 ms=0
2026-08-28T10:49:34.705251Z  INFO fs3_daemon::runner: done kind="embed" id=662257 left=32758
2026-08-28T10:49:34.781307Z  INFO fs3_daemon::runner: done kind=summarize subject=crates/daemon/tests/ddoc_rescan.rs::fixture ms=8 left=32758
2026-08-28T10:49:34.793532Z  INFO fs3_daemon::runner: batch kind="embed" subject=1 x smart jobs=1 ms=0
2026-08-28T10:49:34.800836Z  INFO fs3_daemon::runner: done kind="embed" id=662258 left=32757
2026-08-28T10:49:34.880739Z  INFO fs3_daemon::runner: done kind=summarize subject=docs/plans/072-sse-multiplexing/tasks/phase-5-remaining-migrations-docs/reviews/review.phase-5-remaining-migrations-docs.md::Code Review: Phase 5: Remaining Migrations + Documentation::F) Coverage Map ms=17 left=32757
2026-08-28T10:49:34.887970Z  INFO fs3_daemon::runner: batch kind="embed" subject=1 x smart jobs=1 ms=2
2026-08-28T10:49:34.898536Z  INFO fs3_daemon::runner: done kind="embed" id=662259 left=32756
2026-08-28T10:49:34.999800Z  INFO fs3_daemon::runner: done kind=summarize subject=docs/plans/072-sse-multiplexing/tasks/phase-5-remaining-migrations-docs/reviews/review.phase-5-remaining-migrations-docs.md::Code Review: Phase 5: Remaining Migrations + Documentation::E) Detailed Findings::E.4) Testing & Evidence ms=22 left=32756
2026-08-28T10:49:35.009084Z  INFO fs3_daemon::runner: batch kind="embed" subject=1 x smart jobs=1 ms=1
2026-08-28T10:49:35.028913Z  INFO fs3_daemon::runner: done kind="embed" id=662260 left=32755
2026-08-28T10:49:35.125088Z  INFO fs3_daemon::runner: done kind=summarize subject=docs/plans/072-sse-multiplexing/tasks/phase-5-remaining-migrations-docs/reviews/review.phase-5-remaining-migrations-docs.md::Code Review: Phase 5: Remaining Migrations + Documentation::E) Detailed Findings::E.3) Anti-Reinvention ms=31 left=32755
2026-08-28T10:49:35.133403Z  INFO fs3_daemon::runner: batch kind="embed" subject=1 x smart jobs=1 ms=0
2026-08-28T10:49:35.151486Z  INFO fs3_daemon::runner: done kind="embed" id=662261 left=32754
2026-08-28T10:49:35.252485Z  INFO fs3_daemon::runner: done kind=summarize subject=docs/plans/072-sse-multiplexing/tasks/phase-5-remaining-migrations-docs/reviews/review.phase-5-remaining-migrations-docs.md::Code Review: Phase 5: Remaining Migrations + Documentation::E) Detailed Findings::E.2) Domain Compliance ms=27 left=32754
2026-08-28T10:49:35.263804Z  INFO fs3_daemon::runner: batch kind="embed" subject=1 x smart jobs=1 ms=3
2026-08-28T10:49:35.284975Z  INFO fs3_daemon::runner: done kind="embed" id=662262 left=32753
2026-08-28T10:49:35.388878Z  INFO fs3_daemon::runner: done kind=summarize subject=docs/plans/072-sse-multiplexing/tasks/phase-5-remaining-migrations-docs/reviews/review.phase-5-remaining-migrations-docs.md::Code Review: Phase 5: Remaining Migrations + Documentation::E) Detailed Findings ms=29 left=32753
2026-08-28T10:49:35.398957Z  INFO fs3_daemon::runner: batch kind="embed" subject=1 x smart jobs=1 ms=0
2026-08-28T10:49:35.413999Z  INFO fs3_daemon::runner: done kind="embed" id=662263 left=32752
2026-08-28T10:49:35.514403Z  INFO fs3_daemon::runner: batch kind="embed" subject=1 x smart jobs=1 ms=0
2026-08-28T10:49:35.524024Z  INFO fs3_daemon::runner: done kind=summarize subject=docs/plans/072-sse-multiplexing/tasks/phase-5-remaining-migrations-docs/reviews/review.phase-5-remaining-migrations-docs.md::Code Review: Phase 5: Remaining Migrations + Documentation::D) Findings Table ms=34 left=32752
2026-08-28T10:49:35.538878Z  INFO fs3_daemon::runner: done kind="embed" id=662264 left=32751
2026-08-28T10:49:35.644167Z  INFO fs3_daemon::runner: batch kind="embed" subject=1 x smart jobs=1 ms=0
2026-08-28T10:49:35.658738Z  INFO fs3_daemon::runner: done kind=summarize subject=docs/plans/072-sse-multiplexing/tasks/phase-5-remaining-migrations-docs/reviews/review.phase-5-remaining-migrations-docs.md::Code Review: Phase 5: Remaining Migrations + Documentation::C) Checklist ms=42 left=32751
2026-08-28T10:49:35.670785Z  INFO fs3_daemon::runner: done kind="embed" id=662265 left=32750
2026-08-28T10:49:35.776035Z  INFO fs3_daemon::runner: batch kind="embed" subject=1 x smart jobs=1 ms=1
2026-08-28T10:49:35.780467Z  INFO fs3_daemon::runner: done kind=summarize subject=crates/daemon/tests/ddoc_rescan.rs::unchanged_current_snapshot_reparse_preserves_row_text_and_hashes ms=2124 left=32751
2026-08-28T10:49:35.798003Z  INFO fs3_daemon::runner: done kind=summarize subject=docs/plans/072-sse-multiplexing/tasks/phase-5-remaining-migrations-docs/reviews/review.phase-5-remaining-migrations-docs.md::Code Review: Phase 5: Remaining Migrations + Documentation::A) Verdict ms=58 left=32750
2026-08-28T10:49:35.806120Z  INFO fs3_daemon::runner: done kind="embed" id=662266 left=32749
2026-08-28T10:49:35.924150Z  INFO fs3_daemon::runner: done kind=summarize subject=docs/plans/072-sse-multiplexing/tasks/phase-5-remaining-migrations-docs/reviews/review.phase-5-remaining-migrations-docs.md::Code Review: Phase 5: Remaining Migrations + Documentation ms=24 left=32749
2026-08-28T10:49:35.933633Z  INFO fs3_daemon::runner: batch kind="embed" subject=1 x smart jobs=1 ms=1
2026-08-28T10:49:36.153889Z  INFO fs3_daemon::runner: batch kind="embed" subject=1 x smart jobs=1 ms=222
2026-08-28T10:49:36.168663Z  INFO fs3_daemon::runner: done kind="embed" id=662267 left=32748
2026-08-28T10:49:36.243334Z  INFO fs3_daemon::runner: done kind="embed" id=662268 left=32747
2026-08-28T10:49:36.346636Z  INFO fs3_daemon::runner: batch kind="embed" subject=1 x smart jobs=1 ms=0
2026-08-28T10:49:36.361837Z  INFO fs3_daemon::runner: done kind=summarize subject=docs/plans/072-sse-multiplexing/tasks/phase-5-remaining-migrations-docs/reviews/fix-tasks.phase-5-remaining-migrations-docs.md::Fix Tasks: Phase 5: Remaining Migrations + Documentation::Medium / Low Fixes::FT-007: Regenerate the phase diff after scope cleanup ms=43 left=32747
2026-08-28T10:49:36.371338Z  INFO fs3_daemon::runner: done kind="embed" id=662269 left=32746
2026-08-28T10:49:36.414334Z  INFO fs3_daemon::runner: done kind=summarize subject=crates/daemon/tests/ddoc_rescan.rs::row_content ms=1792 left=32747
2026-08-28T10:49:36.430388Z  INFO fs3_daemon::runner: done kind=summarize subject=crates/daemon/tests/ddoc_rescan.rs::row_content::collect ms=1895 left=32746
2026-08-28T10:49:36.462430Z  INFO fs3_daemon::runner: done kind=summarize subject=docs/plans/072-sse-multiplexing/tasks/phase-5-remaining-migrations-docs/reviews/fix-tasks.phase-5-remaining-migrations-docs.md::Fix Tasks: Phase 5: Remaining Migrations + Documentation::Medium / Low Fixes::FT-006: Update domain docs and domain map for Phase 5 ms=11 left=32746
2026-08-28T10:49:36.482986Z  INFO fs3_daemon::runner: batch kind="embed" subject=1 x smart jobs=1 ms=1
2026-08-28T10:49:36.585451Z  INFO fs3_daemon::runner: batch kind="embed" subject=2 x smart jobs=2 ms=103
2026-08-28T10:49:36.592675Z  INFO fs3_daemon::runner: done kind="embed" id=662272 left=32745
2026-08-28T10:49:36.661856Z  INFO fs3_daemon::runner: done kind="embed" id=662271 left=32744
2026-08-28T10:49:36.731544Z  INFO fs3_daemon::runner: done kind="embed" id=662270 left=32743
2026-08-28T10:49:36.809130Z  INFO fs3_daemon::runner: done kind=summarize subject=docs/plans/072-sse-multiplexing/tasks/phase-5-remaining-migrations-docs/reviews/fix-tasks.phase-5-remaining-migrations-docs.md::Fix Tasks: Phase 5: Remaining Migrations + Documentation::Medium / Low Fixes::FT-005: Avoid subscribing when workflow SSE is disabled ms=13 left=32743
2026-08-28T10:49:36.818570Z  INFO fs3_daemon::runner: batch kind="embed" subject=1 x smart jobs=1 ms=0
2026-08-28T10:49:36.833207Z  INFO fs3_daemon::runner: done kind="embed" id=662273 left=32742
2026-08-28T10:49:36.921917Z  INFO fs3_daemon::runner: done kind=summarize subject=docs/plans/072-sse-multiplexing/tasks/phase-5-remaining-migrations-docs/reviews/fix-tasks.phase-5-remaining-migrations-docs.md::Fix Tasks: Phase 5: Remaining Migrations + Documentation::Medium / Low Fixes ms=16 left=32742
2026-08-28T10:49:36.934488Z  INFO fs3_daemon::runner: batch kind="embed" subject=1 x smart jobs=1 ms=1
2026-08-28T10:49:36.942993Z  INFO fs3_daemon::runner: done kind="embed" id=662274 left=32741
2026-08-28T10:49:37.025487Z  INFO fs3_daemon::runner: done kind=summarize subject=docs/plans/072-sse-multiplexing/tasks/phase-5-remaining-migrations-docs/reviews/fix-tasks.phase-5-remaining-migrations-docs.md::Fix Tasks: Phase 5: Remaining Migrations + Documentation::Critical / High Fixes::FT-004: Add durable execution evidence, including AC-28 ms=16 left=32741
2026-08-28T10:49:37.029987Z  INFO fs3_daemon::runner: batch kind="embed" subject=1 x smart jobs=1 ms=0
2026-08-28T10:49:37.037084Z  INFO fs3_daemon::runner: done kind="embed" id=662275 left=32740
2026-08-28T10:49:37.118077Z  INFO fs3_daemon::runner: done kind=summarize subject=docs/plans/072-sse-multiplexing/tasks/phase-5-remaining-migrations-docs/reviews/fix-tasks.phase-5-remaining-migrations-docs.md::Fix Tasks: Phase 5: Remaining Migrations + Documentation::Critical / High Fixes::FT-003: Correct published SSE guidance to match the shipped boundary ms=15 left=32740
2026-08-28T10:49:37.126082Z  INFO fs3_daemon::runner: batch kind="embed" subject=1 x smart jobs=1 ms=0
2026-08-28T10:49:37.133905Z  INFO fs3_daemon::runner: done kind="embed" id=662276 left=32739
2026-08-28T10:49:37.220630Z  INFO fs3_daemon::runner: done kind=summarize subject=docs/plans/072-sse-multiplexing/tasks/phase-5-remaining-migrations-docs/reviews/fix-tasks.phase-5-remaining-migrations-docs.md::Fix Tasks: Phase 5: Remaining Migrations + Documentation::Critical / High Fixes::FT-002: Re-scope or restore deferred legacy cleanup ms=17 left=32739
2026-08-28T10:49:37.225068Z  INFO fs3_daemon::runner: batch kind="embed" subject=1 x smart jobs=1 ms=1
2026-08-28T10:49:37.232152Z  INFO fs3_daemon::runner: done kind="embed" id=662277 left=32738
2026-08-28T10:49:37.312872Z  INFO fs3_daemon::runner: done kind=summarize subject=docs/plans/072-sse-multiplexing/tasks/phase-5-remaining-migrations-docs/reviews/fix-tasks.phase-5-remaining-migrations-docs.md::Fix Tasks: Phase 5: Remaining Migrations + Documentation::Critical / High Fixes::FT-001: Repair multiplexed hook typings ms=13 left=32738
2026-08-28T10:49:37.320914Z  INFO fs3_daemon::runner: batch kind="embed" subject=1 x smart jobs=1 ms=0
2026-08-28T10:49:37.328515Z  INFO fs3_daemon::runner: done kind="embed" id=662278 left=32737
2026-08-28T10:49:37.406338Z  INFO fs3_daemon::runner: done kind=summarize subject=docs/plans/072-sse-multiplexing/tasks/phase-5-remaining-migrations-docs/reviews/fix-tasks.phase-5-remaining-migrations-docs.md::Fix Tasks: Phase 5: Remaining Migrations + Documentation::Critical / High Fixes ms=12 left=32737
2026-08-28T10:49:37.415600Z  INFO fs3_daemon::runner: batch kind="embed" subject=1 x smart jobs=1 ms=0
2026-08-28T10:49:37.423646Z  INFO fs3_daemon::runner: done kind="embed" id=662279 left=32736
2026-08-28T10:49:37.503261Z  INFO fs3_daemon::runner: done kind=summarize subject=docs/plans/072-sse-multiplexing/tasks/phase-5-remaining-migrations-docs/reviews/fix-tasks.phase-5-remaining-migrations-docs.md::Fix Tasks: Phase 5: Remaining Migrations + Documentation ms=11 left=32736
2026-08-28T10:49:37.519183Z  INFO fs3_daemon::runner: batch kind="embed" subject=1 x smart jobs=1 ms=0
2026-08-28T10:49:37.531480Z  INFO fs3_daemon::runner: done kind="embed" id=662280 left=32735
2026-08-28T10:49:37.611014Z  INFO fs3_daemon::runner: done kind=summarize subject=docs/plans/072-sse-multiplexing/tasks/phase-5-remaining-migrations-docs/execution.log.md::Execution Log: Phase 5 — Remaining Migrations + Documentation::T006: Full suite verification ms=17 left=32735
2026-08-28T10:49:37.615632Z  INFO fs3_daemon::runner: batch kind="embed" subject=1 x smart jobs=1 ms=0
2026-08-28T10:49:37.625968Z  INFO fs3_daemon::runner: done kind="embed" id=662281 left=32734
2026-08-28T10:49:37.708892Z  INFO fs3_daemon::runner: done kind=summarize subject=docs/plans/072-sse-multiplexing/tasks/phase-5-remaining-migrations-docs/execution.log.md::Execution Log: Phase 5 — Remaining Migrations + Documentation::T005: Update sse-integration.md ms=14 left=32734
2026-08-28T10:49:37.713716Z  INFO fs3_daemon::runner: batch kind="embed" subject=1 x smart jobs=1 ms=0
2026-08-28T10:49:37.720184Z  INFO fs3_daemon::runner: done kind="embed" id=662282 left=32733
2026-08-28T10:49:37.803934Z  INFO fs3_daemon::runner: done kind=summarize subject=docs/plans/072-sse-multiplexing/tasks/phase-5-remaining-migrations-docs/execution.log.md::Execution Log: Phase 5 — Remaining Migrations + Documentation::T004: Update CLAUDE.md ms=13 left=32733
2026-08-28T10:49:37.806042Z  INFO fs3_daemon::runner: batch kind="embed" subject=1 x smart jobs=1 ms=0
2026-08-28T10:49:37.812842Z  INFO fs3_daemon::runner: done kind="embed" id=662283 left=32732
2026-08-28T10:49:37.885590Z  INFO fs3_daemon::runner: done kind=summarize subject=docs/plans/072-sse-multiplexing/tasks/phase-5-remaining-migrations-docs/execution.log.md::Execution Log: Phase 5 — Remaining Migrations + Documentation::T008 (DYK scope): Remove kanban-content + delete useSSE ms=10 left=32732
2026-08-28T10:49:37.899891Z  INFO fs3_daemon::runner: batch kind="embed" subject=1 x smart jobs=1 ms=0
2026-08-28T10:49:37.907440Z  INFO fs3_daemon::runner: done kind="embed" id=662284 left=32731
2026-08-28T10:49:37.980715Z  INFO fs3_daemon::runner: done kind=summarize subject=docs/plans/072-sse-multiplexing/tasks/phase-5-remaining-migrations-docs/execution.log.md::Execution Log: Phase 5 — Remaining Migrations + Documentation::T003: Add channels to layout ms=10 left=32731
2026-08-28T10:49:37.991158Z  INFO fs3_daemon::runner: batch kind="embed" subject=1 x smart jobs=1 ms=0
2026-08-28T10:49:38.001141Z  INFO fs3_daemon::runner: done kind="embed" id=662285 left=32730
2026-08-28T10:49:38.079793Z  INFO fs3_daemon::runner: done kind=summarize subject=docs/plans/072-sse-multiplexing/tasks/phase-5-remaining-migrations-docs/execution.log.md::Execution Log: Phase 5 — Remaining Migrations + Documentation::T002: Migrate useWorkunitCatalogChanges ms=13 left=32730
2026-08-28T10:49:38.124849Z  INFO fs3_daemon::runner: progress phase="working" scanned=61601 scan_left=33 summarized=125391 summarize_left=32696 embedded=203910 embed_left=1 failed=0
2026-08-28T10:49:38.145284Z  INFO fs3_daemon::runner: batch kind="embed" subject=2 x smart jobs=2 ms=0
2026-08-28T10:49:38.151920Z  INFO fs3_daemon::runner: done kind="embed" id=662287 left=32729
2026-08-28T10:49:38.220763Z  INFO fs3_daemon::runner: done kind="embed" id=662286 left=32728
2026-08-28T10:49:38.292786Z  INFO fs3_daemon::runner: done kind=summarize subject=docs/plans/072-sse-multiplexing/tasks/phase-5-remaining-migrations-docs/execution.log.md::Execution Log: Phase 5 — Remaining Migrations + Documentation::T001: Migrate useWorkflowSSE ms=9 left=32728
2026-08-28T10:49:38.317901Z  INFO fs3_daemon::runner: done kind=summarize subject=docs/plans/072-sse-multiplexing/tasks/phase-5-remaining-migrations-docs/execution.log.md::Execution Log: Phase 5 — Remaining Migrations + Documentation::T007 (DYK scope): Make MultiplexedSSEMessage.type optional ms=12 left=32728
2026-08-28T10:49:38.329029Z  INFO fs3_daemon::runner: batch kind="embed" subject=1 x smart jobs=1 ms=0
2026-08-28T10:49:38.341481Z  INFO fs3_daemon::runner: done kind="embed" id=662288 left=32727
2026-08-28T10:49:38.426355Z  INFO fs3_daemon::runner: done kind=summarize subject=docs/plans/072-sse-multiplexing/tasks/phase-5-remaining-migrations-docs/execution.log.md::Execution Log: Phase 5 — Remaining Migrations + Documentation ms=11 left=32727
2026-08-28T10:49:38.437009Z  INFO fs3_daemon::runner: batch kind="embed" subject=1 x smart jobs=1 ms=0
2026-08-28T10:49:38.447450Z  INFO fs3_daemon::runner: done kind="embed" id=662289 left=32726
2026-08-28T10:49:38.527156Z  INFO fs3_daemon::runner: done kind=summarize subject=docs/plans/072-sse-multiplexing/tasks/phase-4-globalstate-re-enablement/tasks.md::Phase 4: GlobalState Re-enablement — Task Dossier::Directory Layout ms=10 left=32726
2026-08-28T10:49:38.545549Z  INFO fs3_daemon::runner: batch kind="embed" subject=1 x smart jobs=1 ms=0
2026-08-28T10:49:38.553852Z  INFO fs3_daemon::runner: done kind="embed" id=662290 left=32725
2026-08-28T10:49:38.633991Z  INFO fs3_daemon::runner: done kind=summarize subject=docs/plans/072-sse-multiplexing/tasks/phase-4-globalstate-re-enablement/tasks.md::Phase 4: GlobalState Re-enablement — Task Dossier::Discoveries & Learnings ms=13 left=32725
2026-08-28T10:49:38.641351Z  INFO fs3_daemon::runner: batch kind="embed" subject=1 x smart jobs=1 ms=0
2026-08-28T10:49:38.648259Z  INFO fs3_daemon::runner: done kind="embed" id=662291 left=32724
2026-08-28T10:49:38.723591Z  INFO fs3_daemon::runner: done kind=summarize subject=docs/plans/072-sse-multiplexing/tasks/phase-4-globalstate-re-enablement/tasks.md::Phase 4: GlobalState Re-enablement — Task Dossier::Context Brief::Mermaid Sequence Diagram ms=10 left=32724
2026-08-28T10:49:38.732880Z  INFO fs3_daemon::runner: batch kind="embed" subject=1 x smart jobs=1 ms=0
2026-08-28T10:49:38.739273Z  INFO fs3_daemon::runner: done kind="embed" id=662292 left=32723
2026-08-28T10:49:38.820917Z  INFO fs3_daemon::runner: done kind=summarize subject=docs/plans/072-sse-multiplexing/tasks/phase-4-globalstate-re-enablement/tasks.md::Phase 4: GlobalState Re-enablement — Task Dossier::Context Brief::Mermaid Flow Diagram ms=13 left=32723
2026-08-28T10:49:38.830738Z  INFO fs3_daemon::runner: batch kind="embed" subject=1 x smart jobs=1 ms=0
2026-08-28T10:49:38.839371Z  INFO fs3_daemon::runner: done kind="embed" id=662293 left=32722
2026-08-28T10:49:38.927985Z  INFO fs3_daemon::runner: done kind=summarize subject=docs/plans/072-sse-multiplexing/tasks/phase-4-globalstate-re-enablement/tasks.md::Phase 4: GlobalState Re-enablement — Task Dossier::Context Brief ms=9 left=32722
2026-08-28T10:49:38.946773Z  INFO fs3_daemon::runner: batch kind="embed" subject=1 x smart jobs=1 ms=0
2026-08-28T10:49:38.958209Z  INFO fs3_daemon::runner: done kind="embed" id=662294 left=32721
2026-08-28T10:49:39.038643Z  INFO fs3_daemon::runner: done kind=summarize subject=docs/plans/072-sse-multiplexing/tasks/phase-4-globalstate-re-enablement/tasks.md::Phase 4: GlobalState Re-enablement — Task Dossier::Tasks ms=12 left=32721
2026-08-28T10:49:39.047424Z  INFO fs3_daemon::runner: batch kind="embed" subject=1 x smart jobs=1 ms=0
2026-08-28T10:49:39.057393Z  INFO fs3_daemon::runner: done kind="embed" id=662295 left=32720
2026-08-28T10:49:39.155022Z  INFO fs3_daemon::runner: done kind=summarize subject=docs/plans/072-sse-multiplexing/tasks/phase-4-globalstate-re-enablement/tasks.md::Phase 4: GlobalState Re-enablement — Task Dossier::Architecture Map ms=19 left=32720
2026-08-28T10:49:39.176688Z  INFO fs3_daemon::runner: batch kind="embed" subject=1 x smart jobs=1 ms=0
2026-08-28T10:49:39.186926Z  INFO fs3_daemon::runner: done kind="embed" id=662296 left=32719
2026-08-28T10:49:39.274318Z  INFO fs3_daemon::runner: done kind=summarize subject=docs/plans/072-sse-multiplexing/tasks/phase-4-globalstate-re-enablement/tasks.md::Phase 4: GlobalState Re-enablement — Task Dossier::Pre-Implementation Check ms=17 left=32719
2026-08-28T10:49:39.281413Z  INFO fs3_daemon::runner: batch kind="embed" subject=1 x smart jobs=1 ms=0
2026-08-28T10:49:39.290494Z  INFO fs3_daemon::runner: done kind="embed" id=662297 left=32718
2026-08-28T10:49:39.374974Z  INFO fs3_daemon::runner: done kind=summarize subject=docs/plans/072-sse-multiplexing/tasks/phase-4-globalstate-re-enablement/tasks.md::Phase 4: GlobalState Re-enablement — Task Dossier::Prior Phase Context ms=14 left=32718
2026-08-28T10:49:39.386895Z  INFO fs3_daemon::runner: batch kind="embed" subject=1 x smart jobs=1 ms=0
2026-08-28T10:49:39.394364Z  INFO fs3_daemon::runner: done kind="embed" id=662298 left=32717
2026-08-28T10:49:39.475789Z  INFO fs3_daemon::runner: done kind=summarize subject=docs/plans/072-sse-multiplexing/tasks/phase-4-globalstate-re-enablement/tasks.md::Phase 4: GlobalState Re-enablement — Task Dossier::Executive Briefing ms=12 left=32717
2026-08-28T10:49:39.480742Z  INFO fs3_daemon::runner: batch kind="embed" subject=1 x smart jobs=1 ms=0
2026-08-28T10:49:39.487413Z  INFO fs3_daemon::runner: done kind="embed" id=662299 left=32716
2026-08-28T10:49:39.595674Z  INFO fs3_daemon::runner: done kind=summarize subject=docs/plans/072-sse-multiplexing/tasks/phase-4-globalstate-re-enablement/tasks.md::Phase 4: GlobalState Re-enablement — Task Dossier ms=32 left=32716
2026-08-28T10:49:39.602287Z  INFO fs3_daemon::runner: batch kind="embed" subject=1 x smart jobs=1 ms=0
2026-08-28T10:49:39.619852Z  INFO fs3_daemon::runner: done kind="embed" id=662300 left=32715
2026-08-28T10:49:39.732231Z  INFO fs3_daemon::runner: done kind=summarize subject=docs/plans/072-sse-multiplexing/tasks/phase-4-globalstate-re-enablement/tasks.fltplan.md::Flight Plan: Phase 4 — GlobalState Re-enablement::Goals & Non-Goals ms=28 left=32715
2026-08-28T10:49:39.741720Z  INFO fs3_daemon::runner: batch kind="embed" subject=1 x smart jobs=1 ms=0
2026-08-28T10:49:39.759287Z  INFO fs3_daemon::runner: done kind="embed" id=662301 left=32714
