2026-08-28T10:47:13.818556Z  INFO fs3_daemon::runner: batch kind="embed" subject=1 x smart jobs=1 ms=1
2026-08-28T10:47:13.825236Z  INFO fs3_daemon::runner: done kind="embed" id=660983 left=33894
2026-08-28T10:47:13.916826Z  INFO fs3_daemon::runner: done kind=summarize subject=docs/plans/076-harness-workflow-runner/workshops/001-harness-workflow-experience.md::Workshop: The Harness Workflow Experience::Command Design: The Experience of Each Command::`just harness workflow logs` ms=12 left=33894
2026-08-28T10:47:13.929662Z  INFO fs3_daemon::runner: batch kind="embed" subject=1 x smart jobs=1 ms=0
2026-08-28T10:47:13.937108Z  INFO fs3_daemon::runner: done kind="embed" id=660984 left=33893
2026-08-28T10:47:14.024233Z  INFO fs3_daemon::runner: done kind=summarize subject=docs/plans/076-harness-workflow-runner/workshops/001-harness-workflow-experience.md::Workshop: The Harness Workflow Experience::Command Design: The Experience of Each Command::`just harness workflow status` ms=13 left=33893
2026-08-28T10:47:14.039739Z  INFO fs3_daemon::runner: batch kind="embed" subject=1 x smart jobs=1 ms=0
2026-08-28T10:47:14.047036Z  INFO fs3_daemon::runner: done kind="embed" id=660985 left=33892
2026-08-28T10:47:14.134188Z  INFO fs3_daemon::runner: done kind=summarize subject=docs/plans/076-harness-workflow-runner/workshops/001-harness-workflow-experience.md::Workshop: The Harness Workflow Experience::Command Design: The Experience of Each Command::`just harness workflow run` ms=14 left=33892
2026-08-28T10:47:14.154601Z  INFO fs3_daemon::runner: batch kind="embed" subject=1 x smart jobs=1 ms=0
2026-08-28T10:47:14.163243Z  INFO fs3_daemon::runner: done kind="embed" id=660986 left=33891
2026-08-28T10:47:14.247320Z  INFO fs3_daemon::runner: done kind=summarize subject=docs/plans/076-harness-workflow-runner/workshops/001-harness-workflow-experience.md::Workshop: The Harness Workflow Experience::Command Design: The Experience of Each Command::`just harness workflow reset` ms=12 left=33891
2026-08-28T10:47:14.264917Z  INFO fs3_daemon::runner: batch kind="embed" subject=1 x smart jobs=1 ms=0
2026-08-28T10:47:14.272772Z  INFO fs3_daemon::runner: done kind="embed" id=660987 left=33890
2026-08-28T10:47:14.352179Z  INFO fs3_daemon::runner: done kind=summarize subject=docs/plans/076-harness-workflow-runner/workshops/001-harness-workflow-experience.md::Workshop: The Harness Workflow Experience::Command Design: The Experience of Each Command ms=8 left=33890
2026-08-28T10:47:14.414059Z  INFO fs3_daemon::runner: progress phase="working" scanned=61586 scan_left=33 summarized=124222 summarize_left=33856 embedded=202720 embed_left=1 failed=0
2026-08-28T10:47:14.433858Z  INFO fs3_daemon::runner: batch kind="embed" subject=2 x smart jobs=2 ms=0
2026-08-28T10:47:14.440051Z  INFO fs3_daemon::runner: done kind="embed" id=660989 left=33889
2026-08-28T10:47:15.329165Z  INFO fs3_daemon::runner: done kind="embed" id=660988 left=33888
2026-08-28T10:47:15.669740Z  INFO fs3_daemon::runner: done kind=summarize subject=docs/plans/076-harness-workflow-runner/workshops/001-harness-workflow-experience.md::Workshop: The Harness Workflow Experience::The Ideal Workflow Session::The Key Insight ms=23 left=33888
2026-08-28T10:47:15.694162Z  INFO fs3_daemon::runner: done kind=summarize subject=docs/plans/076-harness-workflow-runner/workshops/001-harness-workflow-experience.md::Workshop: The Harness Workflow Experience::The Ideal Workflow Session::Scenario: An Agent Implementing a Workflow Feature ms=19 left=33888
2026-08-28T10:47:15.709212Z  INFO fs3_daemon::runner: batch kind="embed" subject=1 x smart jobs=1 ms=1
2026-08-28T10:47:15.716463Z  INFO fs3_daemon::runner: done kind="embed" id=660990 left=33887
2026-08-28T10:47:15.850332Z  INFO fs3_daemon::runner: done kind=summarize subject=docs/plans/076-harness-workflow-runner/workshops/001-harness-workflow-experience.md::Workshop: The Harness Workflow Experience::The Ideal Workflow Session ms=32 left=33887
2026-08-28T10:47:15.854024Z  INFO fs3_daemon::runner: batch kind="embed" subject=1 x smart jobs=1 ms=0
2026-08-28T10:47:15.864369Z  INFO fs3_daemon::runner: done kind="embed" id=660991 left=33886
2026-08-28T10:47:15.963439Z  INFO fs3_daemon::runner: done kind=summarize subject=docs/plans/076-harness-workflow-runner/workshops/001-harness-workflow-experience.md::Workshop: The Harness Workflow Experience::Where Workflow Running Fits ms=24 left=33886
2026-08-28T10:47:15.973486Z  INFO fs3_daemon::runner: batch kind="embed" subject=1 x smart jobs=1 ms=0
2026-08-28T10:47:15.999977Z  INFO fs3_daemon::runner: done kind="embed" id=660992 left=33885
2026-08-28T10:47:16.109835Z  INFO fs3_daemon::runner: done kind=summarize subject=docs/plans/076-harness-workflow-runner/workshops/001-harness-workflow-experience.md::Workshop: The Harness Workflow Experience::The Harness Vibe::What the Harness IS ms=30 left=33885
2026-08-28T10:47:16.118730Z  INFO fs3_daemon::runner: batch kind="embed" subject=1 x smart jobs=1 ms=0
2026-08-28T10:47:16.138446Z  INFO fs3_daemon::runner: done kind="embed" id=660993 left=33884
2026-08-28T10:47:16.245553Z  INFO fs3_daemon::runner: done kind=summarize subject=docs/plans/076-harness-workflow-runner/workshops/001-harness-workflow-experience.md::Workshop: The Harness Workflow Experience::The Harness Vibe ms=27 left=33884
2026-08-28T10:47:16.253775Z  INFO fs3_daemon::runner: batch kind="embed" subject=1 x smart jobs=1 ms=0
2026-08-28T10:47:16.277761Z  INFO fs3_daemon::runner: done kind="embed" id=660994 left=33883
2026-08-28T10:47:16.382505Z  INFO fs3_daemon::runner: done kind=summarize subject=docs/plans/076-harness-workflow-runner/workshops/001-harness-workflow-experience.md::Workshop: The Harness Workflow Experience::Key Questions Addressed ms=27 left=33883
2026-08-28T10:47:16.385688Z  INFO fs3_daemon::runner: batch kind="embed" subject=1 x smart jobs=1 ms=0
2026-08-28T10:47:16.403094Z  INFO fs3_daemon::runner: done kind="embed" id=660995 left=33882
2026-08-28T10:47:16.516414Z  INFO fs3_daemon::runner: done kind=summarize subject=docs/plans/076-harness-workflow-runner/workshops/001-harness-workflow-experience.md::Workshop: The Harness Workflow Experience ms=33 left=33882
2026-08-28T10:47:16.526002Z  INFO fs3_daemon::runner: batch kind="embed" subject=1 x smart jobs=1 ms=0
2026-08-28T10:47:16.543494Z  INFO fs3_daemon::runner: done kind="embed" id=660996 left=33881
2026-08-28T10:47:16.638172Z  INFO fs3_daemon::runner: done kind=summarize subject=docs/plans/076-harness-workflow-runner/tasks/phase-4-end-to-end-validation-docs/tasks.md::Phase 4: End-to-End Validation + Documentation — Tasks + Context Brief::Directory Layout ms=31 left=33881
2026-08-28T10:47:16.650896Z  INFO fs3_daemon::runner: batch kind="embed" subject=1 x smart jobs=1 ms=0
2026-08-28T10:47:16.675138Z  INFO fs3_daemon::runner: done kind="embed" id=660997 left=33880
2026-08-28T10:47:16.780555Z  INFO fs3_daemon::runner: done kind=summarize subject=docs/plans/076-harness-workflow-runner/tasks/phase-4-end-to-end-validation-docs/tasks.md::Phase 4: End-to-End Validation + Documentation — Tasks + Context Brief::Context Brief::Web UI Validation Path ms=30 left=33880
2026-08-28T10:47:16.796749Z  INFO fs3_daemon::runner: batch kind="embed" subject=1 x smart jobs=1 ms=1
2026-08-28T10:47:16.823673Z  INFO fs3_daemon::runner: done kind="embed" id=660998 left=33879
2026-08-28T10:47:16.921656Z  INFO fs3_daemon::runner: done kind=summarize subject=docs/plans/076-harness-workflow-runner/tasks/phase-4-end-to-end-validation-docs/tasks.md::Phase 4: End-to-End Validation + Documentation — Tasks + Context Brief::Context Brief ms=26 left=33879
2026-08-28T10:47:16.935514Z  INFO fs3_daemon::runner: batch kind="embed" subject=1 x smart jobs=1 ms=1
2026-08-28T10:47:16.963372Z  INFO fs3_daemon::runner: done kind="embed" id=660999 left=33878
2026-08-28T10:47:17.067126Z  INFO fs3_daemon::runner: done kind=summarize subject=docs/plans/076-harness-workflow-runner/tasks/phase-4-end-to-end-validation-docs/tasks.md::Phase 4: End-to-End Validation + Documentation — Tasks + Context Brief::Tasks ms=25 left=33878
2026-08-28T10:47:17.077244Z  INFO fs3_daemon::runner: batch kind="embed" subject=1 x smart jobs=1 ms=0
2026-08-28T10:47:17.094389Z  INFO fs3_daemon::runner: done kind="embed" id=661000 left=33877
2026-08-28T10:47:17.198756Z  INFO fs3_daemon::runner: done kind=summarize subject=docs/plans/076-harness-workflow-runner/tasks/phase-4-end-to-end-validation-docs/tasks.md::Phase 4: End-to-End Validation + Documentation — Tasks + Context Brief::Architecture Map ms=33 left=33877
2026-08-28T10:47:17.207205Z  INFO fs3_daemon::runner: batch kind="embed" subject=1 x smart jobs=1 ms=0
2026-08-28T10:47:17.227065Z  INFO fs3_daemon::runner: done kind="embed" id=661001 left=33876
2026-08-28T10:47:17.312402Z  INFO fs3_daemon::runner: done kind=summarize subject=docs/plans/076-harness-workflow-runner/tasks/phase-4-end-to-end-validation-docs/tasks.md::Phase 4: End-to-End Validation + Documentation — Tasks + Context Brief::Pre-Implementation Check ms=19 left=33876
2026-08-28T10:47:17.317220Z  INFO fs3_daemon::runner: batch kind="embed" subject=1 x smart jobs=1 ms=0
2026-08-28T10:47:17.323314Z  INFO fs3_daemon::runner: done kind="embed" id=661002 left=33875
2026-08-28T10:47:17.398705Z  INFO fs3_daemon::runner: done kind=summarize subject=docs/plans/076-harness-workflow-runner/tasks/phase-4-end-to-end-validation-docs/tasks.md::Phase 4: End-to-End Validation + Documentation — Tasks + Context Brief::Prior Phase Context::Phase 3: Harness Workflow Commands (Complete) ms=8 left=33875
2026-08-28T10:47:17.414083Z  INFO fs3_daemon::runner: batch kind="embed" subject=1 x smart jobs=1 ms=0
2026-08-28T10:47:17.422052Z  INFO fs3_daemon::runner: done kind="embed" id=661003 left=33874
2026-08-28T10:47:17.498134Z  INFO fs3_daemon::runner: done kind=summarize subject=docs/plans/076-harness-workflow-runner/tasks/phase-4-end-to-end-validation-docs/tasks.md::Phase 4: End-to-End Validation + Documentation — Tasks + Context Brief::Prior Phase Context::Phase 2: CLI Telemetry Enhancement (Complete) ms=12 left=33874
2026-08-28T10:47:17.506200Z  INFO fs3_daemon::runner: batch kind="embed" subject=1 x smart jobs=1 ms=0
2026-08-28T10:47:17.512330Z  INFO fs3_daemon::runner: done kind="embed" id=661004 left=33873
2026-08-28T10:47:17.588889Z  INFO fs3_daemon::runner: done kind=summarize subject=docs/plans/076-harness-workflow-runner/tasks/phase-4-end-to-end-validation-docs/tasks.md::Phase 4: End-to-End Validation + Documentation — Tasks + Context Brief::Prior Phase Context::Phase 1: Fix Execution Blockers (Complete) ms=7 left=33873
2026-08-28T10:47:17.606470Z  INFO fs3_daemon::runner: batch kind="embed" subject=1 x smart jobs=1 ms=1
2026-08-28T10:47:17.611713Z  INFO fs3_daemon::runner: done kind="embed" id=661005 left=33872
2026-08-28T10:47:17.690268Z  INFO fs3_daemon::runner: done kind=summarize subject=docs/plans/076-harness-workflow-runner/tasks/phase-4-end-to-end-validation-docs/tasks.md::Phase 4: End-to-End Validation + Documentation — Tasks + Context Brief::Prior Phase Context ms=10 left=33872
2026-08-28T10:47:17.702001Z  INFO fs3_daemon::runner: batch kind="embed" subject=1 x smart jobs=1 ms=0
2026-08-28T10:47:17.709179Z  INFO fs3_daemon::runner: done kind="embed" id=661006 left=33871
2026-08-28T10:47:17.797988Z  INFO fs3_daemon::runner: done kind=summarize subject=docs/plans/076-harness-workflow-runner/tasks/phase-4-end-to-end-validation-docs/tasks.md::Phase 4: End-to-End Validation + Documentation — Tasks + Context Brief::Executive Briefing ms=13 left=33871
2026-08-28T10:47:17.813368Z  INFO fs3_daemon::runner: batch kind="embed" subject=1 x smart jobs=1 ms=0
2026-08-28T10:47:17.823479Z  INFO fs3_daemon::runner: done kind="embed" id=661007 left=33870
2026-08-28T10:47:17.908992Z  INFO fs3_daemon::runner: done kind=summarize subject=docs/plans/076-harness-workflow-runner/tasks/phase-4-end-to-end-validation-docs/tasks.md::Phase 4: End-to-End Validation + Documentation — Tasks + Context Brief ms=11 left=33870
2026-08-28T10:47:17.924247Z  INFO fs3_daemon::runner: batch kind="embed" subject=1 x smart jobs=1 ms=0
2026-08-28T10:47:17.931265Z  INFO fs3_daemon::runner: done kind="embed" id=661008 left=33869
2026-08-28T10:47:18.007364Z  INFO fs3_daemon::runner: done kind=summarize subject=docs/plans/076-harness-workflow-runner/tasks/phase-4-end-to-end-validation-docs/tasks.fltplan.md::Flight Plan: Phase 4 — End-to-End Validation + Docs::Goals & Non-Goals ms=7 left=33869
2026-08-28T10:47:18.026224Z  INFO fs3_daemon::runner: batch kind="embed" subject=1 x smart jobs=1 ms=0
2026-08-28T10:47:18.037403Z  INFO fs3_daemon::runner: done kind="embed" id=661009 left=33868
2026-08-28T10:47:18.103599Z  INFO fs3_daemon::runner: done kind=summarize subject=docs/plans/076-harness-workflow-runner/tasks/phase-4-end-to-end-validation-docs/tasks.fltplan.md::Flight Plan: Phase 4 — End-to-End Validation + Docs::Architecture: Before & After ms=10 left=33868
2026-08-28T10:47:18.115550Z  INFO fs3_daemon::runner: batch kind="embed" subject=1 x smart jobs=1 ms=0
2026-08-28T10:47:18.121609Z  INFO fs3_daemon::runner: done kind="embed" id=661010 left=33867
2026-08-28T10:47:18.201276Z  INFO fs3_daemon::runner: done kind=summarize subject=docs/plans/076-harness-workflow-runner/tasks/phase-4-end-to-end-validation-docs/tasks.fltplan.md::Flight Plan: Phase 4 — End-to-End Validation + Docs::Stages ms=12 left=33867
2026-08-28T10:47:18.212268Z  INFO fs3_daemon::runner: batch kind="embed" subject=1 x smart jobs=1 ms=0
2026-08-28T10:47:18.218912Z  INFO fs3_daemon::runner: done kind="embed" id=661011 left=33866
2026-08-28T10:47:18.296161Z  INFO fs3_daemon::runner: done kind=summarize subject=docs/plans/076-harness-workflow-runner/tasks/phase-4-end-to-end-validation-docs/tasks.fltplan.md::Flight Plan: Phase 4 — End-to-End Validation + Docs::Flight Status ms=8 left=33866
2026-08-28T10:47:18.312258Z  INFO fs3_daemon::runner: batch kind="embed" subject=1 x smart jobs=1 ms=0
2026-08-28T10:47:18.320608Z  INFO fs3_daemon::runner: done kind="embed" id=661012 left=33865
2026-08-28T10:47:18.398862Z  INFO fs3_daemon::runner: done kind=summarize subject=docs/plans/076-harness-workflow-runner/tasks/phase-4-end-to-end-validation-docs/tasks.fltplan.md::Flight Plan: Phase 4 — End-to-End Validation + Docs::Domain Context::Domains We Depend On (no changes) ms=12 left=33865
2026-08-28T10:47:18.415144Z  INFO fs3_daemon::runner: batch kind="embed" subject=1 x smart jobs=1 ms=0
2026-08-28T10:47:18.420712Z  INFO fs3_daemon::runner: done kind="embed" id=661013 left=33864
2026-08-28T10:47:18.503039Z  INFO fs3_daemon::runner: done kind=summarize subject=docs/plans/076-harness-workflow-runner/tasks/phase-4-end-to-end-validation-docs/tasks.fltplan.md::Flight Plan: Phase 4 — End-to-End Validation + Docs::Domain Context ms=16 left=33864
2026-08-28T10:47:18.512365Z  INFO fs3_daemon::runner: batch kind="embed" subject=1 x smart jobs=1 ms=0
2026-08-28T10:47:18.518523Z  INFO fs3_daemon::runner: done kind="embed" id=661014 left=33863
2026-08-28T10:47:18.588462Z  INFO fs3_daemon::runner: done kind=summarize subject=docs/plans/076-harness-workflow-runner/tasks/phase-4-end-to-end-validation-docs/tasks.fltplan.md::Flight Plan: Phase 4 — End-to-End Validation + Docs ms=11 left=33863
2026-08-28T10:47:18.601618Z  INFO fs3_daemon::runner: batch kind="embed" subject=1 x smart jobs=1 ms=0
2026-08-28T10:47:18.607268Z  INFO fs3_daemon::runner: done kind="embed" id=661015 left=33862
2026-08-28T10:47:18.686902Z  INFO fs3_daemon::runner: done kind=summarize subject=docs/plans/076-harness-workflow-runner/tasks/phase-4-end-to-end-validation-docs/reviews/review.phase-4-end-to-end-validation-docs.md::Code Review: Phase 4: End-to-End Validation + Docs::H) Handover Brief::Required Fixes (if REQUEST_CHANGES) ms=8 left=33862
2026-08-28T10:47:18.703278Z  INFO fs3_daemon::runner: batch kind="embed" subject=1 x smart jobs=1 ms=1
2026-08-28T10:47:18.712562Z  INFO fs3_daemon::runner: done kind="embed" id=661016 left=33861
2026-08-28T10:47:18.787516Z  INFO fs3_daemon::runner: done kind=summarize subject=docs/plans/076-harness-workflow-runner/tasks/phase-4-end-to-end-validation-docs/reviews/review.phase-4-end-to-end-validation-docs.md::Code Review: Phase 4: End-to-End Validation + Docs::H) Handover Brief::Files Reviewed ms=8 left=33861
2026-08-28T10:47:18.803175Z  INFO fs3_daemon::runner: batch kind="embed" subject=1 x smart jobs=1 ms=0
2026-08-28T10:47:18.809384Z  INFO fs3_daemon::runner: done kind="embed" id=661017 left=33860
2026-08-28T10:47:18.889851Z  INFO fs3_daemon::runner: done kind=summarize subject=docs/plans/076-harness-workflow-runner/tasks/phase-4-end-to-end-validation-docs/reviews/review.phase-4-end-to-end-validation-docs.md::Code Review: Phase 4: End-to-End Validation + Docs::H) Handover Brief ms=12 left=33860
2026-08-28T10:47:18.901438Z  INFO fs3_daemon::runner: batch kind="embed" subject=1 x smart jobs=1 ms=0
2026-08-28T10:47:18.909177Z  INFO fs3_daemon::runner: done kind="embed" id=661018 left=33859
2026-08-28T10:47:19.006930Z  INFO fs3_daemon::runner: done kind=summarize subject=docs/plans/076-harness-workflow-runner/tasks/phase-4-end-to-end-validation-docs/reviews/review.phase-4-end-to-end-validation-docs.md::Code Review: Phase 4: End-to-End Validation + Docs::G) Commands Executed ms=13 left=33859
2026-08-28T10:47:19.019940Z  INFO fs3_daemon::runner: batch kind="embed" subject=1 x smart jobs=1 ms=0
2026-08-28T10:47:19.026822Z  INFO fs3_daemon::runner: done kind="embed" id=661019 left=33858
2026-08-28T10:47:19.097914Z  INFO fs3_daemon::runner: done kind=summarize subject=docs/plans/076-harness-workflow-runner/tasks/phase-4-end-to-end-validation-docs/reviews/review.phase-4-end-to-end-validation-docs.md::Code Review: Phase 4: End-to-End Validation + Docs::F) Coverage Map ms=11 left=33858
2026-08-28T10:47:19.114221Z  INFO fs3_daemon::runner: batch kind="embed" subject=1 x smart jobs=1 ms=1
2026-08-28T10:47:19.119722Z  INFO fs3_daemon::runner: done kind="embed" id=661020 left=33857
2026-08-28T10:47:19.199228Z  INFO fs3_daemon::runner: done kind=summarize subject=docs/plans/076-harness-workflow-runner/tasks/phase-4-end-to-end-validation-docs/reviews/review.phase-4-end-to-end-validation-docs.md::Code Review: Phase 4: End-to-End Validation + Docs::E) Detailed Findings::E.6) Harness Live Validation ms=8 left=33857
2026-08-28T10:47:19.212468Z  INFO fs3_daemon::runner: batch kind="embed" subject=1 x smart jobs=1 ms=0
2026-08-28T10:47:19.217598Z  INFO fs3_daemon::runner: done kind="embed" id=661021 left=33856
2026-08-28T10:47:19.288707Z  INFO fs3_daemon::runner: done kind=summarize subject=docs/plans/076-harness-workflow-runner/tasks/phase-4-end-to-end-validation-docs/reviews/review.phase-4-end-to-end-validation-docs.md::Code Review: Phase 4: End-to-End Validation + Docs::E) Detailed Findings::E.4) Testing & Evidence ms=7 left=33856
2026-08-28T10:47:19.305556Z  INFO fs3_daemon::runner: batch kind="embed" subject=1 x smart jobs=1 ms=0
2026-08-28T10:47:19.315110Z  INFO fs3_daemon::runner: done kind="embed" id=661022 left=33855
2026-08-28T10:47:19.397315Z  INFO fs3_daemon::runner: done kind=summarize subject=docs/plans/076-harness-workflow-runner/tasks/phase-4-end-to-end-validation-docs/reviews/review.phase-4-end-to-end-validation-docs.md::Code Review: Phase 4: End-to-End Validation + Docs::E) Detailed Findings::E.2) Domain Compliance ms=10 left=33855
2026-08-28T10:47:19.414218Z  INFO fs3_daemon::runner: batch kind="embed" subject=1 x smart jobs=1 ms=0
2026-08-28T10:47:19.424334Z  INFO fs3_daemon::runner: done kind="embed" id=661023 left=33854
2026-08-28T10:47:19.502384Z  INFO fs3_daemon::runner: done kind=summarize subject=docs/plans/076-harness-workflow-runner/tasks/phase-4-end-to-end-validation-docs/reviews/review.phase-4-end-to-end-validation-docs.md::Code Review: Phase 4: End-to-End Validation + Docs::E) Detailed Findings ms=10 left=33854
2026-08-28T10:47:19.557543Z  INFO fs3_daemon::runner: progress phase="working" scanned=61586 scan_left=33 summarized=124258 summarize_left=33820 embedded=202756 embed_left=1 failed=0
2026-08-28T10:47:19.577231Z  INFO fs3_daemon::runner: batch kind="embed" subject=2 x smart jobs=2 ms=0
2026-08-28T10:47:19.583941Z  INFO fs3_daemon::runner: done kind="embed" id=661024 left=33853
2026-08-28T10:47:19.650771Z  INFO fs3_daemon::runner: done kind="embed" id=661025 left=33852
2026-08-28T10:47:19.748183Z  INFO fs3_daemon::runner: done kind=summarize subject=docs/plans/076-harness-workflow-runner/tasks/phase-4-end-to-end-validation-docs/reviews/review.phase-4-end-to-end-validation-docs.md::Code Review: Phase 4: End-to-End Validation + Docs::D) Findings Table ms=16 left=33852
2026-08-28T10:47:19.775186Z  INFO fs3_daemon::runner: done kind=summarize subject=docs/plans/076-harness-workflow-runner/tasks/phase-4-end-to-end-validation-docs/reviews/review.phase-4-end-to-end-validation-docs.md::Code Review: Phase 4: End-to-End Validation + Docs::C) Checklist ms=17 left=33852
2026-08-28T10:47:19.800493Z  INFO fs3_daemon::runner: batch kind="embed" subject=1 x smart jobs=1 ms=0
2026-08-28T10:47:19.808089Z  INFO fs3_daemon::runner: done kind="embed" id=661026 left=33851
2026-08-28T10:47:20.015301Z  INFO fs3_daemon::runner: done kind=summarize subject=docs/plans/076-harness-workflow-runner/tasks/phase-4-end-to-end-validation-docs/reviews/review.phase-4-end-to-end-validation-docs.md::Code Review: Phase 4: End-to-End Validation + Docs::A) Verdict ms=38 left=33851
2026-08-28T10:47:20.090656Z  INFO fs3_daemon::runner: batch kind="embed" subject=1 x smart jobs=1 ms=1
2026-08-28T10:47:20.102710Z  INFO fs3_daemon::runner: done kind="embed" id=661027 left=33850
2026-08-28T10:47:20.207115Z  INFO fs3_daemon::runner: done kind=summarize subject=docs/plans/076-harness-workflow-runner/tasks/phase-4-end-to-end-validation-docs/reviews/review.phase-4-end-to-end-validation-docs.md::Code Review: Phase 4: End-to-End Validation + Docs ms=21 left=33850
2026-08-28T10:47:20.255961Z  INFO fs3_daemon::runner: batch kind="embed" subject=1 x smart jobs=1 ms=1
2026-08-28T10:47:20.271041Z  INFO fs3_daemon::runner: done kind="embed" id=661028 left=33849
2026-08-28T10:47:20.362606Z  INFO fs3_daemon::runner: done kind=summarize subject=docs/plans/076-harness-workflow-runner/tasks/phase-4-end-to-end-validation-docs/reviews/fix-tasks.phase-4-end-to-end-validation-docs.md::Fix Tasks: Phase 4: End-to-End Validation + Docs::Medium / Low Fixes::FT-006: Extract shared formatter / validation helpers to reduce drift ms=19 left=33849
2026-08-28T10:47:20.377711Z  INFO fs3_daemon::runner: batch kind="embed" subject=1 x smart jobs=1 ms=1
2026-08-28T10:47:20.388438Z  INFO fs3_daemon::runner: done kind="embed" id=661029 left=33848
2026-08-28T10:47:20.482612Z  INFO fs3_daemon::runner: done kind=summarize subject=docs/plans/076-harness-workflow-runner/tasks/phase-4-end-to-end-validation-docs/reviews/fix-tasks.phase-4-end-to-end-validation-docs.md::Fix Tasks: Phase 4: End-to-End Validation + Docs::Medium / Low Fixes::FT-005: Update workflow-ui / positional-graph domain artifacts ms=20 left=33848
2026-08-28T10:47:20.507164Z  INFO fs3_daemon::runner: batch kind="embed" subject=1 x smart jobs=1 ms=4
2026-08-28T10:47:20.537683Z  INFO fs3_daemon::runner: done kind="embed" id=661030 left=33847
2026-08-28T10:47:20.714410Z  INFO fs3_daemon::runner: batch kind="embed" subject=1 x smart jobs=1 ms=1
2026-08-28T10:47:20.729398Z  INFO fs3_daemon::runner: done kind="embed" id=661031 left=33846
2026-08-28T10:47:20.729820Z  INFO fs3_daemon::runner: done kind=summarize subject=docs/plans/076-harness-workflow-runner/tasks/phase-4-end-to-end-validation-docs/reviews/fix-tasks.phase-4-end-to-end-validation-docs.md::Fix Tasks: Phase 4: End-to-End Validation + Docs::Medium / Low Fixes::FT-004: Make idempotent `already:true` starts non-fatal ms=106 left=33847
2026-08-28T10:47:20.825233Z  INFO fs3_daemon::runner: done kind=summarize subject=docs/plans/076-harness-workflow-runner/tasks/phase-4-end-to-end-validation-docs/reviews/fix-tasks.phase-4-end-to-end-validation-docs.md::Fix Tasks: Phase 4: End-to-End Validation + Docs::Medium / Low Fixes ms=20 left=33846
2026-08-28T10:47:20.844508Z  INFO fs3_daemon::runner: batch kind="embed" subject=1 x smart jobs=1 ms=1
2026-08-28T10:47:20.854285Z  INFO fs3_daemon::runner: done kind="embed" id=661032 left=33845
2026-08-28T10:47:20.966881Z  INFO fs3_daemon::runner: done kind=summarize subject=docs/plans/076-harness-workflow-runner/tasks/phase-4-end-to-end-validation-docs/reviews/fix-tasks.phase-4-end-to-end-validation-docs.md::Fix Tasks: Phase 4: End-to-End Validation + Docs::Critical / High Fixes::FT-003: Commit hybrid evidence for the live REST/SDK path ms=14 left=33845
2026-08-28T10:47:20.972362Z  INFO fs3_daemon::runner: batch kind="embed" subject=1 x smart jobs=1 ms=0
2026-08-28T10:47:21.017889Z  INFO fs3_daemon::runner: done kind="embed" id=661033 left=33844
2026-08-28T10:47:21.146906Z  INFO fs3_daemon::runner: batch kind="embed" subject=1 x smart jobs=1 ms=0
2026-08-28T10:47:21.172132Z  INFO fs3_daemon::runner: done kind=summarize subject=docs/plans/076-harness-workflow-runner/tasks/phase-4-end-to-end-validation-docs/reviews/fix-tasks.phase-4-end-to-end-validation-docs.md::Fix Tasks: Phase 4: End-to-End Validation + Docs::Critical / High Fixes::FT-002: Prove Fake/Real parity with the real `WorkflowApiClient` ms=58 left=33844
2026-08-28T10:47:21.191762Z  INFO fs3_daemon::runner: done kind="embed" id=661034 left=33843
2026-08-28T10:47:21.318038Z  INFO fs3_daemon::runner: batch kind="embed" subject=1 x smart jobs=1 ms=0
2026-08-28T10:47:21.332221Z  INFO fs3_daemon::runner: done kind=summarize subject=docs/plans/076-harness-workflow-runner/tasks/phase-4-end-to-end-validation-docs/reviews/fix-tasks.phase-4-end-to-end-validation-docs.md::Fix Tasks: Phase 4: End-to-End Validation + Docs::Critical / High Fixes::FT-001: Bind `workflow --server` to the actual harness app + worktree context ms=54 left=33843
2026-08-28T10:47:21.352484Z  INFO fs3_daemon::runner: done kind="embed" id=661035 left=33842
2026-08-28T10:47:21.488118Z  INFO fs3_daemon::runner: batch kind="embed" subject=1 x smart jobs=1 ms=0
2026-08-28T10:47:21.509859Z  INFO fs3_daemon::runner: done kind=summarize subject=docs/plans/076-harness-workflow-runner/tasks/phase-4-end-to-end-validation-docs/reviews/fix-tasks.phase-4-end-to-end-validation-docs.md::Fix Tasks: Phase 4: End-to-End Validation + Docs::Critical / High Fixes ms=65 left=33842
2026-08-28T10:47:21.522239Z  INFO fs3_daemon::runner: done kind="embed" id=661036 left=33841
2026-08-28T10:47:21.636945Z  INFO fs3_daemon::runner: done kind=summarize subject=docs/plans/076-harness-workflow-runner/tasks/phase-4-end-to-end-validation-docs/reviews/fix-tasks.phase-4-end-to-end-validation-docs.md::Fix Tasks: Phase 4: End-to-End Validation + Docs ms=38 left=33841
2026-08-28T10:47:21.643789Z  INFO fs3_daemon::runner: batch kind="embed" subject=1 x smart jobs=1 ms=0
2026-08-28T10:47:21.676910Z  INFO fs3_daemon::runner: done kind="embed" id=661037 left=33840
2026-08-28T10:47:21.817072Z  INFO fs3_daemon::runner: batch kind="embed" subject=1 x smart jobs=1 ms=0
2026-08-28T10:47:21.841351Z  INFO fs3_daemon::runner: done kind=summarize subject=docs/plans/076-harness-workflow-runner/tasks/phase-4-end-to-end-validation-docs/execution.log.md::Execution Log — Phase 4 Subtask 001: REST API + SDK::Phase 4 Main Tasks — Dogfooding Checkpoint (2026-03-23)::Full Lifecycle Validation (via `just harness-cg` / `just harness workflow`) ms=68 left=33840
2026-08-28T10:47:21.857050Z  INFO fs3_daemon::runner: done kind="embed" id=661038 left=33839
2026-08-28T10:47:21.976324Z  INFO fs3_daemon::runner: batch kind="embed" subject=1 x smart jobs=1 ms=0
2026-08-28T10:47:21.995713Z  INFO fs3_daemon::runner: done kind=summarize subject=docs/plans/076-harness-workflow-runner/tasks/phase-4-end-to-end-validation-docs/execution.log.md::Execution Log — Phase 4 Subtask 001: REST API + SDK::Phase 4 Main Tasks — Dogfooding Checkpoint (2026-03-23)::Fixes Applied During Dogfooding ms=62 left=33839
2026-08-28T10:47:22.018837Z  INFO fs3_daemon::runner: done kind="embed" id=661039 left=33838
2026-08-28T10:47:22.142750Z  INFO fs3_daemon::runner: batch kind="embed" subject=1 x smart jobs=1 ms=0
2026-08-28T10:47:22.169846Z  INFO fs3_daemon::runner: done kind=summarize subject=docs/plans/076-harness-workflow-runner/tasks/phase-4-end-to-end-validation-docs/execution.log.md::Execution Log — Phase 4 Subtask 001: REST API + SDK::Phase 4 Main Tasks — Dogfooding Checkpoint (2026-03-23) ms=63 left=33838
2026-08-28T10:47:22.184740Z  INFO fs3_daemon::runner: done kind="embed" id=661040 left=33837
2026-08-28T10:47:22.311149Z  INFO fs3_daemon::runner: batch kind="embed" subject=1 x smart jobs=1 ms=3
2026-08-28T10:47:22.328183Z  INFO fs3_daemon::runner: done kind=summarize subject=docs/plans/076-harness-workflow-runner/tasks/phase-4-end-to-end-validation-docs/execution.log.md::Execution Log — Phase 4 Subtask 001: REST API + SDK::Live REST/SDK Validation (2026-03-23)::Endpoint Verification (all 5 Tier 1 endpoints) ms=61 left=33837
2026-08-28T10:47:22.351073Z  INFO fs3_daemon::runner: done kind="embed" id=661041 left=33836
2026-08-28T10:47:22.440656Z  INFO fs3_daemon::runner: done kind=summarize subject=docs/plans/076-harness-workflow-runner/tasks/phase-4-end-to-end-validation-docs/execution.log.md::Execution Log — Phase 4 Subtask 001: REST API + SDK::Live REST/SDK Validation (2026-03-23) ms=19 left=33836
2026-08-28T10:47:22.445177Z  INFO fs3_daemon::runner: batch kind="embed" subject=1 x smart jobs=1 ms=4
2026-08-28T10:47:22.452811Z  INFO fs3_daemon::runner: done kind="embed" id=661042 left=33835
2026-08-28T10:47:22.609673Z  INFO fs3_daemon::runner: done kind=summarize subject=docs/plans/076-harness-workflow-runner/tasks/phase-4-end-to-end-validation-docs/execution.log.md::Execution Log — Phase 4 Subtask 001: REST API + SDK ms=11 left=33835
2026-08-28T10:47:22.622096Z  INFO fs3_daemon::runner: batch kind="embed" subject=1 x smart jobs=1 ms=0
2026-08-28T10:47:22.630296Z  INFO fs3_daemon::runner: done kind="embed" id=661043 left=33834
2026-08-28T10:47:22.705960Z  INFO fs3_daemon::runner: done kind=summarize subject=docs/plans/076-harness-workflow-runner/tasks/phase-4-end-to-end-validation-docs/003-subtask-harness-container-cg.md::Subtask 003: Harness Container CG Command Execution::Critical Insights (2026-03-23) ms=13 left=33834
2026-08-28T10:47:22.716312Z  INFO fs3_daemon::runner: batch kind="embed" subject=1 x smart jobs=1 ms=1
2026-08-28T10:47:22.723573Z  INFO fs3_daemon::runner: done kind="embed" id=661044 left=33833
2026-08-28T10:47:22.810366Z  INFO fs3_daemon::runner: done kind=summarize subject=docs/plans/076-harness-workflow-runner/tasks/phase-4-end-to-end-validation-docs/003-subtask-harness-container-cg.md::Subtask 003: Harness Container CG Command Execution::After Subtask Completion ms=12 left=33833
2026-08-28T10:47:22.819650Z  INFO fs3_daemon::runner: batch kind="embed" subject=1 x smart jobs=1 ms=0
2026-08-28T10:47:22.826739Z  INFO fs3_daemon::runner: done kind="embed" id=661045 left=33832
2026-08-28T10:47:22.906075Z  INFO fs3_daemon::runner: done kind=summarize subject=docs/plans/076-harness-workflow-runner/tasks/phase-4-end-to-end-validation-docs/003-subtask-harness-container-cg.md::Subtask 003: Harness Container CG Command Execution::Context Brief::End-to-End Recipe (What Docs Will Show) ms=11 left=33832
2026-08-28T10:47:22.920577Z  INFO fs3_daemon::runner: batch kind="embed" subject=1 x smart jobs=1 ms=0
2026-08-28T10:47:22.930861Z  INFO fs3_daemon::runner: done kind="embed" id=661046 left=33831
2026-08-28T10:47:23.011223Z  INFO fs3_daemon::runner: done kind=summarize subject=docs/plans/076-harness-workflow-runner/tasks/phase-4-end-to-end-validation-docs/003-subtask-harness-container-cg.md::Subtask 003: Harness Container CG Command Execution::Context Brief::Discoverability Plan — How Agents Find This ms=10 left=33831
2026-08-28T10:47:23.024868Z  INFO fs3_daemon::runner: batch kind="embed" subject=1 x smart jobs=1 ms=0
2026-08-28T10:47:23.032396Z  INFO fs3_daemon::runner: done kind="embed" id=661047 left=33830
2026-08-28T10:47:23.114546Z  INFO fs3_daemon::runner: done kind=summarize subject=docs/plans/076-harness-workflow-runner/tasks/phase-4-end-to-end-validation-docs/003-subtask-harness-container-cg.md::Subtask 003: Harness Container CG Command Execution::Context Brief ms=14 left=33830
2026-08-28T10:47:23.122405Z  INFO fs3_daemon::runner: batch kind="embed" subject=1 x smart jobs=1 ms=1
2026-08-28T10:47:23.132529Z  INFO fs3_daemon::runner: done kind="embed" id=661048 left=33829
2026-08-28T10:47:23.199667Z  INFO fs3_daemon::runner: done kind=summarize subject=docs/plans/076-harness-workflow-runner/tasks/phase-4-end-to-end-validation-docs/003-subtask-harness-container-cg.md::Subtask 003: Harness Container CG Command Execution::Tasks ms=8 left=33829
2026-08-28T10:47:23.214147Z  INFO fs3_daemon::runner: batch kind="embed" subject=1 x smart jobs=1 ms=1
2026-08-28T10:47:23.219926Z  INFO fs3_daemon::runner: done kind="embed" id=661049 left=33828
2026-08-28T10:47:23.300335Z  INFO fs3_daemon::runner: done kind=summarize subject=docs/plans/076-harness-workflow-runner/tasks/phase-4-end-to-end-validation-docs/003-subtask-harness-container-cg.md::Subtask 003: Harness Container CG Command Execution::Architecture Map ms=12 left=33828
2026-08-28T10:47:23.311758Z  INFO fs3_daemon::runner: batch kind="embed" subject=1 x smart jobs=1 ms=0
2026-08-28T10:47:23.317732Z  INFO fs3_daemon::runner: done kind="embed" id=661050 left=33827
2026-08-28T10:47:23.399929Z  INFO fs3_daemon::runner: done kind=summarize subject=docs/plans/076-harness-workflow-runner/tasks/phase-4-end-to-end-validation-docs/003-subtask-harness-container-cg.md::Subtask 003: Harness Container CG Command Execution::Pre-Implementation Check ms=7 left=33827
2026-08-28T10:47:23.420981Z  INFO fs3_daemon::runner: batch kind="embed" subject=1 x smart jobs=1 ms=0
2026-08-28T10:47:23.427247Z  INFO fs3_daemon::runner: done kind="embed" id=661051 left=33826
2026-08-28T10:47:23.510601Z  INFO fs3_daemon::runner: done kind=summarize subject=docs/plans/076-harness-workflow-runner/tasks/phase-4-end-to-end-validation-docs/003-subtask-harness-container-cg.md::Subtask 003: Harness Container CG Command Execution::Executive Briefing ms=13 left=33826
2026-08-28T10:47:23.522979Z  INFO fs3_daemon::runner: batch kind="embed" subject=1 x smart jobs=1 ms=0
2026-08-28T10:47:23.532137Z  INFO fs3_daemon::runner: done kind="embed" id=661052 left=33825
2026-08-28T10:47:23.616377Z  INFO fs3_daemon::runner: done kind=summarize subject=docs/plans/076-harness-workflow-runner/tasks/phase-4-end-to-end-validation-docs/003-subtask-harness-container-cg.md::Subtask 003: Harness Container CG Command Execution::Parent Context ms=16 left=33825
2026-08-28T10:47:23.627193Z  INFO fs3_daemon::runner: batch kind="embed" subject=1 x smart jobs=1 ms=0
2026-08-28T10:47:23.634092Z  INFO fs3_daemon::runner: done kind="embed" id=661053 left=33824
2026-08-28T10:47:23.726668Z  INFO fs3_daemon::runner: done kind=summarize subject=docs/plans/076-harness-workflow-runner/tasks/phase-4-end-to-end-validation-docs/003-subtask-harness-container-cg.md::Subtask 003: Harness Container CG Command Execution ms=10 left=33824
2026-08-28T10:47:23.745488Z  INFO fs3_daemon::runner: batch kind="embed" subject=1 x smart jobs=1 ms=1
2026-08-28T10:47:23.751280Z  INFO fs3_daemon::runner: done kind="embed" id=661054 left=33823
2026-08-28T10:47:23.830878Z  INFO fs3_daemon::runner: done kind=summarize subject=docs/plans/076-harness-workflow-runner/tasks/phase-4-end-to-end-validation-docs/003-subtask-harness-container-cg.fltplan.md::Flight Plan: Subtask 003 — Harness Container CG Commands::Acceptance Criteria ms=12 left=33823
2026-08-28T10:47:23.848052Z  INFO fs3_daemon::runner: batch kind="embed" subject=1 x smart jobs=1 ms=1
2026-08-28T10:47:23.860219Z  INFO fs3_daemon::runner: done kind="embed" id=661055 left=33822
2026-08-28T10:47:23.940673Z  INFO fs3_daemon::runner: done kind=summarize subject=docs/plans/076-harness-workflow-runner/tasks/phase-4-end-to-end-validation-docs/003-subtask-harness-container-cg.fltplan.md::Flight Plan: Subtask 003 — Harness Container CG Commands::Architecture: Before & After ms=11 left=33822
2026-08-28T10:47:23.996333Z  INFO fs3_daemon::runner: batch kind="embed" subject=1 x smart jobs=1 ms=1
2026-08-28T10:47:24.007755Z  INFO fs3_daemon::runner: done kind="embed" id=661056 left=33821
2026-08-28T10:47:24.174535Z  INFO fs3_daemon::runner: done kind=summarize subject=docs/plans/076-harness-workflow-runner/tasks/phase-4-end-to-end-validation-docs/003-subtask-harness-container-cg.fltplan.md::Flight Plan: Subtask 003 — Harness Container CG Commands::Flight Status ms=15 left=33821
2026-08-28T10:47:24.301939Z  INFO fs3_daemon::runner: batch kind="embed" subject=1 x smart jobs=1 ms=0
2026-08-28T10:47:24.320265Z  INFO fs3_daemon::runner: done kind="embed" id=661057 left=33820
2026-08-28T10:47:24.426101Z  INFO fs3_daemon::runner: done kind=summarize subject=docs/plans/076-harness-workflow-runner/tasks/phase-4-end-to-end-validation-docs/003-subtask-harness-container-cg.fltplan.md::Flight Plan: Subtask 003 — Harness Container CG Commands::Domain Context ms=21 left=33820
2026-08-28T10:47:24.453149Z  INFO fs3_daemon::runner: batch kind="embed" subject=1 x smart jobs=1 ms=2
2026-08-28T10:47:24.468037Z  INFO fs3_daemon::runner: done kind="embed" id=661058 left=33819
2026-08-28T10:47:24.574738Z  INFO fs3_daemon::runner: done kind=summarize subject=docs/plans/076-harness-workflow-runner/tasks/phase-4-end-to-end-validation-docs/003-subtask-harness-container-cg.fltplan.md::Flight Plan: Subtask 003 — Harness Container CG Commands ms=29 left=33819
2026-08-28T10:47:24.576353Z  INFO fs3_daemon::runner: batch kind="embed" subject=1 x smart jobs=1 ms=1
2026-08-28T10:47:24.587173Z  INFO fs3_daemon::runner: done kind="embed" id=661059 left=33818
2026-08-28T10:47:24.680430Z  INFO fs3_daemon::runner: done kind=summarize subject=docs/plans/076-harness-workflow-runner/tasks/phase-4-end-to-end-validation-docs/002-subtask-cg-cli-server-mode.md::Subtask 002: CG CLI Server Mode Commands::Critical Insights (2026-03-23) ms=21 left=33818
2026-08-28T10:47:24.729216Z  INFO fs3_daemon::runner: progress phase="working" scanned=61586 scan_left=33 summarized=124294 summarize_left=33784 embedded=202792 embed_left=1 failed=0
2026-08-28T10:47:24.766008Z  INFO fs3_daemon::runner: batch kind="embed" subject=2 x smart jobs=2 ms=1
2026-08-28T10:47:24.776888Z  INFO fs3_daemon::runner: done kind="embed" id=661061 left=33817
2026-08-28T10:47:24.852446Z  INFO fs3_daemon::runner: done kind="embed" id=661060 left=33816
2026-08-28T10:47:24.935096Z  INFO fs3_daemon::runner: done kind=summarize subject=docs/plans/076-harness-workflow-runner/tasks/phase-4-end-to-end-validation-docs/002-subtask-cg-cli-server-mode.md::Subtask 002: CG CLI Server Mode Commands::After Subtask Completion ms=10 left=33816
2026-08-28T10:47:24.958656Z  INFO fs3_daemon::runner: done kind=summarize subject=docs/plans/076-harness-workflow-runner/tasks/phase-4-end-to-end-validation-docs/002-subtask-cg-cli-server-mode.md::Subtask 002: CG CLI Server Mode Commands::Context Brief::Contract Flow ms=10 left=33816
2026-08-28T10:47:24.969973Z  INFO fs3_daemon::runner: batch kind="embed" subject=1 x smart jobs=1 ms=0
2026-08-28T10:47:24.979804Z  INFO fs3_daemon::runner: done kind="embed" id=661062 left=33815
2026-08-28T10:47:25.064604Z  INFO fs3_daemon::runner: done kind=summarize subject=docs/plans/076-harness-workflow-runner/tasks/phase-4-end-to-end-validation-docs/002-subtask-cg-cli-server-mode.md::Subtask 002: CG CLI Server Mode Commands::Context Brief ms=13 left=33815
2026-08-28T10:47:25.080780Z  INFO fs3_daemon::runner: batch kind="embed" subject=1 x smart jobs=1 ms=0
2026-08-28T10:47:25.088326Z  INFO fs3_daemon::runner: done kind="embed" id=661063 left=33814
2026-08-28T10:47:25.155946Z  INFO fs3_daemon::runner: done kind=summarize subject=docs/plans/076-harness-workflow-runner/tasks/phase-4-end-to-end-validation-docs/002-subtask-cg-cli-server-mode.md::Subtask 002: CG CLI Server Mode Commands::Tasks ms=7 left=33814
2026-08-28T10:47:25.175102Z  INFO fs3_daemon::runner: batch kind="embed" subject=1 x smart jobs=1 ms=0
2026-08-28T10:47:25.181820Z  INFO fs3_daemon::runner: done kind="embed" id=661064 left=33813
2026-08-28T10:47:25.267345Z  INFO fs3_daemon::runner: done kind=summarize subject=docs/plans/076-harness-workflow-runner/tasks/phase-4-end-to-end-validation-docs/002-subtask-cg-cli-server-mode.md::Subtask 002: CG CLI Server Mode Commands::Architecture Map ms=12 left=33813
2026-08-28T10:47:25.277050Z  INFO fs3_daemon::runner: batch kind="embed" subject=1 x smart jobs=1 ms=1
2026-08-28T10:47:25.286954Z  INFO fs3_daemon::runner: done kind="embed" id=661065 left=33812
2026-08-28T10:47:25.361556Z  INFO fs3_daemon::runner: done kind=summarize subject=docs/plans/076-harness-workflow-runner/tasks/phase-4-end-to-end-validation-docs/002-subtask-cg-cli-server-mode.md::Subtask 002: CG CLI Server Mode Commands::Pre-Implementation Check ms=9 left=33812
2026-08-28T10:47:25.374029Z  INFO fs3_daemon::runner: batch kind="embed" subject=1 x smart jobs=1 ms=0
2026-08-28T10:47:25.380729Z  INFO fs3_daemon::runner: done kind="embed" id=661066 left=33811
2026-08-28T10:47:25.463264Z  INFO fs3_daemon::runner: done kind=summarize subject=docs/plans/076-harness-workflow-runner/tasks/phase-4-end-to-end-validation-docs/002-subtask-cg-cli-server-mode.md::Subtask 002: CG CLI Server Mode Commands::Executive Briefing ms=14 left=33811
2026-08-28T10:47:25.473452Z  INFO fs3_daemon::runner: batch kind="embed" subject=1 x smart jobs=1 ms=0
2026-08-28T10:47:25.478810Z  INFO fs3_daemon::runner: done kind="embed" id=661067 left=33810
2026-08-28T10:47:25.563120Z  INFO fs3_daemon::runner: done kind=summarize subject=docs/plans/076-harness-workflow-runner/tasks/phase-4-end-to-end-validation-docs/002-subtask-cg-cli-server-mode.fltplan.md::Flight Plan: Subtask 002 — CG CLI Server Mode Commands::Acceptance Criteria ms=10 left=33810
2026-08-28T10:47:25.582703Z  INFO fs3_daemon::runner: batch kind="embed" subject=1 x smart jobs=1 ms=0
2026-08-28T10:47:25.601383Z  INFO fs3_daemon::runner: done kind="embed" id=661068 left=33809
2026-08-28T10:47:25.693416Z  INFO fs3_daemon::runner: done kind=summarize subject=docs/plans/076-harness-workflow-runner/tasks/phase-4-end-to-end-validation-docs/002-subtask-cg-cli-server-mode.md::Subtask 002: CG CLI Server Mode Commands::Parent Context ms=23 left=33809
2026-08-28T10:47:25.702276Z  INFO fs3_daemon::runner: batch kind="embed" subject=1 x smart jobs=1 ms=1
2026-08-28T10:47:25.722784Z  INFO fs3_daemon::runner: done kind="embed" id=661069 left=33808
2026-08-28T10:47:25.835212Z  INFO fs3_daemon::runner: done kind=summarize subject=docs/plans/076-harness-workflow-runner/tasks/phase-4-end-to-end-validation-docs/002-subtask-cg-cli-server-mode.md::Subtask 002: CG CLI Server Mode Commands ms=32 left=33808
2026-08-28T10:47:25.845037Z  INFO fs3_daemon::runner: batch kind="embed" subject=1 x smart jobs=1 ms=1
2026-08-28T10:47:25.863144Z  INFO fs3_daemon::runner: done kind="embed" id=661070 left=33807
2026-08-28T10:47:26.009866Z  INFO fs3_daemon::runner: batch kind="embed" subject=1 x smart jobs=1 ms=0
2026-08-28T10:47:26.019257Z  INFO fs3_daemon::runner: done kind=summarize subject=docs/plans/076-harness-workflow-runner/tasks/phase-4-end-to-end-validation-docs/002-subtask-cg-cli-server-mode.fltplan.md::Flight Plan: Subtask 002 — CG CLI Server Mode Commands::Architecture: Before & After ms=53 left=33807
2026-08-28T10:47:26.028377Z  INFO fs3_daemon::runner: done kind="embed" id=661071 left=33806
2026-08-28T10:47:26.969396Z  INFO fs3_daemon::runner: done kind=summarize subject=docs/plans/076-harness-workflow-runner/tasks/phase-4-end-to-end-validation-docs/002-subtask-cg-cli-server-mode.fltplan.md::Flight Plan: Subtask 002 — CG CLI Server Mode Commands::Stages ms=114 left=33806
2026-08-28T10:47:26.996140Z  INFO fs3_daemon::runner: batch kind="embed" subject=1 x smart jobs=1 ms=0
2026-08-28T10:47:27.049602Z  INFO fs3_daemon::runner: done kind="embed" id=661072 left=33805
2026-08-28T10:47:27.178153Z  INFO fs3_daemon::runner: done kind=summarize subject=docs/plans/076-harness-workflow-runner/tasks/phase-4-end-to-end-validation-docs/002-subtask-cg-cli-server-mode.fltplan.md::Flight Plan: Subtask 002 — CG CLI Server Mode Commands::Flight Status ms=37 left=33805
2026-08-28T10:47:27.196113Z  INFO fs3_daemon::runner: batch kind="embed" subject=1 x smart jobs=1 ms=0
2026-08-28T10:47:27.209389Z  INFO fs3_daemon::runner: done kind="embed" id=661073 left=33804
2026-08-28T10:47:27.307605Z  INFO fs3_daemon::runner: done kind=summarize subject=docs/plans/076-harness-workflow-runner/tasks/phase-4-end-to-end-validation-docs/002-subtask-cg-cli-server-mode.fltplan.md::Flight Plan: Subtask 002 — CG CLI Server Mode Commands::Domain Context ms=25 left=33804
2026-08-28T10:47:27.320425Z  INFO fs3_daemon::runner: batch kind="embed" subject=1 x smart jobs=1 ms=1
2026-08-28T10:47:27.339856Z  INFO fs3_daemon::runner: done kind="embed" id=661074 left=33803
2026-08-28T10:47:27.442736Z  INFO fs3_daemon::runner: done kind=summarize subject=docs/plans/076-harness-workflow-runner/tasks/phase-4-end-to-end-validation-docs/002-subtask-cg-cli-server-mode.fltplan.md::Flight Plan: Subtask 002 — CG CLI Server Mode Commands ms=29 left=33803
2026-08-28T10:47:27.449595Z  INFO fs3_daemon::runner: batch kind="embed" subject=1 x smart jobs=1 ms=0
2026-08-28T10:47:27.462354Z  INFO fs3_daemon::runner: done kind="embed" id=661075 left=33802
2026-08-28T10:47:27.555097Z  INFO fs3_daemon::runner: done kind=summarize subject=docs/plans/076-harness-workflow-runner/tasks/phase-4-end-to-end-validation-docs/001-subtask-workflow-rest-api-sdk.md::Subtask 001: Workflow REST API + SDK::Discoveries & Learnings ms=17 left=33802
2026-08-28T10:47:27.568985Z  INFO fs3_daemon::runner: batch kind="embed" subject=1 x smart jobs=1 ms=0
2026-08-28T10:47:27.576634Z  INFO fs3_daemon::runner: done kind="embed" id=661076 left=33801
2026-08-28T10:47:27.684937Z  INFO fs3_daemon::runner: done kind=summarize subject=docs/plans/076-harness-workflow-runner/tasks/phase-4-end-to-end-validation-docs/001-subtask-workflow-rest-api-sdk.md::Subtask 001: Workflow REST API + SDK::After Subtask Completion ms=23 left=33801
2026-08-28T10:47:27.696681Z  INFO fs3_daemon::runner: batch kind="embed" subject=1 x smart jobs=1 ms=1
2026-08-28T10:47:27.710511Z  INFO fs3_daemon::runner: done kind="embed" id=661077 left=33800
2026-08-28T10:47:27.793758Z  INFO fs3_daemon::runner: done kind=summarize subject=docs/plans/076-harness-workflow-runner/tasks/phase-4-end-to-end-validation-docs/001-subtask-workflow-rest-api-sdk.md::Subtask 001: Workflow REST API + SDK::Context Brief::Contract Flow ms=9 left=33800
2026-08-28T10:47:27.813107Z  INFO fs3_daemon::runner: batch kind="embed" subject=1 x smart jobs=1 ms=0
2026-08-28T10:47:27.819365Z  INFO fs3_daemon::runner: done kind="embed" id=661078 left=33799
2026-08-28T10:47:27.906527Z  INFO fs3_daemon::runner: done kind=summarize subject=docs/plans/076-harness-workflow-runner/tasks/phase-4-end-to-end-validation-docs/001-subtask-workflow-rest-api-sdk.md::Subtask 001: Workflow REST API + SDK::Context Brief::Layered Architecture ms=13 left=33799
2026-08-28T10:47:27.915542Z  INFO fs3_daemon::runner: batch kind="embed" subject=1 x smart jobs=1 ms=0
2026-08-28T10:47:27.921485Z  INFO fs3_daemon::runner: done kind="embed" id=661079 left=33798
2026-08-28T10:47:28.010844Z  INFO fs3_daemon::runner: done kind=summarize subject=docs/plans/076-harness-workflow-runner/tasks/phase-4-end-to-end-validation-docs/001-subtask-workflow-rest-api-sdk.md::Subtask 001: Workflow REST API + SDK::Context Brief ms=18 left=33798
2026-08-28T10:47:28.017988Z  INFO fs3_daemon::runner: batch kind="embed" subject=1 x smart jobs=1 ms=2
2026-08-28T10:47:28.032608Z  INFO fs3_daemon::runner: done kind="embed" id=661080 left=33797
2026-08-28T10:47:28.129748Z  INFO fs3_daemon::runner: done kind=summarize subject=docs/plans/076-harness-workflow-runner/tasks/phase-4-end-to-end-validation-docs/001-subtask-workflow-rest-api-sdk.md::Subtask 001: Workflow REST API + SDK::Tasks ms=13 left=33797
2026-08-28T10:47:28.153434Z  INFO fs3_daemon::runner: batch kind="embed" subject=1 x smart jobs=1 ms=0
2026-08-28T10:47:28.162165Z  INFO fs3_daemon::runner: done kind="embed" id=661081 left=33796
2026-08-28T10:47:28.234988Z  INFO fs3_daemon::runner: done kind=summarize subject=docs/plans/076-harness-workflow-runner/tasks/phase-4-end-to-end-validation-docs/001-subtask-workflow-rest-api-sdk.md::Subtask 001: Workflow REST API + SDK::Architecture Map ms=13 left=33796
2026-08-28T10:47:28.252023Z  INFO fs3_daemon::runner: batch kind="embed" subject=1 x smart jobs=1 ms=0
2026-08-28T10:47:28.259616Z  INFO fs3_daemon::runner: done kind="embed" id=661082 left=33795
2026-08-28T10:47:28.339214Z  INFO fs3_daemon::runner: done kind=summarize subject=docs/plans/076-harness-workflow-runner/tasks/phase-4-end-to-end-validation-docs/001-subtask-workflow-rest-api-sdk.md::Subtask 001: Workflow REST API + SDK::Pre-Implementation Check ms=10 left=33795
2026-08-28T10:47:28.357644Z  INFO fs3_daemon::runner: batch kind="embed" subject=1 x smart jobs=1 ms=0
2026-08-28T10:47:28.394189Z  INFO fs3_daemon::runner: done kind="embed" id=661083 left=33794
2026-08-28T10:47:28.483217Z  INFO fs3_daemon::runner: done kind=scan_file subject=docs/plans/006-worktree-diff/assets/probes/out/run-20260828T104446Z/p1-noop-jobs.txt ms=17 left=33795
2026-08-28T10:47:28.492783Z  INFO fs3_daemon::runner: batch kind="embed" subject=1 x smart jobs=1 ms=0
2026-08-28T10:47:28.500540Z  INFO fs3_daemon::runner: done kind="embed" id=661084 left=33794
2026-08-28T10:47:28.565014Z  INFO fs3_daemon::watch: re-listed a changed directory directory=/Users/jordanknight/substrate/flowspace/fs3-worktree-diff/docs/plans/006-worktree-diff/assets/probes/out/run-20260828T104446Z events=32 enqueued=1 settled=Quiet
2026-08-28T10:47:28.587177Z  INFO fs3_daemon::runner: done kind=summarize subject=docs/plans/076-harness-workflow-runner/tasks/phase-4-end-to-end-validation-docs/001-subtask-workflow-rest-api-sdk.md::Subtask 001: Workflow REST API + SDK::Executive Briefing ms=7 left=33794
2026-08-28T10:47:28.599539Z  INFO fs3_daemon::runner: batch kind="embed" subject=1 x raw jobs=1 ms=0
2026-08-28T10:47:28.603744Z  INFO fs3_daemon::runner: done kind="embed" id=661086 left=33793
2026-08-28T10:47:28.689537Z  INFO fs3_daemon::runner: done kind=summarize subject=docs/plans/076-harness-workflow-runner/tasks/phase-4-end-to-end-validation-docs/001-subtask-workflow-rest-api-sdk.md::Subtask 001: Workflow REST API + SDK::Parent Context ms=10 left=33793
2026-08-28T10:47:28.704195Z  INFO fs3_daemon::runner: batch kind="embed" subject=1 x smart jobs=1 ms=0
2026-08-28T10:47:28.712747Z  INFO fs3_daemon::runner: done kind="embed" id=661087 left=33792
2026-08-28T10:47:28.788799Z  INFO fs3_daemon::runner: done kind=summarize subject=docs/plans/076-harness-workflow-runner/tasks/phase-4-end-to-end-validation-docs/001-subtask-workflow-rest-api-sdk.md::Subtask 001: Workflow REST API + SDK ms=10 left=33792
2026-08-28T10:47:28.798797Z  INFO fs3_daemon::runner: batch kind="embed" subject=1 x smart jobs=1 ms=0
2026-08-28T10:47:28.805319Z  INFO fs3_daemon::runner: done kind="embed" id=661088 left=33791
2026-08-28T10:47:28.893930Z  INFO fs3_daemon::runner: done kind=summarize subject=docs/plans/076-harness-workflow-runner/tasks/phase-4-end-to-end-validation-docs/001-subtask-workflow-rest-api-sdk.fltplan.md::Flight Plan: Subtask 001 — Workflow REST API + SDK::Acceptance Criteria ms=14 left=33791
2026-08-28T10:47:28.904840Z  INFO fs3_daemon::runner: batch kind="embed" subject=1 x smart jobs=1 ms=0
2026-08-28T10:47:28.915051Z  INFO fs3_daemon::runner: done kind="embed" id=661089 left=33790
2026-08-28T10:47:28.997134Z  INFO fs3_daemon::runner: done kind=summarize subject=docs/plans/076-harness-workflow-runner/tasks/phase-4-end-to-end-validation-docs/001-subtask-workflow-rest-api-sdk.fltplan.md::Flight Plan: Subtask 001 — Workflow REST API + SDK::Architecture: Before & After ms=10 left=33790
2026-08-28T10:47:29.013746Z  INFO fs3_daemon::runner: batch kind="embed" subject=1 x smart jobs=1 ms=0
2026-08-28T10:47:29.022113Z  INFO fs3_daemon::runner: done kind="embed" id=661090 left=33789
2026-08-28T10:47:29.105044Z  INFO fs3_daemon::runner: done kind=summarize subject=docs/plans/076-harness-workflow-runner/tasks/phase-4-end-to-end-validation-docs/001-subtask-workflow-rest-api-sdk.fltplan.md::Flight Plan: Subtask 001 — Workflow REST API + SDK::Stages ms=10 left=33789
2026-08-28T10:47:29.111238Z  INFO fs3_daemon::runner: batch kind="embed" subject=1 x smart jobs=1 ms=1
2026-08-28T10:47:29.116952Z  INFO fs3_daemon::runner: done kind="embed" id=661091 left=33788
2026-08-28T10:47:29.202081Z  INFO fs3_daemon::runner: done kind=summarize subject=docs/plans/076-harness-workflow-runner/tasks/phase-4-end-to-end-validation-docs/001-subtask-workflow-rest-api-sdk.fltplan.md::Flight Plan: Subtask 001 — Workflow REST API + SDK::Flight Status ms=14 left=33788
2026-08-28T10:47:29.210947Z  INFO fs3_daemon::runner: batch kind="embed" subject=1 x smart jobs=1 ms=1
2026-08-28T10:47:29.220588Z  INFO fs3_daemon::runner: done kind="embed" id=661092 left=33787
2026-08-28T10:47:29.303533Z  INFO fs3_daemon::runner: done kind=summarize subject=docs/plans/076-harness-workflow-runner/tasks/phase-4-end-to-end-validation-docs/001-subtask-workflow-rest-api-sdk.fltplan.md::Flight Plan: Subtask 001 — Workflow REST API + SDK::Domain Context ms=11 left=33787
2026-08-28T10:47:29.317223Z  INFO fs3_daemon::runner: batch kind="embed" subject=1 x smart jobs=1 ms=0
2026-08-28T10:47:29.326542Z  INFO fs3_daemon::runner: done kind="embed" id=661093 left=33786
2026-08-28T10:47:29.397682Z  INFO fs3_daemon::runner: done kind=summarize subject=docs/plans/076-harness-workflow-runner/tasks/phase-3-harness-workflow-commands/tasks.md::Phase 3: Harness Workflow Commands — Tasks + Context Brief::Directory Layout ms=10 left=33786
2026-08-28T10:47:29.455682Z  INFO fs3_daemon::runner: batch kind="embed" subject=1 x smart jobs=1 ms=3
2026-08-28T10:47:29.469754Z  INFO fs3_daemon::runner: done kind="embed" id=661094 left=33785
2026-08-28T10:47:29.611388Z  INFO fs3_daemon::runner: done kind=summarize subject=docs/plans/076-harness-workflow-runner/tasks/phase-4-end-to-end-validation-docs/001-subtask-workflow-rest-api-sdk.fltplan.md::Flight Plan: Subtask 001 — Workflow REST API + SDK ms=14 left=33785
2026-08-28T10:47:29.708704Z  INFO fs3_daemon::runner: batch kind="embed" subject=1 x smart jobs=1 ms=0
2026-08-28T10:47:29.724065Z  INFO fs3_daemon::runner: done kind="embed" id=661095 left=33784
2026-08-28T10:47:29.833975Z  INFO fs3_daemon::runner: done kind=summarize subject=docs/plans/076-harness-workflow-runner/tasks/phase-3-harness-workflow-commands/tasks.md::Phase 3: Harness Workflow Commands — Tasks + Context Brief::DYK Analysis (2026-03-18) ms=27 left=33784
2026-08-28T10:47:29.881729Z  INFO fs3_daemon::runner: progress phase="working" scanned=61587 scan_left=33 summarized=124328 summarize_left=33750 embedded=202827 embed_left=1 failed=0
2026-08-28T10:47:29.934209Z  INFO fs3_daemon::runner: batch kind="embed" subject=2 x smart jobs=2 ms=0
2026-08-28T10:47:29.946529Z  INFO fs3_daemon::runner: done kind="embed" id=661096 left=33783
2026-08-28T10:47:30.025573Z  INFO fs3_daemon::runner: done kind="embed" id=661097 left=33782
2026-08-28T10:47:30.103880Z  INFO fs3_daemon::runner: done kind=summarize subject=docs/plans/076-harness-workflow-runner/tasks/phase-3-harness-workflow-commands/tasks.md::Phase 3: Harness Workflow Commands — Tasks + Context Brief::Context Brief::Progressive Disclosure Sequence ms=16 left=33782
2026-08-28T10:47:30.139898Z  INFO fs3_daemon::runner: done kind=summarize subject=docs/plans/076-harness-workflow-runner/tasks/phase-3-harness-workflow-commands/tasks.md::Phase 3: Harness Workflow Commands — Tasks + Context Brief::Context Brief::System Flow: Workflow Run Command ms=22 left=33782
2026-08-28T10:47:30.155576Z  INFO fs3_daemon::runner: batch kind="embed" subject=1 x smart jobs=1 ms=0
2026-08-28T10:47:30.165525Z  INFO fs3_daemon::runner: done kind="embed" id=661098 left=33781
2026-08-28T10:47:30.351852Z  INFO fs3_daemon::runner: batch kind="embed" subject=1 x smart jobs=1 ms=1
2026-08-28T10:47:30.388457Z  INFO fs3_daemon::runner: done kind="embed" id=661099 left=33780
2026-08-28T10:47:30.390743Z  INFO fs3_daemon::runner: done kind=summarize subject=docs/plans/076-harness-workflow-runner/tasks/phase-3-harness-workflow-commands/tasks.md::Phase 3: Harness Workflow Commands — Tasks + Context Brief::Context Brief::Reusable from Prior Phases ms=117 left=33780
2026-08-28T10:47:30.530115Z  INFO fs3_daemon::runner: batch kind="embed" subject=1 x smart jobs=1 ms=4
2026-08-28T10:47:30.583283Z  INFO fs3_daemon::runner: done kind=summarize subject=docs/plans/076-harness-workflow-runner/tasks/phase-3-harness-workflow-commands/tasks.md::Phase 3: Harness Workflow Commands — Tasks + Context Brief::Context Brief::Domain Dependencies (concepts and contracts this phase consumes) ms=105 left=33779
2026-08-28T10:47:30.585981Z  INFO fs3_daemon::runner: done kind="embed" id=661100 left=33779
2026-08-28T10:47:30.761212Z  INFO fs3_daemon::runner: batch kind="embed" subject=1 x smart jobs=1 ms=0
2026-08-28T10:47:30.792573Z  INFO fs3_daemon::runner: done kind=summarize subject=docs/plans/076-harness-workflow-runner/tasks/phase-3-harness-workflow-commands/tasks.md::Phase 3: Harness Workflow Commands — Tasks + Context Brief::Context Brief ms=94 left=33779
2026-08-28T10:47:30.797051Z  INFO fs3_daemon::runner: done kind="embed" id=661101 left=33778
2026-08-28T10:47:30.965689Z  INFO fs3_daemon::runner: batch kind="embed" subject=1 x smart jobs=1 ms=0
2026-08-28T10:47:30.988132Z  INFO fs3_daemon::runner: done kind=summarize subject=docs/plans/076-harness-workflow-runner/tasks/phase-3-harness-workflow-commands/tasks.md::Phase 3: Harness Workflow Commands — Tasks + Context Brief::Tasks ms=83 left=33778
2026-08-28T10:47:31.010734Z  INFO fs3_daemon::runner: done kind="embed" id=661102 left=33777
2026-08-28T10:47:31.146449Z  INFO fs3_daemon::runner: batch kind="embed" subject=1 x smart jobs=1 ms=0
2026-08-28T10:47:31.169672Z  INFO fs3_daemon::runner: done kind=summarize subject=docs/plans/076-harness-workflow-runner/tasks/phase-3-harness-workflow-commands/tasks.md::Phase 3: Harness Workflow Commands — Tasks + Context Brief::Architecture Map ms=78 left=33777
2026-08-28T10:47:31.195741Z  INFO fs3_daemon::runner: done kind="embed" id=661103 left=33776
2026-08-28T10:47:31.309029Z  INFO fs3_daemon::runner: batch kind="embed" subject=1 x smart jobs=1 ms=0
2026-08-28T10:47:31.333128Z  INFO fs3_daemon::runner: done kind=summarize subject=docs/plans/076-harness-workflow-runner/tasks/phase-3-harness-workflow-commands/tasks.md::Phase 3: Harness Workflow Commands — Tasks + Context Brief::Pre-Implementation Check ms=60 left=33776
2026-08-28T10:47:31.350754Z  INFO fs3_daemon::runner: done kind="embed" id=661104 left=33775
2026-08-28T10:47:31.468912Z  INFO fs3_daemon::runner: batch kind="embed" subject=1 x smart jobs=1 ms=0
2026-08-28T10:47:31.491968Z  INFO fs3_daemon::runner: done kind=summarize subject=docs/plans/076-harness-workflow-runner/tasks/phase-3-harness-workflow-commands/tasks.md::Phase 3: Harness Workflow Commands — Tasks + Context Brief::Prior Phase Context::Phase 2: CLI Telemetry Enhancement (Complete) ms=56 left=33775
2026-08-28T10:47:31.503783Z  INFO fs3_daemon::runner: done kind="embed" id=661105 left=33774
2026-08-28T10:47:31.618102Z  INFO fs3_daemon::runner: batch kind="embed" subject=1 x smart jobs=1 ms=0
2026-08-28T10:47:31.636397Z  INFO fs3_daemon::runner: done kind=summarize subject=docs/plans/076-harness-workflow-runner/tasks/phase-3-harness-workflow-commands/tasks.md::Phase 3: Harness Workflow Commands — Tasks + Context Brief::Prior Phase Context::Phase 1: Fix Execution Blockers (Complete) ms=56 left=33774
2026-08-28T10:47:31.656863Z  INFO fs3_daemon::runner: done kind="embed" id=661106 left=33773
2026-08-28T10:47:31.783764Z  INFO fs3_daemon::runner: done kind=summarize subject=docs/plans/076-harness-workflow-runner/tasks/phase-3-harness-workflow-commands/tasks.md::Phase 3: Harness Workflow Commands — Tasks + Context Brief::Prior Phase Context ms=21 left=33773
2026-08-28T10:47:31.801211Z  INFO fs3_daemon::runner: batch kind="embed" subject=1 x smart jobs=1 ms=1
2026-08-28T10:47:31.810878Z  INFO fs3_daemon::runner: done kind="embed" id=661107 left=33772
2026-08-28T10:47:31.907542Z  INFO fs3_daemon::runner: done kind=summarize subject=docs/plans/076-harness-workflow-runner/tasks/phase-3-harness-workflow-commands/tasks.md::Phase 3: Harness Workflow Commands — Tasks + Context Brief::Executive Briefing ms=19 left=33772
2026-08-28T10:47:31.928912Z  INFO fs3_daemon::runner: batch kind="embed" subject=1 x smart jobs=1 ms=0
2026-08-28T10:47:31.937920Z  INFO fs3_daemon::runner: done kind="embed" id=661108 left=33771
2026-08-28T10:47:32.029922Z  INFO fs3_daemon::runner: done kind=summarize subject=docs/plans/076-harness-workflow-runner/tasks/phase-3-harness-workflow-commands/tasks.md::Phase 3: Harness Workflow Commands — Tasks + Context Brief ms=18 left=33771
2026-08-28T10:47:32.040148Z  INFO fs3_daemon::runner: batch kind="embed" subject=1 x smart jobs=1 ms=0
2026-08-28T10:47:32.048663Z  INFO fs3_daemon::runner: done kind="embed" id=661109 left=33770
2026-08-28T10:47:32.136612Z  INFO fs3_daemon::runner: done kind=summarize subject=docs/plans/076-harness-workflow-runner/tasks/phase-3-harness-workflow-commands/tasks.fltplan.md::Flight Plan: Phase 3 — Harness Workflow Commands::Checklist ms=18 left=33770
2026-08-28T10:47:32.145082Z  INFO fs3_daemon::runner: batch kind="embed" subject=1 x smart jobs=1 ms=0
2026-08-28T10:47:32.150529Z  INFO fs3_daemon::runner: done kind="embed" id=661110 left=33769
2026-08-28T10:47:32.235394Z  INFO fs3_daemon::runner: done kind=summarize subject=docs/plans/076-harness-workflow-runner/tasks/phase-3-harness-workflow-commands/tasks.fltplan.md::Flight Plan: Phase 3 — Harness Workflow Commands::Goals & Non-Goals ms=10 left=33769
2026-08-28T10:47:32.250190Z  INFO fs3_daemon::runner: batch kind="embed" subject=1 x smart jobs=1 ms=2
2026-08-28T10:47:32.257575Z  INFO fs3_daemon::runner: done kind="embed" id=661111 left=33768
2026-08-28T10:47:32.354041Z  INFO fs3_daemon::runner: done kind=summarize subject=docs/plans/076-harness-workflow-runner/tasks/phase-3-harness-workflow-commands/tasks.fltplan.md::Flight Plan: Phase 3 — Harness Workflow Commands::Acceptance Criteria ms=13 left=33768
2026-08-28T10:47:32.365260Z  INFO fs3_daemon::runner: batch kind="embed" subject=1 x smart jobs=1 ms=0
2026-08-28T10:47:32.373523Z  INFO fs3_daemon::runner: done kind="embed" id=661112 left=33767
2026-08-28T10:47:32.457247Z  INFO fs3_daemon::runner: done kind=summarize subject=docs/plans/076-harness-workflow-runner/tasks/phase-3-harness-workflow-commands/tasks.fltplan.md::Flight Plan: Phase 3 — Harness Workflow Commands::Architecture: Before & After ms=15 left=33767
2026-08-28T10:47:32.468953Z  INFO fs3_daemon::runner: batch kind="embed" subject=1 x smart jobs=1 ms=0
2026-08-28T10:47:32.476859Z  INFO fs3_daemon::runner: done kind="embed" id=661113 left=33766
2026-08-28T10:47:32.553814Z  INFO fs3_daemon::runner: done kind=summarize subject=docs/plans/076-harness-workflow-runner/tasks/phase-3-harness-workflow-commands/tasks.fltplan.md::Flight Plan: Phase 3 — Harness Workflow Commands::Stages ms=7 left=33766
2026-08-28T10:47:32.566961Z  INFO fs3_daemon::runner: batch kind="embed" subject=1 x smart jobs=1 ms=0
2026-08-28T10:47:32.574984Z  INFO fs3_daemon::runner: done kind="embed" id=661114 left=33765
2026-08-28T10:47:32.656242Z  INFO fs3_daemon::runner: done kind=summarize subject=docs/plans/076-harness-workflow-runner/tasks/phase-3-harness-workflow-commands/tasks.fltplan.md::Flight Plan: Phase 3 — Harness Workflow Commands::Flight Status ms=9 left=33765
2026-08-28T10:47:32.668637Z  INFO fs3_daemon::runner: batch kind="embed" subject=1 x smart jobs=1 ms=0
2026-08-28T10:47:32.678711Z  INFO fs3_daemon::runner: done kind="embed" id=661115 left=33764
2026-08-28T10:47:32.751012Z  INFO fs3_daemon::runner: done kind=summarize subject=docs/plans/076-harness-workflow-runner/tasks/phase-3-harness-workflow-commands/tasks.fltplan.md::Flight Plan: Phase 3 — Harness Workflow Commands::Domain Context::Domains We Depend On (no changes) ms=15 left=33764
2026-08-28T10:47:32.761727Z  INFO fs3_daemon::runner: batch kind="embed" subject=1 x smart jobs=1 ms=0
2026-08-28T10:47:32.768114Z  INFO fs3_daemon::runner: done kind="embed" id=661116 left=33763
2026-08-28T10:47:32.840061Z  INFO fs3_daemon::runner: done kind=summarize subject=docs/plans/076-harness-workflow-runner/tasks/phase-3-harness-workflow-commands/tasks.fltplan.md::Flight Plan: Phase 3 — Harness Workflow Commands::Domain Context ms=7 left=33763
2026-08-28T10:47:32.856485Z  INFO fs3_daemon::runner: batch kind="embed" subject=1 x smart jobs=1 ms=0
2026-08-28T10:47:32.863134Z  INFO fs3_daemon::runner: done kind="embed" id=661117 left=33762
2026-08-28T10:47:32.945305Z  INFO fs3_daemon::runner: done kind=summarize subject=docs/plans/076-harness-workflow-runner/tasks/phase-3-harness-workflow-commands/tasks.fltplan.md::Flight Plan: Phase 3 — Harness Workflow Commands ms=13 left=33762
2026-08-28T10:47:32.958935Z  INFO fs3_daemon::runner: batch kind="embed" subject=1 x smart jobs=1 ms=1
2026-08-28T10:47:32.970813Z  INFO fs3_daemon::runner: done kind="embed" id=661118 left=33761
2026-08-28T10:47:33.063254Z  INFO fs3_daemon::runner: done kind=summarize subject=docs/plans/076-harness-workflow-runner/tasks/phase-3-harness-workflow-commands/reviews/review.phase-3-harness-workflow-commands.md::Code Review: Phase 3: Harness Workflow Commands::H) Handover Brief::Files Reviewed ms=17 left=33761
2026-08-28T10:47:33.068663Z  INFO fs3_daemon::runner: batch kind="embed" subject=1 x smart jobs=1 ms=0
2026-08-28T10:47:33.075159Z  INFO fs3_daemon::runner: done kind="embed" id=661119 left=33760
2026-08-28T10:47:33.158567Z  INFO fs3_daemon::runner: done kind=summarize subject=docs/plans/076-harness-workflow-runner/tasks/phase-3-harness-workflow-commands/reviews/review.phase-3-harness-workflow-commands.md::Code Review: Phase 3: Harness Workflow Commands::H) Handover Brief ms=14 left=33760
2026-08-28T10:47:33.175491Z  INFO fs3_daemon::runner: batch kind="embed" subject=1 x smart jobs=1 ms=0
2026-08-28T10:47:33.187147Z  INFO fs3_daemon::runner: done kind="embed" id=661120 left=33759
2026-08-28T10:47:33.272497Z  INFO fs3_daemon::runner: done kind=summarize subject=docs/plans/076-harness-workflow-runner/tasks/phase-3-harness-workflow-commands/reviews/review.phase-3-harness-workflow-commands.md::Code Review: Phase 3: Harness Workflow Commands::G) Commands Executed ms=14 left=33759
2026-08-28T10:47:33.285626Z  INFO fs3_daemon::runner: batch kind="embed" subject=1 x smart jobs=1 ms=0
2026-08-28T10:47:33.292817Z  INFO fs3_daemon::runner: done kind="embed" id=661121 left=33758
2026-08-28T10:47:33.488100Z  INFO fs3_daemon::runner: done kind=summarize subject=docs/plans/076-harness-workflow-runner/tasks/phase-3-harness-workflow-commands/reviews/review.phase-3-harness-workflow-commands.md::Code Review: Phase 3: Harness Workflow Commands::F) Coverage Map ms=20 left=33758
2026-08-28T10:47:33.508937Z  INFO fs3_daemon::runner: batch kind="embed" subject=1 x smart jobs=1 ms=0
2026-08-28T10:47:33.517166Z  INFO fs3_daemon::runner: done kind="embed" id=661122 left=33757
2026-08-28T10:47:33.600448Z  INFO fs3_daemon::runner: done kind=summarize subject=docs/plans/076-harness-workflow-runner/tasks/phase-3-harness-workflow-commands/reviews/review.phase-3-harness-workflow-commands.md::Code Review: Phase 3: Harness Workflow Commands::E) Detailed Findings::E.6) Harness Live Validation ms=13 left=33757
2026-08-28T10:47:33.621350Z  INFO fs3_daemon::runner: batch kind="embed" subject=1 x smart jobs=1 ms=0
2026-08-28T10:47:33.633212Z  INFO fs3_daemon::runner: done kind="embed" id=661123 left=33756
2026-08-28T10:47:33.714205Z  INFO fs3_daemon::runner: done kind=summarize subject=docs/plans/076-harness-workflow-runner/tasks/phase-3-harness-workflow-commands/reviews/review.phase-3-harness-workflow-commands.md::Code Review: Phase 3: Harness Workflow Commands::E) Detailed Findings::E.4) Testing & Evidence ms=12 left=33756
2026-08-28T10:47:33.729160Z  INFO fs3_daemon::runner: batch kind="embed" subject=1 x smart jobs=1 ms=0
2026-08-28T10:47:33.737524Z  INFO fs3_daemon::runner: done kind="embed" id=661124 left=33755
2026-08-28T10:47:33.806980Z  INFO fs3_daemon::runner: done kind=summarize subject=docs/plans/076-harness-workflow-runner/tasks/phase-3-harness-workflow-commands/reviews/review.phase-3-harness-workflow-commands.md::Code Review: Phase 3: Harness Workflow Commands::E) Detailed Findings::E.2) Domain Compliance ms=8 left=33755
2026-08-28T10:47:33.817684Z  INFO fs3_daemon::runner: batch kind="embed" subject=1 x smart jobs=1 ms=0
2026-08-28T10:47:33.823742Z  INFO fs3_daemon::runner: done kind="embed" id=661125 left=33754
2026-08-28T10:47:33.900143Z  INFO fs3_daemon::runner: done kind=summarize subject=docs/plans/076-harness-workflow-runner/tasks/phase-3-harness-workflow-commands/reviews/review.phase-3-harness-workflow-commands.md::Code Review: Phase 3: Harness Workflow Commands::E) Detailed Findings ms=7 left=33754
2026-08-28T10:47:33.909713Z  INFO fs3_daemon::runner: batch kind="embed" subject=1 x smart jobs=1 ms=0
2026-08-28T10:47:33.915220Z  INFO fs3_daemon::runner: done kind="embed" id=661126 left=33753
2026-08-28T10:47:33.999754Z  INFO fs3_daemon::runner: done kind=summarize subject=docs/plans/076-harness-workflow-runner/tasks/phase-3-harness-workflow-commands/reviews/review.phase-3-harness-workflow-commands.md::Code Review: Phase 3: Harness Workflow Commands::D) Findings Table ms=11 left=33753
2026-08-28T10:47:34.014890Z  INFO fs3_daemon::runner: batch kind="embed" subject=1 x smart jobs=1 ms=0
2026-08-28T10:47:34.023318Z  INFO fs3_daemon::runner: done kind="embed" id=661127 left=33752
2026-08-28T10:47:34.107003Z  INFO fs3_daemon::runner: done kind=summarize subject=docs/plans/076-harness-workflow-runner/tasks/phase-3-harness-workflow-commands/reviews/review.phase-3-harness-workflow-commands.md::Code Review: Phase 3: Harness Workflow Commands::C) Checklist ms=12 left=33752
2026-08-28T10:47:34.119785Z  INFO fs3_daemon::runner: batch kind="embed" subject=1 x smart jobs=1 ms=0
2026-08-28T10:47:34.126859Z  INFO fs3_daemon::runner: done kind="embed" id=661128 left=33751
2026-08-28T10:47:34.203535Z  INFO fs3_daemon::runner: done kind=summarize subject=docs/plans/076-harness-workflow-runner/tasks/phase-3-harness-workflow-commands/reviews/review.phase-3-harness-workflow-commands.md::Code Review: Phase 3: Harness Workflow Commands::A) Verdict ms=11 left=33751
2026-08-28T10:47:34.215047Z  INFO fs3_daemon::runner: batch kind="embed" subject=1 x smart jobs=1 ms=0
2026-08-28T10:47:34.222010Z  INFO fs3_daemon::runner: done kind="embed" id=661129 left=33750
2026-08-28T10:47:34.292794Z  INFO fs3_daemon::runner: done kind=summarize subject=docs/plans/076-harness-workflow-runner/tasks/phase-3-harness-workflow-commands/reviews/review.phase-3-harness-workflow-commands.md::Code Review: Phase 3: Harness Workflow Commands ms=12 left=33750
2026-08-28T10:47:34.302290Z  INFO fs3_daemon::runner: batch kind="embed" subject=1 x smart jobs=1 ms=0
2026-08-28T10:47:34.308405Z  INFO fs3_daemon::runner: done kind="embed" id=661130 left=33749
2026-08-28T10:47:34.385960Z  INFO fs3_daemon::runner: done kind=summarize subject=docs/plans/076-harness-workflow-runner/tasks/phase-3-harness-workflow-commands/reviews/fix-tasks.phase-3-harness-workflow-commands.md::Fix Tasks: Phase 3: Harness Workflow Commands::Medium / Low Fixes::FT-007: Reduce helper duplication in auto-completion support code ms=10 left=33749
2026-08-28T10:47:34.394968Z  INFO fs3_daemon::runner: batch kind="embed" subject=1 x smart jobs=1 ms=0
2026-08-28T10:47:34.400869Z  INFO fs3_daemon::runner: done kind="embed" id=661131 left=33748
2026-08-28T10:47:34.480269Z  INFO fs3_daemon::runner: done kind=summarize subject=docs/plans/076-harness-workflow-runner/tasks/phase-3-harness-workflow-commands/reviews/fix-tasks.phase-3-harness-workflow-commands.md::Fix Tasks: Phase 3: Harness Workflow Commands::Medium / Low Fixes::FT-006: Update the permanent harness rules and ADR trail ms=7 left=33748
2026-08-28T10:47:34.496025Z  INFO fs3_daemon::runner: batch kind="embed" subject=1 x smart jobs=1 ms=0
2026-08-28T10:47:34.502438Z  INFO fs3_daemon::runner: done kind="embed" id=661132 left=33747
2026-08-28T10:47:34.582999Z  INFO fs3_daemon::runner: done kind=summarize subject=docs/plans/076-harness-workflow-runner/tasks/phase-3-harness-workflow-commands/reviews/fix-tasks.phase-3-harness-workflow-commands.md::Fix Tasks: Phase 3: Harness Workflow Commands::Medium / Low Fixes::FT-005: Strengthen assertions and the status payload to match Phase 3 claims ms=9 left=33747
2026-08-28T10:47:34.595686Z  INFO fs3_daemon::runner: batch kind="embed" subject=1 x smart jobs=1 ms=0
2026-08-28T10:47:34.602033Z  INFO fs3_daemon::runner: done kind="embed" id=661133 left=33746
2026-08-28T10:47:34.684875Z  INFO fs3_daemon::runner: done kind=summarize subject=docs/plans/076-harness-workflow-runner/tasks/phase-3-harness-workflow-commands/reviews/fix-tasks.phase-3-harness-workflow-commands.md::Fix Tasks: Phase 3: Harness Workflow Commands::Medium / Low Fixes ms=9 left=33746
2026-08-28T10:47:34.704277Z  INFO fs3_daemon::runner: batch kind="embed" subject=1 x smart jobs=1 ms=0
2026-08-28T10:47:34.719370Z  INFO fs3_daemon::runner: done kind="embed" id=661134 left=33745
2026-08-28T10:47:34.835779Z  INFO fs3_daemon::runner: batch kind="embed" subject=1 x smart jobs=1 ms=0
2026-08-28T10:47:34.840183Z  INFO fs3_daemon::runner: done kind=summarize subject=docs/plans/076-harness-workflow-runner/tasks/phase-3-harness-workflow-commands/reviews/fix-tasks.phase-3-harness-workflow-commands.md::Fix Tasks: Phase 3: Harness Workflow Commands::Critical / High Fixes::FT-004: Add durable workflow-command tests and capture a successful dogfooding run ms=58 left=33745
2026-08-28T10:47:34.873846Z  INFO fs3_daemon::runner: done kind="embed" id=661135 left=33744
2026-08-28T10:47:35.032113Z  INFO fs3_daemon::runner: progress phase="working" scanned=61587 scan_left=33 summarized=124368 summarize_left=33710 embedded=202867 embed_left=1 failed=0
2026-08-28T10:47:35.040292Z  INFO fs3_daemon::runner: done kind=summarize subject=docs/plans/076-harness-workflow-runner/tasks/phase-3-harness-workflow-commands/reviews/fix-tasks.phase-3-harness-workflow-commands.md::Fix Tasks: Phase 3: Harness Workflow Commands::Critical / High Fixes::FT-003: Surface captured stderr/server errors through `workflow logs` ms=70 left=33744
2026-08-28T10:47:35.094071Z  INFO fs3_daemon::runner: batch kind="embed" subject=2 x smart jobs=2 ms=0
2026-08-28T10:47:35.125719Z  INFO fs3_daemon::runner: done kind="embed" id=661137 left=33743
2026-08-28T10:47:35.224049Z  INFO fs3_daemon::runner: done kind="embed" id=661136 left=33742
2026-08-28T10:47:35.413651Z  INFO fs3_daemon::runner: done kind=summarize subject=docs/plans/076-harness-workflow-runner/tasks/phase-3-harness-workflow-commands/reviews/fix-tasks.phase-3-harness-workflow-commands.md::Fix Tasks: Phase 3: Harness Workflow Commands::Critical / High Fixes::FT-002: Honor target/workspace resolution in the workflow command group ms=87 left=33742
2026-08-28T10:47:35.451428Z  INFO fs3_daemon::runner: batch kind="embed" subject=1 x smart jobs=1 ms=4
2026-08-28T10:47:35.474042Z  INFO fs3_daemon::runner: done kind=summarize subject=docs/plans/076-harness-workflow-runner/tasks/phase-3-harness-workflow-commands/reviews/fix-tasks.phase-3-harness-workflow-commands.md::Fix Tasks: Phase 3: Harness Workflow Commands::Critical / High Fixes::FT-001: Distinguish timeout failures from generic workflow failures ms=69 left=33742
2026-08-28T10:47:35.496339Z  INFO fs3_daemon::runner: done kind="embed" id=661138 left=33741
2026-08-28T10:47:35.640758Z  INFO fs3_daemon::runner: batch kind="embed" subject=1 x smart jobs=1 ms=5
2026-08-28T10:47:35.685021Z  INFO fs3_daemon::runner: done kind=summarize subject=docs/plans/076-harness-workflow-runner/tasks/phase-3-harness-workflow-commands/reviews/fix-tasks.phase-3-harness-workflow-commands.md::Fix Tasks: Phase 3: Harness Workflow Commands::Critical / High Fixes ms=92 left=33740
2026-08-28T10:47:35.691847Z  INFO fs3_daemon::runner: done kind="embed" id=661139 left=33740
2026-08-28T10:47:35.819059Z  INFO fs3_daemon::runner: batch kind="embed" subject=1 x smart jobs=1 ms=0
2026-08-28T10:47:35.851315Z  INFO fs3_daemon::runner: done kind="embed" id=661140 left=33739
2026-08-28T10:47:35.853910Z  INFO fs3_daemon::runner: done kind=summarize subject=docs/plans/076-harness-workflow-runner/tasks/phase-3-harness-workflow-commands/reviews/fix-tasks.phase-3-harness-workflow-commands.md::Fix Tasks: Phase 3: Harness Workflow Commands ms=75 left=33739
2026-08-28T10:47:35.966553Z  INFO fs3_daemon::runner: batch kind="embed" subject=1 x smart jobs=1 ms=0
2026-08-28T10:47:35.990894Z  INFO fs3_daemon::runner: done kind=summarize subject=docs/plans/076-harness-workflow-runner/tasks/phase-3-harness-workflow-commands/execution.log.md::Phase 3: Harness Workflow Commands — Execution Log::T008: Dogfooding Checkpoint ms=61 left=33739
2026-08-28T10:47:36.002584Z  INFO fs3_daemon::runner: done kind="embed" id=661141 left=33738
2026-08-28T10:47:36.164278Z  INFO fs3_daemon::runner: batch kind="embed" subject=1 x smart jobs=1 ms=6
2026-08-28T10:47:36.178549Z  INFO fs3_daemon::runner: done kind=summarize subject=docs/plans/076-harness-workflow-runner/tasks/phase-3-harness-workflow-commands/execution.log.md::Phase 3: Harness Workflow Commands — Execution Log::T003: workflow run::Evidence: workflow run --timeout 8 --no-auto-complete ms=62 left=33738
2026-08-28T10:47:36.202634Z  INFO fs3_daemon::runner: done kind="embed" id=661142 left=33737
2026-08-28T10:47:36.316292Z  INFO fs3_daemon::runner: done kind=summarize subject=docs/plans/076-harness-workflow-runner/tasks/phase-3-harness-workflow-commands/execution.log.md::Phase 3: Harness Workflow Commands — Execution Log::T003: workflow run ms=20 left=33737
2026-08-28T10:47:36.317908Z  INFO fs3_daemon::runner: batch kind="embed" subject=1 x smart jobs=1 ms=0
2026-08-28T10:47:36.326020Z  INFO fs3_daemon::runner: done kind="embed" id=661143 left=33736
2026-08-28T10:47:36.419516Z  INFO fs3_daemon::runner: done kind=summarize subject=docs/plans/076-harness-workflow-runner/tasks/phase-3-harness-workflow-commands/execution.log.md::Phase 3: Harness Workflow Commands — Execution Log::T002b: spawnCg() + AutoCompletionRunner ms=13 left=33736
2026-08-28T10:47:36.432185Z  INFO fs3_daemon::runner: batch kind="embed" subject=1 x smart jobs=1 ms=0
2026-08-28T10:47:36.440934Z  INFO fs3_daemon::runner: done kind="embed" id=661144 left=33735
2026-08-28T10:47:36.536579Z  INFO fs3_daemon::runner: done kind=summarize subject=docs/plans/076-harness-workflow-runner/tasks/phase-3-harness-workflow-commands/execution.log.md::Phase 3: Harness Workflow Commands — Execution Log::T001: Command Skeleton + T002/T004/T005/T006 ms=20 left=33735
2026-08-28T10:47:36.546507Z  INFO fs3_daemon::runner: batch kind="embed" subject=1 x smart jobs=1 ms=1
2026-08-28T10:47:36.556413Z  INFO fs3_daemon::runner: done kind="embed" id=661145 left=33734
2026-08-28T10:47:36.626554Z  INFO fs3_daemon::runner: done kind=summarize subject=docs/plans/076-harness-workflow-runner/tasks/phase-3-harness-workflow-commands/execution.log.md::Phase 3: Harness Workflow Commands — Execution Log::Pre-Phase Harness Validation ms=7 left=33734
2026-08-28T10:47:36.639633Z  INFO fs3_daemon::runner: batch kind="embed" subject=1 x smart jobs=1 ms=0
2026-08-28T10:47:36.650476Z  INFO fs3_daemon::runner: done kind="embed" id=661146 left=33733
2026-08-28T10:47:36.742356Z  INFO fs3_daemon::runner: done kind=summarize subject=docs/plans/076-harness-workflow-runner/tasks/phase-3-harness-workflow-commands/execution.log.md::Phase 3: Harness Workflow Commands — Execution Log ms=13 left=33733
2026-08-28T10:47:36.754896Z  INFO fs3_daemon::runner: batch kind="embed" subject=1 x smart jobs=1 ms=0
2026-08-28T10:47:36.766969Z  INFO fs3_daemon::runner: done kind="embed" id=661147 left=33732
2026-08-28T10:47:36.853411Z  INFO fs3_daemon::runner: done kind=summarize subject=docs/plans/076-harness-workflow-runner/tasks/phase-2-cli-telemetry-enhancement/tasks.md::Phase 2: CLI Telemetry Enhancement — Tasks ms=12 left=33732
2026-08-28T10:47:36.867328Z  INFO fs3_daemon::runner: batch kind="embed" subject=1 x smart jobs=1 ms=0
2026-08-28T10:47:36.873466Z  INFO fs3_daemon::runner: done kind="embed" id=661148 left=33731
2026-08-28T10:47:36.953971Z  INFO fs3_daemon::runner: done kind=summarize subject=docs/plans/076-harness-workflow-runner/tasks/phase-2-cli-telemetry-enhancement/reviews/review.phase-2-cli-telemetry-enhancement.md::Code Review: Phase 2: CLI Telemetry Enhancement::H) Handover Brief::Files Reviewed ms=12 left=33731
2026-08-28T10:47:36.956280Z  INFO fs3_daemon::runner: batch kind="embed" subject=1 x smart jobs=1 ms=0
2026-08-28T10:47:36.962791Z  INFO fs3_daemon::runner: done kind="embed" id=661149 left=33730
2026-08-28T10:47:37.039968Z  INFO fs3_daemon::runner: done kind=summarize subject=docs/plans/076-harness-workflow-runner/tasks/phase-2-cli-telemetry-enhancement/reviews/review.phase-2-cli-telemetry-enhancement.md::Code Review: Phase 2: CLI Telemetry Enhancement::H) Handover Brief ms=11 left=33730
2026-08-28T10:47:37.053490Z  INFO fs3_daemon::runner: batch kind="embed" subject=1 x smart jobs=1 ms=0
2026-08-28T10:47:37.059055Z  INFO fs3_daemon::runner: done kind="embed" id=661150 left=33729
2026-08-28T10:47:37.143825Z  INFO fs3_daemon::runner: done kind=summarize subject=docs/plans/076-harness-workflow-runner/tasks/phase-2-cli-telemetry-enhancement/reviews/review.phase-2-cli-telemetry-enhancement.md::Code Review: Phase 2: CLI Telemetry Enhancement::G) Commands Executed ms=8 left=33729
2026-08-28T10:47:37.156044Z  INFO fs3_daemon::runner: batch kind="embed" subject=1 x smart jobs=1 ms=0
2026-08-28T10:47:37.164377Z  INFO fs3_daemon::runner: done kind="embed" id=661151 left=33728
2026-08-28T10:47:37.235681Z  INFO fs3_daemon::runner: done kind=summarize subject=docs/plans/076-harness-workflow-runner/tasks/phase-2-cli-telemetry-enhancement/reviews/review.phase-2-cli-telemetry-enhancement.md::Code Review: Phase 2: CLI Telemetry Enhancement::F) Coverage Map ms=8 left=33728
2026-08-28T10:47:37.249163Z  INFO fs3_daemon::runner: batch kind="embed" subject=1 x smart jobs=1 ms=0
2026-08-28T10:47:37.258399Z  INFO fs3_daemon::runner: done kind="embed" id=661152 left=33727
2026-08-28T10:47:37.334284Z  INFO fs3_daemon::runner: done kind=summarize subject=docs/plans/076-harness-workflow-runner/tasks/phase-2-cli-telemetry-enhancement/reviews/review.phase-2-cli-telemetry-enhancement.md::Code Review: Phase 2: CLI Telemetry Enhancement::E) Detailed Findings::E.6) Harness Live Validation ms=9 left=33727
2026-08-28T10:47:37.345388Z  INFO fs3_daemon::runner: batch kind="embed" subject=1 x smart jobs=1 ms=0
2026-08-28T10:47:37.351328Z  INFO fs3_daemon::runner: done kind="embed" id=661153 left=33726
2026-08-28T10:47:37.438770Z  INFO fs3_daemon::runner: done kind=summarize subject=docs/plans/076-harness-workflow-runner/tasks/phase-2-cli-telemetry-enhancement/reviews/review.phase-2-cli-telemetry-enhancement.md::Code Review: Phase 2: CLI Telemetry Enhancement::E) Detailed Findings::E.4) Testing & Evidence ms=15 left=33726
2026-08-28T10:47:37.448192Z  INFO fs3_daemon::runner: batch kind="embed" subject=1 x smart jobs=1 ms=0
2026-08-28T10:47:37.458018Z  INFO fs3_daemon::runner: done kind="embed" id=661154 left=33725
2026-08-28T10:47:37.553648Z  INFO fs3_daemon::runner: done kind=summarize subject=docs/plans/076-harness-workflow-runner/tasks/phase-2-cli-telemetry-enhancement/reviews/review.phase-2-cli-telemetry-enhancement.md::Code Review: Phase 2: CLI Telemetry Enhancement::E) Detailed Findings::E.3) Anti-Reinvention ms=15 left=33725
2026-08-28T10:47:37.562364Z  INFO fs3_daemon::runner: batch kind="embed" subject=1 x smart jobs=1 ms=0
2026-08-28T10:47:37.567973Z  INFO fs3_daemon::runner: done kind="embed" id=661155 left=33724
2026-08-28T10:47:37.695729Z  INFO fs3_daemon::runner: done kind=summarize subject=docs/plans/076-harness-workflow-runner/tasks/phase-2-cli-telemetry-enhancement/reviews/review.phase-2-cli-telemetry-enhancement.md::Code Review: Phase 2: CLI Telemetry Enhancement::E) Detailed Findings::E.2) Domain Compliance ms=20 left=33724
2026-08-28T10:47:37.755325Z  INFO fs3_daemon::runner: batch kind="embed" subject=1 x smart jobs=1 ms=0
2026-08-28T10:47:37.764311Z  INFO fs3_daemon::runner: done kind="embed" id=661156 left=33723
2026-08-28T10:47:37.852294Z  INFO fs3_daemon::runner: done kind=summarize subject=docs/plans/076-harness-workflow-runner/tasks/phase-2-cli-telemetry-enhancement/reviews/review.phase-2-cli-telemetry-enhancement.md::Code Review: Phase 2: CLI Telemetry Enhancement::E) Detailed Findings::E.1) Implementation Quality ms=22 left=33723
2026-08-28T10:47:37.865219Z  INFO fs3_daemon::runner: batch kind="embed" subject=1 x smart jobs=1 ms=0
2026-08-28T10:47:37.874261Z  INFO fs3_daemon::runner: done kind="embed" id=661157 left=33722
2026-08-28T10:47:37.961864Z  INFO fs3_daemon::runner: done kind=summarize subject=docs/plans/076-harness-workflow-runner/tasks/phase-2-cli-telemetry-enhancement/reviews/review.phase-2-cli-telemetry-enhancement.md::Code Review: Phase 2: CLI Telemetry Enhancement::E) Detailed Findings ms=16 left=33722
2026-08-28T10:47:37.979166Z  INFO fs3_daemon::runner: batch kind="embed" subject=1 x smart jobs=1 ms=0
2026-08-28T10:47:37.987911Z  INFO fs3_daemon::runner: done kind="embed" id=661158 left=33721
2026-08-28T10:47:38.070413Z  INFO fs3_daemon::runner: done kind=summarize subject=docs/plans/076-harness-workflow-runner/tasks/phase-2-cli-telemetry-enhancement/reviews/review.phase-2-cli-telemetry-enhancement.md::Code Review: Phase 2: CLI Telemetry Enhancement::D) Findings Table ms=13 left=33721
2026-08-28T10:47:38.082085Z  INFO fs3_daemon::runner: batch kind="embed" subject=1 x smart jobs=1 ms=0
2026-08-28T10:47:38.091552Z  INFO fs3_daemon::runner: done kind="embed" id=661159 left=33720
2026-08-28T10:47:38.197418Z  INFO fs3_daemon::runner: done kind=summarize subject=docs/plans/076-harness-workflow-runner/tasks/phase-2-cli-telemetry-enhancement/reviews/review.phase-2-cli-telemetry-enhancement.md::Code Review: Phase 2: CLI Telemetry Enhancement::C) Checklist ms=18 left=33720
2026-08-28T10:47:38.200073Z  INFO fs3_daemon::runner: batch kind="embed" subject=1 x smart jobs=1 ms=1
2026-08-28T10:47:38.209558Z  INFO fs3_daemon::runner: done kind="embed" id=661160 left=33719
2026-08-28T10:47:38.278643Z  INFO fs3_daemon::runner: done kind=summarize subject=docs/plans/076-harness-workflow-runner/tasks/phase-2-cli-telemetry-enhancement/reviews/review.phase-2-cli-telemetry-enhancement.md::Code Review: Phase 2: CLI Telemetry Enhancement::A) Verdict ms=11 left=33719
2026-08-28T10:47:38.287985Z  INFO fs3_daemon::runner: batch kind="embed" subject=1 x smart jobs=1 ms=0
2026-08-28T10:47:38.294374Z  INFO fs3_daemon::runner: done kind="embed" id=661161 left=33718
2026-08-28T10:47:38.372373Z  INFO fs3_daemon::runner: done kind=summarize subject=docs/plans/076-harness-workflow-runner/tasks/phase-2-cli-telemetry-enhancement/reviews/review.phase-2-cli-telemetry-enhancement.md::Code Review: Phase 2: CLI Telemetry Enhancement ms=10 left=33718
2026-08-28T10:47:38.383706Z  INFO fs3_daemon::runner: batch kind="embed" subject=1 x smart jobs=1 ms=0
2026-08-28T10:47:38.389140Z  INFO fs3_daemon::runner: done kind="embed" id=661162 left=33717
2026-08-28T10:47:38.469265Z  INFO fs3_daemon::runner: done kind=summarize subject=docs/plans/076-harness-workflow-runner/tasks/phase-2-cli-telemetry-enhancement/reviews/fix-tasks.phase-2-cli-telemetry-enhancement.md::Fix Tasks: Phase 2: CLI Telemetry Enhancement::Medium / Low Fixes::FT-004: Update positional-graph domain history ms=13 left=33717
2026-08-28T10:47:38.476579Z  INFO fs3_daemon::runner: batch kind="embed" subject=1 x smart jobs=1 ms=0
2026-08-28T10:47:38.481348Z  INFO fs3_daemon::runner: done kind="embed" id=661163 left=33716
2026-08-28T10:47:38.560719Z  INFO fs3_daemon::runner: done kind=summarize subject=docs/plans/076-harness-workflow-runner/tasks/phase-2-cli-telemetry-enhancement/reviews/fix-tasks.phase-2-cli-telemetry-enhancement.md::Fix Tasks: Phase 2: CLI Telemetry Enhancement::Medium / Low Fixes::FT-003: Remove CLI dependence on orchestration internals ms=12 left=33716
2026-08-28T10:47:38.571898Z  INFO fs3_daemon::runner: batch kind="embed" subject=1 x smart jobs=1 ms=1
2026-08-28T10:47:38.583559Z  INFO fs3_daemon::runner: done kind="embed" id=661164 left=33715
2026-08-28T10:47:38.659653Z  INFO fs3_daemon::runner: done kind=summarize subject=docs/plans/076-harness-workflow-runner/tasks/phase-2-cli-telemetry-enhancement/reviews/fix-tasks.phase-2-cli-telemetry-enhancement.md::Fix Tasks: Phase 2: CLI Telemetry Enhancement::Medium / Low Fixes ms=9 left=33715
2026-08-28T10:47:38.672933Z  INFO fs3_daemon::runner: batch kind="embed" subject=1 x smart jobs=1 ms=0
2026-08-28T10:47:38.679331Z  INFO fs3_daemon::runner: done kind="embed" id=661165 left=33714
2026-08-28T10:47:38.761201Z  INFO fs3_daemon::runner: done kind=summarize subject=docs/plans/076-harness-workflow-runner/tasks/phase-2-cli-telemetry-enhancement/reviews/fix-tasks.phase-2-cli-telemetry-enhancement.md::Fix Tasks: Phase 2: CLI Telemetry Enhancement::Critical / High Fixes::FT-002: Restore Full Mode Phase 2 evidence artifacts ms=13 left=33714
2026-08-28T10:47:38.769822Z  INFO fs3_daemon::runner: batch kind="embed" subject=1 x smart jobs=1 ms=0
2026-08-28T10:47:38.776135Z  INFO fs3_daemon::runner: done kind="embed" id=661166 left=33713
2026-08-28T10:47:38.858535Z  INFO fs3_daemon::runner: done kind=summarize subject=docs/plans/076-harness-workflow-runner/tasks/phase-2-cli-telemetry-enhancement/reviews/fix-tasks.phase-2-cli-telemetry-enhancement.md::Fix Tasks: Phase 2: CLI Telemetry Enhancement::Critical / High Fixes::FT-001: Repair `cg wf show --detailed` output contract ms=14 left=33713
2026-08-28T10:47:38.869692Z  INFO fs3_daemon::runner: batch kind="embed" subject=1 x smart jobs=1 ms=2
2026-08-28T10:47:38.875878Z  INFO fs3_daemon::runner: done kind="embed" id=661167 left=33712
2026-08-28T10:47:38.959324Z  INFO fs3_daemon::runner: done kind=summarize subject=docs/plans/076-harness-workflow-runner/tasks/phase-2-cli-telemetry-enhancement/reviews/fix-tasks.phase-2-cli-telemetry-enhancement.md::Fix Tasks: Phase 2: CLI Telemetry Enhancement::Critical / High Fixes ms=10 left=33712
2026-08-28T10:47:38.970806Z  INFO fs3_daemon::runner: batch kind="embed" subject=1 x smart jobs=1 ms=0
2026-08-28T10:47:38.980754Z  INFO fs3_daemon::runner: done kind="embed" id=661168 left=33711
2026-08-28T10:47:39.075906Z  INFO fs3_daemon::runner: done kind=summarize subject=docs/plans/076-harness-workflow-runner/tasks/phase-2-cli-telemetry-enhancement/reviews/fix-tasks.phase-2-cli-telemetry-enhancement.md::Fix Tasks: Phase 2: CLI Telemetry Enhancement ms=13 left=33711
2026-08-28T10:47:39.085614Z  INFO fs3_daemon::runner: batch kind="embed" subject=1 x smart jobs=1 ms=0
2026-08-28T10:47:39.095348Z  INFO fs3_daemon::runner: done kind="embed" id=661169 left=33710
2026-08-28T10:47:39.173067Z  INFO fs3_daemon::runner: done kind=summarize subject=docs/plans/076-harness-workflow-runner/tasks/phase-2-cli-telemetry-enhancement/execution.log.md::Phase 2: CLI Telemetry Enhancement — Execution Log::`wf show --detailed --json` (T2.1, after FT-001 fix) ms=8 left=33710
2026-08-28T10:47:39.187255Z  INFO fs3_daemon::runner: batch kind="embed" subject=1 x smart jobs=1 ms=0
2026-08-28T10:47:39.195280Z  INFO fs3_daemon::runner: done kind="embed" id=661170 left=33709
2026-08-28T10:47:39.280741Z  INFO fs3_daemon::runner: done kind=summarize subject=docs/plans/076-harness-workflow-runner/tasks/phase-2-cli-telemetry-enhancement/execution.log.md::Phase 2: CLI Telemetry Enhancement — Execution Log::`wf run --json-events` (T2.2) ms=16 left=33709
2026-08-28T10:47:39.295695Z  INFO fs3_daemon::runner: batch kind="embed" subject=1 x smart jobs=1 ms=1
2026-08-28T10:47:39.308700Z  INFO fs3_daemon::runner: done kind="embed" id=661171 left=33708
2026-08-28T10:47:39.414382Z  INFO fs3_daemon::runner: done kind=summarize subject=docs/plans/076-harness-workflow-runner/tasks/phase-2-cli-telemetry-enhancement/execution.log.md::Phase 2: CLI Telemetry Enhancement — Execution Log::GH Token Pre-flight (T2.3) ms=34 left=33708
2026-08-28T10:47:39.435647Z  INFO fs3_daemon::runner: batch kind="embed" subject=1 x smart jobs=1 ms=0
2026-08-28T10:47:39.448228Z  INFO fs3_daemon::runner: done kind="embed" id=661172 left=33707
2026-08-28T10:47:39.587387Z  INFO fs3_daemon::runner: done kind=summarize subject=docs/plans/076-harness-workflow-runner/tasks/phase-2-cli-telemetry-enhancement/execution.log.md::Phase 2: CLI Telemetry Enhancement — Execution Log ms=67 left=33707
2026-08-28T10:47:39.591767Z  INFO fs3_daemon::runner: batch kind="embed" subject=1 x smart jobs=1 ms=1
2026-08-28T10:47:39.659394Z  INFO fs3_daemon::runner: done kind="embed" id=661173 left=33706
2026-08-28T10:47:39.813823Z  INFO fs3_daemon::runner: batch kind="embed" subject=1 x smart jobs=1 ms=0
2026-08-28T10:47:39.847262Z  INFO fs3_daemon::runner: done kind="embed" id=661174 left=33705
2026-08-28T10:47:39.851179Z  INFO fs3_daemon::runner: done kind=summarize subject=docs/plans/076-harness-workflow-runner/tasks/phase-1-fix-execution-blockers/tasks.md::Phase 1: Fix Execution Blockers — Tasks + Context Brief::Directory Layout ms=83 left=33705
2026-08-28T10:47:39.970873Z  INFO fs3_daemon::runner: batch kind="embed" subject=1 x smart jobs=1 ms=0
2026-08-28T10:47:39.994564Z  INFO fs3_daemon::runner: done kind="embed" id=661175 left=33704
2026-08-28T10:47:39.994637Z  INFO fs3_daemon::runner: done kind=summarize subject=docs/plans/076-harness-workflow-runner/tasks/phase-1-fix-execution-blockers/tasks.md::Phase 1: Fix Execution Blockers — Tasks + Context Brief::Discoveries & Learnings ms=64 left=33704
2026-08-28T10:47:40.188599Z  INFO fs3_daemon::runner: progress phase="working" scanned=61587 scan_left=33 summarized=124408 summarize_left=33670 embedded=202907 embed_left=1 failed=0
2026-08-28T10:47:40.194483Z  INFO fs3_daemon::runner: done kind=summarize subject=docs/plans/076-harness-workflow-runner/tasks/phase-1-fix-execution-blockers/tasks.md::Phase 1: Fix Execution Blockers — Tasks + Context Brief::DYK Analysis (2026-03-17) ms=67 left=33704
2026-08-28T10:47:40.231601Z  INFO fs3_daemon::runner: batch kind="embed" subject=2 x smart jobs=2 ms=0
2026-08-28T10:47:40.267306Z  INFO fs3_daemon::runner: done kind="embed" id=661177 left=33703
2026-08-28T10:47:40.362652Z  INFO fs3_daemon::runner: done kind="embed" id=661176 left=33702
2026-08-28T10:47:40.559646Z  INFO fs3_daemon::runner: done kind=summarize subject=docs/plans/076-harness-workflow-runner/tasks/phase-1-fix-execution-blockers/tasks.md::Phase 1: Fix Execution Blockers — Tasks + Context Brief::Context Brief::Event System Flow (T001+T002 detail — queue-based approach) ms=90 left=33702
2026-08-28T10:47:40.564017Z  INFO fs3_daemon::runner: batch kind="embed" subject=1 x smart jobs=1 ms=0
2026-08-28T10:47:40.616353Z  INFO fs3_daemon::runner: done kind="embed" id=661178 left=33701
2026-08-28T10:47:40.616587Z  INFO fs3_daemon::runner: done kind=summarize subject=docs/plans/076-harness-workflow-runner/tasks/phase-1-fix-execution-blockers/tasks.md::Phase 1: Fix Execution Blockers — Tasks + Context Brief::Context Brief::Implementation Sequence ms=89 left=33701
2026-08-28T10:47:40.789526Z  INFO fs3_daemon::runner: batch kind="embed" subject=1 x smart jobs=1 ms=0
2026-08-28T10:47:40.818685Z  INFO fs3_daemon::runner: done kind=summarize subject=docs/plans/076-harness-workflow-runner/tasks/phase-1-fix-execution-blockers/tasks.md::Phase 1: Fix Execution Blockers — Tasks + Context Brief::Context Brief::Domain Dependencies ms=96 left=33701
2026-08-28T10:47:40.830827Z  INFO fs3_daemon::runner: done kind="embed" id=661179 left=33700
2026-08-28T10:47:40.979631Z  INFO fs3_daemon::runner: batch kind="embed" subject=1 x smart jobs=1 ms=0
2026-08-28T10:47:41.018998Z  INFO fs3_daemon::runner: done kind="embed" id=661180 left=33699
2026-08-28T10:47:41.019494Z  INFO fs3_daemon::runner: done kind=summarize subject=docs/plans/076-harness-workflow-runner/tasks/phase-1-fix-execution-blockers/tasks.md::Phase 1: Fix Execution Blockers — Tasks + Context Brief::Context Brief ms=86 left=33699
2026-08-28T10:47:41.135713Z  INFO fs3_daemon::runner: batch kind="embed" subject=1 x smart jobs=1 ms=0
2026-08-28T10:47:41.139081Z  INFO fs3_daemon::runner: done kind=summarize subject=docs/plans/076-harness-workflow-runner/tasks/phase-1-fix-execution-blockers/tasks.md::Phase 1: Fix Execution Blockers — Tasks + Context Brief::Tasks ms=28 left=33699
2026-08-28T10:47:41.149318Z  INFO fs3_daemon::runner: done kind="embed" id=661181 left=33698
2026-08-28T10:47:41.254185Z  INFO fs3_daemon::runner: batch kind="embed" subject=1 x smart jobs=1 ms=0
2026-08-28T10:47:41.260873Z  INFO fs3_daemon::runner: done kind=summarize subject=docs/plans/076-harness-workflow-runner/tasks/phase-1-fix-execution-blockers/tasks.md::Phase 1: Fix Execution Blockers — Tasks + Context Brief::Architecture Map ms=35 left=33698
2026-08-28T10:47:41.266903Z  INFO fs3_daemon::runner: done kind="embed" id=661182 left=33697
2026-08-28T10:47:41.365781Z  INFO fs3_daemon::runner: done kind=summarize subject=docs/plans/076-harness-workflow-runner/tasks/phase-1-fix-execution-blockers/tasks.md::Phase 1: Fix Execution Blockers — Tasks + Context Brief::Pre-Implementation Check ms=22 left=33697
2026-08-28T10:47:41.367458Z  INFO fs3_daemon::runner: batch kind="embed" subject=1 x smart jobs=1 ms=0
2026-08-28T10:47:41.377790Z  INFO fs3_daemon::runner: done kind="embed" id=661183 left=33696
2026-08-28T10:47:41.457967Z  INFO fs3_daemon::runner: done kind=summarize subject=docs/plans/076-harness-workflow-runner/tasks/phase-1-fix-execution-blockers/tasks.md::Phase 1: Fix Execution Blockers — Tasks + Context Brief::Executive Briefing ms=10 left=33696
2026-08-28T10:47:41.476586Z  INFO fs3_daemon::runner: batch kind="embed" subject=1 x smart jobs=1 ms=1
2026-08-28T10:47:41.486189Z  INFO fs3_daemon::runner: done kind="embed" id=661184 left=33695
2026-08-28T10:47:41.572994Z  INFO fs3_daemon::runner: done kind=summarize subject=docs/plans/076-harness-workflow-runner/tasks/phase-1-fix-execution-blockers/tasks.md::Phase 1: Fix Execution Blockers — Tasks + Context Brief ms=17 left=33695
2026-08-28T10:47:41.578874Z  INFO fs3_daemon::runner: batch kind="embed" subject=1 x smart jobs=1 ms=0
2026-08-28T10:47:41.586627Z  INFO fs3_daemon::runner: done kind="embed" id=661185 left=33694
2026-08-28T10:47:41.674037Z  INFO fs3_daemon::runner: done kind=summarize subject=docs/plans/076-harness-workflow-runner/tasks/phase-1-fix-execution-blockers/tasks.fltplan.md::Flight Plan: Phase 1 — Fix Execution Blockers::Checklist ms=21 left=33694
2026-08-28T10:47:41.681441Z  INFO fs3_daemon::runner: batch kind="embed" subject=1 x smart jobs=1 ms=0
2026-08-28T10:47:41.695805Z  INFO fs3_daemon::runner: done kind="embed" id=661186 left=33693
2026-08-28T10:47:41.817850Z  INFO fs3_daemon::runner: batch kind="embed" subject=1 x smart jobs=1 ms=0
2026-08-28T10:47:41.827809Z  INFO fs3_daemon::runner: done kind="embed" id=661187 left=33692
2026-08-28T10:47:41.827855Z  INFO fs3_daemon::runner: done kind=summarize subject=docs/plans/076-harness-workflow-runner/tasks/phase-1-fix-execution-blockers/tasks.fltplan.md::Flight Plan: Phase 1 — Fix Execution Blockers::Goals & Non-Goals ms=39 left=33693
2026-08-28T10:47:41.910166Z  INFO fs3_daemon::runner: done kind=summarize subject=docs/plans/076-harness-workflow-runner/tasks/phase-1-fix-execution-blockers/tasks.fltplan.md::Flight Plan: Phase 1 — Fix Execution Blockers::Architecture: Before & After ms=10 left=33692
2026-08-28T10:47:41.921998Z  INFO fs3_daemon::runner: batch kind="embed" subject=1 x smart jobs=1 ms=0
2026-08-28T10:47:41.932954Z  INFO fs3_daemon::runner: done kind="embed" id=661188 left=33691
2026-08-28T10:47:42.021177Z  INFO fs3_daemon::runner: batch kind="embed" subject=1 x smart jobs=1 ms=0
2026-08-28T10:47:42.021900Z  INFO fs3_daemon::runner: done kind=summarize subject=docs/plans/076-harness-workflow-runner/tasks/phase-1-fix-execution-blockers/tasks.fltplan.md::Flight Plan: Phase 1 — Fix Execution Blockers::Stages ms=19 left=33691
2026-08-28T10:47:42.027380Z  INFO fs3_daemon::runner: done kind="embed" id=661189 left=33690
2026-08-28T10:47:42.125238Z  INFO fs3_daemon::runner: done kind=summarize subject=docs/plans/076-harness-workflow-runner/tasks/phase-1-fix-execution-blockers/tasks.fltplan.md::Flight Plan: Phase 1 — Fix Execution Blockers::Flight Status ms=12 left=33690
2026-08-28T10:47:42.136418Z  INFO fs3_daemon::runner: batch kind="embed" subject=1 x smart jobs=1 ms=0
2026-08-28T10:47:42.144126Z  INFO fs3_daemon::runner: done kind="embed" id=661190 left=33689
2026-08-28T10:47:42.244886Z  INFO fs3_daemon::runner: done kind=summarize subject=docs/plans/076-harness-workflow-runner/tasks/phase-1-fix-execution-blockers/tasks.fltplan.md::Flight Plan: Phase 1 — Fix Execution Blockers::Domain Context ms=21 left=33689
2026-08-28T10:47:42.245100Z  INFO fs3_daemon::runner: batch kind="embed" subject=1 x smart jobs=1 ms=1
2026-08-28T10:47:42.256923Z  INFO fs3_daemon::runner: done kind="embed" id=661191 left=33688
2026-08-28T10:47:42.347565Z  INFO fs3_daemon::runner: batch kind="embed" subject=1 x smart jobs=1 ms=0
2026-08-28T10:47:42.348121Z  INFO fs3_daemon::runner: done kind=summarize subject=docs/plans/076-harness-workflow-runner/tasks/phase-1-fix-execution-blockers/tasks.fltplan.md::Flight Plan: Phase 1 — Fix Execution Blockers ms=18 left=33688
2026-08-28T10:47:42.353615Z  INFO fs3_daemon::runner: done kind="embed" id=661192 left=33687
2026-08-28T10:47:42.440711Z  INFO fs3_daemon::runner: done kind=summarize subject=docs/plans/076-harness-workflow-runner/tasks/phase-1-fix-execution-blockers/execution.log.md::Phase 1: Fix Execution Blockers — Execution Log::Task Log::T008: Dogfooding checkpoint ms=17 left=33687
2026-08-28T10:47:42.449484Z  INFO fs3_daemon::runner: batch kind="embed" subject=1 x smart jobs=1 ms=0
2026-08-28T10:47:42.455014Z  INFO fs3_daemon::runner: done kind="embed" id=661193 left=33686
2026-08-28T10:47:42.564704Z  INFO fs3_daemon::runner: done kind=summarize subject=docs/plans/076-harness-workflow-runner/tasks/phase-1-fix-execution-blockers/execution.log.md::Phase 1: Fix Execution Blockers — Execution Log::Task Log::T003-T007: SSE fix, timeout, lock, harness tooling ms=13 left=33686
2026-08-28T10:47:42.571428Z  INFO fs3_daemon::runner: batch kind="embed" subject=1 x smart jobs=1 ms=0
2026-08-28T10:47:42.578209Z  INFO fs3_daemon::runner: done kind="embed" id=661194 left=33685
2026-08-28T10:47:42.742864Z  INFO fs3_daemon::runner: done kind=summarize subject=docs/plans/076-harness-workflow-runner/tasks/phase-1-fix-execution-blockers/execution.log.md::Phase 1: Fix Execution Blockers — Execution Log::Task Log::T001: Add `pendingErrors` queue to ODS ms=35 left=33685
2026-08-28T10:47:42.813697Z  INFO fs3_daemon::runner: batch kind="embed" subject=1 x smart jobs=1 ms=1
2026-08-28T10:47:42.833037Z  INFO fs3_daemon::runner: done kind="embed" id=661195 left=33684
2026-08-28T10:47:42.934293Z  INFO fs3_daemon::runner: done kind=summarize subject=docs/plans/076-harness-workflow-runner/tasks/phase-1-fix-execution-blockers/execution.log.md::Phase 1: Fix Execution Blockers — Execution Log::Task Log ms=25 left=33684
2026-08-28T10:47:42.950466Z  INFO fs3_daemon::runner: batch kind="embed" subject=1 x smart jobs=1 ms=0
2026-08-28T10:47:42.962443Z  INFO fs3_daemon::runner: done kind="embed" id=661196 left=33683
2026-08-28T10:47:43.050412Z  INFO fs3_daemon::runner: done kind=summarize subject=docs/plans/076-harness-workflow-runner/tasks/phase-1-fix-execution-blockers/execution.log.md::Phase 1: Fix Execution Blockers — Execution Log ms=18 left=33683
2026-08-28T10:47:43.079333Z  INFO fs3_daemon::runner: batch kind="embed" subject=1 x smart jobs=1 ms=0
2026-08-28T10:47:43.095619Z  INFO fs3_daemon::runner: done kind="embed" id=661197 left=33682
2026-08-28T10:47:43.203072Z  INFO fs3_daemon::runner: batch kind="embed" subject=1 x smart jobs=1 ms=0
2026-08-28T10:47:43.211360Z  INFO fs3_daemon::runner: done kind=summarize subject=docs/plans/076-harness-workflow-runner/research-dossier.md::Research Report: Harness Full Workflow Execution with Telemetry::Next Steps ms=35 left=33682
2026-08-28T10:47:43.221817Z  INFO fs3_daemon::runner: done kind="embed" id=661198 left=33681
2026-08-28T10:47:43.326436Z  INFO fs3_daemon::runner: done kind=summarize subject=docs/plans/076-harness-workflow-runner/research-dossier.md::Research Report: Harness Full Workflow Execution with Telemetry::Recommendations::Architecture for `harness workflow` Commands ms=25 left=33681
2026-08-28T10:47:43.340365Z  INFO fs3_daemon::runner: batch kind="embed" subject=1 x smart jobs=1 ms=1
2026-08-28T10:47:43.377260Z  INFO fs3_daemon::runner: done kind="embed" id=661199 left=33680
2026-08-28T10:47:43.849702Z  INFO fs3_daemon::runner: batch kind="embed" subject=1 x smart jobs=1 ms=1
2026-08-28T10:47:43.865230Z  INFO fs3_daemon::runner: done kind=summarize subject=docs/plans/076-harness-workflow-runner/research-dossier.md::Research Report: Harness Full Workflow Execution with Telemetry::Recommendations ms=71 left=33680
2026-08-28T10:47:43.874265Z  INFO fs3_daemon::runner: done kind="embed" id=661200 left=33679
2026-08-28T10:47:43.984298Z  INFO fs3_daemon::runner: done kind=summarize subject=docs/plans/076-harness-workflow-runner/research-dossier.md::Research Report: Harness Full Workflow Execution with Telemetry::Critical Discoveries ms=14 left=33679
2026-08-28T10:47:44.001701Z  INFO fs3_daemon::runner: batch kind="embed" subject=1 x smart jobs=1 ms=0
2026-08-28T10:47:44.007935Z  INFO fs3_daemon::runner: done kind="embed" id=661201 left=33678
2026-08-28T10:47:44.094632Z  INFO fs3_daemon::runner: done kind=summarize subject=docs/plans/076-harness-workflow-runner/research-dossier.md::Research Report: Harness Full Workflow Execution with Telemetry::Modification Considerations::Key Design Decision: CLI vs Direct Orchestration ms=13 left=33678
2026-08-28T10:47:44.103851Z  INFO fs3_daemon::runner: batch kind="embed" subject=1 x smart jobs=1 ms=0
2026-08-28T10:47:44.111221Z  INFO fs3_daemon::runner: done kind="embed" id=661202 left=33677
2026-08-28T10:47:44.195014Z  INFO fs3_daemon::runner: done kind=summarize subject=docs/plans/076-harness-workflow-runner/research-dossier.md::Research Report: Harness Full Workflow Execution with Telemetry::Modification Considerations ms=13 left=33677
2026-08-28T10:47:44.203664Z  INFO fs3_daemon::runner: batch kind="embed" subject=1 x smart jobs=1 ms=0
2026-08-28T10:47:44.210356Z  INFO fs3_daemon::runner: done kind="embed" id=661203 left=33676
2026-08-28T10:47:44.298344Z  INFO fs3_daemon::runner: done kind=summarize subject=docs/plans/076-harness-workflow-runner/research-dossier.md::Research Report: Harness Full Workflow Execution with Telemetry::Domain Context::Domains Relevant to This Research ms=15 left=33676
2026-08-28T10:47:44.311747Z  INFO fs3_daemon::runner: batch kind="embed" subject=1 x smart jobs=1 ms=0
2026-08-28T10:47:44.318210Z  INFO fs3_daemon::runner: done kind="embed" id=661204 left=33675
2026-08-28T10:47:44.394162Z  INFO fs3_daemon::runner: done kind=summarize subject=docs/plans/076-harness-workflow-runner/research-dossier.md::Research Report: Harness Full Workflow Execution with Telemetry::Domain Context ms=12 left=33675
2026-08-28T10:47:44.403720Z  INFO fs3_daemon::runner: batch kind="embed" subject=1 x smart jobs=1 ms=0
2026-08-28T10:47:44.409247Z  INFO fs3_daemon::runner: done kind="embed" id=661205 left=33674
2026-08-28T10:47:44.491100Z  INFO fs3_daemon::runner: done kind=summarize subject=docs/plans/076-harness-workflow-runner/research-dossier.md::Research Report: Harness Full Workflow Execution with Telemetry::Prior Learnings (From Previous Implementations) ms=11 left=33674
2026-08-28T10:47:44.508124Z  INFO fs3_daemon::runner: batch kind="embed" subject=1 x smart jobs=1 ms=0
2026-08-28T10:47:44.529174Z  INFO fs3_daemon::runner: done kind="embed" id=661206 left=33673
2026-08-28T10:47:44.638075Z  INFO fs3_daemon::runner: done kind=summarize subject=docs/plans/076-harness-workflow-runner/research-dossier.md::Research Report: Harness Full Workflow Execution with Telemetry::Quality & Testing::CRITICAL GAP: Web Execution Path NOT Tested (QT-08) ms=30 left=33673
2026-08-28T10:47:44.649288Z  INFO fs3_daemon::runner: batch kind="embed" subject=1 x smart jobs=1 ms=0
2026-08-28T10:47:44.670138Z  INFO fs3_daemon::runner: done kind="embed" id=661207 left=33672
2026-08-28T10:47:44.780572Z  INFO fs3_daemon::runner: done kind=summarize subject=docs/plans/076-harness-workflow-runner/research-dossier.md::Research Report: Harness Full Workflow Execution with Telemetry::Quality & Testing ms=31 left=33672
2026-08-28T10:47:44.789573Z  INFO fs3_daemon::runner: batch kind="embed" subject=1 x smart jobs=1 ms=1
2026-08-28T10:47:44.813157Z  INFO fs3_daemon::runner: done kind="embed" id=661208 left=33671
2026-08-28T10:47:44.919232Z  INFO fs3_daemon::runner: done kind=summarize subject=docs/plans/076-harness-workflow-runner/research-dossier.md::Research Report: Harness Full Workflow Execution with Telemetry::Dependencies & Integration::SSE Telemetry Pipeline ms=26 left=33671
2026-08-28T10:47:44.927474Z  INFO fs3_daemon::runner: batch kind="embed" subject=1 x smart jobs=1 ms=0
2026-08-28T10:47:44.940312Z  INFO fs3_daemon::runner: done kind="embed" id=661209 left=33670
2026-08-28T10:47:45.036600Z  INFO fs3_daemon::runner: done kind=summarize subject=docs/plans/076-harness-workflow-runner/research-dossier.md::Research Report: Harness Full Workflow Execution with Telemetry::Dependencies & Integration::Harness → CG CLI Contract ms=23 left=33670
2026-08-28T10:47:45.044628Z  INFO fs3_daemon::runner: batch kind="embed" subject=1 x smart jobs=1 ms=0
2026-08-28T10:47:45.062325Z  INFO fs3_daemon::runner: done kind="embed" id=661210 left=33669
2026-08-28T10:47:45.146856Z  INFO fs3_daemon::runner: done kind=summarize subject=docs/plans/076-harness-workflow-runner/research-dossier.md::Research Report: Harness Full Workflow Execution with Telemetry::Dependencies & Integration::Orchestration Engine Internal Dependencies ms=21 left=33669
2026-08-28T10:47:45.155441Z  INFO fs3_daemon::runner: batch kind="embed" subject=1 x smart jobs=1 ms=0
2026-08-28T10:47:45.176956Z  INFO fs3_daemon::runner: done kind="embed" id=661211 left=33668
2026-08-28T10:47:45.281657Z  INFO fs3_daemon::runner: done kind=summarize subject=docs/plans/076-harness-workflow-runner/research-dossier.md::Research Report: Harness Full Workflow Execution with Telemetry::Dependencies & Integration ms=25 left=33668
2026-08-28T10:47:45.320864Z  INFO fs3_daemon::runner: progress phase="working" scanned=61587 scan_left=33 summarized=124444 summarize_left=33634 embedded=202943 embed_left=1 failed=0
2026-08-28T10:47:45.352218Z  INFO fs3_daemon::runner: batch kind="embed" subject=2 x smart jobs=2 ms=0
2026-08-28T10:47:45.367826Z  INFO fs3_daemon::runner: done kind="embed" id=661213 left=33667
2026-08-28T10:47:45.450817Z  INFO fs3_daemon::runner: done kind="embed" id=661212 left=33666
2026-08-28T10:47:45.548097Z  INFO fs3_daemon::runner: done kind=summarize subject=docs/plans/076-harness-workflow-runner/research-dossier.md::Research Report: Harness Full Workflow Execution with Telemetry::Architecture & Design::DriveEvent Telemetry Contract (IC-03) ms=22 left=33666
2026-08-28T10:47:45.585309Z  INFO fs3_daemon::runner: done kind=summarize subject=docs/plans/076-harness-workflow-runner/research-dossier.md::Research Report: Harness Full Workflow Execution with Telemetry::Architecture & Design::The test-advanced-pipeline.ts Reference Implementation ms=29 left=33666
2026-08-28T10:47:45.589451Z  INFO fs3_daemon::runner: batch kind="embed" subject=1 x smart jobs=1 ms=0
2026-08-28T10:47:45.609659Z  INFO fs3_daemon::runner: done kind="embed" id=661214 left=33665
2026-08-28T10:47:45.706396Z  INFO fs3_daemon::runner: done kind=summarize subject=docs/plans/076-harness-workflow-runner/research-dossier.md::Research Report: Harness Full Workflow Execution with Telemetry::Architecture & Design ms=24 left=33665
2026-08-28T10:47:45.714900Z  INFO fs3_daemon::runner: batch kind="embed" subject=1 x smart jobs=1 ms=0
2026-08-28T10:47:45.732022Z  INFO fs3_daemon::runner: done kind="embed" id=661215 left=33664
2026-08-28T10:47:45.829192Z  INFO fs3_daemon::runner: done kind=summarize subject=docs/plans/076-harness-workflow-runner/research-dossier.md::Research Report: Harness Full Workflow Execution with Telemetry::How It Currently Works::Data Flow ms=25 left=33664
2026-08-28T10:47:45.836085Z  INFO fs3_daemon::runner: batch kind="embed" subject=1 x smart jobs=1 ms=0
2026-08-28T10:47:45.857095Z  INFO fs3_daemon::runner: done kind="embed" id=661216 left=33663
2026-08-28T10:47:45.963763Z  INFO fs3_daemon::runner: done kind=summarize subject=docs/plans/076-harness-workflow-runner/research-dossier.md::Research Report: Harness Full Workflow Execution with Telemetry::How It Currently Works::Core Execution Flow ms=24 left=33663
2026-08-28T10:47:45.966650Z  INFO fs3_daemon::runner: batch kind="embed" subject=1 x smart jobs=1 ms=0
2026-08-28T10:47:45.981518Z  INFO fs3_daemon::runner: done kind="embed" id=661217 left=33662
2026-08-28T10:47:46.081869Z  INFO fs3_daemon::runner: done kind=summarize subject=docs/plans/076-harness-workflow-runner/research-dossier.md::Research Report: Harness Full Workflow Execution with Telemetry::How It Currently Works::Entry Points ms=22 left=33662
2026-08-28T10:47:46.085407Z  INFO fs3_daemon::runner: batch kind="embed" subject=1 x smart jobs=1 ms=0
2026-08-28T10:47:46.092567Z  INFO fs3_daemon::runner: done kind="embed" id=661218 left=33661
2026-08-28T10:47:46.179701Z  INFO fs3_daemon::runner: done kind=summarize subject=docs/plans/076-harness-workflow-runner/research-dossier.md::Research Report: Harness Full Workflow Execution with Telemetry::How It Currently Works ms=17 left=33661
2026-08-28T10:47:46.182339Z  INFO fs3_daemon::runner: batch kind="embed" subject=1 x smart jobs=1 ms=0
2026-08-28T10:47:46.189458Z  INFO fs3_daemon::runner: done kind="embed" id=661219 left=33660
2026-08-28T10:47:46.267287Z  INFO fs3_daemon::runner: done kind=summarize subject=docs/plans/076-harness-workflow-runner/research-dossier.md::Research Report: Harness Full Workflow Execution with Telemetry::Executive Summary ms=10 left=33660
2026-08-28T10:47:46.279022Z  INFO fs3_daemon::runner: batch kind="embed" subject=1 x smart jobs=1 ms=0
2026-08-28T10:47:46.285643Z  INFO fs3_daemon::runner: done kind="embed" id=661220 left=33659
2026-08-28T10:47:46.363653Z  INFO fs3_daemon::runner: done kind=summarize subject=docs/plans/076-harness-workflow-runner/research-dossier.md::Research Report: Harness Full Workflow Execution with Telemetry ms=9 left=33659
2026-08-28T10:47:46.375899Z  INFO fs3_daemon::runner: batch kind="embed" subject=1 x smart jobs=1 ms=0
2026-08-28T10:47:46.383061Z  INFO fs3_daemon::runner: done kind="embed" id=661221 left=33658
2026-08-28T10:47:46.471473Z  INFO fs3_daemon::runner: done kind=summarize subject=docs/plans/076-harness-workflow-runner/harness-workflow-runner-spec.md::Harness Workflow Runner::Workshop Opportunities ms=9 left=33658
2026-08-28T10:47:46.488273Z  INFO fs3_daemon::runner: batch kind="embed" subject=1 x smart jobs=1 ms=0
2026-08-28T10:47:46.501935Z  INFO fs3_daemon::runner: done kind="embed" id=661222 left=33657
2026-08-28T10:47:46.593333Z  INFO fs3_daemon::runner: done kind=summarize subject=docs/plans/076-harness-workflow-runner/harness-workflow-runner-spec.md::Harness Workflow Runner::Clarifications::Session 2026-03-16 ms=10 left=33657
2026-08-28T10:47:46.608227Z  INFO fs3_daemon::runner: batch kind="embed" subject=1 x smart jobs=1 ms=0
2026-08-28T10:47:46.614760Z  INFO fs3_daemon::runner: done kind="embed" id=661223 left=33656
2026-08-28T10:47:46.681903Z  INFO fs3_daemon::runner: done kind=summarize subject=docs/plans/076-harness-workflow-runner/harness-workflow-runner-spec.md::Harness Workflow Runner::Clarifications ms=8 left=33656
2026-08-28T10:47:46.700835Z  INFO fs3_daemon::runner: batch kind="embed" subject=1 x smart jobs=1 ms=0
2026-08-28T10:47:46.708050Z  INFO fs3_daemon::runner: done kind="embed" id=661224 left=33655
2026-08-28T10:47:46.793020Z  INFO fs3_daemon::runner: done kind=summarize subject=docs/plans/076-harness-workflow-runner/harness-workflow-runner-spec.md::Harness Workflow Runner::Risks & Assumptions ms=12 left=33655
2026-08-28T10:47:46.798093Z  INFO fs3_daemon::runner: batch kind="embed" subject=1 x smart jobs=1 ms=0
2026-08-28T10:47:46.805742Z  INFO fs3_daemon::runner: done kind="embed" id=661225 left=33654
2026-08-28T10:47:46.879852Z  INFO fs3_daemon::runner: done kind=summarize subject=docs/plans/076-harness-workflow-runner/harness-workflow-runner-spec.md::Harness Workflow Runner::Acceptance Criteria ms=11 left=33654
2026-08-28T10:47:46.890165Z  INFO fs3_daemon::runner: batch kind="embed" subject=1 x smart jobs=1 ms=0
2026-08-28T10:47:46.898533Z  INFO fs3_daemon::runner: done kind="embed" id=661226 left=33653
2026-08-28T10:47:46.980926Z  INFO fs3_daemon::runner: done kind=summarize subject=docs/plans/076-harness-workflow-runner/harness-workflow-runner-spec.md::Harness Workflow Runner::Complexity ms=10 left=33653
2026-08-28T10:47:46.996695Z  INFO fs3_daemon::runner: batch kind="embed" subject=1 x smart jobs=1 ms=1
2026-08-28T10:47:47.003979Z  INFO fs3_daemon::runner: done kind="embed" id=661227 left=33652
2026-08-28T10:47:47.077750Z  INFO fs3_daemon::runner: done kind=summarize subject=docs/plans/076-harness-workflow-runner/harness-workflow-runner-spec.md::Harness Workflow Runner::Target Domains ms=8 left=33652
2026-08-28T10:47:47.093974Z  INFO fs3_daemon::runner: batch kind="embed" subject=1 x smart jobs=1 ms=1
2026-08-28T10:47:47.106855Z  INFO fs3_daemon::runner: done kind="embed" id=661228 left=33651
2026-08-28T10:47:47.187251Z  INFO fs3_daemon::runner: done kind=summarize subject=docs/plans/076-harness-workflow-runner/harness-workflow-runner-spec.md::Harness Workflow Runner::Non-Goals ms=13 left=33651
2026-08-28T10:47:47.194765Z  INFO fs3_daemon::runner: batch kind="embed" subject=1 x smart jobs=1 ms=0
2026-08-28T10:47:47.200942Z  INFO fs3_daemon::runner: done kind="embed" id=661229 left=33650
2026-08-28T10:47:47.277050Z  INFO fs3_daemon::runner: done kind=summarize subject=docs/plans/076-harness-workflow-runner/harness-workflow-runner-spec.md::Harness Workflow Runner::Goals ms=8 left=33650
2026-08-28T10:47:47.291494Z  INFO fs3_daemon::runner: batch kind="embed" subject=1 x smart jobs=1 ms=1
2026-08-28T10:47:47.302598Z  INFO fs3_daemon::runner: done kind="embed" id=661230 left=33649
2026-08-28T10:47:47.378165Z  INFO fs3_daemon::runner: done kind=summarize subject=docs/plans/076-harness-workflow-runner/harness-workflow-runner-spec.md::Harness Workflow Runner::Problem Context (Read This First)::Known Runtime Bugs (as of 2026-03-16) ms=8 left=33649
2026-08-28T10:47:47.393230Z  INFO fs3_daemon::runner: batch kind="embed" subject=1 x smart jobs=1 ms=0
2026-08-28T10:47:47.403091Z  INFO fs3_daemon::runner: done kind="embed" id=661231 left=33648
2026-08-28T10:47:47.483767Z  INFO fs3_daemon::runner: done kind=summarize subject=docs/plans/076-harness-workflow-runner/harness-workflow-runner-spec.md::Harness Workflow Runner::Problem Context (Read This First)::The Problem We're Solving ms=16 left=33648
2026-08-28T10:47:47.492031Z  INFO fs3_daemon::runner: batch kind="embed" subject=1 x smart jobs=1 ms=0
2026-08-28T10:47:47.502739Z  INFO fs3_daemon::runner: done kind="embed" id=661232 left=33647
2026-08-28T10:47:47.584428Z  INFO fs3_daemon::runner: done kind=summarize subject=docs/plans/076-harness-workflow-runner/harness-workflow-runner-spec.md::Harness Workflow Runner::Problem Context (Read This First) ms=10 left=33647
2026-08-28T10:47:47.594543Z  INFO fs3_daemon::runner: batch kind="embed" subject=1 x smart jobs=1 ms=1
2026-08-28T10:47:47.599861Z  INFO fs3_daemon::runner: done kind="embed" id=661233 left=33646
2026-08-28T10:47:47.675692Z  INFO fs3_daemon::runner: done kind=summarize subject=docs/plans/076-harness-workflow-runner/harness-workflow-runner-spec.md::Harness Workflow Runner ms=8 left=33646
2026-08-28T10:47:47.690711Z  INFO fs3_daemon::runner: batch kind="embed" subject=1 x smart jobs=1 ms=0
2026-08-28T10:47:47.697335Z  INFO fs3_daemon::runner: done kind="embed" id=661234 left=33645
2026-08-28T10:47:47.779556Z  INFO fs3_daemon::runner: done kind=summarize subject=docs/plans/076-harness-workflow-runner/harness-workflow-runner-plan.md::Harness Workflow Runner — Implementation Plan::Risks ms=13 left=33645
2026-08-28T10:47:47.789465Z  INFO fs3_daemon::runner: batch kind="embed" subject=1 x smart jobs=1 ms=1
2026-08-28T10:47:47.798209Z  INFO fs3_daemon::runner: done kind="embed" id=661235 left=33644
2026-08-28T10:47:47.879385Z  INFO fs3_daemon::runner: done kind=summarize subject=docs/plans/076-harness-workflow-runner/harness-workflow-runner-plan.md::Harness Workflow Runner — Implementation Plan::Acceptance Criteria (Full Plan) ms=13 left=33644
2026-08-28T10:47:47.887041Z  INFO fs3_daemon::runner: batch kind="embed" subject=1 x smart jobs=1 ms=0
2026-08-28T10:47:47.893250Z  INFO fs3_daemon::runner: done kind="embed" id=661236 left=33643
2026-08-28T10:47:47.972514Z  INFO fs3_daemon::runner: done kind=summarize subject=docs/plans/076-harness-workflow-runner/harness-workflow-runner-plan.md::Harness Workflow Runner — Implementation Plan::Phases::Phase 4: End-to-End Validation + Documentation ms=11 left=33643
2026-08-28T10:47:47.991019Z  INFO fs3_daemon::runner: batch kind="embed" subject=1 x smart jobs=1 ms=0
2026-08-28T10:47:48.005994Z  INFO fs3_daemon::runner: done kind="embed" id=661237 left=33642
2026-08-28T10:47:48.085439Z  INFO fs3_daemon::runner: done kind=summarize subject=docs/plans/076-harness-workflow-runner/harness-workflow-runner-plan.md::Harness Workflow Runner — Implementation Plan::Phases::Acceptance Criteria (Phase 3) ms=10 left=33642
2026-08-28T10:47:48.098650Z  INFO fs3_daemon::runner: batch kind="embed" subject=1 x smart jobs=1 ms=0
2026-08-28T10:47:48.108157Z  INFO fs3_daemon::runner: done kind="embed" id=661238 left=33641
2026-08-28T10:47:48.205870Z  INFO fs3_daemon::runner: done kind=summarize subject=docs/plans/076-harness-workflow-runner/harness-workflow-runner-plan.md::Harness Workflow Runner — Implementation Plan::Phases::Phase 3: Harness Workflow Commands ms=18 left=33641
2026-08-28T10:47:48.216021Z  INFO fs3_daemon::runner: batch kind="embed" subject=1 x smart jobs=1 ms=0
2026-08-28T10:47:48.225825Z  INFO fs3_daemon::runner: done kind="embed" id=661239 left=33640
2026-08-28T10:47:48.310131Z  INFO fs3_daemon::runner: done kind=summarize subject=docs/plans/076-harness-workflow-runner/harness-workflow-runner-plan.md::Harness Workflow Runner — Implementation Plan::Phases::Phase 2: CLI Telemetry Enhancement ms=8 left=33640
2026-08-28T10:47:48.323114Z  INFO fs3_daemon::runner: batch kind="embed" subject=1 x smart jobs=1 ms=0
2026-08-28T10:47:48.329463Z  INFO fs3_daemon::runner: done kind="embed" id=661240 left=33639
2026-08-28T10:47:48.403549Z  INFO fs3_daemon::runner: done kind=summarize subject=docs/plans/076-harness-workflow-runner/harness-workflow-runner-plan.md::Harness Workflow Runner — Implementation Plan::Phases::Phase 1: Fix Execution Blockers ms=14 left=33639
2026-08-28T10:47:48.424713Z  INFO fs3_daemon::runner: batch kind="embed" subject=1 x smart jobs=1 ms=2
2026-08-28T10:47:48.433572Z  INFO fs3_daemon::runner: done kind="embed" id=661241 left=33638
2026-08-28T10:47:48.511374Z  INFO fs3_daemon::runner: done kind=summarize subject=docs/plans/076-harness-workflow-runner/harness-workflow-runner-plan.md::Harness Workflow Runner — Implementation Plan::Phases::Phase Index ms=11 left=33638
2026-08-28T10:47:48.520102Z  INFO fs3_daemon::runner: batch kind="embed" subject=1 x smart jobs=1 ms=0
2026-08-28T10:47:48.527402Z  INFO fs3_daemon::runner: done kind="embed" id=661242 left=33637
2026-08-28T10:47:48.608921Z  INFO fs3_daemon::runner: done kind=summarize subject=docs/plans/076-harness-workflow-runner/harness-workflow-runner-plan.md::Harness Workflow Runner — Implementation Plan::Phases ms=9 left=33637
2026-08-28T10:47:48.620442Z  INFO fs3_daemon::runner: batch kind="embed" subject=1 x smart jobs=1 ms=0
2026-08-28T10:47:48.629561Z  INFO fs3_daemon::runner: done kind="embed" id=661243 left=33636
2026-08-28T10:47:48.714760Z  INFO fs3_daemon::runner: batch kind="embed" subject=1 x smart jobs=1 ms=0
2026-08-28T10:47:48.715655Z  INFO fs3_daemon::runner: done kind=summarize subject=docs/plans/076-harness-workflow-runner/harness-workflow-runner-plan.md::Harness Workflow Runner — Implementation Plan::Harness Strategy ms=16 left=33636
2026-08-28T10:47:48.724873Z  INFO fs3_daemon::runner: done kind="embed" id=661244 left=33635
2026-08-28T10:47:48.804020Z  INFO fs3_daemon::runner: done kind=summarize subject=docs/plans/076-harness-workflow-runner/harness-workflow-runner-plan.md::Harness Workflow Runner — Implementation Plan::Key Findings ms=13 left=33635
2026-08-28T10:47:48.811549Z  INFO fs3_daemon::runner: batch kind="embed" subject=1 x smart jobs=1 ms=1
2026-08-28T10:47:48.817912Z  INFO fs3_daemon::runner: done kind="embed" id=661245 left=33634
2026-08-28T10:47:48.899334Z  INFO fs3_daemon::runner: done kind=summarize subject=docs/plans/076-harness-workflow-runner/harness-workflow-runner-plan.md::Harness Workflow Runner — Implementation Plan::Domain Manifest ms=10 left=33634
2026-08-28T10:47:48.913452Z  INFO fs3_daemon::runner: batch kind="embed" subject=1 x smart jobs=1 ms=1
2026-08-28T10:47:48.920847Z  INFO fs3_daemon::runner: done kind="embed" id=661246 left=33633
2026-08-28T10:47:49.000554Z  INFO fs3_daemon::runner: done kind=summarize subject=docs/plans/076-harness-workflow-runner/harness-workflow-runner-plan.md::Harness Workflow Runner — Implementation Plan::Target Domains ms=13 left=33633
2026-08-28T10:47:49.009390Z  INFO fs3_daemon::runner: batch kind="embed" subject=1 x smart jobs=1 ms=1
2026-08-28T10:47:49.015349Z  INFO fs3_daemon::runner: done kind="embed" id=661247 left=33632
2026-08-28T10:47:49.096370Z  INFO fs3_daemon::runner: done kind=summarize subject=docs/plans/076-harness-workflow-runner/harness-wishlist.md::Harness Improvement Wishlist::Meta-Observations ms=9 left=33632
2026-08-28T10:47:49.110535Z  INFO fs3_daemon::runner: batch kind="embed" subject=1 x smart jobs=1 ms=0
2026-08-28T10:47:49.119634Z  INFO fs3_daemon::runner: done kind="embed" id=661248 left=33631
2026-08-28T10:47:49.203411Z  INFO fs3_daemon::runner: done kind=summarize subject=docs/plans/076-harness-workflow-runner/harness-wishlist.md::Harness Improvement Wishlist::Wishlist ms=16 left=33631
2026-08-28T10:47:49.211074Z  INFO fs3_daemon::runner: batch kind="embed" subject=1 x smart jobs=1 ms=0
2026-08-28T10:47:49.218368Z  INFO fs3_daemon::runner: done kind="embed" id=661249 left=33630
2026-08-28T10:47:49.300481Z  INFO fs3_daemon::runner: done kind=summarize subject=docs/plans/076-harness-workflow-runner/harness-wishlist.md::Harness Improvement Wishlist::Severity Legend ms=13 left=33630
2026-08-28T10:47:49.316392Z  INFO fs3_daemon::runner: batch kind="embed" subject=1 x smart jobs=1 ms=3
2026-08-28T10:47:49.322661Z  INFO fs3_daemon::runner: done kind="embed" id=661250 left=33629
2026-08-28T10:47:49.426454Z  INFO fs3_daemon::runner: done kind=summarize subject=docs/plans/076-harness-workflow-runner/harness-wishlist.md::Harness Improvement Wishlist ms=31 left=33629
2026-08-28T10:47:49.433042Z  INFO fs3_daemon::runner: batch kind="embed" subject=1 x smart jobs=1 ms=0
2026-08-28T10:47:49.448412Z  INFO fs3_daemon::runner: done kind="embed" id=661251 left=33628
2026-08-28T10:47:49.541162Z  INFO fs3_daemon::runner: done kind=summarize subject=docs/plans/076-harness-workflow-runner/fixes/FX003-pod-timeout-ui-diagnostics.md::Fix FX003: Pod Timeout, Stuck Detection, UI Diagnostics & Container Fix::Acceptance ms=27 left=33628
2026-08-28T10:47:49.548894Z  INFO fs3_daemon::runner: batch kind="embed" subject=1 x smart jobs=1 ms=0
2026-08-28T10:47:49.564892Z  INFO fs3_daemon::runner: done kind="embed" id=661252 left=33627
2026-08-28T10:47:49.663141Z  INFO fs3_daemon::runner: done kind=summarize subject=docs/plans/076-harness-workflow-runner/fixes/FX003-pod-timeout-ui-diagnostics.md::Fix FX003: Pod Timeout, Stuck Detection, UI Diagnostics & Container Fix::Tasks ms=24 left=33627
2026-08-28T10:47:49.672192Z  INFO fs3_daemon::runner: batch kind="embed" subject=1 x smart jobs=1 ms=0
2026-08-28T10:47:49.686603Z  INFO fs3_daemon::runner: done kind="embed" id=661253 left=33626
2026-08-28T10:47:49.786970Z  INFO fs3_daemon::runner: done kind=summarize subject=docs/plans/076-harness-workflow-runner/fixes/FX003-pod-timeout-ui-diagnostics.md::Fix FX003: Pod Timeout, Stuck Detection, UI Diagnostics & Container Fix ms=25 left=33626
2026-08-28T10:47:49.795522Z  INFO fs3_daemon::runner: batch kind="embed" subject=1 x smart jobs=1 ms=1
2026-08-28T10:47:49.816693Z  INFO fs3_daemon::runner: done kind="embed" id=661254 left=33625
2026-08-28T10:47:49.904007Z  INFO fs3_daemon::runner: done kind=summarize subject=docs/plans/076-harness-workflow-runner/fixes/FX003-pod-timeout-ui-diagnostics.fltplan.md::Flight Plan: Fix FX003 — Pod Timeout, Stuck Detection, UI Diagnostics::Stages ms=23 left=33625
2026-08-28T10:47:49.912404Z  INFO fs3_daemon::runner: batch kind="embed" subject=1 x smart jobs=1 ms=1
2026-08-28T10:47:49.932588Z  INFO fs3_daemon::runner: done kind="embed" id=661255 left=33624
2026-08-28T10:47:50.039454Z  INFO fs3_daemon::runner: done kind=summarize subject=docs/plans/076-harness-workflow-runner/fixes/FX003-pod-timeout-ui-diagnostics.fltplan.md::Flight Plan: Fix FX003 — Pod Timeout, Stuck Detection, UI Diagnostics::Flight Status ms=33 left=33624
2026-08-28T10:47:50.047716Z  INFO fs3_daemon::runner: batch kind="embed" subject=1 x smart jobs=1 ms=3
2026-08-28T10:47:50.062512Z  INFO fs3_daemon::runner: done kind="embed" id=661256 left=33623
2026-08-28T10:47:50.156179Z  INFO fs3_daemon::runner: done kind=summarize subject=docs/plans/076-harness-workflow-runner/fixes/FX003-pod-timeout-ui-diagnostics.fltplan.md::Flight Plan: Fix FX003 — Pod Timeout, Stuck Detection, UI Diagnostics ms=28 left=33623
2026-08-28T10:47:50.167636Z  INFO fs3_daemon::runner: batch kind="embed" subject=1 x smart jobs=1 ms=2
2026-08-28T10:47:50.190076Z  INFO fs3_daemon::runner: done kind="embed" id=661257 left=33622
2026-08-28T10:47:50.290634Z  INFO fs3_daemon::runner: done kind=summarize subject=docs/plans/076-harness-workflow-runner/fixes/FX002-unified-execution-logs.md::Fix FX002: Unified Workflow Execution Logs::Acceptance ms=27 left=33622
2026-08-28T10:47:50.298369Z  INFO fs3_daemon::runner: batch kind="embed" subject=1 x smart jobs=1 ms=0
2026-08-28T10:47:50.317341Z  INFO fs3_daemon::runner: done kind="embed" id=661258 left=33621
2026-08-28T10:47:50.420779Z  INFO fs3_daemon::runner: done kind=summarize subject=docs/plans/076-harness-workflow-runner/fixes/FX002-unified-execution-logs.md::Fix FX002: Unified Workflow Execution Logs::Tasks ms=26 left=33621
2026-08-28T10:47:50.459283Z  INFO fs3_daemon::runner: progress phase="working" scanned=61587 scan_left=33 summarized=124491 summarize_left=33587 embedded=202990 embed_left=1 failed=0
2026-08-28T10:47:50.487702Z  INFO fs3_daemon::runner: batch kind="embed" subject=2 x smart jobs=2 ms=0
2026-08-28T10:47:50.502284Z  INFO fs3_daemon::runner: done kind="embed" id=661259 left=33620
2026-08-28T10:47:50.577986Z  INFO fs3_daemon::runner: done kind="embed" id=661260 left=33619
2026-08-28T10:47:50.684656Z  INFO fs3_daemon::runner: done kind=summarize subject=docs/plans/076-harness-workflow-runner/fixes/FX002-unified-execution-logs.md::Fix FX002: Unified Workflow Execution Logs ms=28 left=33619
2026-08-28T10:47:50.722589Z  INFO fs3_daemon::runner: done kind=summarize subject=docs/plans/076-harness-workflow-runner/fixes/FX002-unified-execution-logs.fltplan.md::Flight Plan: Fix FX002 — Unified Workflow Execution Logs::Flight Status ms=30 left=33619
2026-08-28T10:47:50.728028Z  INFO fs3_daemon::runner: batch kind="embed" subject=1 x smart jobs=1 ms=0
2026-08-28T10:47:50.747338Z  INFO fs3_daemon::runner: done kind="embed" id=661261 left=33618
2026-08-28T10:47:50.839952Z  INFO fs3_daemon::runner: done kind=summarize subject=docs/plans/076-harness-workflow-runner/fixes/FX002-unified-execution-logs.fltplan.md::Flight Plan: Fix FX002 — Unified Workflow Execution Logs ms=25 left=33618
2026-08-28T10:47:50.845129Z  INFO fs3_daemon::runner: batch kind="embed" subject=1 x smart jobs=1 ms=2
2026-08-28T10:47:50.851446Z  INFO fs3_daemon::runner: done kind="embed" id=661262 left=33617
2026-08-28T10:47:50.924933Z  INFO fs3_daemon::runner: done kind=summarize subject=docs/plans/076-harness-workflow-runner/fixes/FX001-close-dev-loop.md::Fix FX001: Close the Agent Development Loop::Discoveries & Learnings ms=12 left=33617
2026-08-28T10:47:50.940490Z  INFO fs3_daemon::runner: batch kind="embed" subject=1 x smart jobs=1 ms=1
2026-08-28T10:47:50.951689Z  INFO fs3_daemon::runner: done kind="embed" id=661263 left=33616
2026-08-28T10:47:51.036390Z  INFO fs3_daemon::runner: done kind=summarize subject=docs/plans/076-harness-workflow-runner/fixes/FX001-close-dev-loop.md::Fix FX001: Close the Agent Development Loop::Acceptance ms=13 left=33616
2026-08-28T10:47:51.051986Z  INFO fs3_daemon::runner: batch kind="embed" subject=1 x smart jobs=1 ms=0
2026-08-28T10:47:51.058825Z  INFO fs3_daemon::runner: done kind="embed" id=661264 left=33615
2026-08-28T10:47:51.144205Z  INFO fs3_daemon::runner: done kind=summarize subject=docs/plans/076-harness-workflow-runner/fixes/FX001-close-dev-loop.md::Fix FX001: Close the Agent Development Loop::Tasks ms=15 left=33615
2026-08-28T10:47:51.146584Z  INFO fs3_daemon::runner: batch kind="embed" subject=1 x smart jobs=1 ms=0
2026-08-28T10:47:51.156410Z  INFO fs3_daemon::runner: done kind="embed" id=661265 left=33614
2026-08-28T10:47:51.234645Z  INFO fs3_daemon::runner: done kind=summarize subject=docs/plans/076-harness-workflow-runner/fixes/FX001-close-dev-loop.md::Fix FX001: Close the Agent Development Loop ms=12 left=33614
2026-08-28T10:47:51.246484Z  INFO fs3_daemon::runner: batch kind="embed" subject=1 x smart jobs=1 ms=1
2026-08-28T10:47:51.251938Z  INFO fs3_daemon::runner: done kind="embed" id=661266 left=33613
2026-08-28T10:47:51.331254Z  INFO fs3_daemon::runner: done kind=summarize subject=docs/plans/076-harness-workflow-runner/fixes/FX001-close-dev-loop.fltplan.md::Flight Plan: Fix FX001 — Close the Agent Development Loop::Flight Status ms=11 left=33613
2026-08-28T10:47:51.346934Z  INFO fs3_daemon::runner: batch kind="embed" subject=1 x smart jobs=1 ms=0
2026-08-28T10:47:51.352894Z  INFO fs3_daemon::runner: done kind="embed" id=661267 left=33612
2026-08-28T10:47:51.431759Z  INFO fs3_daemon::runner: done kind=summarize subject=docs/plans/076-harness-workflow-runner/fixes/FX001-close-dev-loop.fltplan.md::Flight Plan: Fix FX001 — Close the Agent Development Loop ms=11 left=33612
2026-08-28T10:47:51.449322Z  INFO fs3_daemon::runner: batch kind="embed" subject=1 x smart jobs=1 ms=0
2026-08-28T10:47:51.457095Z  INFO fs3_daemon::runner: done kind="embed" id=661268 left=33611
2026-08-28T10:47:51.535720Z  INFO fs3_daemon::runner: done kind=summarize subject=docs/plans/075-tmux-copilot-status/workshops/002-combined-badge-ui.md::Workshop: Combined Window + Copilot Badge UI::Open Questions ms=11 left=33611
2026-08-28T10:47:51.549357Z  INFO fs3_daemon::runner: batch kind="embed" subject=1 x smart jobs=1 ms=1
2026-08-28T10:47:51.563836Z  INFO fs3_daemon::runner: done kind="embed" id=661269 left=33610
2026-08-28T10:47:51.647955Z  INFO fs3_daemon::runner: done kind=summarize subject=docs/plans/075-tmux-copilot-status/workshops/002-combined-badge-ui.md::Workshop: Combined Window + Copilot Badge UI::Edge Cases ms=12 left=33610
2026-08-28T10:47:51.657549Z  INFO fs3_daemon::runner: batch kind="embed" subject=1 x smart jobs=1 ms=0
2026-08-28T10:47:51.664720Z  INFO fs3_daemon::runner: done kind="embed" id=661270 left=33609
2026-08-28T10:47:51.744864Z  INFO fs3_daemon::runner: done kind=summarize subject=docs/plans/075-tmux-copilot-status/workshops/002-combined-badge-ui.md::Workshop: Combined Window + Copilot Badge UI::Changes Summary ms=11 left=33609
2026-08-28T10:47:51.756443Z  INFO fs3_daemon::runner: batch kind="embed" subject=1 x smart jobs=1 ms=0
2026-08-28T10:47:51.765352Z  INFO fs3_daemon::runner: done kind="embed" id=661271 left=33608
2026-08-28T10:47:51.847368Z  INFO fs3_daemon::runner: done kind=summarize subject=docs/plans/075-tmux-copilot-status/workshops/002-combined-badge-ui.md::Workshop: Combined Window + Copilot Badge UI::Visual Details::Card without copilot session ms=12 left=33608
2026-08-28T10:47:51.859617Z  INFO fs3_daemon::runner: batch kind="embed" subject=1 x smart jobs=1 ms=1
2026-08-28T10:47:51.867392Z  INFO fs3_daemon::runner: done kind="embed" id=661272 left=33607
2026-08-28T10:47:51.949175Z  INFO fs3_daemon::runner: done kind=summarize subject=docs/plans/075-tmux-copilot-status/workshops/002-combined-badge-ui.md::Workshop: Combined Window + Copilot Badge UI::Visual Details::Card with copilot session ms=13 left=33607
2026-08-28T10:47:51.956386Z  INFO fs3_daemon::runner: batch kind="embed" subject=1 x smart jobs=1 ms=0
2026-08-28T10:47:51.965377Z  INFO fs3_daemon::runner: done kind="embed" id=661273 left=33606
2026-08-28T10:47:52.050798Z  INFO fs3_daemon::runner: done kind=summarize subject=docs/plans/075-tmux-copilot-status/workshops/002-combined-badge-ui.md::Workshop: Combined Window + Copilot Badge UI::Visual Details ms=9 left=33606
2026-08-28T10:47:52.063186Z  INFO fs3_daemon::runner: batch kind="embed" subject=1 x smart jobs=1 ms=0
2026-08-28T10:47:52.072082Z  INFO fs3_daemon::runner: done kind="embed" id=661274 left=33605
2026-08-28T10:47:52.148002Z  INFO fs3_daemon::runner: done kind=summarize subject=docs/plans/075-tmux-copilot-status/workshops/002-combined-badge-ui.md::Workshop: Combined Window + Copilot Badge UI::Component Design::Component structure — option A (simpler, recommended) ms=10 left=33605
2026-08-28T10:47:52.163842Z  INFO fs3_daemon::runner: batch kind="embed" subject=1 x smart jobs=1 ms=0
2026-08-28T10:47:52.173440Z  INFO fs3_daemon::runner: done kind="embed" id=661275 left=33604
2026-08-28T10:47:52.252616Z  INFO fs3_daemon::runner: done kind=summarize subject=docs/plans/075-tmux-copilot-status/workshops/002-combined-badge-ui.md::Workshop: Combined Window + Copilot Badge UI::Component Design::Data merge strategy ms=10 left=33604
2026-08-28T10:47:52.270148Z  INFO fs3_daemon::runner: batch kind="embed" subject=1 x smart jobs=1 ms=0
2026-08-28T10:47:52.278943Z  INFO fs3_daemon::runner: done kind="embed" id=661276 left=33603
2026-08-28T10:47:52.360449Z  INFO fs3_daemon::runner: done kind=summarize subject=docs/plans/075-tmux-copilot-status/workshops/002-combined-badge-ui.md::Workshop: Combined Window + Copilot Badge UI::Component Design ms=10 left=33603
2026-08-28T10:47:52.375174Z  INFO fs3_daemon::runner: batch kind="embed" subject=1 x smart jobs=1 ms=0
2026-08-28T10:47:52.382415Z  INFO fs3_daemon::runner: done kind="embed" id=661277 left=33602
2026-08-28T10:47:52.467728Z  INFO fs3_daemon::runner: done kind=summarize subject=docs/plans/075-tmux-copilot-status/workshops/002-combined-badge-ui.md::Workshop: Combined Window + Copilot Badge UI::Proposed Layout — Combined Cards::Final mockup — compact two-line cards ms=14 left=33602
2026-08-28T10:47:52.479034Z  INFO fs3_daemon::runner: batch kind="embed" subject=1 x smart jobs=1 ms=2
2026-08-28T10:47:52.492907Z  INFO fs3_daemon::runner: done kind="embed" id=661278 left=33601
2026-08-28T10:47:52.578017Z  INFO fs3_daemon::runner: done kind=summarize subject=docs/plans/075-tmux-copilot-status/workshops/002-combined-badge-ui.md::Workshop: Combined Window + Copilot Badge UI::Proposed Layout — Combined Cards::Revised mockup — compact inline ms=11 left=33601
2026-08-28T10:47:52.588886Z  INFO fs3_daemon::runner: batch kind="embed" subject=1 x smart jobs=1 ms=0
2026-08-28T10:47:52.597188Z  INFO fs3_daemon::runner: done kind="embed" id=661279 left=33600
2026-08-28T10:47:52.684761Z  INFO fs3_daemon::runner: done kind=summarize subject=docs/plans/075-tmux-copilot-status/workshops/002-combined-badge-ui.md::Workshop: Combined Window + Copilot Badge UI::Proposed Layout — Combined Cards::Full mockup — mixed scenario ms=15 left=33600
2026-08-28T10:47:52.692347Z  INFO fs3_daemon::runner: batch kind="embed" subject=1 x smart jobs=1 ms=0
2026-08-28T10:47:52.698115Z  INFO fs3_daemon::runner: done kind="embed" id=661280 left=33599
2026-08-28T10:47:52.776280Z  INFO fs3_daemon::runner: done kind=summarize subject=docs/plans/075-tmux-copilot-status/workshops/002-combined-badge-ui.md::Workshop: Combined Window + Copilot Badge UI::Proposed Layout — Combined Cards::Layout anatomy ms=12 left=33599
2026-08-28T10:47:52.781828Z  INFO fs3_daemon::runner: batch kind="embed" subject=1 x smart jobs=1 ms=0
2026-08-28T10:47:52.787628Z  INFO fs3_daemon::runner: done kind="embed" id=661281 left=33598
2026-08-28T10:47:52.865746Z  INFO fs3_daemon::runner: done kind=summarize subject=docs/plans/075-tmux-copilot-status/workshops/002-combined-badge-ui.md::Workshop: Combined Window + Copilot Badge UI::Proposed Layout — Combined Cards ms=12 left=33598
2026-08-28T10:47:52.876344Z  INFO fs3_daemon::runner: batch kind="embed" subject=1 x smart jobs=1 ms=0
2026-08-28T10:47:52.882433Z  INFO fs3_daemon::runner: done kind="embed" id=661282 left=33597
2026-08-28T10:47:52.960002Z  INFO fs3_daemon::runner: done kind=summarize subject=docs/plans/075-tmux-copilot-status/workshops/002-combined-badge-ui.md::Workshop: Combined Window + Copilot Badge UI::Current State — Two Separate Rows ms=9 left=33597
2026-08-28T10:47:52.975947Z  INFO fs3_daemon::runner: batch kind="embed" subject=1 x smart jobs=1 ms=0
2026-08-28T10:47:52.982516Z  INFO fs3_daemon::runner: done kind="embed" id=661283 left=33596
2026-08-28T10:47:53.078716Z  INFO fs3_daemon::runner: done kind=summarize subject=docs/plans/075-tmux-copilot-status/workshops/002-combined-badge-ui.md::Workshop: Combined Window + Copilot Badge UI ms=12 left=33596
2026-08-28T10:47:53.090547Z  INFO fs3_daemon::runner: batch kind="embed" subject=1 x smart jobs=1 ms=0
2026-08-28T10:47:53.098315Z  INFO fs3_daemon::runner: done kind="embed" id=661284 left=33595
2026-08-28T10:47:53.177746Z  INFO fs3_daemon::runner: done kind=summarize subject=docs/plans/075-tmux-copilot-status/workshops/001-status-line-ui.md::Workshop: tmux Copilot Status Line UI::Quick Reference — Implementation Checklist ms=13 left=33595
2026-08-28T10:47:53.186243Z  INFO fs3_daemon::runner: batch kind="embed" subject=1 x smart jobs=1 ms=0
2026-08-28T10:47:53.192769Z  INFO fs3_daemon::runner: done kind="embed" id=661285 left=33594
2026-08-28T10:47:53.269811Z  INFO fs3_daemon::runner: done kind=summarize subject=docs/plans/075-tmux-copilot-status/workshops/001-status-line-ui.md::Workshop: tmux Copilot Status Line UI::Open Questions ms=12 left=33594
2026-08-28T10:47:53.278751Z  INFO fs3_daemon::runner: batch kind="embed" subject=1 x smart jobs=1 ms=0
2026-08-28T10:47:53.284261Z  INFO fs3_daemon::runner: done kind="embed" id=661286 left=33593
2026-08-28T10:47:53.366216Z  INFO fs3_daemon::runner: done kind=summarize subject=docs/plans/075-tmux-copilot-status/workshops/001-status-line-ui.md::Workshop: tmux Copilot Status Line UI::Script Output Format (Exact) ms=14 left=33593
2026-08-28T10:47:53.377333Z  INFO fs3_daemon::runner: batch kind="embed" subject=1 x smart jobs=1 ms=1
2026-08-28T10:47:53.386502Z  INFO fs3_daemon::runner: done kind="embed" id=661287 left=33592
2026-08-28T10:47:53.466643Z  INFO fs3_daemon::runner: done kind=summarize subject=docs/plans/075-tmux-copilot-status/workshops/001-status-line-ui.md::Workshop: tmux Copilot Status Line UI::tmux Configuration::Script location decision ms=11 left=33592
2026-08-28T10:47:53.478723Z  INFO fs3_daemon::runner: batch kind="embed" subject=1 x smart jobs=1 ms=0
2026-08-28T10:47:53.484893Z  INFO fs3_daemon::runner: done kind="embed" id=661288 left=33591
2026-08-28T10:47:53.561849Z  INFO fs3_daemon::runner: done kind=summarize subject=docs/plans/075-tmux-copilot-status/workshops/001-status-line-ui.md::Workshop: tmux Copilot Status Line UI::tmux Configuration::Required changes to `~/.tmux.conf`: ms=10 left=33591
2026-08-28T10:47:53.572390Z  INFO fs3_daemon::runner: batch kind="embed" subject=1 x smart jobs=1 ms=0
2026-08-28T10:47:53.583086Z  INFO fs3_daemon::runner: done kind="embed" id=661289 left=33590
2026-08-28T10:47:53.661162Z  INFO fs3_daemon::runner: done kind=summarize subject=docs/plans/075-tmux-copilot-status/workshops/001-status-line-ui.md::Workshop: tmux Copilot Status Line UI::tmux Configuration ms=9 left=33590
2026-08-28T10:47:53.677453Z  INFO fs3_daemon::runner: batch kind="embed" subject=1 x smart jobs=1 ms=0
2026-08-28T10:47:53.683220Z  INFO fs3_daemon::runner: done kind="embed" id=661290 left=33589
2026-08-28T10:47:53.767720Z  INFO fs3_daemon::runner: done kind=summarize subject=docs/plans/075-tmux-copilot-status/workshops/001-status-line-ui.md::Workshop: tmux Copilot Status Line UI::Styling — Line 2 Background::Mockup with styling: ms=13 left=33589
2026-08-28T10:47:53.777398Z  INFO fs3_daemon::runner: batch kind="embed" subject=1 x smart jobs=1 ms=1
2026-08-28T10:47:53.784281Z  INFO fs3_daemon::runner: done kind="embed" id=661291 left=33588
2026-08-28T10:47:53.885668Z  INFO fs3_daemon::runner: done kind=summarize subject=docs/plans/075-tmux-copilot-status/workshops/001-status-line-ui.md::Workshop: tmux Copilot Status Line UI::Styling — Line 2 Background ms=26 left=33588
2026-08-28T10:47:53.895928Z  INFO fs3_daemon::runner: batch kind="embed" subject=1 x smart jobs=1 ms=0
2026-08-28T10:47:53.915309Z  INFO fs3_daemon::runner: done kind="embed" id=661292 left=33587
2026-08-28T10:47:54.018832Z  INFO fs3_daemon::runner: done kind=summarize subject=docs/plans/075-tmux-copilot-status/workshops/001-status-line-ui.md::Workshop: tmux Copilot Status Line UI::Edge Cases::No Copilot in active window ms=27 left=33587
2026-08-28T10:47:54.030572Z  INFO fs3_daemon::runner: batch kind="embed" subject=1 x smart jobs=1 ms=2
2026-08-28T10:47:54.052615Z  INFO fs3_daemon::runner: done kind="embed" id=661293 left=33586
2026-08-28T10:47:54.161342Z  INFO fs3_daemon::runner: batch kind="embed" subject=1 x smart jobs=1 ms=0
2026-08-28T10:47:54.174820Z  INFO fs3_daemon::runner: done kind=summarize subject=docs/plans/075-tmux-copilot-status/workshops/001-status-line-ui.md::Workshop: tmux Copilot Status Line UI::Edge Cases ms=40 left=33586
2026-08-28T10:47:54.179977Z  INFO fs3_daemon::runner: done kind="embed" id=661294 left=33585
2026-08-28T10:47:54.279367Z  INFO fs3_daemon::runner: batch kind="embed" subject=1 x smart jobs=1 ms=1
2026-08-28T10:47:54.293903Z  INFO fs3_daemon::runner: done kind=summarize subject=docs/plans/075-tmux-copilot-status/workshops/001-status-line-ui.md::Workshop: tmux Copilot Status Line UI::Behavior — All Sessions, Always Visible::Scenario: Multiple copilot windows ms=44 left=33585
2026-08-28T10:47:54.312398Z  INFO fs3_daemon::runner: done kind="embed" id=661295 left=33584
2026-08-28T10:47:54.428227Z  INFO fs3_daemon::runner: done kind=summarize subject=docs/plans/075-tmux-copilot-status/workshops/001-status-line-ui.md::Workshop: tmux Copilot Status Line UI::Behavior — All Sessions, Always Visible ms=21 left=33584
2026-08-28T10:47:54.433142Z  INFO fs3_daemon::runner: batch kind="embed" subject=1 x smart jobs=1 ms=0
2026-08-28T10:47:54.451792Z  INFO fs3_daemon::runner: done kind="embed" id=661296 left=33583
2026-08-28T10:47:54.551443Z  INFO fs3_daemon::runner: done kind=summarize subject=docs/plans/075-tmux-copilot-status/workshops/001-status-line-ui.md::Workshop: tmux Copilot Status Line UI::Color Coding — Context Budget Health::Color mockup (conceptual — can't show color in markdown): ms=27 left=33583
2026-08-28T10:47:54.560758Z  INFO fs3_daemon::runner: batch kind="embed" subject=1 x smart jobs=1 ms=0
2026-08-28T10:47:54.586762Z  INFO fs3_daemon::runner: done kind="embed" id=661297 left=33582
2026-08-28T10:47:54.696115Z  INFO fs3_daemon::runner: done kind=summarize subject=docs/plans/075-tmux-copilot-status/workshops/001-status-line-ui.md::Workshop: tmux Copilot Status Line UI::Color Coding — Context Budget Health ms=29 left=33582
2026-08-28T10:47:54.703241Z  INFO fs3_daemon::runner: batch kind="embed" subject=1 x smart jobs=1 ms=0
2026-08-28T10:47:54.734191Z  INFO fs3_daemon::runner: done kind="embed" id=661298 left=33581
2026-08-28T10:47:54.824868Z  INFO fs3_daemon::runner: done kind=summarize subject=docs/plans/075-tmux-copilot-status/workshops/001-status-line-ui.md::Workshop: tmux Copilot Status Line UI::Proposed Layout — Line 2 Content::All sessions, inline, wrapping ms=26 left=33581
2026-08-28T10:47:54.835550Z  INFO fs3_daemon::runner: batch kind="embed" subject=1 x smart jobs=1 ms=2
2026-08-28T10:47:54.859639Z  INFO fs3_daemon::runner: done kind="embed" id=661299 left=33580
2026-08-28T10:47:54.965937Z  INFO fs3_daemon::runner: batch kind="embed" subject=1 x smart jobs=1 ms=0
2026-08-28T10:47:54.981025Z  INFO fs3_daemon::runner: done kind=summarize subject=docs/plans/075-tmux-copilot-status/workshops/001-status-line-ui.md::Workshop: tmux Copilot Status Line UI::Proposed Layout — Line 2 Content ms=45 left=33580
2026-08-28T10:47:54.997583Z  INFO fs3_daemon::runner: done kind="embed" id=661300 left=33579
2026-08-28T10:47:55.094688Z  INFO fs3_daemon::runner: done kind=summarize subject=docs/plans/075-tmux-copilot-status/workshops/001-status-line-ui.md::Workshop: tmux Copilot Status Line UI::Current State — What's There Now ms=23 left=33579
2026-08-28T10:47:55.106232Z  INFO fs3_daemon::runner: batch kind="embed" subject=1 x smart jobs=1 ms=1
2026-08-28T10:47:55.127800Z  INFO fs3_daemon::runner: done kind="embed" id=661301 left=33578
2026-08-28T10:47:55.243819Z  INFO fs3_daemon::runner: batch kind="embed" subject=1 x smart jobs=1 ms=1
2026-08-28T10:47:55.260860Z  INFO fs3_daemon::runner: done kind=summarize subject=docs/plans/075-tmux-copilot-status/workshops/001-status-line-ui.md::Workshop: tmux Copilot Status Line UI::Key Questions Addressed ms=44 left=33578
2026-08-28T10:47:55.274473Z  INFO fs3_daemon::runner: done kind="embed" id=661302 left=33577
2026-08-28T10:47:55.374442Z  INFO fs3_daemon::runner: done kind=summarize subject=docs/plans/075-tmux-copilot-status/workshops/001-status-line-ui.md::Workshop: tmux Copilot Status Line UI ms=25 left=33577
2026-08-28T10:47:55.384482Z  INFO fs3_daemon::runner: batch kind="embed" subject=1 x smart jobs=1 ms=1
2026-08-28T10:47:55.409882Z  INFO fs3_daemon::runner: done kind="embed" id=661303 left=33576
2026-08-28T10:47:55.487327Z  INFO fs3_daemon::runner: done kind=summarize subject=docs/plans/075-tmux-copilot-status/tmux-copilot-status-spec.md::tmux Copilot Status Bar::Acceptance Criteria ms=14 left=33576
2026-08-28T10:47:55.530996Z  INFO fs3_daemon::runner: progress phase="working" scanned=61587 scan_left=33 summarized=124536 summarize_left=33542 embedded=203035 embed_left=1 failed=0
2026-08-28T10:47:55.555505Z  INFO fs3_daemon::runner: batch kind="embed" subject=2 x smart jobs=2 ms=0
2026-08-28T10:47:55.563245Z  INFO fs3_daemon::runner: done kind="embed" id=661305 left=33575
2026-08-28T10:47:55.633077Z  INFO fs3_daemon::runner: done kind="embed" id=661304 left=33574
2026-08-28T10:47:55.706422Z  INFO fs3_daemon::runner: done kind=summarize subject=docs/plans/075-tmux-copilot-status/tmux-copilot-status-spec.md::tmux Copilot Status Bar::Architecture — Extends Existing Pattern ms=12 left=33574
2026-08-28T10:47:55.735788Z  INFO fs3_daemon::runner: done kind=summarize subject=docs/plans/075-tmux-copilot-status/tmux-copilot-status-spec.md::tmux Copilot Status Bar::Goals ms=17 left=33574
2026-08-28T10:47:55.742743Z  INFO fs3_daemon::runner: batch kind="embed" subject=1 x smart jobs=1 ms=0
2026-08-28T10:47:55.751841Z  INFO fs3_daemon::runner: done kind="embed" id=661306 left=33573
2026-08-28T10:47:55.836460Z  INFO fs3_daemon::runner: done kind=summarize subject=docs/plans/075-tmux-copilot-status/tmux-copilot-status-spec.md::tmux Copilot Status Bar ms=13 left=33573
2026-08-28T10:47:55.846218Z  INFO fs3_daemon::runner: batch kind="embed" subject=1 x smart jobs=1 ms=0
2026-08-28T10:47:55.853864Z  INFO fs3_daemon::runner: done kind="embed" id=661307 left=33572
2026-08-28T10:47:55.936213Z  INFO fs3_daemon::runner: done kind=summarize subject=docs/plans/075-tmux-copilot-status/plan.md::tmux Copilot Status Bar — Implementation Plan::Implementation::Acceptance Criteria ms=12 left=33572
2026-08-28T10:47:55.947360Z  INFO fs3_daemon::runner: batch kind="embed" subject=1 x smart jobs=1 ms=0
2026-08-28T10:47:55.952949Z  INFO fs3_daemon::runner: done kind="embed" id=661308 left=33571
2026-08-28T10:47:56.030679Z  INFO fs3_daemon::runner: done kind=summarize subject=docs/plans/075-tmux-copilot-status/plan.md::tmux Copilot Status Bar — Implementation Plan::Implementation::Data Flow ms=9 left=33571
2026-08-28T10:47:56.043481Z  INFO fs3_daemon::runner: batch kind="embed" subject=1 x smart jobs=1 ms=0
2026-08-28T10:47:56.050576Z  INFO fs3_daemon::runner: done kind="embed" id=661309 left=33570
2026-08-28T10:47:56.132826Z  INFO fs3_daemon::runner: done kind=summarize subject=docs/plans/075-tmux-copilot-status/plan.md::tmux Copilot Status Bar — Implementation Plan::Implementation::Tasks ms=10 left=33570
2026-08-28T10:47:56.147480Z  INFO fs3_daemon::runner: batch kind="embed" subject=1 x smart jobs=1 ms=0
2026-08-28T10:47:56.156390Z  INFO fs3_daemon::runner: done kind="embed" id=661310 left=33569
2026-08-28T10:47:56.247023Z  INFO fs3_daemon::runner: done kind=summarize subject=docs/plans/075-tmux-copilot-status/plan.md::tmux Copilot Status Bar — Implementation Plan::Implementation ms=16 left=33569
2026-08-28T10:47:56.252226Z  INFO fs3_daemon::runner: batch kind="embed" subject=1 x smart jobs=1 ms=0
2026-08-28T10:47:56.260044Z  INFO fs3_daemon::runner: done kind="embed" id=661311 left=33568
2026-08-28T10:47:56.342574Z  INFO fs3_daemon::runner: done kind=summarize subject=docs/plans/075-tmux-copilot-status/plan.md::tmux Copilot Status Bar — Implementation Plan::Key Findings ms=14 left=33568
2026-08-28T10:47:56.350439Z  INFO fs3_daemon::runner: batch kind="embed" subject=1 x smart jobs=1 ms=0
2026-08-28T10:47:56.357849Z  INFO fs3_daemon::runner: done kind="embed" id=661312 left=33567
2026-08-28T10:47:56.435226Z  INFO fs3_daemon::runner: done kind=summarize subject=docs/plans/075-tmux-copilot-status/plan.md::tmux Copilot Status Bar — Implementation Plan::Domain Manifest ms=12 left=33567
2026-08-28T10:47:56.444886Z  INFO fs3_daemon::runner: batch kind="embed" subject=1 x smart jobs=1 ms=0
2026-08-28T10:47:56.451236Z  INFO fs3_daemon::runner: done kind="embed" id=661313 left=33566
2026-08-28T10:47:56.535767Z  INFO fs3_daemon::runner: done kind=summarize subject=docs/plans/075-tmux-copilot-status/plan.md::tmux Copilot Status Bar — Implementation Plan ms=17 left=33566
2026-08-28T10:47:56.543252Z  INFO fs3_daemon::runner: batch kind="embed" subject=1 x smart jobs=1 ms=0
2026-08-28T10:47:56.550622Z  INFO fs3_daemon::runner: done kind="embed" id=661314 left=33565
2026-08-28T10:47:56.625072Z  INFO fs3_daemon::runner: done kind=summarize subject=docs/plans/075-tmux-copilot-status/fixes/FX001-combine-badges.md::Fix FX001: Combine window + copilot badges into unified cards ms=11 left=33565
2026-08-28T10:47:56.640504Z  INFO fs3_daemon::runner: batch kind="embed" subject=1 x smart jobs=1 ms=1
2026-08-28T10:47:56.651956Z  INFO fs3_daemon::runner: done kind="embed" id=661315 left=33564
2026-08-28T10:47:56.731959Z  INFO fs3_daemon::runner: done kind=summarize subject=docs/plans/075-tmux-copilot-status/fixes/FX001-combine-badges.log.md::Execution Log: Fix FX001 — Combine window + copilot badges::FX001-1: Merge badge rendering into combined cards ms=9 left=33564
2026-08-28T10:47:56.744986Z  INFO fs3_daemon::runner: batch kind="embed" subject=1 x smart jobs=1 ms=0
2026-08-28T10:47:56.753027Z  INFO fs3_daemon::runner: done kind="embed" id=661316 left=33563
2026-08-28T10:47:56.837111Z  INFO fs3_daemon::runner: done kind=summarize subject=docs/plans/075-tmux-copilot-status/fixes/FX001-combine-badges.log.md::Execution Log: Fix FX001 — Combine window + copilot badges ms=11 left=33563
2026-08-28T10:47:56.852837Z  INFO fs3_daemon::runner: batch kind="embed" subject=1 x smart jobs=1 ms=3
2026-08-28T10:47:56.864909Z  INFO fs3_daemon::runner: done kind="embed" id=661317 left=33562
2026-08-28T10:47:56.941972Z  INFO fs3_daemon::runner: done kind=summarize subject=docs/plans/075-tmux-copilot-status/fixes/FX001-combine-badges.fltplan.md::Flight Plan: Fix FX001 — Combine window + copilot badges::Flight Status ms=10 left=33562
2026-08-28T10:47:56.959548Z  INFO fs3_daemon::runner: batch kind="embed" subject=1 x smart jobs=1 ms=0
2026-08-28T10:47:56.966083Z  INFO fs3_daemon::runner: done kind="embed" id=661318 left=33561
2026-08-28T10:47:57.045685Z  INFO fs3_daemon::runner: done kind=summarize subject=docs/plans/075-tmux-copilot-status/fixes/FX001-combine-badges.fltplan.md::Flight Plan: Fix FX001 — Combine window + copilot badges ms=12 left=33561
2026-08-28T10:47:57.059520Z  INFO fs3_daemon::runner: batch kind="embed" subject=1 x smart jobs=1 ms=1
2026-08-28T10:47:57.064854Z  INFO fs3_daemon::runner: done kind="embed" id=661319 left=33560
2026-08-28T10:47:57.149965Z  INFO fs3_daemon::runner: done kind=summarize subject=docs/plans/075-tmux-copilot-status/execution.log.md::Execution Log — Plan 075: tmux Copilot Status Bar ms=11 left=33560
2026-08-28T10:47:57.158150Z  INFO fs3_daemon::runner: batch kind="embed" subject=1 x smart jobs=1 ms=0
2026-08-28T10:47:57.163870Z  INFO fs3_daemon::runner: done kind="embed" id=661320 left=33559
2026-08-28T10:47:57.246944Z  INFO fs3_daemon::runner: done kind=summarize subject=docs/plans/074-workflow-execution/workshops/004-cg-unit-update-cli.md::Workshop: cg unit update CLI Command::Quick Reference ms=8 left=33559
2026-08-28T10:47:57.258362Z  INFO fs3_daemon::runner: batch kind="embed" subject=1 x smart jobs=1 ms=1
2026-08-28T10:47:57.267769Z  INFO fs3_daemon::runner: done kind="embed" id=661321 left=33558
2026-08-28T10:47:57.352911Z  INFO fs3_daemon::runner: done kind=summarize subject=docs/plans/074-workflow-execution/workshops/004-cg-unit-update-cli.md::Workshop: cg unit update CLI Command::Open Questions ms=11 left=33558
2026-08-28T10:47:57.364916Z  INFO fs3_daemon::runner: batch kind="embed" subject=1 x smart jobs=1 ms=0
2026-08-28T10:47:57.371063Z  INFO fs3_daemon::runner: done kind="embed" id=661322 left=33557
2026-08-28T10:47:57.482846Z  INFO fs3_daemon::runner: done kind=summarize subject=docs/plans/074-workflow-execution/workshops/004-cg-unit-update-cli.md::Workshop: cg unit update CLI Command::Error Codes ms=12 left=33557
2026-08-28T10:47:57.502642Z  INFO fs3_daemon::runner: batch kind="embed" subject=1 x smart jobs=1 ms=0
2026-08-28T10:47:57.514240Z  INFO fs3_daemon::runner: done kind="embed" id=661323 left=33556
2026-08-28T10:47:57.607475Z  INFO fs3_daemon::runner: done kind=summarize subject=docs/plans/074-workflow-execution/workshops/004-cg-unit-update-cli.md::Workshop: cg unit update CLI Command::Command Registration ms=12 left=33556
2026-08-28T10:47:57.619275Z  INFO fs3_daemon::runner: batch kind="embed" subject=1 x smart jobs=1 ms=0
2026-08-28T10:47:57.628057Z  INFO fs3_daemon::runner: done kind="embed" id=661324 left=33555
2026-08-28T10:47:57.718238Z  INFO fs3_daemon::runner: done kind=summarize subject=docs/plans/074-workflow-execution/workshops/004-cg-unit-update-cli.md::Workshop: cg unit update CLI Command::Also Needed: `cg unit delete` ms=14 left=33555
2026-08-28T10:47:57.720119Z  INFO fs3_daemon::runner: batch kind="embed" subject=1 x smart jobs=1 ms=0
2026-08-28T10:47:57.728310Z  INFO fs3_daemon::runner: done kind="embed" id=661325 left=33554
2026-08-28T10:47:57.807451Z  INFO fs3_daemon::runner: done kind=summarize subject=docs/plans/074-workflow-execution/workshops/004-cg-unit-update-cli.md::Workshop: cg unit update CLI Command::How the Harness Uses This::Terminal output (agent sees everything): ms=10 left=33554
2026-08-28T10:47:57.818968Z  INFO fs3_daemon::runner: batch kind="embed" subject=1 x smart jobs=1 ms=0
2026-08-28T10:47:57.826844Z  INFO fs3_daemon::runner: done kind="embed" id=661326 left=33553
2026-08-28T10:47:57.904005Z  INFO fs3_daemon::runner: done kind=summarize subject=docs/plans/074-workflow-execution/workshops/004-cg-unit-update-cli.md::Workshop: cg unit update CLI Command::How the Harness Uses This ms=11 left=33553
2026-08-28T10:47:57.914634Z  INFO fs3_daemon::runner: batch kind="embed" subject=1 x smart jobs=1 ms=0
2026-08-28T10:47:57.923826Z  INFO fs3_daemon::runner: done kind="embed" id=661327 left=33552
2026-08-28T10:47:57.996213Z  INFO fs3_daemon::runner: done kind=summarize subject=docs/plans/074-workflow-execution/workshops/004-cg-unit-update-cli.md::Workshop: cg unit update CLI Command::How --add-input Parsing Works ms=13 left=33552
2026-08-28T10:47:58.005306Z  INFO fs3_daemon::runner: batch kind="embed" subject=1 x smart jobs=1 ms=1
2026-08-28T10:47:58.011367Z  INFO fs3_daemon::runner: done kind="embed" id=661328 left=33551
2026-08-28T10:47:58.092689Z  INFO fs3_daemon::runner: done kind=summarize subject=docs/plans/074-workflow-execution/workshops/004-cg-unit-update-cli.md::Workshop: cg unit update CLI Command::How --set Routes to Type-Configs ms=11 left=33551
2026-08-28T10:47:58.108216Z  INFO fs3_daemon::runner: batch kind="embed" subject=1 x smart jobs=1 ms=2
2026-08-28T10:47:58.117479Z  INFO fs3_daemon::runner: done kind="embed" id=661329 left=33550
2026-08-28T10:47:58.200148Z  INFO fs3_daemon::runner: done kind=summarize subject=docs/plans/074-workflow-execution/workshops/004-cg-unit-update-cli.md::Workshop: cg unit update CLI Command::Usage Examples::Error case ms=9 left=33550
2026-08-28T10:47:58.214501Z  INFO fs3_daemon::runner: batch kind="embed" subject=1 x smart jobs=1 ms=0
2026-08-28T10:47:58.221066Z  INFO fs3_daemon::runner: done kind="embed" id=661330 left=33549
2026-08-28T10:47:58.300738Z  INFO fs3_daemon::runner: done kind=summarize subject=docs/plans/074-workflow-execution/workshops/004-cg-unit-update-cli.md::Workshop: cg unit update CLI Command::Usage Examples::JSON output ms=8 left=33549
2026-08-28T10:47:58.318618Z  INFO fs3_daemon::runner: batch kind="embed" subject=1 x smart jobs=1 ms=0
2026-08-28T10:47:58.324518Z  INFO fs3_daemon::runner: done kind="embed" id=661331 left=33548
2026-08-28T10:47:58.399978Z  INFO fs3_daemon::runner: done kind=summarize subject=docs/plans/074-workflow-execution/workshops/004-cg-unit-update-cli.md::Workshop: cg unit update CLI Command::Usage Examples::Patch file (the harness's preferred method) ms=7 left=33548
2026-08-28T10:47:58.416008Z  INFO fs3_daemon::runner: batch kind="embed" subject=1 x smart jobs=1 ms=0
2026-08-28T10:47:58.421630Z  INFO fs3_daemon::runner: done kind="embed" id=661332 left=33547
2026-08-28T10:47:58.489617Z  INFO fs3_daemon::runner: done kind=summarize subject=docs/plans/074-workflow-execution/workshops/004-cg-unit-update-cli.md::Workshop: cg unit update CLI Command::Usage Examples::JSON array replacement ms=8 left=33547
2026-08-28T10:47:58.506097Z  INFO fs3_daemon::runner: batch kind="embed" subject=1 x smart jobs=1 ms=0
2026-08-28T10:47:58.513199Z  INFO fs3_daemon::runner: done kind="embed" id=661333 left=33546
2026-08-28T10:47:58.592077Z  INFO fs3_daemon::runner: done kind=summarize subject=docs/plans/074-workflow-execution/workshops/004-cg-unit-update-cli.md::Workshop: cg unit update CLI Command::Usage Examples::Add inputs/outputs one at a time ms=11 left=33546
2026-08-28T10:47:58.614177Z  INFO fs3_daemon::runner: batch kind="embed" subject=1 x smart jobs=1 ms=1
2026-08-28T10:47:58.637295Z  INFO fs3_daemon::runner: done kind="embed" id=661334 left=33545
2026-08-28T10:47:58.742998Z  INFO fs3_daemon::runner: done kind=summarize subject=docs/plans/074-workflow-execution/workshops/004-cg-unit-update-cli.md::Workshop: cg unit update CLI Command::Usage Examples::Set type-config properties ms=28 left=33545
2026-08-28T10:47:58.753592Z  INFO fs3_daemon::runner: batch kind="embed" subject=1 x smart jobs=1 ms=0
2026-08-28T10:47:58.781698Z  INFO fs3_daemon::runner: done kind="embed" id=661335 left=33544
2026-08-28T10:47:58.892559Z  INFO fs3_daemon::runner: done kind=summarize subject=docs/plans/074-workflow-execution/workshops/004-cg-unit-update-cli.md::Workshop: cg unit update CLI Command::Usage Examples::Simple scalar update ms=33 left=33544
2026-08-28T10:47:58.899966Z  INFO fs3_daemon::runner: batch kind="embed" subject=1 x smart jobs=1 ms=0
2026-08-28T10:47:58.940164Z  INFO fs3_daemon::runner: done kind="embed" id=661336 left=33543
2026-08-28T10:47:59.048679Z  INFO fs3_daemon::runner: done kind=summarize subject=docs/plans/074-workflow-execution/workshops/004-cg-unit-update-cli.md::Workshop: cg unit update CLI Command::Usage Examples ms=34 left=33543
2026-08-28T10:47:59.060181Z  INFO fs3_daemon::runner: batch kind="embed" subject=1 x smart jobs=1 ms=3
2026-08-28T10:47:59.077823Z  INFO fs3_daemon::runner: done kind="embed" id=661337 left=33542
2026-08-28T10:47:59.195686Z  INFO fs3_daemon::runner: done kind=summarize subject=docs/plans/074-workflow-execution/workshops/004-cg-unit-update-cli.md::Workshop: cg unit update CLI Command::Command Specification::`cg unit update <slug>` ms=43 left=33542
2026-08-28T10:47:59.219305Z  INFO fs3_daemon::runner: batch kind="embed" subject=1 x smart jobs=1 ms=1
2026-08-28T10:47:59.254464Z  INFO fs3_daemon::runner: done kind="embed" id=661338 left=33541
2026-08-28T10:47:59.388153Z  INFO fs3_daemon::runner: done kind=summarize subject=docs/plans/074-workflow-execution/workshops/004-cg-unit-update-cli.md::Workshop: cg unit update CLI Command::Command Specification ms=38 left=33541
2026-08-28T10:47:59.391357Z  INFO fs3_daemon::runner: batch kind="embed" subject=1 x smart jobs=1 ms=0
2026-08-28T10:47:59.408856Z  INFO fs3_daemon::runner: done kind="embed" id=661339 left=33540
2026-08-28T10:47:59.524631Z  INFO fs3_daemon::runner: done kind=summarize subject=docs/plans/074-workflow-execution/workshops/004-cg-unit-update-cli.md::Workshop: cg unit update CLI Command::Command Design::The Problem: Arrays From the Command Line ms=33 left=33540
2026-08-28T10:47:59.537777Z  INFO fs3_daemon::runner: batch kind="embed" subject=1 x smart jobs=1 ms=0
2026-08-28T10:47:59.561219Z  INFO fs3_daemon::runner: done kind="embed" id=661340 left=33539
2026-08-28T10:47:59.673905Z  INFO fs3_daemon::runner: done kind=summarize subject=docs/plans/074-workflow-execution/workshops/004-cg-unit-update-cli.md::Workshop: cg unit update CLI Command::Command Design ms=34 left=33539
2026-08-28T10:47:59.685750Z  INFO fs3_daemon::runner: batch kind="embed" subject=1 x smart jobs=1 ms=0
2026-08-28T10:47:59.709184Z  INFO fs3_daemon::runner: done kind="embed" id=661341 left=33538
2026-08-28T10:47:59.820746Z  INFO fs3_daemon::runner: batch kind="embed" subject=1 x smart jobs=1 ms=1
2026-08-28T10:47:59.848099Z  INFO fs3_daemon::runner: done kind=summarize subject=docs/plans/074-workflow-execution/workshops/004-cg-unit-update-cli.md::Workshop: cg unit update CLI Command::What Already Exists::UpdateUnitPatch — The Patch Type ms=66 left=33538
2026-08-28T10:47:59.869229Z  INFO fs3_daemon::runner: done kind="embed" id=661342 left=33537
2026-08-28T10:47:59.983407Z  INFO fs3_daemon::runner: batch kind="embed" subject=1 x smart jobs=1 ms=0
2026-08-28T10:47:59.998384Z  INFO fs3_daemon::runner: done kind=summarize subject=docs/plans/074-workflow-execution/workshops/004-cg-unit-update-cli.md::Workshop: cg unit update CLI Command::What Already Exists::WorkUnitService.update() — The Service Method ms=44 left=33537
2026-08-28T10:48:00.009391Z  INFO fs3_daemon::runner: done kind="embed" id=661343 left=33536
2026-08-28T10:48:00.123442Z  INFO fs3_daemon::runner: done kind=summarize subject=docs/plans/074-workflow-execution/workshops/004-cg-unit-update-cli.md::Workshop: cg unit update CLI Command::What Already Exists ms=30 left=33536
2026-08-28T10:48:00.133328Z  INFO fs3_daemon::runner: batch kind="embed" subject=1 x smart jobs=1 ms=0
2026-08-28T10:48:00.148519Z  INFO fs3_daemon::runner: done kind="embed" id=661344 left=33535
2026-08-28T10:48:00.262852Z  INFO fs3_daemon::runner: done kind=summarize subject=docs/plans/074-workflow-execution/workshops/004-cg-unit-update-cli.md::Workshop: cg unit update CLI Command::Background: How Units Relate to Templates ms=31 left=33535
2026-08-28T10:48:00.271565Z  INFO fs3_daemon::runner: batch kind="embed" subject=1 x smart jobs=1 ms=0
2026-08-28T10:48:00.299567Z  INFO fs3_daemon::runner: done kind="embed" id=661345 left=33534
2026-08-28T10:48:00.394419Z  INFO fs3_daemon::runner: done kind=summarize subject=docs/plans/074-workflow-execution/workshops/004-cg-unit-update-cli.md::Workshop: cg unit update CLI Command ms=13 left=33534
2026-08-28T10:48:00.401829Z  INFO fs3_daemon::runner: batch kind="embed" subject=1 x smart jobs=1 ms=0
2026-08-28T10:48:00.410022Z  INFO fs3_daemon::runner: done kind="embed" id=661346 left=33533
2026-08-28T10:48:00.483814Z  INFO fs3_daemon::runner: done kind=summarize subject=docs/plans/074-workflow-execution/workshops/003-harness-test-data-cli.md::Workshop: Harness Test-Data CLI::Quick Reference ms=10 left=33533
2026-08-28T10:48:00.496010Z  INFO fs3_daemon::runner: batch kind="embed" subject=1 x smart jobs=1 ms=0
2026-08-28T10:48:00.502521Z  INFO fs3_daemon::runner: done kind="embed" id=661347 left=33532
2026-08-28T10:48:00.595215Z  INFO fs3_daemon::runner: done kind=summarize subject=docs/plans/074-workflow-execution/workshops/003-harness-test-data-cli.md::Workshop: Harness Test-Data CLI::Open Questions ms=18 left=33532
2026-08-28T10:48:00.643896Z  INFO fs3_daemon::runner: progress phase="working" scanned=61587 scan_left=33 summarized=124580 summarize_left=33498 embedded=203079 embed_left=1 failed=0
2026-08-28T10:48:00.667074Z  INFO fs3_daemon::runner: batch kind="embed" subject=2 x smart jobs=2 ms=0
2026-08-28T10:48:00.674085Z  INFO fs3_daemon::runner: done kind="embed" id=661349 left=33531
2026-08-28T10:48:00.742007Z  INFO fs3_daemon::runner: done kind="embed" id=661348 left=33530
2026-08-28T10:48:00.825712Z  INFO fs3_daemon::runner: done kind=summarize subject=docs/plans/074-workflow-execution/workshops/003-harness-test-data-cli.md::Workshop: Harness Test-Data CLI::Agent Retrospective Integration ms=15 left=33530
2026-08-28T10:48:00.854276Z  INFO fs3_daemon::runner: done kind=summarize subject=docs/plans/074-workflow-execution/workshops/003-harness-test-data-cli.md::Workshop: Harness Test-Data CLI::Justfile Integration ms=16 left=33530
2026-08-28T10:48:00.869250Z  INFO fs3_daemon::runner: batch kind="embed" subject=1 x smart jobs=1 ms=0
2026-08-28T10:48:00.881687Z  INFO fs3_daemon::runner: done kind="embed" id=661350 left=33529
2026-08-28T10:48:00.971079Z  INFO fs3_daemon::runner: done kind=summarize subject=docs/plans/074-workflow-execution/workshops/003-harness-test-data-cli.md::Workshop: Harness Test-Data CLI::Commander.js Registration ms=13 left=33529
2026-08-28T10:48:01.023146Z  INFO fs3_daemon::runner: batch kind="embed" subject=1 x smart jobs=1 ms=7
2026-08-28T10:48:01.044883Z  INFO fs3_daemon::runner: done kind="embed" id=661351 left=33528
2026-08-28T10:48:01.165126Z  INFO fs3_daemon::runner: done kind=summarize subject=docs/plans/074-workflow-execution/workshops/003-harness-test-data-cli.md::Workshop: Harness Test-Data CLI::Error Codes ms=16 left=33528
2026-08-28T10:48:01.187849Z  INFO fs3_daemon::runner: batch kind="embed" subject=1 x smart jobs=1 ms=0
2026-08-28T10:48:01.199844Z  INFO fs3_daemon::runner: done kind="embed" id=661352 left=33527
2026-08-28T10:48:01.285926Z  INFO fs3_daemon::runner: done kind=summarize subject=docs/plans/074-workflow-execution/workshops/003-harness-test-data-cli.md::Workshop: Harness Test-Data CLI::Template Graph Topology ms=16 left=33527
2026-08-28T10:48:01.298691Z  INFO fs3_daemon::runner: batch kind="embed" subject=1 x smart jobs=1 ms=0
2026-08-28T10:48:01.305921Z  INFO fs3_daemon::runner: done kind="embed" id=661353 left=33526
2026-08-28T10:48:01.399324Z  INFO fs3_daemon::runner: done kind=summarize subject=docs/plans/074-workflow-execution/workshops/003-harness-test-data-cli.md::Workshop: Harness Test-Data CLI::Unit Definitions (Hardcoded YAML)::test-user-input (unit.yaml) ms=21 left=33526
2026-08-28T10:48:01.404070Z  INFO fs3_daemon::runner: batch kind="embed" subject=1 x smart jobs=1 ms=1
2026-08-28T10:48:01.412725Z  INFO fs3_daemon::runner: done kind="embed" id=661354 left=33525
2026-08-28T10:48:01.500824Z  INFO fs3_daemon::runner: done kind=summarize subject=docs/plans/074-workflow-execution/workshops/003-harness-test-data-cli.md::Workshop: Harness Test-Data CLI::Unit Definitions (Hardcoded YAML)::test-code (unit.yaml) ms=14 left=33525
2026-08-28T10:48:01.513738Z  INFO fs3_daemon::runner: batch kind="embed" subject=1 x smart jobs=1 ms=0
2026-08-28T10:48:01.521954Z  INFO fs3_daemon::runner: done kind="embed" id=661355 left=33524
2026-08-28T10:48:01.611512Z  INFO fs3_daemon::runner: done kind=summarize subject=docs/plans/074-workflow-execution/workshops/003-harness-test-data-cli.md::Workshop: Harness Test-Data CLI::Unit Definitions (Hardcoded YAML)::test-agent (unit.yaml) ms=15 left=33524
2026-08-28T10:48:01.622142Z  INFO fs3_daemon::runner: batch kind="embed" subject=1 x smart jobs=1 ms=1
2026-08-28T10:48:01.631697Z  INFO fs3_daemon::runner: done kind="embed" id=661356 left=33523
2026-08-28T10:48:01.718856Z  INFO fs3_daemon::runner: done kind=summarize subject=docs/plans/074-workflow-execution/workshops/003-harness-test-data-cli.md::Workshop: Harness Test-Data CLI::Unit Definitions (Hardcoded YAML) ms=12 left=33523
2026-08-28T10:48:01.734295Z  INFO fs3_daemon::runner: batch kind="embed" subject=1 x smart jobs=1 ms=0
2026-08-28T10:48:01.743596Z  INFO fs3_daemon::runner: done kind="embed" id=661357 left=33522
2026-08-28T10:48:01.825662Z  INFO fs3_daemon::runner: done kind=summarize subject=docs/plans/074-workflow-execution/workshops/003-harness-test-data-cli.md::Workshop: Harness Test-Data CLI::File Structure::constants.ts ms=13 left=33522
2026-08-28T10:48:01.838866Z  INFO fs3_daemon::runner: batch kind="embed" subject=1 x smart jobs=1 ms=2
2026-08-28T10:48:01.846146Z  INFO fs3_daemon::runner: done kind="embed" id=661358 left=33521
2026-08-28T10:48:01.928400Z  INFO fs3_daemon::runner: done kind=summarize subject=docs/plans/074-workflow-execution/workshops/003-harness-test-data-cli.md::Workshop: Harness Test-Data CLI::File Structure ms=8 left=33521
2026-08-28T10:48:01.942650Z  INFO fs3_daemon::runner: batch kind="embed" subject=1 x smart jobs=1 ms=0
2026-08-28T10:48:01.951693Z  INFO fs3_daemon::runner: done kind="embed" id=661359 left=33520
2026-08-28T10:48:02.047848Z  INFO fs3_daemon::runner: done kind=summarize subject=docs/plans/074-workflow-execution/workshops/003-harness-test-data-cli.md::Workshop: Harness Test-Data CLI::Local vs Container Execution::Workspace resolution ms=21 left=33520
2026-08-28T10:48:02.050141Z  INFO fs3_daemon::runner: batch kind="embed" subject=1 x smart jobs=1 ms=0
2026-08-28T10:48:02.057487Z  INFO fs3_daemon::runner: done kind="embed" id=661360 left=33519
2026-08-28T10:48:02.147079Z  INFO fs3_daemon::runner: done kind=summarize subject=docs/plans/074-workflow-execution/workshops/003-harness-test-data-cli.md::Workshop: Harness Test-Data CLI::Local vs Container Execution ms=15 left=33519
2026-08-28T10:48:02.153576Z  INFO fs3_daemon::runner: batch kind="embed" subject=1 x smart jobs=1 ms=0
2026-08-28T10:48:02.161203Z  INFO fs3_daemon::runner: done kind="embed" id=661361 left=33518
2026-08-28T10:48:02.245146Z  INFO fs3_daemon::runner: done kind=summarize subject=docs/plans/074-workflow-execution/workshops/003-harness-test-data-cli.md::Workshop: Harness Test-Data CLI::Command Details::`harness test-data stop` ms=15 left=33518
2026-08-28T10:48:02.254533Z  INFO fs3_daemon::runner: batch kind="embed" subject=1 x smart jobs=1 ms=0
2026-08-28T10:48:02.261794Z  INFO fs3_daemon::runner: done kind="embed" id=661362 left=33517
2026-08-28T10:48:02.337847Z  INFO fs3_daemon::runner: done kind=summarize subject=docs/plans/074-workflow-execution/workshops/003-harness-test-data-cli.md::Workshop: Harness Test-Data CLI::Command Details::`harness test-data run` ms=14 left=33517
2026-08-28T10:48:02.347206Z  INFO fs3_daemon::runner: batch kind="embed" subject=1 x smart jobs=1 ms=1
2026-08-28T10:48:02.354403Z  INFO fs3_daemon::runner: done kind="embed" id=661363 left=33516
2026-08-28T10:48:02.439810Z  INFO fs3_daemon::runner: done kind=summarize subject=docs/plans/074-workflow-execution/workshops/003-harness-test-data-cli.md::Workshop: Harness Test-Data CLI::Command Details::`harness test-data status` ms=8 left=33516
2026-08-28T10:48:02.458595Z  INFO fs3_daemon::runner: batch kind="embed" subject=1 x smart jobs=1 ms=0
2026-08-28T10:48:02.469326Z  INFO fs3_daemon::runner: done kind="embed" id=661364 left=33515
2026-08-28T10:48:02.552471Z  INFO fs3_daemon::runner: done kind=summarize subject=docs/plans/074-workflow-execution/workshops/003-harness-test-data-cli.md::Workshop: Harness Test-Data CLI::Command Details::`harness test-data clean [scope]` ms=14 left=33515
2026-08-28T10:48:02.562532Z  INFO fs3_daemon::runner: batch kind="embed" subject=1 x smart jobs=1 ms=0
2026-08-28T10:48:02.571948Z  INFO fs3_daemon::runner: done kind="embed" id=661365 left=33514
2026-08-28T10:48:02.661076Z  INFO fs3_daemon::runner: done kind=summarize subject=docs/plans/074-workflow-execution/workshops/003-harness-test-data-cli.md::Workshop: Harness Test-Data CLI::Command Details::`harness test-data create env` — The Aggregate ms=18 left=33514
2026-08-28T10:48:02.667985Z  INFO fs3_daemon::runner: batch kind="embed" subject=1 x smart jobs=1 ms=0
2026-08-28T10:48:02.675917Z  INFO fs3_daemon::runner: done kind="embed" id=661366 left=33513
2026-08-28T10:48:02.762966Z  INFO fs3_daemon::runner: done kind=summarize subject=docs/plans/074-workflow-execution/workshops/003-harness-test-data-cli.md::Workshop: Harness Test-Data CLI::Command Details::`harness test-data create workflow` ms=14 left=33513
2026-08-28T10:48:02.771028Z  INFO fs3_daemon::runner: batch kind="embed" subject=1 x smart jobs=1 ms=0
2026-08-28T10:48:02.777067Z  INFO fs3_daemon::runner: done kind="embed" id=661367 left=33512
2026-08-28T10:48:02.858007Z  INFO fs3_daemon::runner: done kind=summarize subject=docs/plans/074-workflow-execution/workshops/003-harness-test-data-cli.md::Workshop: Harness Test-Data CLI::Command Details::`harness test-data create template` ms=15 left=33512
2026-08-28T10:48:02.862960Z  INFO fs3_daemon::runner: batch kind="embed" subject=1 x smart jobs=1 ms=0
2026-08-28T10:48:02.868379Z  INFO fs3_daemon::runner: done kind="embed" id=661368 left=33511
2026-08-28T10:48:02.950966Z  INFO fs3_daemon::runner: done kind=summarize subject=docs/plans/074-workflow-execution/workshops/003-harness-test-data-cli.md::Workshop: Harness Test-Data CLI::Command Details::`harness test-data create units` ms=15 left=33511
2026-08-28T10:48:02.957923Z  INFO fs3_daemon::runner: batch kind="embed" subject=1 x smart jobs=1 ms=0
2026-08-28T10:48:02.963875Z  INFO fs3_daemon::runner: done kind="embed" id=661369 left=33510
2026-08-28T10:48:03.050359Z  INFO fs3_daemon::runner: done kind=summarize subject=docs/plans/074-workflow-execution/workshops/003-harness-test-data-cli.md::Workshop: Harness Test-Data CLI::Command Details ms=12 left=33510
2026-08-28T10:48:03.058743Z  INFO fs3_daemon::runner: batch kind="embed" subject=1 x smart jobs=1 ms=0
2026-08-28T10:48:03.068498Z  INFO fs3_daemon::runner: done kind="embed" id=661370 left=33509
2026-08-28T10:48:03.148406Z  INFO fs3_daemon::runner: done kind=summarize subject=docs/plans/074-workflow-execution/workshops/003-harness-test-data-cli.md::Workshop: Harness Test-Data CLI::Hardcoded Test Data::Test Workflow Template ms=11 left=33509
2026-08-28T10:48:03.164121Z  INFO fs3_daemon::runner: batch kind="embed" subject=1 x smart jobs=1 ms=0
2026-08-28T10:48:03.171912Z  INFO fs3_daemon::runner: done kind="embed" id=661371 left=33508
2026-08-28T10:48:03.249497Z  INFO fs3_daemon::runner: done kind=summarize subject=docs/plans/074-workflow-execution/workshops/003-harness-test-data-cli.md::Workshop: Harness Test-Data CLI::Hardcoded Test Data::Test Work Units ms=12 left=33508
2026-08-28T10:48:03.261201Z  INFO fs3_daemon::runner: batch kind="embed" subject=1 x smart jobs=1 ms=0
2026-08-28T10:48:03.269142Z  INFO fs3_daemon::runner: done kind="embed" id=661372 left=33507
2026-08-28T10:48:03.347358Z  INFO fs3_daemon::runner: done kind=summarize subject=docs/plans/074-workflow-execution/workshops/003-harness-test-data-cli.md::Workshop: Harness Test-Data CLI::Hardcoded Test Data ms=10 left=33507
2026-08-28T10:48:03.358947Z  INFO fs3_daemon::runner: batch kind="embed" subject=1 x smart jobs=1 ms=0
2026-08-28T10:48:03.477137Z  INFO fs3_daemon::runner: done kind="embed" id=661373 left=33506
2026-08-28T10:48:03.596241Z  INFO fs3_daemon::runner: batch kind="embed" subject=1 x smart jobs=1 ms=0
2026-08-28T10:48:03.607118Z  INFO fs3_daemon::runner: done kind=summarize subject=docs/plans/074-workflow-execution/workshops/003-harness-test-data-cli.md::Workshop: Harness Test-Data CLI::The runCg() Helper ms=50 left=33506
2026-08-28T10:48:03.628369Z  INFO fs3_daemon::runner: done kind="embed" id=661374 left=33505
2026-08-28T10:48:03.736760Z  INFO fs3_daemon::runner: done kind=summarize subject=docs/plans/074-workflow-execution/workshops/003-harness-test-data-cli.md::Workshop: Harness Test-Data CLI::Command Summary ms=28 left=33505
2026-08-28T10:48:03.745573Z  INFO fs3_daemon::runner: batch kind="embed" subject=1 x smart jobs=1 ms=0
2026-08-28T10:48:03.767671Z  INFO fs3_daemon::runner: done kind="embed" id=661375 left=33504
2026-08-28T10:48:03.869250Z  INFO fs3_daemon::runner: done kind=summarize subject=docs/plans/074-workflow-execution/workshops/003-harness-test-data-cli.md::Workshop: Harness Test-Data CLI::Critical: Local CLI Invocation ms=27 left=33504
2026-08-28T10:48:03.876323Z  INFO fs3_daemon::runner: batch kind="embed" subject=1 x smart jobs=1 ms=0
2026-08-28T10:48:03.894682Z  INFO fs3_daemon::runner: done kind="embed" id=661376 left=33503
2026-08-28T10:48:04.003664Z  INFO fs3_daemon::runner: done kind=summarize subject=docs/plans/074-workflow-execution/workshops/003-harness-test-data-cli.md::Workshop: Harness Test-Data CLI::The Core Idea ms=28 left=33503
2026-08-28T10:48:04.011755Z  INFO fs3_daemon::runner: batch kind="embed" subject=1 x smart jobs=1 ms=0
2026-08-28T10:48:04.031522Z  INFO fs3_daemon::runner: done kind="embed" id=661377 left=33502
2026-08-28T10:48:04.142987Z  INFO fs3_daemon::runner: done kind=summarize subject=docs/plans/074-workflow-execution/workshops/003-harness-test-data-cli.md::Workshop: Harness Test-Data CLI::Key Questions Addressed ms=32 left=33502
2026-08-28T10:48:04.153458Z  INFO fs3_daemon::runner: batch kind="embed" subject=1 x smart jobs=1 ms=0
2026-08-28T10:48:04.170681Z  INFO fs3_daemon::runner: done kind="embed" id=661378 left=33501
2026-08-28T10:48:04.278251Z  INFO fs3_daemon::runner: done kind=summarize subject=docs/plans/074-workflow-execution/workshops/003-harness-test-data-cli.md::Workshop: Harness Test-Data CLI ms=26 left=33501
2026-08-28T10:48:04.281642Z  INFO fs3_daemon::runner: batch kind="embed" subject=1 x smart jobs=1 ms=0
2026-08-28T10:48:04.297868Z  INFO fs3_daemon::runner: done kind="embed" id=661379 left=33500
2026-08-28T10:48:04.401392Z  INFO fs3_daemon::runner: done kind=summarize subject=docs/plans/074-workflow-execution/workshops/002-central-orchestration-host.md::Workshop: Central Orchestration Host::Summary: Why This Design Is Approachable ms=28 left=33500
2026-08-28T10:48:04.409465Z  INFO fs3_daemon::runner: batch kind="embed" subject=1 x smart jobs=1 ms=0
2026-08-28T10:48:04.431582Z  INFO fs3_daemon::runner: done kind="embed" id=661380 left=33499
2026-08-28T10:48:04.543212Z  INFO fs3_daemon::runner: batch kind="embed" subject=1 x smart jobs=1 ms=0
2026-08-28T10:48:04.566624Z  INFO fs3_daemon::runner: done kind=summarize subject=docs/plans/074-workflow-execution/workshops/002-central-orchestration-host.md::Workshop: Central Orchestration Host::Open Questions ms=59 left=33499
2026-08-28T10:48:04.586780Z  INFO fs3_daemon::runner: done kind="embed" id=661381 left=33498
2026-08-28T10:48:04.706699Z  INFO fs3_daemon::runner: done kind=summarize subject=docs/plans/074-workflow-execution/workshops/002-central-orchestration-host.md::Workshop: Central Orchestration Host::DX: What Does a Developer Actually Touch?::To wire this feature end-to-end: ms=38 left=33498
2026-08-28T10:48:04.723228Z  INFO fs3_daemon::runner: batch kind="embed" subject=1 x smart jobs=1 ms=0
2026-08-28T10:48:04.760239Z  INFO fs3_daemon::runner: done kind="embed" id=661382 left=33497
2026-08-28T10:48:04.857487Z  INFO fs3_daemon::runner: batch kind="embed" subject=1 x smart jobs=1 ms=0
2026-08-28T10:48:04.867852Z  INFO fs3_daemon::runner: done kind="embed" id=661383 left=33496
2026-08-28T10:48:04.870015Z  INFO fs3_daemon::runner: done kind=summarize subject=docs/plans/074-workflow-execution/workshops/002-central-orchestration-host.md::Workshop: Central Orchestration Host::DX: What Does a Developer Actually Touch? ms=37 left=33497
2026-08-28T10:48:04.958338Z  INFO fs3_daemon::runner: done kind=summarize subject=docs/plans/074-workflow-execution/workshops/002-central-orchestration-host.md::Workshop: Central Orchestration Host::Complete State Flow Diagram ms=14 left=33496
2026-08-28T10:48:04.970188Z  INFO fs3_daemon::runner: batch kind="embed" subject=1 x smart jobs=1 ms=0
2026-08-28T10:48:04.977794Z  INFO fs3_daemon::runner: done kind="embed" id=661384 left=33495
2026-08-28T10:48:05.059813Z  INFO fs3_daemon::runner: done kind=summarize subject=docs/plans/074-workflow-execution/workshops/002-central-orchestration-host.md::Workshop: Central Orchestration Host::Execution Registry: File Format::Persistence Timing ms=14 left=33495
2026-08-28T10:48:05.066996Z  INFO fs3_daemon::runner: batch kind="embed" subject=1 x smart jobs=1 ms=0
2026-08-28T10:48:05.080278Z  INFO fs3_daemon::runner: done kind="embed" id=661385 left=33494
2026-08-28T10:48:05.185771Z  INFO fs3_daemon::runner: batch kind="embed" subject=1 x smart jobs=1 ms=1
2026-08-28T10:48:05.205714Z  INFO fs3_daemon::runner: done kind=summarize subject=docs/plans/074-workflow-execution/workshops/002-central-orchestration-host.md::Workshop: Central Orchestration Host::Execution Registry: File Format ms=52 left=33494
2026-08-28T10:48:05.229092Z  INFO fs3_daemon::runner: done kind="embed" id=661386 left=33493
2026-08-28T10:48:05.361722Z  INFO fs3_daemon::runner: done kind=summarize subject=docs/plans/074-workflow-execution/workshops/002-central-orchestration-host.md::Workshop: Central Orchestration Host::Dependency Wiring::createWorkflowExecutionManager() Factory ms=52 left=33493
2026-08-28T10:48:05.371031Z  INFO fs3_daemon::runner: batch kind="embed" subject=1 x smart jobs=1 ms=0
2026-08-28T10:48:05.390100Z  INFO fs3_daemon::runner: done kind="embed" id=661387 left=33492
2026-08-28T10:48:05.510278Z  INFO fs3_daemon::runner: batch kind="embed" subject=1 x smart jobs=1 ms=0
2026-08-28T10:48:05.530887Z  INFO fs3_daemon::runner: done kind=summarize subject=docs/plans/074-workflow-execution/workshops/002-central-orchestration-host.md::Workshop: Central Orchestration Host::Dependency Wiring ms=55 left=33492
2026-08-28T10:48:05.538104Z  INFO fs3_daemon::runner: done kind="embed" id=661388 left=33491
2026-08-28T10:48:05.624777Z  INFO fs3_daemon::runner: done kind=summarize subject=docs/plans/074-workflow-execution/workshops/002-central-orchestration-host.md::Workshop: Central Orchestration Host::Concurrency Model::How Many Workflows Can Run Simultaneously? ms=14 left=33491
2026-08-28T10:48:05.629756Z  INFO fs3_daemon::runner: batch kind="embed" subject=1 x smart jobs=1 ms=1
2026-08-28T10:48:05.636901Z  INFO fs3_daemon::runner: done kind="embed" id=661389 left=33490
2026-08-28T10:48:05.735599Z  INFO fs3_daemon::runner: done kind=summarize subject=docs/plans/074-workflow-execution/workshops/002-central-orchestration-host.md::Workshop: Central Orchestration Host::Concurrency Model ms=27 left=33490
2026-08-28T10:48:05.772626Z  INFO fs3_daemon::runner: progress phase="working" scanned=61587 scan_left=33 summarized=124622 summarize_left=33456 embedded=203121 embed_left=1 failed=0
2026-08-28T10:48:05.794802Z  INFO fs3_daemon::runner: batch kind="embed" subject=2 x smart jobs=2 ms=0
2026-08-28T10:48:05.800906Z  INFO fs3_daemon::runner: done kind="embed" id=661390 left=33489
2026-08-28T10:48:05.869793Z  INFO fs3_daemon::runner: done kind="embed" id=661391 left=33488
2026-08-28T10:48:05.947565Z  INFO fs3_daemon::runner: done kind=summarize subject=docs/plans/074-workflow-execution/workshops/002-central-orchestration-host.md::Workshop: Central Orchestration Host::Server Actions: Thin Wrappers ms=13 left=33488
2026-08-28T10:48:05.978869Z  INFO fs3_daemon::runner: done kind=summarize subject=docs/plans/074-workflow-execution/workshops/002-central-orchestration-host.md::Workshop: Central Orchestration Host::State Broadcasting: The Manager Knows Everything::ServerEventRouteDescriptor (follows work-unit-state pattern) ms=16 left=33488
2026-08-28T10:48:05.983240Z  INFO fs3_daemon::runner: batch kind="embed" subject=1 x smart jobs=1 ms=0
2026-08-28T10:48:05.989583Z  INFO fs3_daemon::runner: done kind="embed" id=661392 left=33487
2026-08-28T10:48:06.078118Z  INFO fs3_daemon::runner: done kind=summarize subject=docs/plans/074-workflow-execution/workshops/002-central-orchestration-host.md::Workshop: Central Orchestration Host::State Broadcasting: The Manager Knows Everything::What the UI Sees ms=16 left=33487
2026-08-28T10:48:06.085185Z  INFO fs3_daemon::runner: batch kind="embed" subject=1 x smart jobs=1 ms=0
2026-08-28T10:48:06.092600Z  INFO fs3_daemon::runner: done kind="embed" id=661393 left=33486
2026-08-28T10:48:06.174931Z  INFO fs3_daemon::runner: done kind=summarize subject=docs/plans/074-workflow-execution/workshops/002-central-orchestration-host.md::Workshop: Central Orchestration Host::State Broadcasting: The Manager Knows Everything::handleEvent() — The Bridge ms=11 left=33486
2026-08-28T10:48:06.185985Z  INFO fs3_daemon::runner: batch kind="embed" subject=1 x smart jobs=1 ms=0
2026-08-28T10:48:06.193561Z  INFO fs3_daemon::runner: done kind="embed" id=661394 left=33485
2026-08-28T10:48:06.275821Z  INFO fs3_daemon::runner: done kind=summarize subject=docs/plans/074-workflow-execution/workshops/002-central-orchestration-host.md::Workshop: Central Orchestration Host::State Broadcasting: The Manager Knows Everything ms=13 left=33485
2026-08-28T10:48:06.289127Z  INFO fs3_daemon::runner: batch kind="embed" subject=1 x smart jobs=1 ms=1
2026-08-28T10:48:06.296249Z  INFO fs3_daemon::runner: done kind="embed" id=661395 left=33484
2026-08-28T10:48:06.365090Z  INFO fs3_daemon::runner: done kind=summarize subject=docs/plans/074-workflow-execution/workshops/002-central-orchestration-host.md::Workshop: Central Orchestration Host::Server Restart Recovery::Bootstrap Sequence ms=12 left=33484
2026-08-28T10:48:06.376949Z  INFO fs3_daemon::runner: batch kind="embed" subject=1 x smart jobs=1 ms=1
2026-08-28T10:48:06.384477Z  INFO fs3_daemon::runner: done kind="embed" id=661396 left=33483
2026-08-28T10:48:06.473952Z  INFO fs3_daemon::runner: done kind=summarize subject=docs/plans/074-workflow-execution/workshops/002-central-orchestration-host.md::Workshop: Central Orchestration Host::Server Restart Recovery::resumeAll() — Post-Restart Recovery ms=18 left=33483
2026-08-28T10:48:06.480514Z  INFO fs3_daemon::runner: batch kind="embed" subject=1 x smart jobs=1 ms=0
2026-08-28T10:48:06.489176Z  INFO fs3_daemon::runner: done kind="embed" id=661397 left=33482
2026-08-28T10:48:06.573094Z  INFO fs3_daemon::runner: done kind=summarize subject=docs/plans/074-workflow-execution/workshops/002-central-orchestration-host.md::Workshop: Central Orchestration Host::Server Restart Recovery::The Execution Registry ms=10 left=33482
2026-08-28T10:48:06.584021Z  INFO fs3_daemon::runner: batch kind="embed" subject=1 x smart jobs=1 ms=0
2026-08-28T10:48:06.595098Z  INFO fs3_daemon::runner: done kind="embed" id=661398 left=33481
2026-08-28T10:48:06.686680Z  INFO fs3_daemon::runner: done kind=summarize subject=docs/plans/074-workflow-execution/workshops/002-central-orchestration-host.md::Workshop: Central Orchestration Host::Server Restart Recovery ms=18 left=33481
2026-08-28T10:48:06.691171Z  INFO fs3_daemon::runner: batch kind="embed" subject=1 x smart jobs=1 ms=0
2026-08-28T10:48:06.697674Z  INFO fs3_daemon::runner: done kind="embed" id=661399 left=33480
2026-08-28T10:48:06.789090Z  INFO fs3_daemon::runner: done kind=summarize subject=docs/plans/074-workflow-execution/workshops/002-central-orchestration-host.md::Workshop: Central Orchestration Host::The Manager API::restart() ms=15 left=33480
2026-08-28T10:48:06.797907Z  INFO fs3_daemon::runner: batch kind="embed" subject=1 x smart jobs=1 ms=0
2026-08-28T10:48:06.805289Z  INFO fs3_daemon::runner: done kind="embed" id=661400 left=33479
2026-08-28T10:48:06.891185Z  INFO fs3_daemon::runner: done kind=summarize subject=docs/plans/074-workflow-execution/workshops/002-central-orchestration-host.md::Workshop: Central Orchestration Host::The Manager API::stop() ms=14 left=33479
2026-08-28T10:48:06.902941Z  INFO fs3_daemon::runner: batch kind="embed" subject=1 x smart jobs=1 ms=0
2026-08-28T10:48:06.908514Z  INFO fs3_daemon::runner: done kind="embed" id=661401 left=33478
2026-08-28T10:48:06.990236Z  INFO fs3_daemon::runner: done kind=summarize subject=docs/plans/074-workflow-execution/workshops/002-central-orchestration-host.md::Workshop: Central Orchestration Host::The Manager API::start() ms=15 left=33478
2026-08-28T10:48:06.994245Z  INFO fs3_daemon::runner: batch kind="embed" subject=1 x smart jobs=1 ms=0
2026-08-28T10:48:06.999606Z  INFO fs3_daemon::runner: done kind="embed" id=661402 left=33477
2026-08-28T10:48:07.079819Z  INFO fs3_daemon::runner: done kind=summarize subject=docs/plans/074-workflow-execution/workshops/002-central-orchestration-host.md::Workshop: Central Orchestration Host::The Manager API ms=11 left=33477
2026-08-28T10:48:07.085334Z  INFO fs3_daemon::runner: batch kind="embed" subject=1 x smart jobs=1 ms=0
2026-08-28T10:48:07.091624Z  INFO fs3_daemon::runner: done kind="embed" id=661403 left=33476
2026-08-28T10:48:07.164680Z  INFO fs3_daemon::runner: done kind=summarize subject=docs/plans/074-workflow-execution/workshops/002-central-orchestration-host.md::Workshop: Central Orchestration Host::The ExecutionHandle ms=10 left=33476
2026-08-28T10:48:07.178891Z  INFO fs3_daemon::runner: batch kind="embed" subject=1 x smart jobs=1 ms=1
2026-08-28T10:48:07.187100Z  INFO fs3_daemon::runner: done kind="embed" id=661404 left=33475
2026-08-28T10:48:07.266771Z  INFO fs3_daemon::runner: done kind=summarize subject=docs/plans/074-workflow-execution/workshops/002-central-orchestration-host.md::Workshop: Central Orchestration Host::Execution Key: Multi-Worktree Isolation::OrchestrationService Cache Fix ms=14 left=33475
2026-08-28T10:48:07.276712Z  INFO fs3_daemon::runner: batch kind="embed" subject=1 x smart jobs=1 ms=0
2026-08-28T10:48:07.283308Z  INFO fs3_daemon::runner: done kind="embed" id=661405 left=33474
2026-08-28T10:48:07.368473Z  INFO fs3_daemon::runner: done kind=summarize subject=docs/plans/074-workflow-execution/workshops/002-central-orchestration-host.md::Workshop: Central Orchestration Host::Execution Key: Multi-Worktree Isolation ms=15 left=33474
2026-08-28T10:48:07.378255Z  INFO fs3_daemon::runner: batch kind="embed" subject=1 x smart jobs=1 ms=0
2026-08-28T10:48:07.387165Z  INFO fs3_daemon::runner: done kind="embed" id=661406 left=33473
2026-08-28T10:48:07.472923Z  INFO fs3_daemon::runner: done kind=summarize subject=docs/plans/074-workflow-execution/workshops/002-central-orchestration-host.md::Workshop: Central Orchestration Host::The Core Idea ms=15 left=33473
2026-08-28T10:48:07.475029Z  INFO fs3_daemon::runner: batch kind="embed" subject=1 x smart jobs=1 ms=0
2026-08-28T10:48:07.481269Z  INFO fs3_daemon::runner: done kind="embed" id=661407 left=33472
2026-08-28T10:48:07.571019Z  INFO fs3_daemon::runner: done kind=summarize subject=docs/plans/074-workflow-execution/workshops/002-central-orchestration-host.md::Workshop: Central Orchestration Host::Key Questions Addressed ms=18 left=33472
2026-08-28T10:48:07.572291Z  INFO fs3_daemon::runner: batch kind="embed" subject=1 x smart jobs=1 ms=0
2026-08-28T10:48:07.578991Z  INFO fs3_daemon::runner: done kind="embed" id=661408 left=33471
2026-08-28T10:48:07.657251Z  INFO fs3_daemon::runner: done kind=summarize subject=docs/plans/074-workflow-execution/workshops/002-central-orchestration-host.md::Workshop: Central Orchestration Host ms=10 left=33471
2026-08-28T10:48:07.666799Z  INFO fs3_daemon::runner: batch kind="embed" subject=1 x smart jobs=1 ms=0
2026-08-28T10:48:07.672436Z  INFO fs3_daemon::runner: done kind="embed" id=661409 left=33470
2026-08-28T10:48:07.743631Z  INFO fs3_daemon::runner: done kind=summarize subject=docs/plans/074-workflow-execution/workshops/001-execution-wiring-architecture.md::Workshop: Execution Wiring — What Exists, What's Missing, How to Plug It::Summary: What's Built vs What's New ms=9 left=33470
2026-08-28T10:48:07.760235Z  INFO fs3_daemon::runner: batch kind="embed" subject=1 x smart jobs=1 ms=0
2026-08-28T10:48:07.767317Z  INFO fs3_daemon::runner: done kind="embed" id=661410 left=33469
2026-08-28T10:48:07.846128Z  INFO fs3_daemon::runner: done kind=summarize subject=docs/plans/074-workflow-execution/workshops/001-execution-wiring-architecture.md::Workshop: Execution Wiring — What Exists, What's Missing, How to Plug It::Open Questions ms=13 left=33469
2026-08-28T10:48:07.852936Z  INFO fs3_daemon::runner: batch kind="embed" subject=1 x smart jobs=1 ms=0
2026-08-28T10:48:07.859757Z  INFO fs3_daemon::runner: done kind="embed" id=661411 left=33468
2026-08-28T10:48:07.940835Z  INFO fs3_daemon::runner: done kind=summarize subject=docs/plans/074-workflow-execution/workshops/001-execution-wiring-architecture.md::Workshop: Execution Wiring — What Exists, What's Missing, How to Plug It::GlobalState Route Descriptor (Reference Pattern)::New: workflow-execution (what we'd add) ms=13 left=33468
2026-08-28T10:48:07.953644Z  INFO fs3_daemon::runner: batch kind="embed" subject=1 x smart jobs=1 ms=0
2026-08-28T10:48:07.959905Z  INFO fs3_daemon::runner: done kind="embed" id=661412 left=33467
2026-08-28T10:48:08.031160Z  INFO fs3_daemon::runner: done kind=summarize subject=docs/plans/074-workflow-execution/workshops/001-execution-wiring-architecture.md::Workshop: Execution Wiring — What Exists, What's Missing, How to Plug It::GlobalState Route Descriptor (Reference Pattern)::Existing: work-unit-state (the pattern to follow) ms=11 left=33467
2026-08-28T10:48:08.042871Z  INFO fs3_daemon::runner: batch kind="embed" subject=1 x smart jobs=1 ms=0
2026-08-28T10:48:08.052806Z  INFO fs3_daemon::runner: done kind="embed" id=661413 left=33466
2026-08-28T10:48:08.134581Z  INFO fs3_daemon::runner: done kind=summarize subject=docs/plans/074-workflow-execution/workshops/001-execution-wiring-architecture.md::Workshop: Execution Wiring — What Exists, What's Missing, How to Plug It::GlobalState Route Descriptor (Reference Pattern) ms=11 left=33466
2026-08-28T10:48:08.145312Z  INFO fs3_daemon::runner: batch kind="embed" subject=1 x smart jobs=1 ms=0
2026-08-28T10:48:08.159167Z  INFO fs3_daemon::runner: done kind="embed" id=661414 left=33465
2026-08-28T10:48:08.241906Z  INFO fs3_daemon::runner: done kind=summarize subject=docs/plans/074-workflow-execution/workshops/001-execution-wiring-architecture.md::Workshop: Execution Wiring — What Exists, What's Missing, How to Plug It::The DriveEvent → SSE Bridge::What the UI sees: ms=12 left=33465
2026-08-28T10:48:08.251937Z  INFO fs3_daemon::runner: batch kind="embed" subject=1 x smart jobs=1 ms=0
2026-08-28T10:48:08.258957Z  INFO fs3_daemon::runner: done kind="embed" id=661415 left=33464
2026-08-28T10:48:08.341492Z  INFO fs3_daemon::runner: done kind=summarize subject=docs/plans/074-workflow-execution/workshops/001-execution-wiring-architecture.md::Workshop: Execution Wiring — What Exists, What's Missing, How to Plug It::The DriveEvent → SSE Bridge::How it works (the key integration point): ms=12 left=33464
2026-08-28T10:48:08.350326Z  INFO fs3_daemon::runner: batch kind="embed" subject=1 x smart jobs=1 ms=0
2026-08-28T10:48:08.358119Z  INFO fs3_daemon::runner: done kind="embed" id=661416 left=33463
2026-08-28T10:48:08.438667Z  INFO fs3_daemon::runner: done kind=summarize subject=docs/plans/074-workflow-execution/workshops/001-execution-wiring-architecture.md::Workshop: Execution Wiring — What Exists, What's Missing, How to Plug It::The DriveEvent → SSE Bridge ms=10 left=33463
2026-08-28T10:48:08.455262Z  INFO fs3_daemon::runner: batch kind="embed" subject=1 x smart jobs=1 ms=0
2026-08-28T10:48:08.462377Z  INFO fs3_daemon::runner: done kind="embed" id=661417 left=33462
2026-08-28T10:48:08.547190Z  INFO fs3_daemon::runner: done kind=summarize subject=docs/plans/074-workflow-execution/workshops/001-execution-wiring-architecture.md::Workshop: Execution Wiring — What Exists, What's Missing, How to Plug It::Node Locking During Execution::Rule: Running/completed nodes are locked. Future nodes are editable. ms=13 left=33462
2026-08-28T10:48:08.554784Z  INFO fs3_daemon::runner: batch kind="embed" subject=1 x smart jobs=1 ms=0
2026-08-28T10:48:08.562687Z  INFO fs3_daemon::runner: done kind="embed" id=661418 left=33461
2026-08-28T10:48:08.655713Z  INFO fs3_daemon::runner: done kind=summarize subject=docs/plans/074-workflow-execution/workshops/001-execution-wiring-architecture.md::Workshop: Execution Wiring — What Exists, What's Missing, How to Plug It::Node Locking During Execution ms=27 left=33461
2026-08-28T10:48:08.665038Z  INFO fs3_daemon::runner: batch kind="embed" subject=1 x smart jobs=1 ms=0
2026-08-28T10:48:08.683610Z  INFO fs3_daemon::runner: done kind="embed" id=661419 left=33460
2026-08-28T10:48:08.794563Z  INFO fs3_daemon::runner: done kind=summarize subject=docs/plans/074-workflow-execution/workshops/001-execution-wiring-architecture.md::Workshop: Execution Wiring — What Exists, What's Missing, How to Plug It::Execution State Machine::States ms=30 left=33460
2026-08-28T10:48:08.806162Z  INFO fs3_daemon::runner: batch kind="embed" subject=1 x smart jobs=1 ms=3
2026-08-28T10:48:08.827286Z  INFO fs3_daemon::runner: done kind="embed" id=661420 left=33459
2026-08-28T10:48:08.937330Z  INFO fs3_daemon::runner: done kind=summarize subject=docs/plans/074-workflow-execution/workshops/001-execution-wiring-architecture.md::Workshop: Execution Wiring — What Exists, What's Missing, How to Plug It::Execution State Machine ms=30 left=33459
2026-08-28T10:48:08.942097Z  INFO fs3_daemon::runner: batch kind="embed" subject=1 x smart jobs=1 ms=2
2026-08-28T10:48:08.963822Z  INFO fs3_daemon::runner: done kind="embed" id=661421 left=33458
2026-08-28T10:48:09.071168Z  INFO fs3_daemon::runner: done kind=summarize subject=docs/plans/074-workflow-execution/workshops/001-execution-wiring-architecture.md::Workshop: Execution Wiring — What Exists, What's Missing, How to Plug It::The Minimal Wiring Path::What we DON'T need to change: ms=32 left=33458
2026-08-28T10:48:09.096057Z  INFO fs3_daemon::runner: batch kind="embed" subject=1 x smart jobs=1 ms=0
2026-08-28T10:48:09.123352Z  INFO fs3_daemon::runner: done kind="embed" id=661422 left=33457
2026-08-28T10:48:09.243027Z  INFO fs3_daemon::runner: done kind=summarize subject=docs/plans/074-workflow-execution/workshops/001-execution-wiring-architecture.md::Workshop: Execution Wiring — What Exists, What's Missing, How to Plug It::The Minimal Wiring Path::What we need to WIRE (registration/plumbing, not new logic): ms=41 left=33457
2026-08-28T10:48:09.261785Z  INFO fs3_daemon::runner: batch kind="embed" subject=1 x smart jobs=1 ms=3
2026-08-28T10:48:09.288354Z  INFO fs3_daemon::runner: done kind="embed" id=661423 left=33456
2026-08-28T10:48:09.416567Z  INFO fs3_daemon::runner: batch kind="embed" subject=1 x smart jobs=1 ms=0
2026-08-28T10:48:09.441410Z  INFO fs3_daemon::runner: done kind=summarize subject=docs/plans/074-workflow-execution/workshops/001-execution-wiring-architecture.md::Workshop: Execution Wiring — What Exists, What's Missing, How to Plug It::The Minimal Wiring Path::What we need to BUILD (new code): ms=69 left=33456
2026-08-28T10:48:09.467223Z  INFO fs3_daemon::runner: done kind="embed" id=661424 left=33455
2026-08-28T10:48:09.591417Z  INFO fs3_daemon::runner: done kind=summarize subject=docs/plans/074-workflow-execution/workshops/001-execution-wiring-architecture.md::Workshop: Execution Wiring — What Exists, What's Missing, How to Plug It::The Minimal Wiring Path ms=29 left=33455
2026-08-28T10:48:09.599799Z  INFO fs3_daemon::runner: batch kind="embed" subject=1 x smart jobs=1 ms=0
2026-08-28T10:48:09.614293Z  INFO fs3_daemon::runner: done kind="embed" id=661425 left=33454
2026-08-28T10:48:09.742121Z  INFO fs3_daemon::runner: batch kind="embed" subject=1 x smart jobs=1 ms=0
2026-08-28T10:48:09.758511Z  INFO fs3_daemon::runner: done kind=summarize subject=docs/plans/074-workflow-execution/workshops/001-execution-wiring-architecture.md::Workshop: Execution Wiring — What Exists, What's Missing, How to Plug It::Event Flow: How Orchestration Reaches the UI::New SSE Channel Needed ms=57 left=33454
2026-08-28T10:48:09.770747Z  INFO fs3_daemon::runner: done kind="embed" id=661426 left=33453
2026-08-28T10:48:09.886884Z  INFO fs3_daemon::runner: batch kind="embed" subject=1 x smart jobs=1 ms=0
2026-08-28T10:48:09.901525Z  INFO fs3_daemon::runner: done kind=summarize subject=docs/plans/074-workflow-execution/workshops/001-execution-wiring-architecture.md::Workshop: Execution Wiring — What Exists, What's Missing, How to Plug It::Event Flow: How Orchestration Reaches the UI::What's NOT Wired: GlobalState Routing ms=40 left=33453
2026-08-28T10:48:09.914722Z  INFO fs3_daemon::runner: done kind="embed" id=661427 left=33452
2026-08-28T10:48:10.012320Z  INFO fs3_daemon::runner: done kind=summarize subject=docs/plans/074-workflow-execution/workshops/001-execution-wiring-architecture.md::Workshop: Execution Wiring — What Exists, What's Missing, How to Plug It::Event Flow: How Orchestration Reaches the UI::Current Path (filesystem-based, already working) ms=20 left=33452
2026-08-28T10:48:10.021199Z  INFO fs3_daemon::runner: batch kind="embed" subject=1 x smart jobs=1 ms=0
2026-08-28T10:48:10.040645Z  INFO fs3_daemon::runner: done kind="embed" id=661428 left=33451
2026-08-28T10:48:10.141984Z  INFO fs3_daemon::runner: done kind=summarize subject=docs/plans/074-workflow-execution/workshops/001-execution-wiring-architecture.md::Workshop: Execution Wiring — What Exists, What's Missing, How to Plug It::Event Flow: How Orchestration Reaches the UI ms=25 left=33451
2026-08-28T10:48:10.150373Z  INFO fs3_daemon::runner: batch kind="embed" subject=1 x smart jobs=1 ms=0
2026-08-28T10:48:10.172186Z  INFO fs3_daemon::runner: done kind="embed" id=661429 left=33450
2026-08-28T10:48:10.282297Z  INFO fs3_daemon::runner: batch kind="embed" subject=1 x smart jobs=1 ms=0
2026-08-28T10:48:10.297609Z  INFO fs3_daemon::runner: done kind=summarize subject=docs/plans/074-workflow-execution/workshops/001-execution-wiring-architecture.md::Workshop: Execution Wiring — What Exists, What's Missing, How to Plug It::What's Wired in CLI but NOT in Web::What `registerOrchestrationServices()` Actually Does ms=45 left=33450
2026-08-28T10:48:10.310517Z  INFO fs3_daemon::runner: done kind="embed" id=661430 left=33449
2026-08-28T10:48:10.390231Z  INFO fs3_daemon::runner: done kind=summarize subject=docs/plans/074-workflow-execution/workshops/001-execution-wiring-architecture.md::Workshop: Execution Wiring — What Exists, What's Missing, How to Plug It::What's Wired in CLI but NOT in Web::The AgentManager Mismatch ms=12 left=33449
2026-08-28T10:48:10.399941Z  INFO fs3_daemon::runner: batch kind="embed" subject=1 x smart jobs=1 ms=0
2026-08-28T10:48:10.407207Z  INFO fs3_daemon::runner: done kind="embed" id=661431 left=33448
2026-08-28T10:48:10.484306Z  INFO fs3_daemon::runner: done kind=summarize subject=docs/plans/074-workflow-execution/workshops/001-execution-wiring-architecture.md::Workshop: Execution Wiring — What Exists, What's Missing, How to Plug It::What's Wired in CLI but NOT in Web::DI Registration Gap ms=13 left=33448
2026-08-28T10:48:10.490475Z  INFO fs3_daemon::runner: batch kind="embed" subject=1 x smart jobs=1 ms=0
2026-08-28T10:48:10.496877Z  INFO fs3_daemon::runner: done kind="embed" id=661432 left=33447
2026-08-28T10:48:10.573875Z  INFO fs3_daemon::runner: done kind=summarize subject=docs/plans/074-workflow-execution/workshops/001-execution-wiring-architecture.md::Workshop: Execution Wiring — What Exists, What's Missing, How to Plug It::What's Wired in CLI but NOT in Web ms=11 left=33447
2026-08-28T10:48:10.583030Z  INFO fs3_daemon::runner: batch kind="embed" subject=1 x smart jobs=1 ms=0
2026-08-28T10:48:10.590245Z  INFO fs3_daemon::runner: done kind="embed" id=661433 left=33446
2026-08-28T10:48:10.681708Z  INFO fs3_daemon::runner: done kind=summarize subject=docs/plans/074-workflow-execution/workshops/001-execution-wiring-architecture.md::Workshop: Execution Wiring — What Exists, What's Missing, How to Plug It::The Engine Is Built — Here's What Each Piece Does::EventHandlerService (EHS) — The Settle Phase ms=13 left=33446
2026-08-28T10:48:10.689507Z  INFO fs3_daemon::runner: batch kind="embed" subject=1 x smart jobs=1 ms=0
2026-08-28T10:48:10.700117Z  INFO fs3_daemon::runner: done kind="embed" id=661434 left=33445
2026-08-28T10:48:10.785945Z  INFO fs3_daemon::runner: done kind=summarize subject=docs/plans/074-workflow-execution/workshops/001-execution-wiring-architecture.md::Workshop: Execution Wiring — What Exists, What's Missing, How to Plug It::The Engine Is Built — Here's What Each Piece Does::PodManager — Pod Lifecycle + Session Tracking ms=12 left=33445
2026-08-28T10:48:10.839097Z  INFO fs3_daemon::runner: progress phase="working" scanned=61587 scan_left=33 summarized=124667 summarize_left=33411 embedded=203166 embed_left=1 failed=0
2026-08-28T10:48:10.859383Z  INFO fs3_daemon::runner: batch kind="embed" subject=2 x smart jobs=2 ms=0
2026-08-28T10:48:10.865171Z  INFO fs3_daemon::runner: done kind="embed" id=661435 left=33444
2026-08-28T10:48:10.929167Z  INFO fs3_daemon::runner: done kind="embed" id=661436 left=33443
2026-08-28T10:48:11.004739Z  INFO fs3_daemon::runner: done kind=summarize subject=docs/plans/074-workflow-execution/workshops/001-execution-wiring-architecture.md::Workshop: Execution Wiring — What Exists, What's Missing, How to Plug It::The Engine Is Built — Here's What Each Piece Does::ODS — The Execution Dispatcher ms=11 left=33443
2026-08-28T10:48:11.024062Z  INFO fs3_daemon::runner: done kind=summarize subject=docs/plans/074-workflow-execution/workshops/001-execution-wiring-architecture.md::Workshop: Execution Wiring — What Exists, What's Missing, How to Plug It::The Engine Is Built — Here's What Each Piece Does::ONBAS — The Decision Engine ms=9 left=33443
2026-08-28T10:48:11.038563Z  INFO fs3_daemon::runner: batch kind="embed" subject=1 x smart jobs=1 ms=0
2026-08-28T10:48:11.047222Z  INFO fs3_daemon::runner: done kind="embed" id=661437 left=33442
2026-08-28T10:48:11.127733Z  INFO fs3_daemon::runner: done kind=summarize subject=docs/plans/074-workflow-execution/workshops/001-execution-wiring-architecture.md::Workshop: Execution Wiring — What Exists, What's Missing, How to Plug It::The Engine Is Built — Here's What Each Piece Does::Component Map (All in `packages/positional-graph/src/features/030-orchestration/`) ms=10 left=33442
2026-08-28T10:48:11.138203Z  INFO fs3_daemon::runner: batch kind="embed" subject=1 x smart jobs=1 ms=0
2026-08-28T10:48:11.144635Z  INFO fs3_daemon::runner: done kind="embed" id=661438 left=33441
2026-08-28T10:48:11.224102Z  INFO fs3_daemon::runner: done kind=summarize subject=docs/plans/074-workflow-execution/workshops/001-execution-wiring-architecture.md::Workshop: Execution Wiring — What Exists, What's Missing, How to Plug It::The Engine Is Built — Here's What Each Piece Does ms=9 left=33441
2026-08-28T10:48:11.236918Z  INFO fs3_daemon::runner: batch kind="embed" subject=1 x smart jobs=1 ms=0
2026-08-28T10:48:11.243584Z  INFO fs3_daemon::runner: done kind="embed" id=661439 left=33440
2026-08-28T10:48:11.323583Z  INFO fs3_daemon::runner: done kind=summarize subject=docs/plans/074-workflow-execution/workshops/001-execution-wiring-architecture.md::Workshop: Execution Wiring — What Exists, What's Missing, How to Plug It::Key Questions Addressed ms=10 left=33440
2026-08-28T10:48:11.334374Z  INFO fs3_daemon::runner: batch kind="embed" subject=1 x smart jobs=1 ms=0
2026-08-28T10:48:11.343862Z  INFO fs3_daemon::runner: done kind="embed" id=661440 left=33439
2026-08-28T10:48:11.427244Z  INFO fs3_daemon::runner: done kind=summarize subject=docs/plans/074-workflow-execution/workshops/001-execution-wiring-architecture.md::Workshop: Execution Wiring — What Exists, What's Missing, How to Plug It ms=14 left=33439
2026-08-28T10:48:11.435347Z  INFO fs3_daemon::runner: batch kind="embed" subject=1 x smart jobs=1 ms=0
2026-08-28T10:48:11.441841Z  INFO fs3_daemon::runner: done kind="embed" id=661441 left=33438
2026-08-28T10:48:11.522329Z  INFO fs3_daemon::runner: done kind=summarize subject=docs/plans/074-workflow-execution/workflow-execution-spec.md::Workflow Execution from Web UI::Testing Strategy ms=10 left=33438
2026-08-28T10:48:11.533517Z  INFO fs3_daemon::runner: batch kind="embed" subject=1 x smart jobs=1 ms=0
2026-08-28T10:48:11.539854Z  INFO fs3_daemon::runner: done kind="embed" id=661442 left=33437
2026-08-28T10:48:11.625235Z  INFO fs3_daemon::runner: done kind=summarize subject=docs/plans/074-workflow-execution/workflow-execution-spec.md::Workflow Execution from Web UI::Workshop Opportunities ms=16 left=33437
2026-08-28T10:48:11.641049Z  INFO fs3_daemon::runner: batch kind="embed" subject=1 x smart jobs=1 ms=0
2026-08-28T10:48:11.652478Z  INFO fs3_daemon::runner: done kind="embed" id=661443 left=33436
2026-08-28T10:48:11.750361Z  INFO fs3_daemon::runner: done kind=summarize subject=docs/plans/074-workflow-execution/workflow-execution-spec.md::Workflow Execution from Web UI::Clarifications::Session 2026-03-14 ms=20 left=33436
2026-08-28T10:48:11.752308Z  INFO fs3_daemon::runner: batch kind="embed" subject=1 x smart jobs=1 ms=0
2026-08-28T10:48:11.759389Z  INFO fs3_daemon::runner: done kind="embed" id=661444 left=33435
2026-08-28T10:48:11.841876Z  INFO fs3_daemon::runner: done kind=summarize subject=docs/plans/074-workflow-execution/workflow-execution-spec.md::Workflow Execution from Web UI::Clarifications ms=16 left=33435
2026-08-28T10:48:11.845345Z  INFO fs3_daemon::runner: batch kind="embed" subject=1 x smart jobs=1 ms=0
2026-08-28T10:48:11.851990Z  INFO fs3_daemon::runner: done kind="embed" id=661445 left=33434
2026-08-28T10:48:11.948743Z  INFO fs3_daemon::runner: batch kind="embed" subject=1 x smart jobs=1 ms=0
2026-08-28T10:48:11.955225Z  INFO fs3_daemon::runner: done kind="embed" id=661446 left=33433
2026-08-28T10:48:11.957597Z  INFO fs3_daemon::runner: done kind=summarize subject=docs/plans/074-workflow-execution/workflow-execution-spec.md::Workflow Execution from Web UI::Risks & Assumptions ms=34 left=33434
2026-08-28T10:48:12.034628Z  INFO fs3_daemon::runner: done kind=summarize subject=docs/plans/074-workflow-execution/workflow-execution-spec.md::Workflow Execution from Web UI::Acceptance Criteria ms=10 left=33433
2026-08-28T10:48:12.046812Z  INFO fs3_daemon::runner: batch kind="embed" subject=1 x smart jobs=1 ms=0
2026-08-28T10:48:12.055131Z  INFO fs3_daemon::runner: done kind="embed" id=661447 left=33432
2026-08-28T10:48:12.136233Z  INFO fs3_daemon::runner: done kind=summarize subject=docs/plans/074-workflow-execution/workflow-execution-spec.md::Workflow Execution from Web UI::Complexity ms=18 left=33432
2026-08-28T10:48:12.139733Z  INFO fs3_daemon::runner: batch kind="embed" subject=1 x smart jobs=1 ms=0
2026-08-28T10:48:12.146137Z  INFO fs3_daemon::runner: done kind="embed" id=661448 left=33431
2026-08-28T10:48:12.220594Z  INFO fs3_daemon::runner: done kind=summarize subject=docs/plans/074-workflow-execution/workflow-execution-spec.md::Workflow Execution from Web UI::Target Domains ms=8 left=33431
2026-08-28T10:48:12.235472Z  INFO fs3_daemon::runner: batch kind="embed" subject=1 x smart jobs=1 ms=0
2026-08-28T10:48:12.242010Z  INFO fs3_daemon::runner: done kind="embed" id=661449 left=33430
2026-08-28T10:48:12.329280Z  INFO fs3_daemon::runner: done kind=summarize subject=docs/plans/074-workflow-execution/workflow-execution-spec.md::Workflow Execution from Web UI::Non-Goals ms=12 left=33430
2026-08-28T10:48:12.341062Z  INFO fs3_daemon::runner: batch kind="embed" subject=1 x smart jobs=1 ms=0
2026-08-28T10:48:12.347499Z  INFO fs3_daemon::runner: done kind="embed" id=661450 left=33429
2026-08-28T10:48:12.432112Z  INFO fs3_daemon::runner: done kind=summarize subject=docs/plans/074-workflow-execution/workflow-execution-spec.md::Workflow Execution from Web UI::Goals ms=16 left=33429
2026-08-28T10:48:12.440509Z  INFO fs3_daemon::runner: batch kind="embed" subject=1 x smart jobs=1 ms=0
2026-08-28T10:48:12.447969Z  INFO fs3_daemon::runner: done kind="embed" id=661451 left=33428
2026-08-28T10:48:12.528195Z  INFO fs3_daemon::runner: done kind=summarize subject=docs/plans/074-workflow-execution/workflow-execution-spec.md::Workflow Execution from Web UI::Research Context ms=9 left=33428
2026-08-28T10:48:12.540345Z  INFO fs3_daemon::runner: batch kind="embed" subject=1 x smart jobs=1 ms=0
2026-08-28T10:48:12.547057Z  INFO fs3_daemon::runner: done kind="embed" id=661452 left=33427
2026-08-28T10:48:12.627794Z  INFO fs3_daemon::runner: done kind=summarize subject=docs/plans/074-workflow-execution/workflow-execution-spec.md::Workflow Execution from Web UI ms=11 left=33427
2026-08-28T10:48:12.639780Z  INFO fs3_daemon::runner: batch kind="embed" subject=1 x smart jobs=1 ms=1
2026-08-28T10:48:12.646598Z  INFO fs3_daemon::runner: done kind="embed" id=661453 left=33426
2026-08-28T10:48:12.729835Z  INFO fs3_daemon::runner: done kind=summarize subject=docs/plans/074-workflow-execution/workflow-execution-plan.md::Workflow Execution from Web UI — Implementation Plan::Risks ms=10 left=33426
2026-08-28T10:48:12.740273Z  INFO fs3_daemon::runner: batch kind="embed" subject=1 x smart jobs=1 ms=0
2026-08-28T10:48:12.746630Z  INFO fs3_daemon::runner: done kind="embed" id=661454 left=33425
2026-08-28T10:48:12.865380Z  INFO fs3_daemon::runner: done kind=summarize subject=docs/plans/074-workflow-execution/workflow-execution-plan.md::Workflow Execution from Web UI — Implementation Plan::Phases::Acceptance Criteria (Phase 6) ms=21 left=33425
2026-08-28T10:48:12.866063Z  INFO fs3_daemon::runner: batch kind="embed" subject=1 x smart jobs=1 ms=0
2026-08-28T10:48:12.873865Z  INFO fs3_daemon::runner: done kind="embed" id=661455 left=33424
2026-08-28T10:48:12.988253Z  INFO fs3_daemon::runner: done kind=summarize subject=docs/plans/074-workflow-execution/workflow-execution-plan.md::Workflow Execution from Web UI — Implementation Plan::Phases::Phase 6: Harness + CLI Tools ms=12 left=33424
2026-08-28T10:48:13.000681Z  INFO fs3_daemon::runner: batch kind="embed" subject=1 x smart jobs=1 ms=0
2026-08-28T10:48:13.010098Z  INFO fs3_daemon::runner: done kind="embed" id=661456 left=33423
2026-08-28T10:48:13.092138Z  INFO fs3_daemon::runner: done kind=summarize subject=docs/plans/074-workflow-execution/workflow-execution-plan.md::Workflow Execution from Web UI — Implementation Plan::Phases::Phase 5: Server Restart Recovery ms=16 left=33423
2026-08-28T10:48:13.102990Z  INFO fs3_daemon::runner: batch kind="embed" subject=1 x smart jobs=1 ms=0
2026-08-28T10:48:13.111055Z  INFO fs3_daemon::runner: done kind="embed" id=661457 left=33422
2026-08-28T10:48:13.188912Z  INFO fs3_daemon::runner: done kind=summarize subject=docs/plans/074-workflow-execution/workflow-execution-plan.md::Workflow Execution from Web UI — Implementation Plan::Phases::Acceptance Criteria (Phase 4) ms=11 left=33422
2026-08-28T10:48:13.202881Z  INFO fs3_daemon::runner: batch kind="embed" subject=1 x smart jobs=1 ms=4
2026-08-28T10:48:13.210234Z  INFO fs3_daemon::runner: done kind="embed" id=661458 left=33421
2026-08-28T10:48:13.287118Z  INFO fs3_daemon::runner: done kind=summarize subject=docs/plans/074-workflow-execution/workflow-execution-plan.md::Workflow Execution from Web UI — Implementation Plan::Phases::Phase 4: UI Execution Controls ms=9 left=33421
2026-08-28T10:48:13.304763Z  INFO fs3_daemon::runner: batch kind="embed" subject=1 x smart jobs=1 ms=3
2026-08-28T10:48:13.311612Z  INFO fs3_daemon::runner: done kind="embed" id=661459 left=33420
2026-08-28T10:48:13.390828Z  INFO fs3_daemon::runner: done kind=summarize subject=docs/plans/074-workflow-execution/workflow-execution-plan.md::Workflow Execution from Web UI — Implementation Plan::Phases::Phase 3: SSE + GlobalState Plumbing ms=13 left=33420
2026-08-28T10:48:13.400045Z  INFO fs3_daemon::runner: batch kind="embed" subject=1 x smart jobs=1 ms=0
2026-08-28T10:48:13.406691Z  INFO fs3_daemon::runner: done kind="embed" id=661460 left=33419
2026-08-28T10:48:13.514859Z  INFO fs3_daemon::runner: batch kind="embed" subject=1 x smart jobs=1 ms=0
2026-08-28T10:48:13.528871Z  INFO fs3_daemon::runner: done kind=summarize subject=docs/plans/074-workflow-execution/workflow-execution-plan.md::Workflow Execution from Web UI — Implementation Plan::Phases::Phase 2: Web DI + Execution Manager ms=48 left=33419
2026-08-28T10:48:13.544809Z  INFO fs3_daemon::runner: done kind="embed" id=661461 left=33418
2026-08-28T10:48:13.658210Z  INFO fs3_daemon::runner: done kind=summarize subject=docs/plans/074-workflow-execution/workflow-execution-plan.md::Workflow Execution from Web UI — Implementation Plan::Phases::Phase 1: Orchestration Contracts ms=26 left=33418
2026-08-28T10:48:13.669973Z  INFO fs3_daemon::runner: batch kind="embed" subject=1 x smart jobs=1 ms=3
2026-08-28T10:48:13.691042Z  INFO fs3_daemon::runner: done kind="embed" id=661462 left=33417
2026-08-28T10:48:13.797902Z  INFO fs3_daemon::runner: done kind=summarize subject=docs/plans/074-workflow-execution/workflow-execution-plan.md::Workflow Execution from Web UI — Implementation Plan::Phases::Phase Index ms=33 left=33417
2026-08-28T10:48:13.806550Z  INFO fs3_daemon::runner: batch kind="embed" subject=1 x smart jobs=1 ms=0
2026-08-28T10:48:13.826371Z  INFO fs3_daemon::runner: done kind="embed" id=661463 left=33416
2026-08-28T10:48:13.932012Z  INFO fs3_daemon::runner: done kind=summarize subject=docs/plans/074-workflow-execution/workflow-execution-plan.md::Workflow Execution from Web UI — Implementation Plan::Phases ms=26 left=33416
2026-08-28T10:48:13.940835Z  INFO fs3_daemon::runner: batch kind="embed" subject=1 x smart jobs=1 ms=1
2026-08-28T10:48:13.960748Z  INFO fs3_daemon::runner: done kind="embed" id=661464 left=33415
2026-08-28T10:48:14.068596Z  INFO fs3_daemon::runner: done kind=summarize subject=docs/plans/074-workflow-execution/workflow-execution-plan.md::Workflow Execution from Web UI — Implementation Plan::Harness Strategy ms=25 left=33415
2026-08-28T10:48:14.080969Z  INFO fs3_daemon::runner: batch kind="embed" subject=1 x smart jobs=1 ms=3
2026-08-28T10:48:14.099509Z  INFO fs3_daemon::runner: done kind="embed" id=661465 left=33414
2026-08-28T10:48:14.209760Z  INFO fs3_daemon::runner: done kind=summarize subject=docs/plans/074-workflow-execution/workflow-execution-plan.md::Workflow Execution from Web UI — Implementation Plan::ADR-0012 Deviation: Direct SSE Emission from Execution Manager ms=28 left=33414
2026-08-28T10:48:14.220121Z  INFO fs3_daemon::runner: batch kind="embed" subject=1 x smart jobs=1 ms=0
2026-08-28T10:48:14.237377Z  INFO fs3_daemon::runner: done kind="embed" id=661466 left=33413
2026-08-28T10:48:14.342120Z  INFO fs3_daemon::runner: done kind=summarize subject=docs/plans/074-workflow-execution/workflow-execution-plan.md::Workflow Execution from Web UI — Implementation Plan::Key Findings ms=33 left=33413
2026-08-28T10:48:14.350932Z  INFO fs3_daemon::runner: batch kind="embed" subject=1 x smart jobs=1 ms=1
2026-08-28T10:48:14.372576Z  INFO fs3_daemon::runner: done kind="embed" id=661467 left=33412
2026-08-28T10:48:14.477267Z  INFO fs3_daemon::runner: done kind=summarize subject=docs/plans/074-workflow-execution/workflow-execution-plan.md::Workflow Execution from Web UI — Implementation Plan::Domain Manifest ms=29 left=33412
2026-08-28T10:48:14.487120Z  INFO fs3_daemon::runner: batch kind="embed" subject=1 x smart jobs=1 ms=0
2026-08-28T10:48:14.506517Z  INFO fs3_daemon::runner: done kind="embed" id=661468 left=33411
2026-08-28T10:48:14.610366Z  INFO fs3_daemon::runner: batch kind="embed" subject=1 x smart jobs=1 ms=0
2026-08-28T10:48:14.626660Z  INFO fs3_daemon::runner: done kind=summarize subject=docs/plans/074-workflow-execution/workflow-execution-plan.md::Workflow Execution from Web UI — Implementation Plan::Target Domains ms=47 left=33411
2026-08-28T10:48:14.640192Z  INFO fs3_daemon::runner: done kind="embed" id=661469 left=33410
2026-08-28T10:48:14.744597Z  INFO fs3_daemon::runner: batch kind="embed" subject=1 x smart jobs=1 ms=0
2026-08-28T10:48:14.762548Z  INFO fs3_daemon::runner: done kind=summarize subject=docs/plans/074-workflow-execution/workflow-execution-plan.md::Workflow Execution from Web UI — Implementation Plan ms=53 left=33410
2026-08-28T10:48:14.784083Z  INFO fs3_daemon::runner: done kind="embed" id=661470 left=33409
2026-08-28T10:48:14.898604Z  INFO fs3_daemon::runner: done kind=summarize subject=docs/plans/074-workflow-execution/tasks/phase-6-harness-cli-tools/tasks.md::Phase 6: Harness + CLI Tools — Tasks Dossier::Directory Layout ms=39 left=33409
2026-08-28T10:48:14.926061Z  INFO fs3_daemon::runner: batch kind="embed" subject=1 x smart jobs=1 ms=3
2026-08-28T10:48:14.950572Z  INFO fs3_daemon::runner: done kind="embed" id=661471 left=33408
2026-08-28T10:48:15.087183Z  INFO fs3_daemon::runner: done kind=summarize subject=docs/plans/074-workflow-execution/tasks/phase-6-harness-cli-tools/tasks.md::Phase 6: Harness + CLI Tools — Tasks Dossier::Context Brief::Mermaid sequence diagram (create env flow) ms=56 left=33408
2026-08-28T10:48:15.108626Z  INFO fs3_daemon::runner: batch kind="embed" subject=1 x smart jobs=1 ms=1
2026-08-28T10:48:15.153967Z  INFO fs3_daemon::runner: done kind="embed" id=661472 left=33407
2026-08-28T10:48:15.229578Z  INFO fs3_daemon::runner: done kind=summarize subject=docs/plans/074-workflow-execution/tasks/phase-6-harness-cli-tools/tasks.md::Phase 6: Harness + CLI Tools — Tasks Dossier::Context Brief::Mermaid flow diagram (test-data lifecycle) ms=10 left=33407
2026-08-28T10:48:15.248905Z  INFO fs3_daemon::runner: batch kind="embed" subject=1 x smart jobs=1 ms=0
2026-08-28T10:48:15.260780Z  INFO fs3_daemon::runner: done kind="embed" id=661473 left=33406
2026-08-28T10:48:15.339092Z  INFO fs3_daemon::runner: done kind=summarize subject=docs/plans/074-workflow-execution/tasks/phase-6-harness-cli-tools/tasks.md::Phase 6: Harness + CLI Tools — Tasks Dossier::Context Brief ms=8 left=33406
2026-08-28T10:48:15.356304Z  INFO fs3_daemon::runner: batch kind="embed" subject=1 x smart jobs=1 ms=0
2026-08-28T10:48:15.367875Z  INFO fs3_daemon::runner: done kind="embed" id=661474 left=33405
2026-08-28T10:48:15.443497Z  INFO fs3_daemon::runner: done kind=summarize subject=docs/plans/074-workflow-execution/tasks/phase-6-harness-cli-tools/tasks.md::Phase 6: Harness + CLI Tools — Tasks Dossier::Tasks ms=8 left=33405
2026-08-28T10:48:15.455800Z  INFO fs3_daemon::runner: batch kind="embed" subject=1 x smart jobs=1 ms=0
2026-08-28T10:48:15.466542Z  INFO fs3_daemon::runner: done kind="embed" id=661475 left=33404
2026-08-28T10:48:15.543248Z  INFO fs3_daemon::runner: done kind=summarize subject=docs/plans/074-workflow-execution/tasks/phase-6-harness-cli-tools/tasks.md::Phase 6: Harness + CLI Tools — Tasks Dossier::Architecture Map ms=12 left=33404
2026-08-28T10:48:15.548135Z  INFO fs3_daemon::runner: batch kind="embed" subject=1 x smart jobs=1 ms=0
2026-08-28T10:48:15.554429Z  INFO fs3_daemon::runner: done kind="embed" id=661476 left=33403
2026-08-28T10:48:15.632922Z  INFO fs3_daemon::runner: done kind=summarize subject=docs/plans/074-workflow-execution/tasks/phase-6-harness-cli-tools/tasks.md::Phase 6: Harness + CLI Tools — Tasks Dossier::Pre-Implementation Check ms=15 left=33403
2026-08-28T10:48:15.647232Z  INFO fs3_daemon::runner: batch kind="embed" subject=1 x smart jobs=1 ms=0
2026-08-28T10:48:15.655933Z  INFO fs3_daemon::runner: done kind="embed" id=661477 left=33402
2026-08-28T10:48:15.738340Z  INFO fs3_daemon::runner: done kind=summarize subject=docs/plans/074-workflow-execution/tasks/phase-6-harness-cli-tools/tasks.fltplan.md::Flight Plan: Phase 6 — Harness + CLI Tools::Checklist ms=12 left=33402
2026-08-28T10:48:15.753020Z  INFO fs3_daemon::runner: batch kind="embed" subject=1 x smart jobs=1 ms=0
2026-08-28T10:48:15.765982Z  INFO fs3_daemon::runner: done kind="embed" id=661478 left=33401
2026-08-28T10:48:15.837735Z  INFO fs3_daemon::runner: done kind=summarize subject=docs/plans/074-workflow-execution/tasks/phase-6-harness-cli-tools/tasks.md::Phase 6: Harness + CLI Tools — Tasks Dossier::Prior Phase Context::Phase 5: Server Restart Recovery ✅ (most recent) ms=11 left=33401
2026-08-28T10:48:15.847333Z  INFO fs3_daemon::runner: batch kind="embed" subject=1 x smart jobs=1 ms=0
2026-08-28T10:48:15.858358Z  INFO fs3_daemon::runner: done kind="embed" id=661479 left=33400
2026-08-28T10:48:15.941846Z  INFO fs3_daemon::runner: done kind=summarize subject=docs/plans/074-workflow-execution/tasks/phase-6-harness-cli-tools/tasks.fltplan.md::Flight Plan: Phase 6 — Harness + CLI Tools::Acceptance Criteria ms=15 left=33400
2026-08-28T10:48:15.992540Z  INFO fs3_daemon::runner: progress phase="working" scanned=61587 scan_left=33 summarized=124712 summarize_left=33366 embedded=203211 embed_left=1 failed=0
2026-08-28T10:48:16.016567Z  INFO fs3_daemon::runner: batch kind="embed" subject=2 x smart jobs=2 ms=0
2026-08-28T10:48:16.022606Z  INFO fs3_daemon::runner: done kind="embed" id=661481 left=33399
2026-08-28T10:48:16.085092Z  INFO fs3_daemon::runner: done kind="embed" id=661480 left=33398
2026-08-28T10:48:16.161512Z  INFO fs3_daemon::runner: done kind=summarize subject=docs/plans/074-workflow-execution/tasks/phase-6-harness-cli-tools/tasks.md::Phase 6: Harness + CLI Tools — Tasks Dossier::Prior Phase Context ms=10 left=33398
2026-08-28T10:48:16.195732Z  INFO fs3_daemon::runner: done kind=summarize subject=docs/plans/074-workflow-execution/tasks/phase-6-harness-cli-tools/tasks.fltplan.md::Flight Plan: Phase 6 — Harness + CLI Tools::Architecture: Before & After ms=10 left=33398
2026-08-28T10:48:16.210964Z  INFO fs3_daemon::runner: batch kind="embed" subject=1 x smart jobs=1 ms=0
2026-08-28T10:48:16.217339Z  INFO fs3_daemon::runner: done kind="embed" id=661482 left=33397
2026-08-28T10:48:16.301149Z  INFO fs3_daemon::runner: done kind=summarize subject=docs/plans/074-workflow-execution/tasks/phase-6-harness-cli-tools/tasks.md::Phase 6: Harness + CLI Tools — Tasks Dossier::Executive Briefing ms=12 left=33397
2026-08-28T10:48:16.312420Z  INFO fs3_daemon::runner: batch kind="embed" subject=1 x smart jobs=1 ms=0
2026-08-28T10:48:16.319198Z  INFO fs3_daemon::runner: done kind="embed" id=661483 left=33396
2026-08-28T10:48:16.449464Z  INFO fs3_daemon::runner: done kind=summarize subject=docs/plans/074-workflow-execution/tasks/phase-6-harness-cli-tools/tasks.fltplan.md::Flight Plan: Phase 6 — Harness + CLI Tools::Stages ms=21 left=33396
2026-08-28T10:48:16.451540Z  INFO fs3_daemon::runner: batch kind="embed" subject=1 x smart jobs=1 ms=1
2026-08-28T10:48:16.460776Z  INFO fs3_daemon::runner: done kind="embed" id=661484 left=33395
2026-08-28T10:48:16.543896Z  INFO fs3_daemon::runner: done kind=summarize subject=docs/plans/074-workflow-execution/tasks/phase-6-harness-cli-tools/tasks.md::Phase 6: Harness + CLI Tools — Tasks Dossier ms=11 left=33395
2026-08-28T10:48:16.557194Z  INFO fs3_daemon::runner: batch kind="embed" subject=1 x smart jobs=1 ms=0
2026-08-28T10:48:16.564248Z  INFO fs3_daemon::runner: done kind="embed" id=661485 left=33394
2026-08-28T10:48:16.653255Z  INFO fs3_daemon::runner: done kind=summarize subject=docs/plans/074-workflow-execution/tasks/phase-6-harness-cli-tools/tasks.fltplan.md::Flight Plan: Phase 6 — Harness + CLI Tools::Flight Status ms=15 left=33394
2026-08-28T10:48:16.661226Z  INFO fs3_daemon::runner: batch kind="embed" subject=1 x smart jobs=1 ms=0
2026-08-28T10:48:16.671107Z  INFO fs3_daemon::runner: done kind="embed" id=661486 left=33393
2026-08-28T10:48:16.762858Z  INFO fs3_daemon::runner: done kind=summarize subject=docs/plans/074-workflow-execution/tasks/phase-6-harness-cli-tools/tasks.fltplan.md::Flight Plan: Phase 6 — Harness + CLI Tools::Domain Context::Domains We Depend On (no changes) ms=14 left=33393
2026-08-28T10:48:16.781648Z  INFO fs3_daemon::runner: batch kind="embed" subject=1 x smart jobs=1 ms=0
2026-08-28T10:48:16.788240Z  INFO fs3_daemon::runner: done kind="embed" id=661487 left=33392
2026-08-28T10:48:16.875798Z  INFO fs3_daemon::runner: done kind=summarize subject=docs/plans/074-workflow-execution/tasks/phase-6-harness-cli-tools/tasks.fltplan.md::Flight Plan: Phase 6 — Harness + CLI Tools::Domain Context ms=13 left=33392
2026-08-28T10:48:16.892902Z  INFO fs3_daemon::runner: batch kind="embed" subject=1 x smart jobs=1 ms=2
2026-08-28T10:48:16.904394Z  INFO fs3_daemon::runner: done kind="embed" id=661488 left=33391
2026-08-28T10:48:16.985265Z  INFO fs3_daemon::runner: done kind=summarize subject=docs/plans/074-workflow-execution/tasks/phase-6-harness-cli-tools/tasks.fltplan.md::Flight Plan: Phase 6 — Harness + CLI Tools ms=9 left=33391
2026-08-28T10:48:16.998839Z  INFO fs3_daemon::runner: batch kind="embed" subject=1 x smart jobs=1 ms=1
2026-08-28T10:48:17.009323Z  INFO fs3_daemon::runner: done kind="embed" id=661489 left=33390
2026-08-28T10:48:17.084090Z  INFO fs3_daemon::runner: done kind=summarize subject=docs/plans/074-workflow-execution/tasks/phase-6-harness-cli-tools/reviews/review.phase-6-harness-cli-tools.md::Code Review: Phase 6: Harness + CLI Tools::H) Handover Brief::Files Reviewed ms=12 left=33390
2026-08-28T10:48:17.093947Z  INFO fs3_daemon::runner: batch kind="embed" subject=1 x smart jobs=1 ms=0
2026-08-28T10:48:17.099481Z  INFO fs3_daemon::runner: done kind="embed" id=661490 left=33389
2026-08-28T10:48:17.184456Z  INFO fs3_daemon::runner: done kind=summarize subject=docs/plans/074-workflow-execution/tasks/phase-6-harness-cli-tools/reviews/review.phase-6-harness-cli-tools.md::Code Review: Phase 6: Harness + CLI Tools::H) Handover Brief ms=13 left=33389
2026-08-28T10:48:17.193625Z  INFO fs3_daemon::runner: batch kind="embed" subject=1 x smart jobs=1 ms=1
2026-08-28T10:48:17.202555Z  INFO fs3_daemon::runner: done kind="embed" id=661491 left=33388
2026-08-28T10:48:17.284463Z  INFO fs3_daemon::runner: done kind=summarize subject=docs/plans/074-workflow-execution/tasks/phase-6-harness-cli-tools/reviews/review.phase-6-harness-cli-tools.md::Code Review: Phase 6: Harness + CLI Tools::G) Commands Executed ms=12 left=33388
2026-08-28T10:48:17.305924Z  INFO fs3_daemon::runner: batch kind="embed" subject=1 x smart jobs=1 ms=0
2026-08-28T10:48:17.314443Z  INFO fs3_daemon::runner: done kind="embed" id=661492 left=33387
2026-08-28T10:48:17.387254Z  INFO fs3_daemon::runner: done kind=summarize subject=docs/plans/074-workflow-execution/tasks/phase-6-harness-cli-tools/reviews/review.phase-6-harness-cli-tools.md::Code Review: Phase 6: Harness + CLI Tools::F) Coverage Map ms=9 left=33387
2026-08-28T10:48:17.401778Z  INFO fs3_daemon::runner: batch kind="embed" subject=1 x smart jobs=1 ms=1
2026-08-28T10:48:17.408193Z  INFO fs3_daemon::runner: done kind="embed" id=661493 left=33386
